{
  "type": "FeatureCollection",
  "generator": "overpass-turbo",
  "copyright": "The data included in this document is from www.openstreetmap.org. The data is made available under ODbL.",
  "timestamp": "2026-03-26T11:12:31Z",
  "features": [
    {
      "type": "Feature",
      "properties": {
        "@id": "relation/19216100",
        "amenity": "cafe",
        "brand": "The Coffee Bean & Tea Leaf",
        "brand:wikidata": "Q1141384",
        "brand:wikipedia": "en:The Coffee Bean & Tea Leaf",
        "cuisine": "coffee_shop",
        "name": "The Coffee Bean & Tea Leaf",
        "type": "multipolygon",
        "@geometry": "center"
      },
      "geometry": {
        "type": "Point",
        "coordinates": [
          103.7863694,
          1.4360981
        ]
      },
      "id": "relation/19216100"
    },
    {
      "type": "Feature",
      "properties": {
        "@id": "way/71395038",
        "addr:city": "Singapore",
        "addr:housenumber": "448",
        "addr:postcode": "678068",
        "addr:street": "Upper Bukit Timah Road",
        "air_conditioning": "yes",
        "amenity": "cafe",
        "brand": "Toast Box",
        "brand:wikidata": "Q100285490",
        "building": "retail",
        "check_date": "2024-09-01",
        "cuisine": "coffee_shop",
        "name": "Toast Box",
        "opening_hours": "Mo-Su 08:00-20:00",
        "outdoor_seating": "no",
        "payment:cash": "yes",
        "payment:credit_cards": "yes",
        "payment:debit_cards": "yes",
        "takeaway": "yes",
        "wheelchair": "no",
        "@geometry": "center"
      },
      "geometry": {
        "type": "Point",
        "coordinates": [
          103.7676309,
          1.359687
        ]
      },
      "id": "way/71395038"
    },
    {
      "type": "Feature",
      "properties": {
        "@id": "way/71400539",
        "addr:city": "Singapore",
        "addr:country": "SG",
        "addr:housenumber": "422",
        "addr:postcode": "678051",
        "addr:street": "Upper Bukit Timah Road",
        "air_conditioning": "yes",
        "amenity": "cafe",
        "brand": "The Coffee Bean & Tea Leaf",
        "brand:wikidata": "Q1141384",
        "building": "retail",
        "check_date": "2024-08-29",
        "cuisine": "coffee_shop",
        "internet_access": "wlan",
        "name": "The Coffee Bean & Tea Leaf",
        "opening_hours": "24/7",
        "outdoor_seating": "no",
        "payment:cash": "yes",
        "payment:credit_cards": "yes",
        "payment:debit_cards": "yes",
        "takeaway": "yes",
        "wheelchair": "limited",
        "@geometry": "center"
      },
      "geometry": {
        "type": "Point",
        "coordinates": [
          103.76768,
          1.3590078
        ]
      },
      "id": "way/71400539"
    },
    {
      "type": "Feature",
      "properties": {
        "@id": "way/71400547",
        "addr:housenumber": "438",
        "addr:street": "Upper Bukit Timah Road",
        "amenity": "cafe",
        "building": "retail",
        "check_date": "2024-02-19",
        "name": "Yi Qian Hong Kong Cafe",
        "wheelchair": "limited",
        "@geometry": "center"
      },
      "geometry": {
        "type": "Point",
        "coordinates": [
          103.767645,
          1.3594074
        ]
      },
      "id": "way/71400547"
    },
    {
      "type": "Feature",
      "properties": {
        "@id": "way/104661245",
        "amenity": "cafe",
        "building": "yes",
        "name": "Colours",
        "@geometry": "center"
      },
      "geometry": {
        "type": "Point",
        "coordinates": [
          103.7796901,
          1.3082718
        ]
      },
      "id": "way/104661245"
    },
    {
      "type": "Feature",
      "properties": {
        "@id": "way/172242423",
        "addr:city": "Singapore",
        "addr:housename": "#01-02",
        "addr:housenumber": "69",
        "addr:postcode": "160069",
        "addr:street": "Seng Poh Lane",
        "amenity": "cafe",
        "building": "yes",
        "building:levels": "1",
        "cuisine": "chinese",
        "internet_access": "wlan",
        "name": "Por Kee Eating House 1996",
        "name:zh": "波記",
        "note": "Dealing with Korean Restaurants, Cafe.",
        "opening_hours": "Th-Tu 11:30-14:30, 17:30-23:30",
        "phone": "+6562210582",
        "start_date": "1937",
        "@geometry": "center"
      },
      "geometry": {
        "type": "Point",
        "coordinates": [
          103.8327821,
          1.2841622
        ]
      },
      "id": "way/172242423"
    },
    {
      "type": "Feature",
      "properties": {
        "@id": "way/190945268",
        "addr:housenumber": "369",
        "addr:street": "Beach Road",
        "amenity": "cafe",
        "building": "yes",
        "name": "Verde",
        "source": "Bing",
        "@geometry": "center"
      },
      "geometry": {
        "type": "Point",
        "coordinates": [
          103.8620107,
          1.3016848
        ]
      },
      "id": "way/190945268"
    },
    {
      "type": "Feature",
      "properties": {
        "@id": "way/191009974",
        "addr:housenumber": "18",
        "addr:postcode": "208260",
        "addr:street": "Norris Road",
        "air_conditioning": "yes",
        "amenity": "cafe",
        "bar": "no",
        "building": "yes",
        "check_date": "2025-01-30",
        "cuisine": "fine_dining",
        "delivery": "yes",
        "drive_through": "no",
        "internet_access": "wlan",
        "internet_access:fee": "customers",
        "internet_access:ssid": "prideadmin_5G",
        "name": "The Black Sheep Cafe",
        "opening_hours": "Th-Sa 11:30-22:00, Mo-Tu 11:30-22:00",
        "outdoor_seating": "yes",
        "payment:account_cards": "yes",
        "payment:app": "yes",
        "payment:cards": "yes",
        "payment:cash": "yes",
        "phone": "+65 8918 4259",
        "reservation": "yes",
        "source": "Bing",
        "takeaway": "yes",
        "toilets": "yes",
        "website": "https://theblacksheepcafe.com",
        "wheelchair": "yes",
        "@geometry": "center"
      },
      "geometry": {
        "type": "Point",
        "coordinates": [
          103.8535672,
          1.3078543
        ]
      },
      "id": "way/191009974"
    },
    {
      "type": "Feature",
      "properties": {
        "@id": "way/223872547",
        "addr:city": "Singapore",
        "addr:housenumber": "160",
        "addr:postcode": "218953",
        "addr:street": "Owen Road",
        "amenity": "cafe",
        "building": "yes",
        "cuisine": "coffee_shop",
        "internet_access": "yes",
        "name": "L'etoile",
        "opening_hours": "Mo-Fr 11:00-22:00; Sa,Su,PH 09:00-22:00",
        "phone": "+65 6298 2872",
        "smoking": "no",
        "website": "http://letoile.com.sg/",
        "@geometry": "center"
      },
      "geometry": {
        "type": "Point",
        "coordinates": [
          103.8523477,
          1.3147759
        ]
      },
      "id": "way/223872547"
    },
    {
      "type": "Feature",
      "properties": {
        "@id": "way/238925193",
        "amenity": "cafe",
        "building": "yes",
        "name": "Hawk Cafe",
        "@geometry": "center"
      },
      "geometry": {
        "type": "Point",
        "coordinates": [
          103.707003,
          1.3207509
        ]
      },
      "id": "way/238925193"
    },
    {
      "type": "Feature",
      "properties": {
        "@id": "way/241883357",
        "amenity": "cafe",
        "building": "yes",
        "cuisine": "coffee_shop",
        "name": "Heritage Cafe",
        "name:zh": "遗产咖啡馆",
        "opening_hours": "7-5",
        "outdoor_seating": "yes",
        "@geometry": "center"
      },
      "geometry": {
        "type": "Point",
        "coordinates": [
          103.7773323,
          1.3029881
        ]
      },
      "id": "way/241883357"
    },
    {
      "type": "Feature",
      "properties": {
        "@id": "way/251582139",
        "amenity": "cafe",
        "building": "yes",
        "cuisine": "ice_cream",
        "name": "cool wheels",
        "source": "Bing",
        "@geometry": "center"
      },
      "geometry": {
        "type": "Point",
        "coordinates": [
          103.7053566,
          1.3385941
        ]
      },
      "id": "way/251582139"
    },
    {
      "type": "Feature",
      "properties": {
        "@id": "way/303492594",
        "addr:city": "Singapore",
        "addr:housenumber": "297C",
        "addr:postcode": "543297",
        "addr:street": "Compassvale Street",
        "amenity": "cafe",
        "building": "retail",
        "building:levels": "1",
        "name": "That Coffee Place",
        "@geometry": "center"
      },
      "geometry": {
        "type": "Point",
        "coordinates": [
          103.9013698,
          1.3946348
        ]
      },
      "id": "way/303492594"
    },
    {
      "type": "Feature",
      "properties": {
        "@id": "way/362268151",
        "addr:housenumber": "01-07/08",
        "alt_name": "TCC",
        "amenity": "cafe",
        "layer": "0",
        "level": "0",
        "@geometry": "center"
      },
      "geometry": {
        "type": "Point",
        "coordinates": [
          103.8051091,
          1.2885927
        ]
      },
      "id": "way/362268151"
    },
    {
      "type": "Feature",
      "properties": {
        "@id": "way/362268165",
        "addr:housenumber": "01-13/14",
        "addr:street": "Alexandra Road",
        "amenity": "cafe",
        "cuisine": "coffee_shop",
        "layer": "0",
        "level": "0",
        "name": "Tiong Bahru Bakery",
        "@geometry": "center"
      },
      "geometry": {
        "type": "Point",
        "coordinates": [
          103.8045739,
          1.2882259
        ]
      },
      "id": "way/362268165"
    },
    {
      "type": "Feature",
      "properties": {
        "@id": "way/362283704",
        "addr:housenumber": "B1-47",
        "amenity": "cafe",
        "brand": "Gong Cha",
        "brand:wikidata": "Q5581670",
        "brand:zh": "貢茶",
        "cuisine": "bubble_tea",
        "int_name": "Gong Cha",
        "layer": "-1",
        "level": "-1",
        "name": "Gong Cha",
        "name:zh": "貢茶",
        "takeaway": "yes",
        "@geometry": "center"
      },
      "geometry": {
        "type": "Point",
        "coordinates": [
          103.8050123,
          1.2886231
        ]
      },
      "id": "way/362283704"
    },
    {
      "type": "Feature",
      "properties": {
        "@id": "way/364429959",
        "amenity": "cafe",
        "brand": "Hudsons Coffee",
        "brand:wikidata": "Q5929076",
        "building:levels": "2",
        "building:part": "yes",
        "cuisine": "coffee_shop",
        "diet:vegetarian": "yes",
        "indoor_seating": "yes",
        "name": "Hudsons Coffee",
        "outdoor_seating": "no",
        "takeaway": "yes",
        "@geometry": "center"
      },
      "geometry": {
        "type": "Point",
        "coordinates": [
          103.9862427,
          1.3574246
        ]
      },
      "id": "way/364429959"
    },
    {
      "type": "Feature",
      "properties": {
        "@id": "way/364429988",
        "addr:city": "Singapore",
        "addr:housenumber": "#02-K4",
        "addr:postcode": "819642",
        "addr:street": "65 Airport Boulevard, Singapore Changi Airport Terminal 3 Departure/ Transit Lounge South",
        "amenity": "cafe",
        "brand": "The Coffee Bean & Tea Leaf",
        "brand:wikidata": "Q1141384",
        "brand:wikipedia": "en:The Coffee Bean & Tea Leaf",
        "building": "yes",
        "building:levels": "2",
        "building:part": "yes",
        "check_date": "2026-01-11",
        "cuisine": "coffee_shop",
        "indoor_seating": "yes",
        "name": "The Coffee Bean & Tea Leaf",
        "outdoor_seating": "no",
        "takeaway": "yes",
        "@geometry": "center"
      },
      "geometry": {
        "type": "Point",
        "coordinates": [
          103.9857164,
          1.3555941
        ]
      },
      "id": "way/364429988"
    },
    {
      "type": "Feature",
      "properties": {
        "@id": "node/368261001",
        "amenity": "cafe",
        "check_date": "2009-04-01",
        "cuisine": "coffee_shop",
        "operator": "NTUC Foodfare"
      },
      "geometry": {
        "type": "Point",
        "coordinates": [
          103.8862866,
          1.3893648
        ]
      },
      "id": "node/368261001"
    },
    {
      "type": "Feature",
      "properties": {
        "@id": "way/375963768",
        "addr:city": "Singapore",
        "addr:housenumber": "281",
        "addr:postcode": "278621",
        "addr:street": "Holland Road",
        "amenity": "cafe",
        "building": "yes",
        "craft_beer": "yes",
        "name": "Park @ Holland Village",
        "phone": "+65 9721 3815",
        "@geometry": "center"
      },
      "geometry": {
        "type": "Point",
        "coordinates": [
          103.795539,
          1.3117784
        ]
      },
      "id": "way/375963768"
    },
    {
      "type": "Feature",
      "properties": {
        "@id": "node/393149179",
        "amenity": "cafe",
        "check_date": "2009-05-10",
        "cuisine": "coffee_shop"
      },
      "geometry": {
        "type": "Point",
        "coordinates": [
          103.9482377,
          1.3314661
        ]
      },
      "id": "node/393149179"
    },
    {
      "type": "Feature",
      "properties": {
        "@id": "way/438349841",
        "amenity": "cafe",
        "level": "0",
        "name": "Super Snacks",
        "@geometry": "center"
      },
      "geometry": {
        "type": "Point",
        "coordinates": [
          103.7727651,
          1.3046735
        ]
      },
      "id": "way/438349841"
    },
    {
      "type": "Feature",
      "properties": {
        "@id": "way/439134475",
        "amenity": "cafe",
        "building": "yes",
        "name": "Mr. Bean",
        "name:zh": "豆先生",
        "outdoor_seating": "no",
        "@geometry": "center"
      },
      "geometry": {
        "type": "Point",
        "coordinates": [
          103.7841879,
          1.294147
        ]
      },
      "id": "way/439134475"
    },
    {
      "type": "Feature",
      "properties": {
        "@id": "way/439895275",
        "amenity": "cafe",
        "name": "Huggs",
        "@geometry": "center"
      },
      "geometry": {
        "type": "Point",
        "coordinates": [
          103.784672,
          1.2938961
        ]
      },
      "id": "way/439895275"
    },
    {
      "type": "Feature",
      "properties": {
        "@id": "way/439895306",
        "amenity": "cafe",
        "brand": "Sharetea",
        "brand:wikidata": "Q64827032",
        "cuisine": "bubble_tea",
        "level": "-1",
        "name": "Sharetea",
        "name:en": "Sharetea",
        "name:zh": "歇腳亭",
        "takeaway": "yes",
        "@geometry": "center"
      },
      "geometry": {
        "type": "Point",
        "coordinates": [
          103.7846985,
          1.2936171
        ]
      },
      "id": "way/439895306"
    },
    {
      "type": "Feature",
      "properties": {
        "@id": "way/439895307",
        "amenity": "cafe",
        "brand": "Starbucks",
        "brand:wikidata": "Q37158",
        "brand:wikipedia": "en:Starbucks",
        "cuisine": "coffee_shop",
        "level": "1",
        "name": "Starbucks",
        "name:zh": "星巴克",
        "official_name": "Starbucks Coffee",
        "takeaway": "yes",
        "@geometry": "center"
      },
      "geometry": {
        "type": "Point",
        "coordinates": [
          103.7846572,
          1.2941129
        ]
      },
      "id": "way/439895307"
    },
    {
      "type": "Feature",
      "properties": {
        "@id": "way/453372758",
        "addr:city": "Singapore",
        "addr:housenumber": "16",
        "addr:postcode": "797873",
        "addr:street": "The Oval Seletar Aerospace Park",
        "amenity": "cafe",
        "building": "yes",
        "email": "info@chowcutecafe.com",
        "name": "Chow Cute",
        "opening_hours": "Tu-Su 10:00-22:00",
        "phone": "+65 69747916",
        "website": "https://www.chowcute.com/",
        "@geometry": "center"
      },
      "geometry": {
        "type": "Point",
        "coordinates": [
          103.8677572,
          1.4083289
        ]
      },
      "id": "way/453372758"
    },
    {
      "type": "Feature",
      "properties": {
        "@id": "node/512084967",
        "addr:city": "Singapore",
        "addr:housenumber": "#01-01–06;#01-09–11;#01-102/103",
        "addr:street": "The Centrepoint",
        "amenity": "cafe",
        "branch": "Centrepoint",
        "brand": "Tiong Bahru Bakery",
        "level": "0",
        "name": "Tiong Bahru Bakery",
        "opening_hours": "Mo-Su 07:30-22:00",
        "phone": "+65 68774896",
        "website": "https://www.tiongbahrubakery.com/",
        "wheelchair": "yes"
      },
      "geometry": {
        "type": "Point",
        "coordinates": [
          103.8400063,
          1.3013209
        ]
      },
      "id": "node/512084967"
    },
    {
      "type": "Feature",
      "properties": {
        "@id": "node/518302672",
        "addr:city": "Singapore",
        "addr:country": "SG",
        "addr:housenumber": "28B",
        "addr:postcode": "249549",
        "addr:street": "Harding Road",
        "amenity": "cafe",
        "name": "PS cafe"
      },
      "geometry": {
        "type": "Point",
        "coordinates": [
          103.8110709,
          1.3047042
        ]
      },
      "id": "node/518302672"
    },
    {
      "type": "Feature",
      "properties": {
        "@id": "node/518302785",
        "addr:housenumber": "390",
        "addr:postcode": "238871",
        "addr:street": "Orchard Road",
        "amenity": "cafe",
        "cuisine": "international",
        "name": "PS Cafe",
        "website": "http://www.pscafe.sg/"
      },
      "geometry": {
        "type": "Point",
        "coordinates": [
          103.8298378,
          1.3068516
        ]
      },
      "id": "node/518302785"
    },
    {
      "type": "Feature",
      "properties": {
        "@id": "way/547564851",
        "amenity": "cafe",
        "brand": "Starbucks",
        "brand:wikidata": "Q37158",
        "brand:wikipedia": "en:Starbucks",
        "cuisine": "coffee_shop",
        "indoor": "room",
        "level": "1",
        "name": "Starbucks",
        "name:zh": "星巴克",
        "official_name": "Starbucks Coffee",
        "room": "cafe",
        "takeaway": "yes",
        "@geometry": "center"
      },
      "geometry": {
        "type": "Point",
        "coordinates": [
          103.9919376,
          1.3615851
        ]
      },
      "id": "way/547564851"
    },
    {
      "type": "Feature",
      "properties": {
        "@id": "way/569795940",
        "amenity": "cafe",
        "building": "yes",
        "cuisine": "coffee_shop",
        "internet_access": "no",
        "name": "Alicafe",
        "smoking": "yes",
        "wheelchair": "yes",
        "@geometry": "center"
      },
      "geometry": {
        "type": "Point",
        "coordinates": [
          103.8138937,
          1.2868932
        ]
      },
      "id": "way/569795940"
    },
    {
      "type": "Feature",
      "properties": {
        "@id": "way/569802289",
        "amenity": "cafe",
        "building": "yes",
        "deaf:description:en": "no",
        "elevator": "no",
        "handrail": "no",
        "internet_access": "wlan",
        "name": "Pantry",
        "speech_output": "no",
        "speech_output:en": "no",
        "tactile_paving": "yes",
        "wheelchair": "yes",
        "wheelchair:description": "no",
        "@geometry": "center"
      },
      "geometry": {
        "type": "Point",
        "coordinates": [
          103.8146261,
          1.2863602
        ]
      },
      "id": "way/569802289"
    },
    {
      "type": "Feature",
      "properties": {
        "@id": "node/610732291",
        "addr:city": "Singapore",
        "addr:housenumber": "241",
        "addr:postcode": "188030",
        "addr:street": "Victoria Street",
        "amenity": "cafe",
        "brand": "Mixue",
        "brand:en": "MIXUEBINGCHENG",
        "brand:wikidata": "Q107406476",
        "brand:wikipedia": "zh:蜜雪冰城",
        "brand:zh": "蜜雪冰城",
        "check_date": "2024-07-05",
        "cuisine": "ice_cream;bubble_tea",
        "name": "Mixue",
        "name:en": "Mixue",
        "name:zh": "蜜雪冰城",
        "operator": "MixCity Pte Ltd",
        "takeaway": "yes"
      },
      "geometry": {
        "type": "Point",
        "coordinates": [
          103.8552471,
          1.3003144
        ]
      },
      "id": "node/610732291"
    },
    {
      "type": "Feature",
      "properties": {
        "@id": "node/617987730",
        "addr:housenumber": "Off upper Thomson",
        "addr:street": "Jalan Leban",
        "amenity": "cafe",
        "atm": "Nearby",
        "cuisine": "Western/Italian",
        "description": "Low cost and good grill & pasta",
        "name": "Grill & Pasta",
        "phone": "+6590109214",
        "takeaway": "yes"
      },
      "geometry": {
        "type": "Point",
        "coordinates": [
          103.8290509,
          1.3722892
        ]
      },
      "id": "node/617987730"
    },
    {
      "type": "Feature",
      "properties": {
        "@id": "way/679034072",
        "addr:city": "Singapore",
        "addr:housenumber": "2",
        "addr:postcode": "018972",
        "addr:street": "Bayfront Avenue",
        "amenity": "cafe",
        "building": "yes",
        "name": "Da Paolo Gastronomia",
        "@geometry": "center"
      },
      "geometry": {
        "type": "Point",
        "coordinates": [
          103.8597123,
          1.2859905
        ]
      },
      "id": "way/679034072"
    },
    {
      "type": "Feature",
      "properties": {
        "@id": "node/687602963",
        "amenity": "cafe",
        "name": "The Tea Party"
      },
      "geometry": {
        "type": "Point",
        "coordinates": [
          103.7752657,
          1.2994266
        ]
      },
      "id": "node/687602963"
    },
    {
      "type": "Feature",
      "properties": {
        "@id": "node/694130820",
        "amenity": "cafe",
        "name": "Coffee Express",
        "wheelchair": "yes"
      },
      "geometry": {
        "type": "Point",
        "coordinates": [
          103.9572551,
          1.3695931
        ]
      },
      "id": "node/694130820"
    },
    {
      "type": "Feature",
      "properties": {
        "@id": "node/694833627",
        "amenity": "cafe",
        "name": "KPT",
        "wheelchair": "yes"
      },
      "geometry": {
        "type": "Point",
        "coordinates": [
          103.9581207,
          1.3703592
        ]
      },
      "id": "node/694833627"
    },
    {
      "type": "Feature",
      "properties": {
        "@id": "way/743758480",
        "addr:housename": "Jewel Changi Airport",
        "addr:housenumber": "78",
        "addr:postcode": "819666",
        "addr:street": "Airport Boulevard",
        "addr:unit": "#01-200",
        "air_conditioning": "yes",
        "amenity": "cafe",
        "brand": "The Coffee Bean & Tea Leaf",
        "brand:wikidata": "Q1141384",
        "building": "yes",
        "check_date": "2025-08-01",
        "cuisine": "coffee_shop",
        "highchair": "no",
        "indoor": "room",
        "internet_access": "wlan",
        "internet_access:fee": "no",
        "level": "0",
        "name": "The Coffee Bean & Tea Leaf",
        "opening_hours": "24/7",
        "outdoor_seating": "no",
        "payment:credit_cards": "yes",
        "payment:debit_cards": "yes",
        "payment:mastercard": "yes",
        "payment:nets": "yes",
        "payment:visa": "yes",
        "room": "cafe",
        "smoking": "no",
        "takeaway": "yes",
        "wheelchair": "yes",
        "@geometry": "center"
      },
      "geometry": {
        "type": "Point",
        "coordinates": [
          103.9901555,
          1.3602993
        ]
      },
      "id": "way/743758480"
    },
    {
      "type": "Feature",
      "properties": {
        "@id": "way/743758483",
        "amenity": "cafe",
        "indoor": "room",
        "level": "0",
        "name": "D'good Café",
        "room": "cafe",
        "@geometry": "center"
      },
      "geometry": {
        "type": "Point",
        "coordinates": [
          103.9899649,
          1.3598318
        ]
      },
      "id": "way/743758483"
    },
    {
      "type": "Feature",
      "properties": {
        "@id": "way/743760432",
        "addr:city": "Singapore",
        "addr:housenumber": "78",
        "addr:postcode": "819666",
        "addr:street": "Airport Blvd, #01-K207 JEWEL Changi Airport Kiosk",
        "amenity": "cafe",
        "brand": "Starbucks",
        "brand:wikidata": "Q37158",
        "brand:wikipedia": "en:Starbucks",
        "cuisine": "coffee_shop",
        "indoor": "room",
        "level": "0",
        "name": "Starbucks",
        "official_name": "Starbucks Coffee",
        "room": "cafe",
        "takeaway": "yes",
        "@geometry": "center"
      },
      "geometry": {
        "type": "Point",
        "coordinates": [
          103.9903053,
          1.3602537
        ]
      },
      "id": "way/743760432"
    },
    {
      "type": "Feature",
      "properties": {
        "@id": "way/743760433",
        "amenity": "cafe",
        "indoor": "room",
        "level": "0",
        "name": "Signature Koi",
        "room": "cafe",
        "@geometry": "center"
      },
      "geometry": {
        "type": "Point",
        "coordinates": [
          103.9903341,
          1.360118
        ]
      },
      "id": "way/743760433"
    },
    {
      "type": "Feature",
      "properties": {
        "@id": "way/744297790",
        "amenity": "cafe",
        "indoor": "room",
        "level": "2",
        "name": "O'Coffee Club Roastery",
        "room": "cafe",
        "@geometry": "center"
      },
      "geometry": {
        "type": "Point",
        "coordinates": [
          103.9890776,
          1.3604264
        ]
      },
      "id": "way/744297790"
    },
    {
      "type": "Feature",
      "properties": {
        "@id": "way/744309070",
        "amenity": "cafe",
        "indoor": "room",
        "level": "1",
        "name": "Coffee@works",
        "room": "cafe",
        "@geometry": "center"
      },
      "geometry": {
        "type": "Point",
        "coordinates": [
          103.9893483,
          1.3605193
        ]
      },
      "id": "way/744309070"
    },
    {
      "type": "Feature",
      "properties": {
        "@id": "way/744315475",
        "amenity": "cafe",
        "brand": "Starbucks",
        "brand:wikidata": "Q37158",
        "brand:wikipedia": "en:Starbucks",
        "cuisine": "coffee_shop",
        "indoor": "room",
        "level": "1",
        "name": "Starbucks",
        "official_name": "Starbucks Coffee",
        "room": "cafe",
        "takeaway": "yes",
        "@geometry": "center"
      },
      "geometry": {
        "type": "Point",
        "coordinates": [
          103.9904751,
          1.3601918
        ]
      },
      "id": "way/744315475"
    },
    {
      "type": "Feature",
      "properties": {
        "@id": "way/744315481",
        "amenity": "cafe",
        "indoor": "room",
        "level": "1",
        "name": "Maison de PB",
        "room": "cafe",
        "@geometry": "center"
      },
      "geometry": {
        "type": "Point",
        "coordinates": [
          103.9902096,
          1.3606214
        ]
      },
      "id": "way/744315481"
    },
    {
      "type": "Feature",
      "properties": {
        "@id": "way/744347143",
        "amenity": "cafe",
        "indoor": "room",
        "level": "3",
        "name": "Fun Toast",
        "room": "cafe",
        "@geometry": "center"
      },
      "geometry": {
        "type": "Point",
        "coordinates": [
          103.9897921,
          1.3607576
        ]
      },
      "id": "way/744347143"
    },
    {
      "type": "Feature",
      "properties": {
        "@id": "way/744513525",
        "addr:housenumber": "#04-225",
        "amenity": "cafe",
        "brand": "Café Amazon",
        "brand:wikidata": "Q43247503",
        "brand:wikipedia": "en:Café Amazon",
        "cuisine": "coffee_shop",
        "indoor": "room",
        "level": "3",
        "name": "Café Amazon",
        "opening_hours": "Mo-Su 10:00-22:00",
        "room": "cafe",
        "takeaway": "yes",
        "@geometry": "center"
      },
      "geometry": {
        "type": "Point",
        "coordinates": [
          103.9897108,
          1.3606778
        ]
      },
      "id": "way/744513525"
    },
    {
      "type": "Feature",
      "properties": {
        "@id": "way/744528867",
        "amenity": "cafe",
        "indoor": "room",
        "level": "-2",
        "name": "O'Coffee Club Xpress",
        "room": "cafe",
        "@geometry": "center"
      },
      "geometry": {
        "type": "Point",
        "coordinates": [
          103.989387,
          1.3604115
        ]
      },
      "id": "way/744528867"
    },
    {
      "type": "Feature",
      "properties": {
        "@id": "way/744528905",
        "addr:city": "Singapore",
        "addr:housenumber": "#B2-231",
        "addr:postcode": "819666",
        "addr:street": "78 Airport Boulevard, Jewel Changi Airport",
        "amenity": "cafe",
        "brand": "Toast Box",
        "brand:wikidata": "Q100285490",
        "cuisine": "coffee_shop",
        "indoor": "room",
        "level": "-2",
        "name": "Toast Box",
        "room": "cafe",
        "takeaway": "yes",
        "wheelchair": "limited",
        "@geometry": "center"
      },
      "geometry": {
        "type": "Point",
        "coordinates": [
          103.9895264,
          1.3599371
        ]
      },
      "id": "way/744528905"
    },
    {
      "type": "Feature",
      "properties": {
        "@id": "way/744821301",
        "amenity": "cafe",
        "brand": "The Coffee Bean & Tea Leaf",
        "brand:wikidata": "Q1141384",
        "brand:wikipedia": "en:The Coffee Bean & Tea Leaf",
        "cuisine": "coffee_shop",
        "indoor": "room",
        "level": "1",
        "name": "The Coffee Bean & Tea Leaf",
        "room": "restaurant",
        "takeaway": "yes",
        "@geometry": "center"
      },
      "geometry": {
        "type": "Point",
        "coordinates": [
          103.9904973,
          1.3625435
        ]
      },
      "id": "way/744821301"
    },
    {
      "type": "Feature",
      "properties": {
        "@id": "way/744821310",
        "amenity": "cafe",
        "indoor": "room",
        "level": "1",
        "name": "Niigata Bento",
        "room": "cafe",
        "@geometry": "center"
      },
      "geometry": {
        "type": "Point",
        "coordinates": [
          103.9895851,
          1.3627125
        ]
      },
      "id": "way/744821310"
    },
    {
      "type": "Feature",
      "properties": {
        "@id": "way/744821311",
        "amenity": "cafe",
        "indoor": "room",
        "level": "1",
        "name": "Killiney Kopitiam",
        "room": "cafe",
        "@geometry": "center"
      },
      "geometry": {
        "type": "Point",
        "coordinates": [
          103.9895144,
          1.3627407
        ]
      },
      "id": "way/744821311"
    },
    {
      "type": "Feature",
      "properties": {
        "@id": "way/745530738",
        "addr:city": "Singapore",
        "addr:housenumber": "#01-14B",
        "addr:postcode": "449269",
        "addr:street": "80 Marine Parade Rd, Parkway Parade",
        "amenity": "cafe",
        "indoor": "room",
        "level": "0",
        "name": "Ya Kun Family Cafe",
        "room": "cafe",
        "wheelchair": "yes",
        "@geometry": "center"
      },
      "geometry": {
        "type": "Point",
        "coordinates": [
          103.9054399,
          1.3015895
        ]
      },
      "id": "way/745530738"
    },
    {
      "type": "Feature",
      "properties": {
        "@id": "way/745530746",
        "amenity": "cafe",
        "indoor": "room",
        "level": "0",
        "name": "PappaRich",
        "room": "cafe",
        "@geometry": "center"
      },
      "geometry": {
        "type": "Point",
        "coordinates": [
          103.9051733,
          1.3016851
        ]
      },
      "id": "way/745530746"
    },
    {
      "type": "Feature",
      "properties": {
        "@id": "way/745530768",
        "addr:city": "Singapore",
        "addr:housenumber": "80",
        "addr:postcode": "449269",
        "addr:street": "Marine Parade Road #01-10A/B Parkway Parade",
        "amenity": "cafe",
        "brand": "Starbucks",
        "brand:wikidata": "Q37158",
        "brand:wikipedia": "en:Starbucks",
        "cuisine": "coffee_shop",
        "indoor": "room",
        "level": "0",
        "name": "Starbucks",
        "official_name": "Starbucks Coffee",
        "room": "cafe",
        "takeaway": "yes",
        "@geometry": "center"
      },
      "geometry": {
        "type": "Point",
        "coordinates": [
          103.9050895,
          1.3019956
        ]
      },
      "id": "way/745530768"
    },
    {
      "type": "Feature",
      "properties": {
        "@id": "way/746049585",
        "amenity": "cafe",
        "indoor": "room",
        "level": "1",
        "name": "Fun Toast",
        "room": "cafe",
        "@geometry": "center"
      },
      "geometry": {
        "type": "Point",
        "coordinates": [
          103.9047926,
          1.3010618
        ]
      },
      "id": "way/746049585"
    },
    {
      "type": "Feature",
      "properties": {
        "@id": "way/746052349",
        "amenity": "cafe",
        "brand": "Sharetea",
        "brand:wikidata": "Q64827032",
        "cuisine": "bubble_tea",
        "indoor": "room",
        "level": "-1",
        "name": "Sharetea",
        "name:en": "Sharetea",
        "name:zh": "歇腳亭",
        "room": "shop",
        "takeaway": "yes",
        "@geometry": "center"
      },
      "geometry": {
        "type": "Point",
        "coordinates": [
          103.9053353,
          1.3017165
        ]
      },
      "id": "way/746052349"
    },
    {
      "type": "Feature",
      "properties": {
        "@id": "way/746052362",
        "amenity": "cafe",
        "indoor": "room",
        "level": "-1",
        "name": "RedMan by Phoon Huat",
        "shop": "baking_supplies",
        "@geometry": "center"
      },
      "geometry": {
        "type": "Point",
        "coordinates": [
          103.905825,
          1.3007738
        ]
      },
      "id": "way/746052362"
    },
    {
      "type": "Feature",
      "properties": {
        "@id": "way/746110477",
        "amenity": "cafe",
        "brand": "The Coffee Bean & Tea Leaf",
        "brand:wikidata": "Q1141384",
        "brand:wikipedia": "en:The Coffee Bean & Tea Leaf",
        "cuisine": "coffee_shop",
        "indoor": "room",
        "level": "-1",
        "name": "The Coffee Bean & Tea Leaf",
        "room": "cafe",
        "takeaway": "yes",
        "@geometry": "center"
      },
      "geometry": {
        "type": "Point",
        "coordinates": [
          103.9057142,
          1.3009213
        ]
      },
      "id": "way/746110477"
    },
    {
      "type": "Feature",
      "properties": {
        "@id": "way/747736803",
        "addr:city": "Singapore",
        "addr:housenumber": "9 Raffles Boulevard",
        "addr:postcode": "039596",
        "addr:street": "Millenia Walk #01-K7/K11/K12/K13",
        "amenity": "cafe",
        "brand": "Starbucks",
        "brand:wikidata": "Q37158",
        "brand:wikipedia": "en:Starbucks",
        "cuisine": "coffee_shop",
        "indoor": "room",
        "level": "0",
        "name": "Starbucks",
        "official_name": "Starbucks Coffee",
        "room": "cafe",
        "takeaway": "yes",
        "@geometry": "center"
      },
      "geometry": {
        "type": "Point",
        "coordinates": [
          103.859574,
          1.293581
        ]
      },
      "id": "way/747736803"
    },
    {
      "type": "Feature",
      "properties": {
        "@id": "way/747736810",
        "addr:city": "Singapore",
        "addr:housenumber": "#01-93/94",
        "addr:postcode": "039596",
        "addr:street": "9 Raffles Boulevard, Millenia Walk",
        "amenity": "cafe",
        "brand": "Toast Box",
        "brand:wikidata": "Q100285490",
        "cuisine": "coffee_shop",
        "indoor": "area",
        "level": "0",
        "name": "Toast Box",
        "name:zh": "土司工坊",
        "shop": "bakery",
        "takeaway": "yes",
        "@geometry": "center"
      },
      "geometry": {
        "type": "Point",
        "coordinates": [
          103.8598347,
          1.2936031
        ]
      },
      "id": "way/747736810"
    },
    {
      "type": "Feature",
      "properties": {
        "@id": "node/775915340",
        "addr:city": "Singapore",
        "addr:housenumber": "#01-22",
        "addr:postcode": "757713",
        "addr:street": "Sun Plaza, 30 Sembawang Drive,",
        "amenity": "cafe",
        "brand": "Starbucks",
        "brand:wikidata": "Q37158",
        "cuisine": "coffee_shop",
        "internet_access": "yes",
        "internet_access:fee": "no",
        "name": "Starbucks",
        "official_name": "Starbucks Coffee",
        "opening_hours": "Mo-Su 07:00-22:00",
        "outdoor_seating": "no",
        "phone": "+65 6910 1307",
        "takeaway": "yes",
        "website": "https://www.starbucks.com/",
        "wheelchair": "yes"
      },
      "geometry": {
        "type": "Point",
        "coordinates": [
          103.8194535,
          1.4479064
        ]
      },
      "id": "node/775915340"
    },
    {
      "type": "Feature",
      "properties": {
        "@id": "node/783666675",
        "amenity": "cafe",
        "name": "Bistro Lab"
      },
      "geometry": {
        "type": "Point",
        "coordinates": [
          103.9318335,
          1.3438352
        ]
      },
      "id": "node/783666675"
    },
    {
      "type": "Feature",
      "properties": {
        "@id": "way/882664807",
        "amenity": "cafe",
        "building": "yes",
        "building:levels": "1",
        "cuisine": "bubble_tea",
        "name": "iTea",
        "roof:levels": "1",
        "roof:material": "metal",
        "roof:shape": "pyramidal",
        "@geometry": "center"
      },
      "geometry": {
        "type": "Point",
        "coordinates": [
          103.9342666,
          1.3490908
        ]
      },
      "id": "way/882664807"
    },
    {
      "type": "Feature",
      "properties": {
        "@id": "way/882664808",
        "amenity": "cafe",
        "building": "yes",
        "building:levels": "1",
        "cuisine": "bubble_tea",
        "roof:levels": "1",
        "roof:material": "metal",
        "roof:shape": "pyramidal",
        "@geometry": "center"
      },
      "geometry": {
        "type": "Point",
        "coordinates": [
          103.9340768,
          1.3491727
        ]
      },
      "id": "way/882664808"
    },
    {
      "type": "Feature",
      "properties": {
        "@id": "way/981749580",
        "amenity": "cafe",
        "brand": "Tastebud",
        "building": "yes",
        "cuisine": "coffee_shop;asian",
        "outdoor_seating": "yes",
        "@geometry": "center"
      },
      "geometry": {
        "type": "Point",
        "coordinates": [
          103.7229722,
          1.3268447
        ]
      },
      "id": "way/981749580"
    },
    {
      "type": "Feature",
      "properties": {
        "@id": "node/1029132195",
        "addr:city": "Singapore",
        "addr:housenumber": "63",
        "addr:postcode": "648331",
        "addr:street": "Jurong West Central 3 #03-52/52A Jurong Point",
        "amenity": "cafe",
        "brand": "Starbucks",
        "brand:wikidata": "Q37158",
        "brand:wikipedia": "en:Starbucks",
        "cuisine": "coffee_shop",
        "name": "Starbucks",
        "official_name": "Starbucks Coffee",
        "takeaway": "yes"
      },
      "geometry": {
        "type": "Point",
        "coordinates": [
          103.705622,
          1.3388938
        ]
      },
      "id": "node/1029132195"
    },
    {
      "type": "Feature",
      "properties": {
        "@id": "way/1039374422",
        "amenity": "cafe",
        "building": "yes",
        "name": "Starbucks",
        "@geometry": "center"
      },
      "geometry": {
        "type": "Point",
        "coordinates": [
          103.8619188,
          1.2854493
        ]
      },
      "id": "way/1039374422"
    },
    {
      "type": "Feature",
      "properties": {
        "@id": "node/1080233739",
        "amenity": "cafe",
        "name": "Coffee Shops"
      },
      "geometry": {
        "type": "Point",
        "coordinates": [
          103.8003488,
          1.3066948
        ]
      },
      "id": "node/1080233739"
    },
    {
      "type": "Feature",
      "properties": {
        "@id": "node/1107464790",
        "amenity": "cafe",
        "name": "Woons Kopi by Killiney",
        "name:en": "Woons Kopi by Killiney"
      },
      "geometry": {
        "type": "Point",
        "coordinates": [
          103.9889449,
          1.3137991
        ]
      },
      "id": "node/1107464790"
    },
    {
      "type": "Feature",
      "properties": {
        "@id": "node/1107465018",
        "amenity": "cafe",
        "name": "Lepak Corner",
        "name:en": "Lepak Corner"
      },
      "geometry": {
        "type": "Point",
        "coordinates": [
          103.9888956,
          1.3144687
        ]
      },
      "id": "node/1107465018"
    },
    {
      "type": "Feature",
      "properties": {
        "@id": "way/1114929400",
        "addr:city": "Singapore",
        "addr:housenumber": "12",
        "addr:postcode": "158736",
        "addr:street": "Alexandra View",
        "air_conditioning": "yes",
        "amenity": "cafe",
        "brand": "Ya Kun Kaya Toast",
        "brand:wikidata": "Q8046237",
        "brand:wikipedia": "en:Ya Kun Kaya Toast",
        "cuisine": "coffee_shop",
        "indoor": "yes",
        "level": "0",
        "name": "Ya Kun Kaya Toast",
        "takeaway": "yes",
        "@geometry": "center"
      },
      "geometry": {
        "type": "Point",
        "coordinates": [
          103.8173075,
          1.2898135
        ]
      },
      "id": "way/1114929400"
    },
    {
      "type": "Feature",
      "properties": {
        "@id": "node/1125787979",
        "amenity": "cafe",
        "name": "Pines Cafe"
      },
      "geometry": {
        "type": "Point",
        "coordinates": [
          103.8427357,
          1.3344354
        ]
      },
      "id": "node/1125787979"
    },
    {
      "type": "Feature",
      "properties": {
        "@id": "node/1129421961",
        "amenity": "cafe"
      },
      "geometry": {
        "type": "Point",
        "coordinates": [
          103.7047998,
          1.3405679
        ]
      },
      "id": "node/1129421961"
    },
    {
      "type": "Feature",
      "properties": {
        "@id": "way/1133025937",
        "amenity": "cafe",
        "level": "2",
        "level:ref": "3",
        "@geometry": "center"
      },
      "geometry": {
        "type": "Point",
        "coordinates": [
          103.7899686,
          1.2756799
        ]
      },
      "id": "way/1133025937"
    },
    {
      "type": "Feature",
      "properties": {
        "@id": "way/1148720455",
        "amenity": "cafe",
        "building": "yes",
        "level": "3",
        "level:ref": "3",
        "@geometry": "center"
      },
      "geometry": {
        "type": "Point",
        "coordinates": [
          103.7920946,
          1.2745328
        ]
      },
      "id": "way/1148720455"
    },
    {
      "type": "Feature",
      "properties": {
        "@id": "way/1158969187",
        "addr:unit": "#02-05",
        "amenity": "cafe",
        "brand": "Starbucks",
        "brand:wikidata": "Q37158",
        "building": "yes",
        "cuisine": "coffee_shop",
        "layer": "1",
        "name": "Starbucks",
        "official_name": "Starbucks Coffee",
        "opening_hours": "Mo-Su 08:30-18:00",
        "takeaway": "yes",
        "wheelchair": "yes",
        "@geometry": "center"
      },
      "geometry": {
        "type": "Point",
        "coordinates": [
          103.7812636,
          1.4079074
        ]
      },
      "id": "way/1158969187"
    },
    {
      "type": "Feature",
      "properties": {
        "@id": "node/1244322599",
        "amenity": "cafe",
        "name": "Café@Moberly, Student Hub@Moberly",
        "name:zh": "莫伯利咖啡馆、学生中心"
      },
      "geometry": {
        "type": "Point",
        "coordinates": [
          103.7784074,
          1.3080582
        ]
      },
      "id": "node/1244322599"
    },
    {
      "type": "Feature",
      "properties": {
        "@id": "way/1266021544",
        "addr:city": "Singapore",
        "addr:country": "SG",
        "addr:housenumber": "343",
        "addr:postcode": "610343",
        "addr:street": "Kang Ching Road",
        "amenity": "cafe",
        "building": "construction",
        "building:levels": "1",
        "construction": "commercial",
        "@geometry": "center"
      },
      "geometry": {
        "type": "Point",
        "coordinates": [
          103.7218563,
          1.3410263
        ]
      },
      "id": "way/1266021544"
    },
    {
      "type": "Feature",
      "properties": {
        "@id": "node/1275482845",
        "addr:city": "Singapore",
        "addr:housenumber": "9",
        "addr:postcode": "228210",
        "addr:street": "Scotts Road",
        "addr:unit": "#01-01A",
        "amenity": "cafe",
        "branch": "Pacific Plaza",
        "brand": "Starbucks",
        "brand:wikidata": "Q37158",
        "brand:wikipedia": "en:Starbucks",
        "cuisine": "coffee_shop",
        "level": "0",
        "name": "Starbucks",
        "name:zh": "星巴克",
        "official_name": "Starbucks Coffee",
        "opening_hours": "24/7",
        "operator": "Starbucks Singapore",
        "phone": "+65 6736 4315",
        "source": "Kaart Ground Survey 2017",
        "takeaway": "yes",
        "website": "https://www.starbucks.com.sg/"
      },
      "geometry": {
        "type": "Point",
        "coordinates": [
          103.8324156,
          1.3064544
        ]
      },
      "id": "node/1275482845"
    },
    {
      "type": "Feature",
      "properties": {
        "@id": "node/1278204291",
        "amenity": "cafe",
        "name": "Coffee Club",
        "source": "Survey"
      },
      "geometry": {
        "type": "Point",
        "coordinates": [
          103.8312388,
          1.3050836
        ]
      },
      "id": "node/1278204291"
    },
    {
      "type": "Feature",
      "properties": {
        "@id": "way/1304296833",
        "amenity": "cafe",
        "building": "yes",
        "layer": "-1",
        "name": "Club 56",
        "@geometry": "center"
      },
      "geometry": {
        "type": "Point",
        "coordinates": [
          103.8996296,
          1.3445889
        ]
      },
      "id": "way/1304296833"
    },
    {
      "type": "Feature",
      "properties": {
        "@id": "way/1304296997",
        "amenity": "cafe",
        "building": "yes",
        "layer": "-1",
        "name": "BBH Mess",
        "@geometry": "center"
      },
      "geometry": {
        "type": "Point",
        "coordinates": [
          103.9010123,
          1.3524666
        ]
      },
      "id": "way/1304296997"
    },
    {
      "type": "Feature",
      "properties": {
        "@id": "node/1313941260",
        "addr:city": "Singapore",
        "addr:country": "SG",
        "addr:housenumber": "1206A",
        "addr:postcode": "449891",
        "addr:street": "East Coast Parkway",
        "amenity": "cafe",
        "email": "cr@singaporewakepark.com",
        "internet_access": "wlan",
        "name": "Coastal Rhythm",
        "opening_hours": "Mo-Fr 10:00-22:00; Sa-Su 09:00-22:00",
        "outdoor_seating": "yes",
        "phone": "+65 66363705",
        "website": "http://www.facebook.com/CoastalRhythm"
      },
      "geometry": {
        "type": "Point",
        "coordinates": [
          103.9317231,
          1.3056033
        ]
      },
      "id": "node/1313941260"
    },
    {
      "type": "Feature",
      "properties": {
        "@id": "node/1316097225",
        "amenity": "cafe",
        "brand": "The Coffee Bean & Tea Leaf",
        "brand:wikidata": "Q1141384",
        "cuisine": "coffee_shop",
        "name": "The Coffee Bean & Tea Leaf",
        "name:zh": "香啡缤",
        "takeaway": "yes"
      },
      "geometry": {
        "type": "Point",
        "coordinates": [
          103.8177296,
          1.2512356
        ]
      },
      "id": "node/1316097225"
    },
    {
      "type": "Feature",
      "properties": {
        "@id": "node/1386255330",
        "addr:city": "Singapore",
        "addr:housename": "Edu Resource Centre",
        "addr:housenumber": "8",
        "addr:postcode": "138608",
        "addr:street": "College Avenue West",
        "addr:unit": "B1-01",
        "amenity": "cafe",
        "brand": "Starbucks",
        "cuisine": "coffee_shop",
        "level": "0",
        "name": "Starbucks",
        "name:zh": "星巴克",
        "official_name": "Starbucks Coffee",
        "opening_hours": "open; SH 08:00-22:00",
        "phone": "+65 6659 6081",
        "takeaway": "yes"
      },
      "geometry": {
        "type": "Point",
        "coordinates": [
          103.7728511,
          1.3055489
        ]
      },
      "id": "node/1386255330"
    },
    {
      "type": "Feature",
      "properties": {
        "@id": "way/1392930453",
        "addr:unit": "#02-K10",
        "amenity": "cafe",
        "brand": "Gong Cha",
        "brand:wikidata": "Q5581670",
        "brand:wikipedia": "en:Gong Cha",
        "cuisine": "bubble_tea",
        "indoor": "room",
        "level": "1",
        "level:ref": "2",
        "name": "Gong Cha",
        "name:en": "Gong Cha",
        "name:zh": "貢茶",
        "takeaway": "yes",
        "@geometry": "center"
      },
      "geometry": {
        "type": "Point",
        "coordinates": [
          103.7855835,
          1.4357595
        ]
      },
      "id": "way/1392930453"
    },
    {
      "type": "Feature",
      "properties": {
        "@id": "way/1395135459",
        "addr:unit": "#B1-23",
        "amenity": "cafe",
        "brand": "Ya Kun Kaya Toast",
        "brand:wikidata": "Q8046237",
        "brand:wikipedia": "en:Ya Kun Kaya Toast",
        "cuisine": "coffee_shop",
        "indoor": "room",
        "level": "-1",
        "level:ref": "B1",
        "name": "Ya Kun Kaya Toast",
        "takeaway": "yes",
        "wheelchair": "yes",
        "@geometry": "center"
      },
      "geometry": {
        "type": "Point",
        "coordinates": [
          103.7857198,
          1.4358394
        ]
      },
      "id": "way/1395135459"
    },
    {
      "type": "Feature",
      "properties": {
        "@id": "way/1395135461",
        "addr:unit": "#B1-21",
        "amenity": "cafe",
        "cuisine": "bakery",
        "indoor": "room",
        "level": "-1",
        "level:ref": "B1",
        "name": "Délifrance",
        "@geometry": "center"
      },
      "geometry": {
        "type": "Point",
        "coordinates": [
          103.7856068,
          1.4358239
        ]
      },
      "id": "way/1395135461"
    },
    {
      "type": "Feature",
      "properties": {
        "@id": "way/1396029719",
        "amenity": "cafe",
        "brand": "Toast Box",
        "brand:wikidata": "Q100285490",
        "cuisine": "coffee_shop",
        "indoor": "room",
        "level": "0",
        "level:ref": "1",
        "name": "Toast Box",
        "takeaway": "yes",
        "wheelchair": "yes",
        "@geometry": "center"
      },
      "geometry": {
        "type": "Point",
        "coordinates": [
          103.7861477,
          1.4363155
        ]
      },
      "id": "way/1396029719"
    },
    {
      "type": "Feature",
      "properties": {
        "@id": "node/1396677545",
        "amenity": "cafe",
        "level": "0",
        "name": "The Royals Bistro"
      },
      "geometry": {
        "type": "Point",
        "coordinates": [
          103.7738694,
          1.3037933
        ]
      },
      "id": "node/1396677545"
    },
    {
      "type": "Feature",
      "properties": {
        "@id": "way/1463968060",
        "amenity": "cafe",
        "building": "yes",
        "name": "Ice Cream Man and Friends",
        "@geometry": "center"
      },
      "geometry": {
        "type": "Point",
        "coordinates": [
          103.7307881,
          1.3354601
        ]
      },
      "id": "way/1463968060"
    },
    {
      "type": "Feature",
      "properties": {
        "@id": "node/1616332356",
        "addr:city": "Singapore",
        "addr:housenumber": "8",
        "addr:postcode": "228095",
        "addr:street": "Wilkie Road",
        "amenity": "cafe",
        "brand": "Starbucks",
        "brand:wikidata": "Q37158",
        "brand:wikipedia": "en:Starbucks",
        "cuisine": "coffee_shop",
        "level": "0",
        "name": "Starbucks",
        "official_name": "Starbucks Coffee",
        "outdoor_seating": "yes",
        "takeaway": "yes",
        "wheelchair": "yes"
      },
      "geometry": {
        "type": "Point",
        "coordinates": [
          103.849799,
          1.3019206
        ]
      },
      "id": "node/1616332356"
    },
    {
      "type": "Feature",
      "properties": {
        "@id": "node/1703872735",
        "addr:city": "Singapore",
        "addr:housenumber": "1",
        "addr:postcode": "807011",
        "addr:street": "Seletar Rd, Greenwich V",
        "addr:unit": "02-01",
        "amenity": "cafe",
        "brand": "The Coffee Bean & Tea Leaf",
        "brand:wikidata": "Q1141384",
        "brand:wikipedia": "en:The Coffee Bean & Tea Leaf",
        "contact:phone": "+6565557721",
        "cuisine": "coffee_shop",
        "name": "The Coffee Bean & Tea Leaf",
        "opening_hours": "Mo-Su 08:00-23:00",
        "takeaway": "yes",
        "wheelchair": "yes"
      },
      "geometry": {
        "type": "Point",
        "coordinates": [
          103.8692488,
          1.3875539
        ]
      },
      "id": "node/1703872735"
    },
    {
      "type": "Feature",
      "properties": {
        "@id": "node/1703872738",
        "addr:city": "Singapore",
        "addr:housenumber": "#01-06",
        "addr:postcode": "807011",
        "addr:street": "1 Seletar Rd, Greenwich V",
        "addr:unit": "01-06",
        "amenity": "cafe",
        "contact:phone": "+65 6853 3608",
        "name": "Toast Box",
        "opening_hours": "Su-Th 07:30-22:00; Fr-Sa 07:30-22:30; PH 07:30-22:30",
        "wheelchair": "yes"
      },
      "geometry": {
        "type": "Point",
        "coordinates": [
          103.8691857,
          1.3875441
        ]
      },
      "id": "node/1703872738"
    },
    {
      "type": "Feature",
      "properties": {
        "@id": "node/1711105942",
        "addr:city": "Singapore",
        "addr:housename": "Gutrie House",
        "addr:housenumber": "#01-04",
        "addr:postcode": "268802",
        "addr:street": "1 Fifth Avenue, Guthrie House",
        "amenity": "cafe",
        "brand": "The Coffee Bean & Tea Leaf",
        "brand:wikidata": "Q1141384",
        "brand:wikipedia": "en:The Coffee Bean & Tea Leaf",
        "check_date": "2025-04-27",
        "cuisine": "coffee_shop",
        "name": "The Coffee Bean & Tea Leaf",
        "outdoor_seating": "yes",
        "takeaway": "yes",
        "website": "https://www.coffeebean.com.sg/"
      },
      "geometry": {
        "type": "Point",
        "coordinates": [
          103.7956809,
          1.3306493
        ]
      },
      "id": "node/1711105942"
    },
    {
      "type": "Feature",
      "properties": {
        "@id": "node/1737553054",
        "amenity": "cafe",
        "name": "Cheers",
        "name:zh": "雀喜(Cheers)便利店",
        "note": "Please move to correct place!"
      },
      "geometry": {
        "type": "Point",
        "coordinates": [
          103.7771748,
          1.3096411
        ]
      },
      "id": "node/1737553054"
    },
    {
      "type": "Feature",
      "properties": {
        "@id": "node/1737553058",
        "addr:city": "Singapore",
        "addr:housenumber": "500",
        "addr:postcode": "139651",
        "addr:street": "Dover Road, Food Court 5,",
        "amenity": "cafe",
        "brand": "Starbucks",
        "brand:wikidata": "Q37158",
        "brand:wikipedia": "en:Starbucks",
        "cuisine": "coffee_shop",
        "name": "Starbucks",
        "name:zh": "星巴克",
        "official_name": "Starbucks Coffee",
        "takeaway": "yes"
      },
      "geometry": {
        "type": "Point",
        "coordinates": [
          103.7769601,
          1.3095202
        ]
      },
      "id": "node/1737553058"
    },
    {
      "type": "Feature",
      "properties": {
        "@id": "node/1833740154",
        "amenity": "cafe",
        "brand": "Starbucks",
        "brand:wikidata": "Q37158",
        "cuisine": "coffee_shop",
        "name": "Starbucks",
        "name:zh": "星巴克",
        "official_name": "Starbucks Coffee",
        "takeaway": "yes",
        "wheelchair": "yes"
      },
      "geometry": {
        "type": "Point",
        "coordinates": [
          103.8653995,
          1.2826991
        ]
      },
      "id": "node/1833740154"
    },
    {
      "type": "Feature",
      "properties": {
        "@id": "node/1848143229",
        "amenity": "cafe",
        "description": "Takeaway Coffee, Snacks",
        "name": "Cafe Hotshot"
      },
      "geometry": {
        "type": "Point",
        "coordinates": [
          103.7799025,
          1.3083429
        ]
      },
      "id": "node/1848143229"
    },
    {
      "type": "Feature",
      "properties": {
        "@id": "node/1950182530",
        "addr:city": "Singapore",
        "addr:country": "SG",
        "addr:housenumber": "268",
        "addr:postcode": "058817",
        "addr:street": "South Bridge Road",
        "amenity": "cafe",
        "email": "info@nanyangoldcoffee.com",
        "indoor_seating": "yes",
        "internet_access": "no",
        "name": "Nanyang Old Coffee",
        "name:zh": "南洋老咖啡",
        "opening_hours": "Mo-Su 07:00-21:45",
        "outdoor_seating": "yes",
        "phone": "+65 6100 3450",
        "smoking": "yes",
        "website": "https://nanyangoldcoffee.com/",
        "wheelchair": "no",
        "wifi": "no"
      },
      "geometry": {
        "type": "Point",
        "coordinates": [
          103.8448952,
          1.2818086
        ]
      },
      "id": "node/1950182530"
    },
    {
      "type": "Feature",
      "properties": {
        "@id": "node/1953018864",
        "amenity": "cafe",
        "brand": "Starbucks",
        "brand:wikidata": "Q37158",
        "brand:wikipedia": "en:Starbucks",
        "cuisine": "coffee_shop",
        "name": "Starbucks",
        "name:zh": "星巴克",
        "official_name": "Starbucks Coffee",
        "takeaway": "yes",
        "wheelchair": "no"
      },
      "geometry": {
        "type": "Point",
        "coordinates": [
          103.828628,
          1.306993
        ]
      },
      "id": "node/1953018864"
    },
    {
      "type": "Feature",
      "properties": {
        "@id": "node/2047770047",
        "addr:housename": "Queenstown Community Centre",
        "addr:housenumber": "365",
        "addr:postcode": "149732",
        "addr:street": "Commonwealth Avenue",
        "amenity": "cafe",
        "cuisine": "coffee_shop",
        "internet_access": "wlan",
        "internet_access:fee": "no",
        "name": "s(he)brews café"
      },
      "geometry": {
        "type": "Point",
        "coordinates": [
          103.801392,
          1.2992209
        ]
      },
      "id": "node/2047770047"
    },
    {
      "type": "Feature",
      "properties": {
        "@id": "node/2099138257",
        "addr:city": "Singapore",
        "addr:housenumber": "8",
        "addr:postcode": "238216",
        "addr:street": "Rodyk Street",
        "air_conditioning": "yes",
        "amenity": "cafe",
        "brand": "Toby's Estate",
        "cuisine": "coffee_shop",
        "delivery": "yes",
        "name": "Toby's Estate",
        "opening_hours": "Mo-Th,Su 07:30-18:00; Fr,Sa 07:30-19:00",
        "outdoor_seating": "yes",
        "phone": "+6566367629",
        "takeaway": "yes",
        "website": "https://www.tobysestate.com.sg/"
      },
      "geometry": {
        "type": "Point",
        "coordinates": [
          103.8374006,
          1.2899337
        ]
      },
      "id": "node/2099138257"
    },
    {
      "type": "Feature",
      "properties": {
        "@id": "node/2099138262",
        "amenity": "cafe",
        "cuisine": "coffee_shop",
        "name": "Kith Cafe"
      },
      "geometry": {
        "type": "Point",
        "coordinates": [
          103.8380311,
          1.2897265
        ]
      },
      "id": "node/2099138262"
    },
    {
      "type": "Feature",
      "properties": {
        "@id": "node/2218001335",
        "addr:city": "Singapore",
        "addr:housenumber": "583",
        "addr:postcode": "238884",
        "addr:street": "Orchard Road, #01-45/46, Forum The Shopping Mall",
        "amenity": "cafe",
        "brand": "The Coffee Bean & Tea Leaf",
        "brand:wikidata": "Q1141384",
        "brand:wikipedia": "en:The Coffee Bean & Tea Leaf",
        "cuisine": "coffee_shop",
        "level": "0",
        "name": "The Coffee Bean & Tea Leaf",
        "source": "Survey",
        "takeaway": "yes",
        "website": "https://www.coffeebean.com.sg/"
      },
      "geometry": {
        "type": "Point",
        "coordinates": [
          103.828494,
          1.3064522
        ]
      },
      "id": "node/2218001335"
    },
    {
      "type": "Feature",
      "properties": {
        "@id": "node/2380324920",
        "addr:city": "Singapore",
        "addr:housenumber": "17",
        "addr:postcode": "199149",
        "addr:street": "Jalan Pinang",
        "amenity": "cafe",
        "cuisine": "coffee_shop",
        "name": "Earlybird",
        "phone": "+65 6298 2420",
        "yelp": "http://www.yelp.com/biz/artistry-singapore-2#query:artistry%20cafe"
      },
      "geometry": {
        "type": "Point",
        "coordinates": [
          103.8581886,
          1.3028912
        ]
      },
      "id": "node/2380324920"
    },
    {
      "type": "Feature",
      "properties": {
        "@id": "node/2386331202",
        "amenity": "cafe",
        "cuisine": "russian",
        "level": "0",
        "name": "White Rabbit Cafe"
      },
      "geometry": {
        "type": "Point",
        "coordinates": [
          103.8451839,
          1.2906084
        ]
      },
      "id": "node/2386331202"
    },
    {
      "type": "Feature",
      "properties": {
        "@id": "node/2402528910",
        "addr:street": "Victoria Street",
        "amenity": "cafe",
        "check_date": "2024-03-20",
        "name": "Cafe O"
      },
      "geometry": {
        "type": "Point",
        "coordinates": [
          103.8548425,
          1.2998702
        ]
      },
      "id": "node/2402528910"
    },
    {
      "type": "Feature",
      "properties": {
        "@id": "node/2421003733",
        "addr:city": "Singapore",
        "addr:country": "SG",
        "addr:housenumber": "900",
        "addr:postcode": "730900",
        "addr:street": "South Woodlands Drive",
        "amenity": "cafe",
        "brand": "Starbucks",
        "brand:wikidata": "Q37158",
        "brand:wikipedia": "en:Starbucks",
        "cuisine": "coffee_shop",
        "name": "Starbucks",
        "official_name": "Starbucks Coffee",
        "takeaway": "yes",
        "wheelchair": "yes"
      },
      "geometry": {
        "type": "Point",
        "coordinates": [
          103.7868133,
          1.4352133
        ]
      },
      "id": "node/2421003733"
    },
    {
      "type": "Feature",
      "properties": {
        "@id": "node/2421033267",
        "amenity": "cafe",
        "brand": "Starbucks",
        "brand:wikidata": "Q37158",
        "brand:wikipedia": "en:Starbucks",
        "cuisine": "coffee_shop",
        "name": "Starbucks",
        "official_name": "Starbucks Coffee",
        "takeaway": "yes"
      },
      "geometry": {
        "type": "Point",
        "coordinates": [
          103.7641858,
          1.3799583
        ]
      },
      "id": "node/2421033267"
    },
    {
      "type": "Feature",
      "properties": {
        "@id": "node/2424588034",
        "addr:city": "Singapore",
        "addr:housenumber": "78",
        "addr:street": "Moh Guan Terrace",
        "amenity": "cafe",
        "cuisine": "international",
        "drive_through": "no",
        "internet_access": "no",
        "name": "Flock Café",
        "outdoor_seating": "yes"
      },
      "geometry": {
        "type": "Point",
        "coordinates": [
          103.8302138,
          1.2835291
        ]
      },
      "id": "node/2424588034"
    },
    {
      "type": "Feature",
      "properties": {
        "@id": "node/2491830720",
        "addr:housename": "Casa Clementi",
        "addr:housenumber": "420A",
        "addr:street": "Clementi Avenue 1",
        "amenity": "cafe",
        "cuisine": "regional",
        "internet_access": "no",
        "name": "NTUC Foodfare"
      },
      "geometry": {
        "type": "Point",
        "coordinates": [
          103.7685046,
          1.3096712
        ]
      },
      "id": "node/2491830720"
    },
    {
      "type": "Feature",
      "properties": {
        "@id": "node/2491833337",
        "amenity": "cafe",
        "cuisine": "sandwich",
        "internet_access": "no",
        "name": "One More Bread"
      },
      "geometry": {
        "type": "Point",
        "coordinates": [
          103.7686452,
          1.3099436
        ]
      },
      "id": "node/2491833337"
    },
    {
      "type": "Feature",
      "properties": {
        "@id": "node/2494611923",
        "amenity": "cafe"
      },
      "geometry": {
        "type": "Point",
        "coordinates": [
          103.7718,
          1.3019245
        ]
      },
      "id": "node/2494611923"
    },
    {
      "type": "Feature",
      "properties": {
        "@id": "node/2502364474",
        "addr:housenumber": "200 #B1-11",
        "addr:postcode": "188024",
        "amenity": "cafe",
        "brand": "Ya Kun Kaya Toast",
        "brand:wikidata": "Q8046237",
        "brand:wikipedia": "en:Ya Kun Kaya Toast",
        "cuisine": "coffee_shop",
        "level": "-1",
        "name": "Ya Kun Kaya Toast",
        "name:en": "Ya Kun Kaya Toast",
        "name:zh": "亞坤咖椰吐司",
        "outdoor_seating": "no",
        "smoking": "no",
        "takeaway": "yes",
        "toilets": "no",
        "wheelchair": "yes"
      },
      "geometry": {
        "type": "Point",
        "coordinates": [
          103.8559122,
          1.3002472
        ]
      },
      "id": "node/2502364474"
    },
    {
      "type": "Feature",
      "properties": {
        "@id": "node/2517244454",
        "amenity": "cafe",
        "cuisine": "ice_cream",
        "internet_access": "no",
        "name": "Wimbly Lu"
      },
      "geometry": {
        "type": "Point",
        "coordinates": [
          103.8675719,
          1.347443
        ]
      },
      "id": "node/2517244454"
    },
    {
      "type": "Feature",
      "properties": {
        "@id": "node/2685422045",
        "amenity": "cafe",
        "name": "Zebra Cafe",
        "wheelchair": "no"
      },
      "geometry": {
        "type": "Point",
        "coordinates": [
          103.7894548,
          1.4007235
        ]
      },
      "id": "node/2685422045"
    },
    {
      "type": "Feature",
      "properties": {
        "@id": "node/2700916762",
        "addr:city": "Singapore",
        "addr:housenumber": "168",
        "addr:postcode": "068912",
        "addr:street": "Robinson Road",
        "amenity": "cafe",
        "brand": "Starbucks",
        "brand:wikidata": "Q37158",
        "brand:wikipedia": "en:Starbucks",
        "cuisine": "coffee_shop",
        "internet_access": "yes",
        "name": "Starbucks",
        "official_name": "Starbucks Coffee",
        "takeaway": "yes"
      },
      "geometry": {
        "type": "Point",
        "coordinates": [
          103.8472839,
          1.2775874
        ]
      },
      "id": "node/2700916762"
    },
    {
      "type": "Feature",
      "properties": {
        "@id": "node/3029151994",
        "addr:city": "Singapore",
        "addr:housenumber": "5",
        "addr:postcode": "119074",
        "addr:street": "Lower Kent Ridge Road, National University Hospital",
        "amenity": "cafe",
        "brand": "The Coffee Bean & Tea Leaf",
        "brand:wikidata": "Q1141384",
        "brand:wikipedia": "en:The Coffee Bean & Tea Leaf",
        "cuisine": "coffee_shop",
        "internet_access": "wlan",
        "level": "0",
        "name": "The Coffee Bean & Tea Leaf",
        "name:zh": "香啡缤",
        "smoking": "no",
        "takeaway": "yes"
      },
      "geometry": {
        "type": "Point",
        "coordinates": [
          103.7839807,
          1.2944378
        ]
      },
      "id": "node/3029151994"
    },
    {
      "type": "Feature",
      "properties": {
        "@id": "node/3038844437",
        "addr:city": "Singapore",
        "addr:country": "SG",
        "addr:housenumber": "161",
        "addr:postcode": "150161",
        "addr:street": "Bukit Merah Central",
        "amenity": "cafe",
        "cuisine": "coffee_shop",
        "name": "Coffee Shop"
      },
      "geometry": {
        "type": "Point",
        "coordinates": [
          103.8156713,
          1.2833675
        ]
      },
      "id": "node/3038844437"
    },
    {
      "type": "Feature",
      "properties": {
        "@id": "node/3038844438",
        "amenity": "cafe",
        "cuisine": "coffee_shop",
        "name": "Coffee Shop"
      },
      "geometry": {
        "type": "Point",
        "coordinates": [
          103.8166311,
          1.283037
        ]
      },
      "id": "node/3038844438"
    },
    {
      "type": "Feature",
      "properties": {
        "@id": "node/3098274130",
        "addr:city": "Singapore",
        "addr:housenumber": "28",
        "addr:postcode": "098138",
        "addr:street": "Sentosa Gateway, Universal Studios Singapore",
        "amenity": "cafe",
        "brand": "Starbucks",
        "brand:wikidata": "Q37158",
        "brand:wikipedia": "en:Starbucks",
        "cuisine": "coffee_shop",
        "level": "0",
        "name": "Starbucks",
        "name:zh": "星巴克",
        "official_name": "Starbucks Coffee",
        "opening_hours": "Mo-Th, Su 07:30-22:30; Fr, Sa 00:00-24:00",
        "phone": "+65 6910 1223",
        "takeaway": "yes"
      },
      "geometry": {
        "type": "Point",
        "coordinates": [
          103.820019,
          1.256334
        ]
      },
      "id": "node/3098274130"
    },
    {
      "type": "Feature",
      "properties": {
        "@id": "node/3109381268",
        "addr:city": "Singapore",
        "addr:housenumber": "3",
        "addr:postcode": "457602",
        "addr:street": "Jalan Jamal",
        "amenity": "cafe",
        "brand": "Starbucks",
        "brand:wikidata": "Q37158",
        "brand:wikipedia": "en:Starbucks",
        "cuisine": "coffee_shop",
        "name": "Starbucks",
        "official_name": "Starbucks Coffee",
        "takeaway": "yes"
      },
      "geometry": {
        "type": "Point",
        "coordinates": [
          103.9254991,
          1.3129222
        ]
      },
      "id": "node/3109381268"
    },
    {
      "type": "Feature",
      "properties": {
        "@id": "node/3247461146",
        "amenity": "cafe",
        "cuisine": "chicken",
        "internet_access": "no",
        "name": "Hawker Centre",
        "smoking": "separated"
      },
      "geometry": {
        "type": "Point",
        "coordinates": [
          103.8451825,
          1.3412375
        ]
      },
      "id": "node/3247461146"
    },
    {
      "type": "Feature",
      "properties": {
        "@id": "node/3307075245",
        "addr:city": "Singapore",
        "addr:postcode": "059817",
        "addr:street": "Eu Tong Sen Street",
        "air_conditioning": "yes",
        "amenity": "cafe",
        "brand": "Starbucks",
        "brand:wikidata": "Q37158",
        "brand:wikipedia": "en:Starbucks",
        "cuisine": "coffee_shop",
        "level": "0",
        "min_age": "0",
        "name": "Starbucks",
        "official_name": "Starbucks Coffee",
        "opening_hours": "Su-Th 07:30-24:00, Fr-Sa",
        "outdoor_seating": "no",
        "payment:cash": "yes",
        "payment:coins": "yes",
        "payment:credit_cards": "yes",
        "takeaway": "yes",
        "toilets:wheelchair": "no",
        "wheelchair": "yes"
      },
      "geometry": {
        "type": "Point",
        "coordinates": [
          103.846844,
          1.2887385
        ]
      },
      "id": "node/3307075245"
    },
    {
      "type": "Feature",
      "properties": {
        "@id": "node/3327929010",
        "amenity": "cafe",
        "brand": "The Coffee Bean & Tea Leaf",
        "brand:wikidata": "Q1141384",
        "brand:wikipedia": "en:The Coffee Bean & Tea Leaf",
        "cuisine": "coffee_shop",
        "name": "The Coffee Bean & Tea Leaf",
        "takeaway": "yes"
      },
      "geometry": {
        "type": "Point",
        "coordinates": [
          103.8616273,
          1.351395
        ]
      },
      "id": "node/3327929010"
    },
    {
      "type": "Feature",
      "properties": {
        "@id": "node/3336359310",
        "addr:city": "Singapore",
        "addr:housenumber": "2",
        "addr:postcode": "081002",
        "addr:street": "Everton Park",
        "amenity": "cafe",
        "internet_access": "yes",
        "name": "The Audacious Cakery",
        "opening_hours": "Tu-Sa 10:00-19:00; Su 10:00-17:00; Mo off",
        "phone": "+65 6223 3047",
        "website": "http://theaudaciouscakery.com/"
      },
      "geometry": {
        "type": "Point",
        "coordinates": [
          103.839582,
          1.2774171
        ]
      },
      "id": "node/3336359310"
    },
    {
      "type": "Feature",
      "properties": {
        "@id": "node/3337198922",
        "addr:city": "Singapore",
        "addr:postcode": "200809",
        "addr:street": "French Road",
        "amenity": "cafe",
        "brand": "Toast Box",
        "brand:wikidata": "Q100285490",
        "check_date": "2024-04-05",
        "cuisine": "coffee",
        "level": "0",
        "name": "Toast Box",
        "name:zh": "土司工坊",
        "opening_hours": "07:30-22:00",
        "phone": "+65 6291 2016",
        "takeaway": "yes",
        "wheelchair": "yes"
      },
      "geometry": {
        "type": "Point",
        "coordinates": [
          103.8622322,
          1.3081278
        ]
      },
      "id": "node/3337198922"
    },
    {
      "type": "Feature",
      "properties": {
        "@id": "node/3339866877",
        "addr:housenumber": "815",
        "amenity": "cafe",
        "cuisine": "coffee_shop",
        "internet_access": "no",
        "name": "BLK 815 Coffee Shop"
      },
      "geometry": {
        "type": "Point",
        "coordinates": [
          103.6960335,
          1.345268
        ]
      },
      "id": "node/3339866877"
    },
    {
      "type": "Feature",
      "properties": {
        "@id": "node/3339866878",
        "addr:city": "Singapore",
        "addr:housenumber": "851",
        "addr:postcode": "640851",
        "addr:street": "Jurong West Street 81",
        "amenity": "cafe",
        "cuisine": "coffee_shop",
        "internet_access": "no",
        "name": "Blk 851 Coffee Shop"
      },
      "geometry": {
        "type": "Point",
        "coordinates": [
          103.6927317,
          1.3467079
        ]
      },
      "id": "node/3339866878"
    },
    {
      "type": "Feature",
      "properties": {
        "@id": "node/3345261320",
        "amenity": "cafe",
        "name": "Cedele"
      },
      "geometry": {
        "type": "Point",
        "coordinates": [
          103.800271,
          1.2745671
        ]
      },
      "id": "node/3345261320"
    },
    {
      "type": "Feature",
      "properties": {
        "@id": "node/3355441060",
        "amenity": "cafe",
        "cuisine": "coffee_shop",
        "internet_access": "yes",
        "name": "Toast Box"
      },
      "geometry": {
        "type": "Point",
        "coordinates": [
          103.743168,
          1.332407
        ]
      },
      "id": "node/3355441060"
    },
    {
      "type": "Feature",
      "properties": {
        "@id": "node/3355457221",
        "amenity": "cafe",
        "cuisine": "coffee_shop",
        "opening_hours": "24/7",
        "smoking": "isolated"
      },
      "geometry": {
        "type": "Point",
        "coordinates": [
          103.6928176,
          1.3421238
        ]
      },
      "id": "node/3355457221"
    },
    {
      "type": "Feature",
      "properties": {
        "@id": "node/3369782863",
        "addr:city": "Singapore",
        "addr:country": "SG",
        "addr:housenumber": "19",
        "addr:postcode": "089833",
        "addr:street": "Bukit Pasoh Road",
        "amenity": "cafe",
        "cuisine": "international",
        "internet_access": "yes",
        "name": "The Reading Room",
        "opening_hours": "11:00-23:30",
        "phone": "+65 6220 9019",
        "smoking": "no",
        "website": "https://www.facebook.com/TheReadingRoom.com.sg"
      },
      "geometry": {
        "type": "Point",
        "coordinates": [
          103.8405488,
          1.2790186
        ]
      },
      "id": "node/3369782863"
    },
    {
      "type": "Feature",
      "properties": {
        "@id": "node/3376091072",
        "addr:city": "Singapore",
        "addr:country": "SG",
        "addr:housenumber": "78",
        "addr:street": "Horne Road",
        "amenity": "cafe",
        "cuisine": "coffee_shop",
        "name": "One 2 Drink"
      },
      "geometry": {
        "type": "Point",
        "coordinates": [
          103.8607693,
          1.310709
        ]
      },
      "id": "node/3376091072"
    },
    {
      "type": "Feature",
      "properties": {
        "@id": "node/3376091793",
        "addr:city": "Singapore",
        "addr:housenumber": "150",
        "addr:postcode": "207563",
        "addr:street": "Tyrwhitt Road",
        "amenity": "cafe",
        "cuisine": "coffee_shop",
        "internet_access": "no",
        "name": "Chye Seng Huat Hardware",
        "name:en": "Chye Seng Huat Hardware",
        "name:zh": "再成发五金",
        "opening_hours": "Mo-Su 08:30-22:00; Mo[1] off",
        "outdoor_seating": "yes",
        "phone": "+65 6396 0609",
        "smoking": "no",
        "website": "https://cshhcoffee.com/",
        "wheelchair": "yes"
      },
      "geometry": {
        "type": "Point",
        "coordinates": [
          103.8603282,
          1.3115727
        ]
      },
      "id": "node/3376091793"
    },
    {
      "type": "Feature",
      "properties": {
        "@id": "node/3498346534",
        "addr:city": "Singapore",
        "addr:housenumber": "30",
        "addr:postcode": "534013",
        "addr:street": "Tai Seng Street",
        "amenity": "cafe",
        "brand": "Toast Box",
        "brand:wikidata": "Q100285490",
        "cuisine": "coffee_shop",
        "internet_access": "wlan",
        "level": "1",
        "name": "Toast Box",
        "smoking": "no",
        "takeaway": "yes"
      },
      "geometry": {
        "type": "Point",
        "coordinates": [
          103.8895358,
          1.3341442
        ]
      },
      "id": "node/3498346534"
    },
    {
      "type": "Feature",
      "properties": {
        "@id": "node/3524818024",
        "amenity": "cafe",
        "brand": "Costa",
        "brand:wikidata": "Q608845",
        "brand:wikipedia": "en:Costa Coffee",
        "cuisine": "coffee_shop",
        "name": "Costa",
        "takeaway": "yes"
      },
      "geometry": {
        "type": "Point",
        "coordinates": [
          103.8528838,
          1.2933422
        ]
      },
      "id": "node/3524818024"
    },
    {
      "type": "Feature",
      "properties": {
        "@id": "node/3611074838",
        "addr:city": "Singapore",
        "addr:housename": "Ehub",
        "addr:housenumber": "#02-106",
        "addr:postcode": "519599",
        "addr:street": "1 Pasir Ris Close, E! Hub @Downtown East",
        "amenity": "cafe",
        "brand": "The Coffee Bean & Tea Leaf",
        "brand:wikidata": "Q1141384",
        "brand:wikipedia": "en:The Coffee Bean & Tea Leaf",
        "cuisine": "coffee_shop",
        "name": "The Coffee Bean & Tea Leaf",
        "takeaway": "yes"
      },
      "geometry": {
        "type": "Point",
        "coordinates": [
          103.9556357,
          1.3762151
        ]
      },
      "id": "node/3611074838"
    },
    {
      "type": "Feature",
      "properties": {
        "@id": "node/3611085409",
        "amenity": "cafe",
        "brand": "McCafé",
        "brand:wikidata": "Q3114287",
        "brand:wikipedia": "en:McCafé",
        "cuisine": "coffee_shop",
        "name": "McCafé",
        "takeaway": "yes"
      },
      "geometry": {
        "type": "Point",
        "coordinates": [
          103.9551804,
          1.3769504
        ]
      },
      "id": "node/3611085409"
    },
    {
      "type": "Feature",
      "properties": {
        "@id": "node/3653443302",
        "addr:housenumber": "146",
        "addr:street": "Joo Chiat Road",
        "amenity": "cafe",
        "name": "De Riya",
        "phone": "+6564405792"
      },
      "geometry": {
        "type": "Point",
        "coordinates": [
          103.8994784,
          1.3133782
        ]
      },
      "id": "node/3653443302"
    },
    {
      "type": "Feature",
      "properties": {
        "@id": "node/3653443320",
        "addr:street": "Joo Chiat Road",
        "amenity": "cafe",
        "name": "JC Coffee Houzz",
        "source": "Kaart Ground Survey 2017"
      },
      "geometry": {
        "type": "Point",
        "coordinates": [
          103.9000546,
          1.3128264
        ]
      },
      "id": "node/3653443320"
    },
    {
      "type": "Feature",
      "properties": {
        "@id": "node/3653443348",
        "addr:street": "Joo Chiat Road",
        "amenity": "cafe",
        "name": "Samsim Vietnam Cafe"
      },
      "geometry": {
        "type": "Point",
        "coordinates": [
          103.9013242,
          1.3110415
        ]
      },
      "id": "node/3653443348"
    },
    {
      "type": "Feature",
      "properties": {
        "@id": "node/3659715499",
        "addr:city": "Singapore",
        "addr:housenumber": "#01-17",
        "addr:postcode": "159971",
        "addr:street": "321 Alexandra Road, Alexandra Central",
        "amenity": "cafe",
        "brand": "Toast Box",
        "brand:wikidata": "Q100285490",
        "cuisine": "coffee_shop",
        "name": "Toast Box",
        "name:zh": "土司工坊",
        "outdoor_seating": "yes",
        "takeaway": "yes"
      },
      "geometry": {
        "type": "Point",
        "coordinates": [
          103.8050829,
          1.2873392
        ]
      },
      "id": "node/3659715499"
    },
    {
      "type": "Feature",
      "properties": {
        "@id": "node/3666196448",
        "addr:city": "Singapore",
        "addr:housenumber": "#01-05/06",
        "addr:postcode": "159953",
        "addr:street": "370 Alexandra Road, Anchorpoint Shopping Centre,",
        "amenity": "cafe",
        "brand": "Starbucks",
        "brand:wikidata": "Q37158",
        "brand:wikipedia": "en:Starbucks",
        "cuisine": "coffee_shop",
        "name": "Starbucks",
        "name:zh": "星巴克",
        "official_name": "Starbucks Coffee",
        "takeaway": "yes"
      },
      "geometry": {
        "type": "Point",
        "coordinates": [
          103.8052495,
          1.2888107
        ]
      },
      "id": "node/3666196448"
    },
    {
      "type": "Feature",
      "properties": {
        "@id": "node/3670497548",
        "addr:floor": "1",
        "addr:housenumber": "585",
        "addr:postcode": "188770",
        "addr:street": "North Bridge Road",
        "addr:unit": "#01-03",
        "amenity": "cafe",
        "brand": "Starbucks",
        "brand:wikidata": "Q37158",
        "brand:wikipedia": "en:Starbucks",
        "check_date": "2024-10-18",
        "cuisine": "coffee_shop",
        "internet_access": "wlan",
        "name": "Starbucks",
        "official_name": "Starbucks Coffee",
        "opening_hours": "Mo-Fr 07:30-20:00; Sa-Su,PH 08:00-20:00",
        "outdoor_seating": "no",
        "takeaway": "yes"
      },
      "geometry": {
        "type": "Point",
        "coordinates": [
          103.8569123,
          1.3015253
        ]
      },
      "id": "node/3670497548"
    },
    {
      "type": "Feature",
      "properties": {
        "@id": "node/3681772655",
        "addr:city": "Singapore",
        "addr:country": "SG",
        "addr:housenumber": "1",
        "addr:neighbourhood": "Jurong Point Shopping Centre",
        "addr:postcode": "648886",
        "addr:street": "Jurong West Central 2",
        "addr:unit": "#01-16E",
        "amenity": "cafe",
        "brand": "The Coffee Bean & Tea Leaf",
        "brand:wikidata": "Q1141384",
        "brand:wikipedia": "en:The Coffee Bean & Tea Leaf",
        "cuisine": "coffee_shop",
        "name": "The Coffee Bean & Tea Leaf",
        "takeaway": "yes"
      },
      "geometry": {
        "type": "Point",
        "coordinates": [
          103.7070854,
          1.3395564
        ]
      },
      "id": "node/3681772655"
    },
    {
      "type": "Feature",
      "properties": {
        "@id": "node/3681773961",
        "amenity": "cafe",
        "cuisine": "bubble_tea",
        "name": "Koi Express",
        "name:en": "Koi Express"
      },
      "geometry": {
        "type": "Point",
        "coordinates": [
          103.7060422,
          1.3386937
        ]
      },
      "id": "node/3681773961"
    },
    {
      "type": "Feature",
      "properties": {
        "@id": "node/3685105865",
        "addr:city": "Singapore",
        "addr:housenumber": "37",
        "addr:postcode": "138640",
        "addr:street": "Rochester Park",
        "amenity": "cafe",
        "brand": "Starbucks",
        "brand:wikidata": "Q37158",
        "brand:wikipedia": "en:Starbucks",
        "cuisine": "coffee_shop",
        "name": "Starbucks",
        "name:zh": "星巴克",
        "official_name": "Starbucks Coffee",
        "phone": "+65 6684 8538",
        "takeaway": "yes",
        "website": "https://www.starbucks.com/"
      },
      "geometry": {
        "type": "Point",
        "coordinates": [
          103.7877447,
          1.3054958
        ]
      },
      "id": "node/3685105865"
    },
    {
      "type": "Feature",
      "properties": {
        "@id": "node/3685108028",
        "addr:city": "Singapore",
        "addr:housenumber": "293",
        "addr:postcode": "278628",
        "addr:street": "Holland Road",
        "amenity": "cafe",
        "name": "Delifrance"
      },
      "geometry": {
        "type": "Point",
        "coordinates": [
          103.7858139,
          1.3174393
        ]
      },
      "id": "node/3685108028"
    },
    {
      "type": "Feature",
      "properties": {
        "@id": "node/3685108489",
        "addr:city": "Singapore",
        "addr:housenumber": "9",
        "addr:postcode": "138643",
        "addr:street": "One-North Gateway",
        "amenity": "cafe",
        "name": "Jimmy Monkey Cafe & Bar",
        "phone": "+65 6777 8470",
        "website": "https://www.jimmymonkey.com/",
        "wheelchair": "no"
      },
      "geometry": {
        "type": "Point",
        "coordinates": [
          103.7902619,
          1.3018978
        ]
      },
      "id": "node/3685108489"
    },
    {
      "type": "Feature",
      "properties": {
        "@id": "node/3694984286",
        "amenity": "cafe",
        "brand": "Toast Box",
        "brand:wikidata": "Q100285490",
        "cuisine": "coffee_shop",
        "name": "Toast Box",
        "takeaway": "yes"
      },
      "geometry": {
        "type": "Point",
        "coordinates": [
          103.9323727,
          1.3444972
        ]
      },
      "id": "node/3694984286"
    },
    {
      "type": "Feature",
      "properties": {
        "@id": "node/3731325562",
        "amenity": "cafe",
        "name": "Percolate"
      },
      "geometry": {
        "type": "Point",
        "coordinates": [
          103.935215,
          1.3281295
        ]
      },
      "id": "node/3731325562"
    },
    {
      "type": "Feature",
      "properties": {
        "@id": "node/3756813815",
        "addr:city": "Singapore",
        "addr:country": "SG",
        "addr:housenumber": "21",
        "addr:postcode": "069047",
        "addr:street": "McCallum Street",
        "amenity": "cafe",
        "name": "Coffee-Hugg"
      },
      "geometry": {
        "type": "Point",
        "coordinates": [
          103.8472103,
          1.2795459
        ]
      },
      "id": "node/3756813815"
    },
    {
      "type": "Feature",
      "properties": {
        "@id": "node/3756813986",
        "addr:city": "Singapore",
        "addr:country": "SG",
        "addr:housenumber": "136",
        "addr:postcode": "068601",
        "addr:street": "Telok Ayer Street",
        "amenity": "cafe",
        "cuisine": "Western",
        "name": "Sarnie's Cafe",
        "opening_hours": "Mo-Fr 07:30-22:00; Sa-Su 09:00-16:00; Mo-Fr kitchen closes at 18:30",
        "phone": "+65 6224 6091",
        "website": "https://www.sarniescafe.com/"
      },
      "geometry": {
        "type": "Point",
        "coordinates": [
          103.8480052,
          1.2816102
        ]
      },
      "id": "node/3756813986"
    },
    {
      "type": "Feature",
      "properties": {
        "@id": "node/3756817953",
        "addr:city": "Singapore",
        "addr:country": "SG",
        "addr:housenumber": "75",
        "addr:postcode": "059234",
        "addr:street": "Pagoda Street",
        "amenity": "cafe",
        "name": "Good Morning Nanyang Cafe",
        "phone": "+65 9836 2891"
      },
      "geometry": {
        "type": "Point",
        "coordinates": [
          103.8437169,
          1.2836704
        ]
      },
      "id": "node/3756817953"
    },
    {
      "type": "Feature",
      "properties": {
        "@id": "node/3756830557",
        "addr:city": "Singapore",
        "addr:country": "SG",
        "addr:housenumber": "5",
        "addr:postcode": "088323",
        "addr:street": "Teo Hong Road",
        "amenity": "cafe",
        "name": "Cafe3",
        "phone": "+65 6224 9368"
      },
      "geometry": {
        "type": "Point",
        "coordinates": [
          103.840749,
          1.2802624
        ]
      },
      "id": "node/3756830557"
    },
    {
      "type": "Feature",
      "properties": {
        "@id": "node/3756859725",
        "addr:city": "Singapore",
        "addr:country": "SG",
        "addr:housenumber": "8",
        "addr:postcode": "089822",
        "addr:street": "Bukit Pasoh Road",
        "amenity": "cafe",
        "name": "Eight Cafe & Bar",
        "phone": "+65 6220 4513",
        "website": "http://www.eightcafebar.com/"
      },
      "geometry": {
        "type": "Point",
        "coordinates": [
          103.8409466,
          1.27877
        ]
      },
      "id": "node/3756859725"
    },
    {
      "type": "Feature",
      "properties": {
        "@id": "node/3756864117",
        "addr:city": "Singapore",
        "addr:country": "SG",
        "addr:housenumber": "18",
        "addr:street": "Keong Saik Road",
        "amenity": "cafe",
        "name": "Bread & Hearth Artisinal Bakery Cafe",
        "phone": "+65 6534 7800",
        "website": "http://breadandhearth.com/"
      },
      "geometry": {
        "type": "Point",
        "coordinates": [
          103.8416049,
          1.279998
        ]
      },
      "id": "node/3756864117"
    },
    {
      "type": "Feature",
      "properties": {
        "@id": "node/3756878282",
        "addr:city": "Singapore",
        "addr:country": "SG",
        "addr:housenumber": "114",
        "addr:postcode": "088529",
        "addr:street": "Tanjong Pagar Road",
        "amenity": "cafe",
        "name": "The New Harbor Cafe And Bar",
        "phone": "+65 6226 2657"
      },
      "geometry": {
        "type": "Point",
        "coordinates": [
          103.8435064,
          1.2778481
        ]
      },
      "id": "node/3756878282"
    },
    {
      "type": "Feature",
      "properties": {
        "@id": "node/3756885764",
        "addr:city": "Singapore",
        "addr:country": "SG",
        "addr:housenumber": "45",
        "addr:postcode": "069719",
        "addr:street": "Ann Siang Road",
        "amenity": "cafe",
        "email": "khojie@pscafe.com",
        "lgbtq": "primary",
        "name": "PS Cafe",
        "opening_hours": "Mo-We 11:30-23:00; Th-Fr 11:30-00:00; Sa 09:30-00:00; Su 09:30-23:00; Th[1] 11:30-01:00",
        "phone": "+65 6222 3143",
        "website": "https://www.pscafe.com/pscafe-at-ann-siang-hill-park/"
      },
      "geometry": {
        "type": "Point",
        "coordinates": [
          103.8463297,
          1.2806518
        ]
      },
      "id": "node/3756885764"
    },
    {
      "type": "Feature",
      "properties": {
        "@id": "node/3756924879",
        "addr:city": "Singapore",
        "addr:country": "SG",
        "addr:housenumber": "3",
        "addr:postcode": "069612",
        "addr:street": "Boon Tat Street",
        "amenity": "cafe",
        "email": "info@vanillacafe.com.sg",
        "name": "Vanilla Bar and Cafe",
        "phone": "+65 6423 0366",
        "website": "http://www.vanillacafe.com.sg/"
      },
      "geometry": {
        "type": "Point",
        "coordinates": [
          103.8477241,
          1.2817131
        ]
      },
      "id": "node/3756924879"
    },
    {
      "type": "Feature",
      "properties": {
        "@id": "node/3759079385",
        "addr:city": "Singapore",
        "addr:country": "SG",
        "addr:housenumber": "279",
        "addr:postcode": "058828",
        "addr:street": "South Bridge Road",
        "amenity": "cafe",
        "name": "Café Insadong",
        "phone": "+65 8533 2003"
      },
      "geometry": {
        "type": "Point",
        "coordinates": [
          103.8451344,
          1.2817757
        ]
      },
      "id": "node/3759079385"
    },
    {
      "type": "Feature",
      "properties": {
        "@id": "node/3759784388",
        "addr:city": "Singapore",
        "addr:country": "SG",
        "addr:housename": "Tanjong Pagar Plaza",
        "addr:housenumber": "7",
        "addr:place": "Tanjong Pagar Road",
        "amenity": "cafe",
        "name": "Blue Mist Cafe",
        "phone": "+65 6220 1820",
        "website": "http://www.facebook.com/BLUEMISTCafe"
      },
      "geometry": {
        "type": "Point",
        "coordinates": [
          103.8432327,
          1.2769673
        ]
      },
      "id": "node/3759784388"
    },
    {
      "type": "Feature",
      "properties": {
        "@id": "node/3759784407",
        "addr:city": "Singapore",
        "addr:country": "SG",
        "addr:housenumber": "1",
        "addr:postcode": "078862",
        "addr:street": "Gopeng Street",
        "amenity": "cafe",
        "name": "Tuxedo"
      },
      "geometry": {
        "type": "Point",
        "coordinates": [
          103.8435529,
          1.2760366
        ]
      },
      "id": "node/3759784407"
    },
    {
      "type": "Feature",
      "properties": {
        "@id": "node/3759784409",
        "addr:city": "Singapore",
        "addr:country": "SG",
        "addr:housenumber": "73",
        "addr:postcode": "088494",
        "addr:street": "Tanjong Pagar Road",
        "amenity": "cafe",
        "name": "5 The Moments Cafe",
        "opening_hours": "Su-Th 12:00-23:00; Fr,Sa 12:00-23:30",
        "phone": "+65 6222 5337",
        "website": "http://www.5themoments.com/"
      },
      "geometry": {
        "type": "Point",
        "coordinates": [
          103.8438142,
          1.278066
        ]
      },
      "id": "node/3759784409"
    },
    {
      "type": "Feature",
      "properties": {
        "@id": "node/3759786768",
        "addr:city": "Singapore",
        "addr:country": "SG",
        "addr:housenumber": "94",
        "addr:postcode": "088515",
        "addr:street": "Tanjong Pagar Road",
        "amenity": "cafe",
        "name": "Drury Lane",
        "phone": "+65 6222 6698",
        "website": "http://www.drurylane.sg/"
      },
      "geometry": {
        "type": "Point",
        "coordinates": [
          103.8435791,
          1.2782815
        ]
      },
      "id": "node/3759786768"
    },
    {
      "type": "Feature",
      "properties": {
        "@id": "node/3759819048",
        "addr:city": "Singapore",
        "addr:country": "SG",
        "addr:housenumber": "43",
        "addr:postcode": "088825",
        "addr:street": "Neil Road",
        "amenity": "cafe",
        "contact:instagram": "https://www.instagram.com/yuenyeung.sg/",
        "cuisine": "dessert",
        "name": "Yuen Yeung",
        "opening_hours": "11:00-23:30"
      },
      "geometry": {
        "type": "Point",
        "coordinates": [
          103.8427965,
          1.2797635
        ]
      },
      "id": "node/3759819048"
    },
    {
      "type": "Feature",
      "properties": {
        "@id": "node/3759824406",
        "addr:city": "Singapore",
        "addr:country": "SG",
        "addr:housenumber": "21",
        "addr:street": "Tanjong Pagar Road",
        "amenity": "cafe",
        "lgbtq": "primary",
        "lgbtq:lesbian": "primary",
        "lgbtq:women": "primary",
        "name": "Qafe by Night"
      },
      "geometry": {
        "type": "Point",
        "coordinates": [
          103.8440883,
          1.2795007
        ]
      },
      "id": "node/3759824406"
    },
    {
      "type": "Feature",
      "properties": {
        "@id": "node/3759828393",
        "addr:city": "Singapore",
        "addr:country": "SG",
        "addr:housenumber": "80",
        "addr:street": "Neil Road",
        "amenity": "cafe",
        "name": "Ardent's Cafe Bar"
      },
      "geometry": {
        "type": "Point",
        "coordinates": [
          103.8423536,
          1.2796764
        ]
      },
      "id": "node/3759828393"
    },
    {
      "type": "Feature",
      "properties": {
        "@id": "node/3759828395",
        "addr:city": "Singapore",
        "addr:country": "SG",
        "addr:housenumber": "41",
        "addr:postcode": "088824",
        "addr:street": "Neil Road",
        "amenity": "cafe",
        "contact:whatsapp": "+6598588204",
        "cuisine": "coffee_shop",
        "name": "fieldnotes",
        "opening_hours": "Su-Th 11:30-09:00; Fr-Sa 11:00-23:00",
        "phone": "+65 65399781"
      },
      "geometry": {
        "type": "Point",
        "coordinates": [
          103.8428436,
          1.2797824
        ]
      },
      "id": "node/3759828395"
    },
    {
      "type": "Feature",
      "properties": {
        "@id": "node/3759828400",
        "addr:city": "Singapore",
        "addr:country": "SG",
        "addr:housenumber": "78A",
        "addr:street": "Neil Road",
        "amenity": "cafe",
        "email": "tantric_bar@yahoo.com",
        "name": "May Wong's Cafe",
        "phone": "+65 6423 9232",
        "website": "https://www.homeofthebluespin.com/"
      },
      "geometry": {
        "type": "Point",
        "coordinates": [
          103.8423784,
          1.2797301
        ]
      },
      "id": "node/3759828400"
    },
    {
      "type": "Feature",
      "properties": {
        "@id": "node/3759832489",
        "addr:city": "Singapore",
        "addr:country": "SG",
        "addr:housenumber": "124",
        "addr:postcode": "088533",
        "addr:street": "Tanjong Pagar Road",
        "amenity": "cafe",
        "name": "ReStore",
        "phone": "+65 6222 3510",
        "website": "http://restoreliving.blogspot.sg/"
      },
      "geometry": {
        "type": "Point",
        "coordinates": [
          103.8433965,
          1.2776397
        ]
      },
      "id": "node/3759832489"
    },
    {
      "type": "Feature",
      "properties": {
        "@id": "node/3789175693",
        "addr:city": "Singapore",
        "addr:housenumber": "#01-02/03, 100",
        "addr:postcode": "139345",
        "addr:street": "North Buona Vista Road",
        "alt_name:en": "KOI Café",
        "amenity": "cafe",
        "cuisine": "bubble_tea",
        "level": "0",
        "name": "KOI Thé",
        "opening_hours": "11:00-22:00",
        "phone": "+65 6779 5643"
      },
      "geometry": {
        "type": "Point",
        "coordinates": [
          103.7901223,
          1.3072164
        ]
      },
      "id": "node/3789175693"
    },
    {
      "type": "Feature",
      "properties": {
        "@id": "node/3810777678",
        "addr:city": "Singapore",
        "addr:housenumber": "35",
        "addr:postcode": "169356",
        "addr:street": "Kampong Bahru Road",
        "amenity": "cafe",
        "name": "Strangers' Reunion Waffles",
        "phone": "+65 6222 4869",
        "website": "https://www.facebook.com/StrangersReunion/"
      },
      "geometry": {
        "type": "Point",
        "coordinates": [
          103.8363345,
          1.2769715
        ]
      },
      "id": "node/3810777678"
    },
    {
      "type": "Feature",
      "properties": {
        "@id": "node/3812412509",
        "addr:city": "Singapore",
        "addr:housenumber": "#01-02, Asia Square Tower 2, 12",
        "addr:postcode": "018961",
        "addr:street": "Marina View",
        "amenity": "cafe",
        "deaf:description:en": "this restaurant has outside as well as inside sitting. it plays country music",
        "elevator": "30 steps steps from the door of the cafe",
        "highway": "steps",
        "internet_access": "yes",
        "level": "0",
        "name": "Artisan Boulangerie Co",
        "note": "1st esclator is about 10 steos from the door of the restaurant and Another elevator is available at 84 steps away",
        "phone": "+65 6844 9907",
        "tactile_paving": "yes",
        "toilets:wheelchair": "yes",
        "water": "Fountain 40 yards away",
        "website": "https://artisanbakery.com.sg/"
      },
      "geometry": {
        "type": "Point",
        "coordinates": [
          103.8508048,
          1.2783661
        ]
      },
      "id": "node/3812412509"
    },
    {
      "type": "Feature",
      "properties": {
        "@id": "node/3812816407",
        "addr:city": "Singapore",
        "addr:housenumber": "#01-01, 137",
        "addr:postcode": "048943",
        "addr:street": "Market Street",
        "amenity": "cafe",
        "check_date": "2025-11-04",
        "name": "Dimbulah (Market Street)",
        "website": "https://dimbulahcoffee.com/"
      },
      "geometry": {
        "type": "Point",
        "coordinates": [
          103.8504676,
          1.2822928
        ]
      },
      "id": "node/3812816407"
    },
    {
      "type": "Feature",
      "properties": {
        "@id": "node/3818308630",
        "addr:city": "Singapore",
        "addr:housenumber": "#01-01, Hong Leong Building, 16",
        "addr:postcode": "048581",
        "addr:street": "Raffles Quay",
        "amenity": "cafe",
        "brand": "Starbucks",
        "brand:wikidata": "Q37158",
        "brand:wikipedia": "en:Starbucks",
        "check_date": "2025-11-04",
        "cost:coffee": "$4",
        "cuisine": "coffee_shop",
        "indoor_seating": "yes",
        "name": "Starbucks",
        "official_name": "Starbucks Coffee",
        "outdoor_seating": "no",
        "phone": "+65 6534 8041",
        "takeaway": "yes",
        "toilets:wheelchair": "no",
        "website": "https://www.starbucks.com.sg/",
        "wheelchair": "limited"
      },
      "geometry": {
        "type": "Point",
        "coordinates": [
          103.8510261,
          1.2811501
        ]
      },
      "id": "node/3818308630"
    },
    {
      "type": "Feature",
      "properties": {
        "@id": "node/3818313784",
        "addr:city": "Singapore",
        "addr:floor": "2",
        "addr:housenumber": "#02-22, Asia Square Tower 2, 12",
        "addr:postcode": "018961",
        "addr:street": "Marina View",
        "amenity": "cafe",
        "brand": "Starbucks",
        "brand:wikidata": "Q37158",
        "brand:wikipedia": "en:Starbucks",
        "check_date": "2025-10-22",
        "cuisine": "coffee_shop",
        "level": "1",
        "name": "Starbucks",
        "official_name": "Starbucks Coffee",
        "outdoor_seating": "no",
        "payment:cash": "yes",
        "payment:credit_cards": "yes",
        "payment:debit_cards": "yes",
        "payment:mastercard": "yes",
        "payment:nets": "yes",
        "payment:visa": "yes",
        "phone": "+65 6844 9880",
        "takeaway": "yes",
        "website": "https://www.starbucks.com.sg/",
        "wheelchair": "yes"
      },
      "geometry": {
        "type": "Point",
        "coordinates": [
          103.8504885,
          1.2781237
        ]
      },
      "id": "node/3818313784"
    },
    {
      "type": "Feature",
      "properties": {
        "@id": "node/3819333549",
        "addr:city": "Singapore",
        "addr:housenumber": "21",
        "addr:postcode": "598993",
        "addr:street": "Eng Kong Terrace",
        "amenity": "cafe",
        "cuisine": "pizza;coffee_shop;sandwich;bread",
        "name": "Baker & Cook",
        "opening_hours": "Mo-Su 07:30-21:30",
        "outdoor_seating": "yes",
        "phone": "+65 6219 3220",
        "website": "https://www.bakerandcook.biz/blogs/locations/coming-soon-1"
      },
      "geometry": {
        "type": "Point",
        "coordinates": [
          103.7681279,
          1.3363877
        ]
      },
      "id": "node/3819333549"
    },
    {
      "type": "Feature",
      "properties": {
        "@id": "node/3828352882",
        "addr:city": "Singapore",
        "addr:housenumber": "44",
        "addr:postcode": "278116",
        "addr:street": "Jalan Merah Saga",
        "addr:unit": "#01-56",
        "amenity": "cafe",
        "cuisine": "coffee_shop",
        "name": "Baker And Cook",
        "opening_hours": "Mo-Su 07:30-19:00",
        "phone": "+65 6472 0998",
        "source": "Kaart Ground Survey 2017"
      },
      "geometry": {
        "type": "Point",
        "coordinates": [
          103.7966535,
          1.3115635
        ]
      },
      "id": "node/3828352882"
    },
    {
      "type": "Feature",
      "properties": {
        "@id": "node/3830449688",
        "amenity": "cafe",
        "name": "Tiong Bahru Bakery",
        "source": "Kaart Ground Survey 2017"
      },
      "geometry": {
        "type": "Point",
        "coordinates": [
          103.7964405,
          1.3105871
        ]
      },
      "id": "node/3830449688"
    },
    {
      "type": "Feature",
      "properties": {
        "@id": "node/3840260292",
        "addr:city": "Singapore",
        "addr:housenumber": "#02-06 Asia Square Tower 1, 8",
        "addr:postcode": "018960",
        "addr:street": "Marina View",
        "amenity": "cafe",
        "brand": "Toast Box",
        "brand:wikidata": "Q100285490",
        "cuisine": "coffee_shop",
        "name": "Toast Box",
        "phone": "+65 6636 0435",
        "takeaway": "yes",
        "website": "https://www.toastbox.com.sg/"
      },
      "geometry": {
        "type": "Point",
        "coordinates": [
          103.8509999,
          1.2793273
        ]
      },
      "id": "node/3840260292"
    },
    {
      "type": "Feature",
      "properties": {
        "@id": "node/3876294284",
        "amenity": "cafe",
        "name": "Craftsmen Coffee",
        "wheelchair": "yes"
      },
      "geometry": {
        "type": "Point",
        "coordinates": [
          103.9234293,
          1.3130106
        ]
      },
      "id": "node/3876294284"
    },
    {
      "type": "Feature",
      "properties": {
        "@id": "node/3876295088",
        "addr:city": "Singapore",
        "addr:housenumber": "1",
        "addr:postcode": "455700",
        "addr:street": "Swan Lake Avenue",
        "amenity": "cafe",
        "cuisine": "french;pizza;ice_cream",
        "name": "baker & cook",
        "opening_hours": "Mo-Su 07:30-22:00",
        "website": "https://www.bakerandcook.biz/"
      },
      "geometry": {
        "type": "Point",
        "coordinates": [
          103.9243106,
          1.3209325
        ]
      },
      "id": "node/3876295088"
    },
    {
      "type": "Feature",
      "properties": {
        "@id": "node/3890062578",
        "addr:city": "Singapore",
        "addr:housenumber": "113",
        "addr:postcode": "458230",
        "addr:street": "Frankel Avenue",
        "amenity": "cafe",
        "cuisine": "coffee_shop",
        "name": "Dutch Colony Coffee Co.",
        "opening_hours": "Mo-Su,PH 08:30-19:00",
        "source": "Kaart Ground Survey 2017"
      },
      "geometry": {
        "type": "Point",
        "coordinates": [
          103.9195276,
          1.3142525
        ]
      },
      "id": "node/3890062578"
    },
    {
      "type": "Feature",
      "properties": {
        "@id": "node/3891548620",
        "amenity": "cafe",
        "brand": "Paris Baguette",
        "brand:wikidata": "Q62605260",
        "name": "Paris Baguette",
        "opening_hours": "24/7",
        "shop": "bakery"
      },
      "geometry": {
        "type": "Point",
        "coordinates": [
          103.9893282,
          1.3562344
        ]
      },
      "id": "node/3891548620"
    },
    {
      "type": "Feature",
      "properties": {
        "@id": "node/3891548629",
        "amenity": "cafe",
        "brand": "Starbucks",
        "brand:wikidata": "Q37158",
        "brand:wikipedia": "en:Starbucks",
        "cuisine": "coffee_shop",
        "diet:vegetarian": "yes",
        "level": "1",
        "name": "Starbucks",
        "official_name": "Starbucks Coffee",
        "opening_hours": "24/7",
        "smoking": "no",
        "takeaway": "yes"
      },
      "geometry": {
        "type": "Point",
        "coordinates": [
          103.9904139,
          1.3613131
        ]
      },
      "id": "node/3891548629"
    },
    {
      "type": "Feature",
      "properties": {
        "@id": "node/3891550931",
        "amenity": "cafe",
        "halal": "yes",
        "name": "Kaffe & Tiast",
        "opening_hours": "24/7"
      },
      "geometry": {
        "type": "Point",
        "coordinates": [
          103.9884154,
          1.3541873
        ]
      },
      "id": "node/3891550931"
    },
    {
      "type": "Feature",
      "properties": {
        "@id": "node/3891551392",
        "amenity": "cafe",
        "name": "1983 Cafe Nanyang",
        "opening_hours": "24/7"
      },
      "geometry": {
        "type": "Point",
        "coordinates": [
          103.9897371,
          1.3564685
        ]
      },
      "id": "node/3891551392"
    },
    {
      "type": "Feature",
      "properties": {
        "@id": "node/3913870659",
        "amenity": "cafe",
        "name": "The Tastemaker Store"
      },
      "geometry": {
        "type": "Point",
        "coordinates": [
          103.8284699,
          1.2891012
        ]
      },
      "id": "node/3913870659"
    },
    {
      "type": "Feature",
      "properties": {
        "@id": "node/3922461042",
        "addr:city": "Singapore",
        "addr:housenumber": "76",
        "addr:postcode": "637331",
        "addr:street": "Nanyang Drive",
        "addr:unit": "#01-06",
        "amenity": "cafe",
        "brand": "Starbucks",
        "brand:wikidata": "Q37158",
        "brand:wikipedia": "en:Starbucks",
        "cuisine": "coffee_shop",
        "level": "1",
        "name": "Starbucks",
        "official_name": "Starbucks Coffee",
        "takeaway": "yes",
        "wheelchair": "yes"
      },
      "geometry": {
        "type": "Point",
        "coordinates": [
          103.6801219,
          1.3469027
        ]
      },
      "id": "node/3922461042"
    },
    {
      "type": "Feature",
      "properties": {
        "@id": "node/3922463559",
        "addr:city": "Singapore",
        "addr:housenumber": "50",
        "addr:postcode": "639798",
        "addr:street": "Nanyang Avenue",
        "amenity": "cafe",
        "name": "Geláre",
        "opening_hours": "Mo-Fr 10:00-18:00",
        "wheelchair": "yes"
      },
      "geometry": {
        "type": "Point",
        "coordinates": [
          103.680847,
          1.3469695
        ]
      },
      "id": "node/3922463559"
    },
    {
      "type": "Feature",
      "properties": {
        "@id": "node/3922463562",
        "addr:city": "Singapore",
        "addr:housenumber": "SS1-01-05/SS1-01-05A (Opposite Nanyang Auditorium",
        "addr:postcode": "639798",
        "addr:street": "50 Nanyang Avenue, Nanyang Technological University",
        "amenity": "cafe",
        "cuisine": "coffee_shop",
        "name": "Coffee Faculty",
        "opening_hours": "Mo-Fr 08:00-18:00; SH 08:00-15:00; Sa-Su off"
      },
      "geometry": {
        "type": "Point",
        "coordinates": [
          103.6804846,
          1.3441917
        ]
      },
      "id": "node/3922463562"
    },
    {
      "type": "Feature",
      "properties": {
        "@id": "node/3922463563",
        "amenity": "cafe",
        "name": "Art Pastry @ ADM"
      },
      "geometry": {
        "type": "Point",
        "coordinates": [
          103.6838395,
          1.3496947
        ]
      },
      "id": "node/3922463563"
    },
    {
      "type": "Feature",
      "properties": {
        "@id": "node/3924788011",
        "amenity": "cafe",
        "brand": "Ya Kun Kaya Toast",
        "brand:wikidata": "Q8046237",
        "check_date": "2025-08-17",
        "check_date:opening_hours": "2025-08-17",
        "cuisine": "coffee_shop",
        "level": "1",
        "name": "Ya Kun Kaya Toast",
        "opening_hours": "Mo-Fr 07:30-21:00; Sa,Su 07:30-22:00",
        "takeaway": "yes"
      },
      "geometry": {
        "type": "Point",
        "coordinates": [
          103.7645441,
          1.3793713
        ]
      },
      "id": "node/3924788011"
    },
    {
      "type": "Feature",
      "properties": {
        "@id": "node/3924788014",
        "amenity": "cafe",
        "cuisine": "bubble_tea",
        "name": "Li-Ho"
      },
      "geometry": {
        "type": "Point",
        "coordinates": [
          103.7644596,
          1.3799561
        ]
      },
      "id": "node/3924788014"
    },
    {
      "type": "Feature",
      "properties": {
        "@id": "node/3924788022",
        "addr:floor": "1",
        "amenity": "cafe",
        "check_date": "2025-05-20",
        "level": "0",
        "name": "Mr Bean"
      },
      "geometry": {
        "type": "Point",
        "coordinates": [
          103.7643445,
          1.3801583
        ]
      },
      "id": "node/3924788022"
    },
    {
      "type": "Feature",
      "properties": {
        "@id": "node/3924939076",
        "addr:housenumber": "1",
        "addr:street": "Woodlands Road",
        "addr:unit": "#01-27",
        "amenity": "cafe",
        "check_date": "2024-11-17",
        "name": "Fun Toast",
        "opening_hours": "07:15-20:00",
        "phone": "+65 6612 1736",
        "website": "https://www.funtoast.com.sg/"
      },
      "geometry": {
        "type": "Point",
        "coordinates": [
          103.7605089,
          1.3799401
        ]
      },
      "id": "node/3924939076"
    },
    {
      "type": "Feature",
      "properties": {
        "@id": "node/3937118992",
        "addr:city": "Singapore",
        "addr:housenumber": "100",
        "addr:street": "Guillemard Road",
        "amenity": "cafe",
        "cuisine": "coffee_shop",
        "name": "Vernacular Coffee",
        "outdoor_seating": "no"
      },
      "geometry": {
        "type": "Point",
        "coordinates": [
          103.881877,
          1.3101303
        ]
      },
      "id": "node/3937118992"
    },
    {
      "type": "Feature",
      "properties": {
        "@id": "node/3938018074",
        "addr:city": "Singapore",
        "addr:country": "SG",
        "addr:housenumber": "51",
        "addr:postcode": "768794",
        "addr:street": "Yishun Central 1",
        "amenity": "cafe",
        "name": "Koi Cafe"
      },
      "geometry": {
        "type": "Point",
        "coordinates": [
          103.8362533,
          1.429839
        ]
      },
      "id": "node/3938018074"
    },
    {
      "type": "Feature",
      "properties": {
        "@id": "node/3939996352",
        "amenity": "cafe",
        "name": "Mr Bean"
      },
      "geometry": {
        "type": "Point",
        "coordinates": [
          103.7443488,
          1.3844797
        ]
      },
      "id": "node/3939996352"
    },
    {
      "type": "Feature",
      "properties": {
        "@id": "node/3939996353",
        "amenity": "cafe",
        "name": "KOI Thé"
      },
      "geometry": {
        "type": "Point",
        "coordinates": [
          103.7443915,
          1.3844745
        ]
      },
      "id": "node/3939996353"
    },
    {
      "type": "Feature",
      "properties": {
        "@id": "node/3941996106",
        "addr:city": "Singapore",
        "addr:housenumber": "4",
        "addr:postcode": "667979",
        "addr:street": "Hillview Rise",
        "air_conditioning": "yes",
        "amenity": "cafe",
        "brand": "Starbucks",
        "brand:wikidata": "Q37158",
        "brand:wikipedia": "en:Starbucks",
        "cuisine": "coffee_shop",
        "internet_access": "yes",
        "internet_access:fee": "no",
        "level": "0",
        "name": "Starbucks",
        "official_name": "Starbucks Coffee",
        "opening_hours": "Su-Th 08:00-22:00, Fr,Sa 08:00-24:00",
        "outdoor_seating": "no",
        "service:electricity": "limited",
        "takeaway": "yes",
        "wheelchair": "yes"
      },
      "geometry": {
        "type": "Point",
        "coordinates": [
          103.7645182,
          1.3631363
        ]
      },
      "id": "node/3941996106"
    },
    {
      "type": "Feature",
      "properties": {
        "@id": "node/3977709485",
        "amenity": "cafe",
        "name": "La Marelle",
        "wheelchair": "no"
      },
      "geometry": {
        "type": "Point",
        "coordinates": [
          103.8597348,
          1.3013591
        ]
      },
      "id": "node/3977709485"
    },
    {
      "type": "Feature",
      "properties": {
        "@id": "node/3980055545",
        "amenity": "cafe",
        "indoor_seating": "yes",
        "name": "DC Comics Super Heroes Cafe",
        "name:it": "Super Heroes",
        "outdoor_seating": "no",
        "wheelchair": "yes"
      },
      "geometry": {
        "type": "Point",
        "coordinates": [
          103.8602153,
          1.2858906
        ]
      },
      "id": "node/3980055545"
    },
    {
      "type": "Feature",
      "properties": {
        "@id": "node/3987259010",
        "air_conditioning": "no",
        "amenity": "cafe",
        "check_date": "2025-11-30",
        "cuisine": "local;breakfast",
        "indoor_seating": "yes",
        "name": "Gink-Go",
        "opening_hours": "Mo-Tu,Sa-Su,PH off; We-Th 07:30-12:30; Fr 07:30-19:30",
        "outdoor_seating": "no"
      },
      "geometry": {
        "type": "Point",
        "coordinates": [
          103.834908,
          1.342473
        ]
      },
      "id": "node/3987259010"
    },
    {
      "type": "Feature",
      "properties": {
        "@id": "node/3987288129",
        "addr:city": "Singapore",
        "addr:housenumber": "185",
        "addr:postcode": "574333",
        "addr:street": "Upper Thomson Road",
        "amenity": "cafe",
        "branch": "Upper Thomson",
        "contact:instagram": "tomocafesg",
        "diet:halal": "no",
        "name": "ToMo Cafe",
        "website": "https://tomocafe.sg/"
      },
      "geometry": {
        "type": "Point",
        "coordinates": [
          103.8353851,
          1.351474
        ]
      },
      "id": "node/3987288129"
    },
    {
      "type": "Feature",
      "properties": {
        "@id": "node/3987288993",
        "addr:city": "Singapore",
        "addr:housenumber": "223",
        "addr:postcode": "574355",
        "addr:street": "Upper Thomson Road",
        "amenity": "cafe",
        "name": "Habitat Coffee",
        "opening_hours": "Tu-Su 10:00-22:00",
        "phone": "+6564562567",
        "source": "Kaart Ground Survey 2017",
        "website": "https://habitatcoffee.com.sg/"
      },
      "geometry": {
        "type": "Point",
        "coordinates": [
          103.8345094,
          1.3527826
        ]
      },
      "id": "node/3987288993"
    },
    {
      "type": "Feature",
      "properties": {
        "@id": "node/3990640106",
        "amenity": "cafe",
        "internet_access": "wlan",
        "name": "Joe & Dough",
        "smoking": "no",
        "wheelchair": "yes"
      },
      "geometry": {
        "type": "Point",
        "coordinates": [
          103.8398377,
          1.3004616
        ]
      },
      "id": "node/3990640106"
    },
    {
      "type": "Feature",
      "properties": {
        "@id": "node/4018093552",
        "amenity": "cafe",
        "cuisine": "coffee_shop",
        "name": "Spinelli",
        "name:zh": "Spinelli"
      },
      "geometry": {
        "type": "Point",
        "coordinates": [
          103.7776255,
          1.2971068
        ]
      },
      "id": "node/4018093552"
    },
    {
      "type": "Feature",
      "properties": {
        "@id": "node/4066561924",
        "addr:city": "Singapore",
        "addr:housenumber": "1",
        "addr:postcode": "187940",
        "addr:street": "McNally Street",
        "amenity": "cafe",
        "check_date": "2025-03-12",
        "cuisine": "coffee_shop",
        "internet_access": "wlan",
        "name": "(Working Title)",
        "opening_hours": "Mo-Sa 09:30-22:00; Su 09:00-15:00",
        "website": "https://www.lowercase.sg/",
        "wheelchair": "yes"
      },
      "geometry": {
        "type": "Point",
        "coordinates": [
          103.8519556,
          1.3029196
        ]
      },
      "id": "node/4066561924"
    },
    {
      "type": "Feature",
      "properties": {
        "@id": "node/4074595871",
        "addr:city": "Changi Village",
        "addr:housenumber": "4",
        "addr:street": "Changi Village Road",
        "amenity": "cafe",
        "cuisine": "coffee_shop",
        "internet_access": "wlan",
        "name": "Chock Full of Beans"
      },
      "geometry": {
        "type": "Point",
        "coordinates": [
          103.9873065,
          1.3894615
        ]
      },
      "id": "node/4074595871"
    },
    {
      "type": "Feature",
      "properties": {
        "@id": "node/4146903387",
        "addr:housenumber": "20",
        "addr:postcode": "198885",
        "addr:street": "Kandahar Street",
        "amenity": "cafe",
        "check_date": "2025-04-11",
        "cuisine": "burger",
        "diet:halal": "yes",
        "internet_access": "wlan",
        "name": "Mahmud’s Tandoor",
        "opening_hours": "Mo off; Tu-Su 11:30-21:00"
      },
      "geometry": {
        "type": "Point",
        "coordinates": [
          103.8596039,
          1.3023348
        ]
      },
      "id": "node/4146903387"
    },
    {
      "type": "Feature",
      "properties": {
        "@id": "node/4146933355",
        "addr:floor": "1",
        "addr:housenumber": "9",
        "addr:street": "Jalan Kubor",
        "amenity": "cafe",
        "check_date": "2026-01-23",
        "cuisine": "australian",
        "indoor_seating": "yes",
        "level": "0",
        "name": "Symmetry cafe",
        "opening_hours": "Mo-Tu 09:00-21:00; We-Fr 10:00-23:00; Sa 08:30-23:00; Su 08:30-19:00",
        "outdoor_seating": "yes"
      },
      "geometry": {
        "type": "Point",
        "coordinates": [
          103.8592205,
          1.3039089
        ]
      },
      "id": "node/4146933355"
    },
    {
      "type": "Feature",
      "properties": {
        "@id": "node/4146933890",
        "addr:housenumber": "48",
        "addr:street": "Arab Street",
        "amenity": "cafe",
        "name": "(working title)"
      },
      "geometry": {
        "type": "Point",
        "coordinates": [
          103.8596674,
          1.3008318
        ]
      },
      "id": "node/4146933890"
    },
    {
      "type": "Feature",
      "properties": {
        "@id": "node/4223066790",
        "addr:housenumber": "26",
        "addr:postcode": "628776",
        "addr:street": "Kian Teck Avenue",
        "amenity": "cafe",
        "name": "Foot code"
      },
      "geometry": {
        "type": "Point",
        "coordinates": [
          103.6940775,
          1.3285419
        ]
      },
      "id": "node/4223066790"
    },
    {
      "type": "Feature",
      "properties": {
        "@id": "node/4228222259",
        "amenity": "cafe",
        "cuisine": "asian",
        "internet_access": "wlan",
        "name": "Cafeteria"
      },
      "geometry": {
        "type": "Point",
        "coordinates": [
          103.7435784,
          1.3480225
        ]
      },
      "id": "node/4228222259"
    },
    {
      "type": "Feature",
      "properties": {
        "@id": "node/4230452489",
        "addr:housenumber": "Block 490",
        "addr:postcode": "310490",
        "addr:street": "Lorong 6 Toa Payoh #01-14, Singapore",
        "amenity": "cafe",
        "brand": "Starbucks",
        "brand:wikidata": "Q37158",
        "cuisine": "coffee_shop",
        "level": "0",
        "name": "Starbucks",
        "official_name": "Starbucks Coffee",
        "takeaway": "yes"
      },
      "geometry": {
        "type": "Point",
        "coordinates": [
          103.8488573,
          1.332626
        ]
      },
      "id": "node/4230452489"
    },
    {
      "type": "Feature",
      "properties": {
        "@id": "node/4241708033",
        "amenity": "cafe",
        "name": "ABC"
      },
      "geometry": {
        "type": "Point",
        "coordinates": [
          103.8384054,
          1.297934
        ]
      },
      "id": "node/4241708033"
    },
    {
      "type": "Feature",
      "properties": {
        "@id": "node/4250620789",
        "amenity": "cafe",
        "name": "Tampines Fruit"
      },
      "geometry": {
        "type": "Point",
        "coordinates": [
          103.9338518,
          1.3486741
        ]
      },
      "id": "node/4250620789"
    },
    {
      "type": "Feature",
      "properties": {
        "@id": "node/4264443068",
        "addr:housenumber": "25",
        "addr:street": "North Bridge Road",
        "air_conditioning": "yes",
        "amenity": "cafe",
        "brand": "Starbucks",
        "brand:wikidata": "Q37158",
        "brand:wikipedia": "en:Starbucks",
        "check_date": "2025-06-12",
        "cuisine": "coffee_shop",
        "indoor_seating": "yes",
        "level": "0",
        "name": "Starbucks",
        "official_name": "Starbucks Coffee",
        "outdoor_seating": "yes",
        "payment:cash": "yes",
        "payment:credit_cards": "yes",
        "payment:debit_cards": "yes",
        "payment:mastercard": "yes",
        "payment:nets": "yes",
        "payment:visa": "yes",
        "takeaway": "yes",
        "wheelchair": "no"
      },
      "geometry": {
        "type": "Point",
        "coordinates": [
          103.8497951,
          1.2900978
        ]
      },
      "id": "node/4264443068"
    },
    {
      "type": "Feature",
      "properties": {
        "@id": "node/4272388393",
        "addr:housenumber": "462",
        "addr:postcode": "190462",
        "addr:street": "Crawford Lane",
        "amenity": "cafe",
        "cuisine": "breakfast;coffee_shop",
        "name": "Tolido's Espresso Nook",
        "opening_hours": "Tu-Su 08:00-18:30; Mo off",
        "phone": "+65 6648 0178"
      },
      "geometry": {
        "type": "Point",
        "coordinates": [
          103.8608683,
          1.3045344
        ]
      },
      "id": "node/4272388393"
    },
    {
      "type": "Feature",
      "properties": {
        "@id": "node/4274976773",
        "addr:city": "Singapore",
        "addr:country": "SG",
        "addr:housenumber": "1000",
        "addr:postcode": "449876",
        "addr:street": "East Coast Parkway",
        "addr:unit": "#01-01",
        "amenity": "cafe",
        "brand": "The Coffee Bean & Tea Leaf",
        "brand:wikidata": "Q1141384",
        "brand:wikipedia": "en:The Coffee Bean & Tea Leaf",
        "cuisine": "coffee_shop",
        "email": "mcv@coffeebean.com.sg",
        "name": "The Coffee Bean & Tea Leaf",
        "opening_hours": "Su-Th 07:30-23:30;Fr,Sa 07:30-25:00",
        "phone": "+65 6444 4325",
        "takeaway": "yes",
        "website": "https://www.coffeebean.com.sg/",
        "wheelchair": "yes"
      },
      "geometry": {
        "type": "Point",
        "coordinates": [
          103.9129616,
          1.3011048
        ]
      },
      "id": "node/4274976773"
    },
    {
      "type": "Feature",
      "properties": {
        "@id": "node/4297822594",
        "amenity": "cafe",
        "branch": "Company",
        "brand": "太平洋咖啡",
        "brand:en": "Pacific Coffee",
        "brand:wikidata": "Q7122398",
        "brand:zh": "太平洋咖啡",
        "cuisine": "coffee_shop",
        "name": "太平洋咖啡",
        "name:en": "Pacific Coffee",
        "name:zh": "太平洋咖啡",
        "takeaway": "yes"
      },
      "geometry": {
        "type": "Point",
        "coordinates": [
          103.8458152,
          1.2780525
        ]
      },
      "id": "node/4297822594"
    },
    {
      "type": "Feature",
      "properties": {
        "@id": "node/4299433492",
        "amenity": "cafe",
        "level": "0",
        "name": "crossroads cafe",
        "wheelchair": "yes"
      },
      "geometry": {
        "type": "Point",
        "coordinates": [
          103.8325055,
          1.3053756
        ]
      },
      "id": "node/4299433492"
    },
    {
      "type": "Feature",
      "properties": {
        "@id": "node/4336499189",
        "amenity": "cafe",
        "name": "J town cafe"
      },
      "geometry": {
        "type": "Point",
        "coordinates": [
          103.8385006,
          1.3018514
        ]
      },
      "id": "node/4336499189"
    },
    {
      "type": "Feature",
      "properties": {
        "@id": "node/4353385858",
        "addr:city": "Singapore",
        "addr:housenumber": "1",
        "addr:postcode": "268802",
        "addr:street": "Fifth Avenue",
        "addr:unit": "#01-03",
        "air_conditioning": "yes",
        "amenity": "cafe",
        "check_date": "2025-04-27",
        "cuisine": "coffee_shop;bread;bakery",
        "delivery": "yes",
        "email": "deborah@simplybread.com.sg",
        "internet_access": "no",
        "level": "0",
        "name": "Simply Bread",
        "note": "Bread, pastries, coffee, sandwiches, salads, breakfast",
        "opening_hours": "Mo-Su 08:00-19:00",
        "outdoor_seating": "no",
        "payment:cards": "no",
        "payment:cash": "no",
        "payment:credit_cards": "no",
        "payment:debit_cards": "no",
        "payment:paylah": "yes",
        "payment:paynow": "yes",
        "smoking": "no",
        "takeaway": "yes",
        "website": "https://simplybread.oddle.me/en_SG",
        "wheelchair": "yes"
      },
      "geometry": {
        "type": "Point",
        "coordinates": [
          103.7957476,
          1.3306316
        ]
      },
      "id": "node/4353385858"
    },
    {
      "type": "Feature",
      "properties": {
        "@id": "node/4368132685",
        "amenity": "cafe",
        "brand:wikidata": "Q88396880",
        "level": "1",
        "name": "Hoshino Coffee",
        "website": "https://www.hoshinocoffee.com.sg/"
      },
      "geometry": {
        "type": "Point",
        "coordinates": [
          103.796078,
          1.3107294
        ]
      },
      "id": "node/4368132685"
    },
    {
      "type": "Feature",
      "properties": {
        "@id": "node/4368132686",
        "amenity": "cafe",
        "level": "0",
        "name": "Provence",
        "operator:wikidata": "Q705417",
        "website": "http://www.provence.com.sg"
      },
      "geometry": {
        "type": "Point",
        "coordinates": [
          103.7960538,
          1.3105772
        ]
      },
      "id": "node/4368132686"
    },
    {
      "type": "Feature",
      "properties": {
        "@id": "node/4368132687",
        "amenity": "cafe",
        "cuisine": "milkshake",
        "level": "0"
      },
      "geometry": {
        "type": "Point",
        "coordinates": [
          103.7960435,
          1.3104358
        ]
      },
      "id": "node/4368132687"
    },
    {
      "type": "Feature",
      "properties": {
        "@id": "node/4368147003",
        "amenity": "cafe",
        "name": "Awfully Chocolate"
      },
      "geometry": {
        "type": "Point",
        "coordinates": [
          103.794393,
          1.3118768
        ]
      },
      "id": "node/4368147003"
    },
    {
      "type": "Feature",
      "properties": {
        "@id": "node/4368147013",
        "amenity": "cafe",
        "name": "Crystal Jade Kitchen"
      },
      "geometry": {
        "type": "Point",
        "coordinates": [
          103.7952993,
          1.3109786
        ]
      },
      "id": "node/4368147013"
    },
    {
      "type": "Feature",
      "properties": {
        "@id": "node/4368147017",
        "addr:housenumber": "25",
        "addr:street": "Lorong Liput",
        "amenity": "cafe",
        "name": "Kyushu Pancake 九州パンケーキ"
      },
      "geometry": {
        "type": "Point",
        "coordinates": [
          103.7947402,
          1.3102849
        ]
      },
      "id": "node/4368147017"
    },
    {
      "type": "Feature",
      "properties": {
        "@id": "node/4368147039",
        "amenity": "cafe",
        "cuisine": "açaí",
        "name": "Project Acai",
        "website": "https://www.project-acai.com/"
      },
      "geometry": {
        "type": "Point",
        "coordinates": [
          103.7948246,
          1.3103929
        ]
      },
      "id": "node/4368147039"
    },
    {
      "type": "Feature",
      "properties": {
        "@id": "node/4368147057",
        "addr:housenumber": "26A",
        "addr:street": "Lorong Mambong",
        "amenity": "cafe",
        "level": "0",
        "name": "British Indian Curry Hut"
      },
      "geometry": {
        "type": "Point",
        "coordinates": [
          103.7947452,
          1.3116797
        ]
      },
      "id": "node/4368147057"
    },
    {
      "type": "Feature",
      "properties": {
        "@id": "node/4368147064",
        "addr:city": "Singapore",
        "addr:country": "SG",
        "addr:housenumber": "31",
        "addr:postcode": "277742",
        "addr:street": "Lorong Liput",
        "amenity": "cafe",
        "cuisine": "hongkong",
        "name": "Tai Cheong Bakery",
        "name:en": "Tai Cheong Bakery",
        "name:yue": "泰昌餅家",
        "name:zh": "泰昌餅家",
        "phone": "+65 9828 1954",
        "website": "https://www.taicheong.com.sg/"
      },
      "geometry": {
        "type": "Point",
        "coordinates": [
          103.7950082,
          1.3106391
        ]
      },
      "id": "node/4368147064"
    },
    {
      "type": "Feature",
      "properties": {
        "@id": "node/4369793855",
        "amenity": "cafe",
        "layer": "1",
        "name": "Mr. Bean",
        "name:zh": "豆先生"
      },
      "geometry": {
        "type": "Point",
        "coordinates": [
          103.7782739,
          1.3115705
        ]
      },
      "id": "node/4369793855"
    },
    {
      "type": "Feature",
      "properties": {
        "@id": "node/4374215372",
        "amenity": "cafe",
        "name": "Cafe Agora"
      },
      "geometry": {
        "type": "Point",
        "coordinates": [
          103.7726323,
          1.3074598
        ]
      },
      "id": "node/4374215372"
    },
    {
      "type": "Feature",
      "properties": {
        "@id": "node/4374327295",
        "amenity": "cafe"
      },
      "geometry": {
        "type": "Point",
        "coordinates": [
          103.652156,
          1.3294941
        ]
      },
      "id": "node/4374327295"
    },
    {
      "type": "Feature",
      "properties": {
        "@id": "node/4377534207",
        "air_conditioning": "no",
        "amenity": "cafe",
        "bar": "no",
        "delivery": "no",
        "drive_through": "no",
        "highchair": "no",
        "indoor_seating": "no",
        "level": "0",
        "name": "Cafe",
        "outdoor_seating": "no",
        "takeaway": "only"
      },
      "geometry": {
        "type": "Point",
        "coordinates": [
          103.8654073,
          1.2842533
        ]
      },
      "id": "node/4377534207"
    },
    {
      "type": "Feature",
      "properties": {
        "@id": "node/4377534208",
        "amenity": "cafe",
        "name": "Children's Garden Cafe",
        "opening_hours": "Th-Su 09:00-19:00",
        "website": "http://m.gardensbythebay.com.sg/en.html"
      },
      "geometry": {
        "type": "Point",
        "coordinates": [
          103.8673172,
          1.2835683
        ]
      },
      "id": "node/4377534208"
    },
    {
      "type": "Feature",
      "properties": {
        "@id": "node/4398307389",
        "amenity": "cafe",
        "delivery": "yes",
        "name": "Nylon Coffee Roasters",
        "name:en": "Nylon Coffee Roasters"
      },
      "geometry": {
        "type": "Point",
        "coordinates": [
          103.839832,
          1.276814
        ]
      },
      "id": "node/4398307389"
    },
    {
      "type": "Feature",
      "properties": {
        "@id": "node/4400885283",
        "amenity": "cafe",
        "brand": "Starbucks",
        "brand:wikidata": "Q37158",
        "brand:wikipedia": "en:Starbucks",
        "cuisine": "coffee_shop",
        "name": "Starbucks",
        "name:zh": "星巴克",
        "official_name": "Starbucks Coffee",
        "takeaway": "yes"
      },
      "geometry": {
        "type": "Point",
        "coordinates": [
          103.7900452,
          1.2895616
        ]
      },
      "id": "node/4400885283"
    },
    {
      "type": "Feature",
      "properties": {
        "@id": "node/4400909650",
        "addr:housenumber": "80",
        "addr:street": "Mandai Lake Road",
        "air_conditioning": "no",
        "amenity": "cafe",
        "check_date": "2025-03-16",
        "cuisine": "local",
        "name": "Inuka Cafe",
        "payment:cash": "yes",
        "payment:credit_cards": "yes",
        "payment:debit_cards": "yes",
        "wheelchair": "yes"
      },
      "geometry": {
        "type": "Point",
        "coordinates": [
          103.7906672,
          1.4045831
        ]
      },
      "id": "node/4400909650"
    },
    {
      "type": "Feature",
      "properties": {
        "@id": "node/4415978139",
        "addr:housenumber": "Blk 161",
        "addr:postcode": "150161",
        "addr:street": "Jalan Bukit Merah Central",
        "addr:unit": "01-3711",
        "amenity": "cafe",
        "level": "0",
        "name": "The Bakery Chef",
        "opening_hours": "Mo-Th 10:00-19:00; Fr-Su 10:00-21:00"
      },
      "geometry": {
        "type": "Point",
        "coordinates": [
          103.816035,
          1.2841293
        ]
      },
      "id": "node/4415978139"
    },
    {
      "type": "Feature",
      "properties": {
        "@id": "node/4416427402",
        "amenity": "cafe",
        "name": "Hill Street Coffee Shop"
      },
      "geometry": {
        "type": "Point",
        "coordinates": [
          103.8643324,
          1.2813406
        ]
      },
      "id": "node/4416427402"
    },
    {
      "type": "Feature",
      "properties": {
        "@id": "node/4418672412",
        "addr:city": "Singapore",
        "addr:housenumber": "#02-44",
        "addr:postcode": "819642",
        "addr:street": "80 Airport Boulevard, Singapore Changi Airport Terminal 1,  Departure/Transit Lounge West",
        "amenity": "cafe",
        "brand": "The Coffee Bean & Tea Leaf",
        "brand:wikidata": "Q1141384",
        "brand:wikipedia": "en:The Coffee Bean & Tea Leaf",
        "check_date": "2025-11-05",
        "cuisine": "coffee_shop",
        "level": "1",
        "name": "The Coffee Bean & Tea Leaf",
        "takeaway": "yes"
      },
      "geometry": {
        "type": "Point",
        "coordinates": [
          103.9893432,
          1.3618865
        ]
      },
      "id": "node/4418672412"
    },
    {
      "type": "Feature",
      "properties": {
        "@id": "node/4425687890",
        "addr:housenumber": "618",
        "addr:postcode": "760618",
        "addr:street": "Yishun Ring Road",
        "amenity": "cafe",
        "name": "618 Sim Carrot Cake"
      },
      "geometry": {
        "type": "Point",
        "coordinates": [
          103.835592,
          1.4187636
        ]
      },
      "id": "node/4425687890"
    },
    {
      "type": "Feature",
      "properties": {
        "@id": "node/4455753696",
        "amenity": "cafe",
        "level": "1",
        "name": "Bricco Cafe"
      },
      "geometry": {
        "type": "Point",
        "coordinates": [
          103.989182,
          1.362967
        ]
      },
      "id": "node/4455753696"
    },
    {
      "type": "Feature",
      "properties": {
        "@id": "node/4486219777",
        "addr:city": "Singapore",
        "addr:housenumber": "200",
        "addr:postcode": "188021",
        "addr:street": "Victoria Street",
        "addr:unit": "#03-10H",
        "amenity": "cafe",
        "branch": "Bugis Junction",
        "brand": "The Coffee Bean & Tea Leaf",
        "brand:wikidata": "Q1141384",
        "brand:wikipedia": "en:The Coffee Bean & Tea Leaf",
        "cuisine": "coffee_shop",
        "level": "0",
        "name": "The Coffee Bean & Tea Leaf",
        "opening_hours": "24/7",
        "phone": "+65 6253 0653",
        "smoking": "no",
        "takeaway": "yes",
        "toilets": "no",
        "wheelchair": "yes"
      },
      "geometry": {
        "type": "Point",
        "coordinates": [
          103.8540795,
          1.2995881
        ]
      },
      "id": "node/4486219777"
    },
    {
      "type": "Feature",
      "properties": {
        "@id": "node/4493697189",
        "amenity": "cafe",
        "name": "Tuas South Canteen",
        "name:en": "Tuas South Canteen",
        "operator": "Shi Fu Food Court"
      },
      "geometry": {
        "type": "Point",
        "coordinates": [
          103.6267659,
          1.2951382
        ]
      },
      "id": "node/4493697189"
    },
    {
      "type": "Feature",
      "properties": {
        "@id": "node/4496275690",
        "addr:housenumber": "1, #02-26/27/28",
        "addr:postcode": "629117",
        "amenity": "cafe",
        "cuisine": "international",
        "name": "Han's Cafe & Cake House",
        "name:en": "Han's Cafe & Cake House",
        "opening_hours": "Mo-Su 08:00-21:00",
        "operator": "Han's Cafe"
      },
      "geometry": {
        "type": "Point",
        "coordinates": [
          103.6780283,
          1.3273019
        ]
      },
      "id": "node/4496275690"
    },
    {
      "type": "Feature",
      "properties": {
        "@id": "node/4501757189",
        "amenity": "cafe",
        "name": "Hong Yun Eating House",
        "name:en": "Hong Yun Eating House",
        "name:zh-Hans": "鸿运餐室"
      },
      "geometry": {
        "type": "Point",
        "coordinates": [
          103.6315071,
          1.3079964
        ]
      },
      "id": "node/4501757189"
    },
    {
      "type": "Feature",
      "properties": {
        "@id": "node/4502348703",
        "amenity": "cafe"
      },
      "geometry": {
        "type": "Point",
        "coordinates": [
          103.8146081,
          1.2978701
        ]
      },
      "id": "node/4502348703"
    },
    {
      "type": "Feature",
      "properties": {
        "@id": "node/4509930591",
        "addr:postcode": "640428",
        "amenity": "cafe",
        "name": "D'life - Vegetarian",
        "opening_hours": "Mo-Su 10:00-22:00",
        "phone": "+65 64250128"
      },
      "geometry": {
        "type": "Point",
        "coordinates": [
          103.7256019,
          1.3516267
        ]
      },
      "id": "node/4509930591"
    },
    {
      "type": "Feature",
      "properties": {
        "@id": "node/4515446924",
        "addr:city": "Singapore",
        "addr:housenumber": "8",
        "addr:postcode": "239695",
        "addr:street": "Grange Road, #01-K1 Cathay Cineleisure Orchard",
        "amenity": "cafe",
        "brand": "Starbucks",
        "brand:wikidata": "Q37158",
        "brand:wikipedia": "en:Starbucks",
        "cuisine": "coffee_shop",
        "level": "0",
        "name": "Starbucks",
        "name:zh": "星巴克",
        "official_name": "Starbucks Coffee",
        "opening_hours": "Su-Th,PH 08:00-22:00; Fr,Sa 08:00-23:00",
        "outdoor_seating": "yes",
        "takeaway": "yes",
        "wheelchair": "limited"
      },
      "geometry": {
        "type": "Point",
        "coordinates": [
          103.8367385,
          1.3011829
        ]
      },
      "id": "node/4515446924"
    },
    {
      "type": "Feature",
      "properties": {
        "@id": "node/4515457234",
        "amenity": "cafe",
        "cuisine": "coffee_shop",
        "name": "Common Man Roasters"
      },
      "geometry": {
        "type": "Point",
        "coordinates": [
          103.8384068,
          1.2918513
        ]
      },
      "id": "node/4515457234"
    },
    {
      "type": "Feature",
      "properties": {
        "@id": "node/4524477741",
        "amenity": "cafe",
        "level": "1",
        "name": "The Coffee Academics",
        "wheelchair": "yes"
      },
      "geometry": {
        "type": "Point",
        "coordinates": [
          103.8328705,
          1.3059
        ]
      },
      "id": "node/4524477741"
    },
    {
      "type": "Feature",
      "properties": {
        "@id": "node/4537608982",
        "addr:city": "Singapore",
        "addr:floor": "1",
        "addr:housenumber": "87",
        "addr:postcode": "118260",
        "addr:street": "Science Park Drive",
        "amenity": "cafe",
        "check_date": "2024-04-13",
        "level": "0",
        "name": "Stokedi"
      },
      "geometry": {
        "type": "Point",
        "coordinates": [
          103.7904988,
          1.2877723
        ]
      },
      "id": "node/4537608982"
    },
    {
      "type": "Feature",
      "properties": {
        "@id": "node/4538844762",
        "addr:city": "Singapore",
        "addr:housenumber": "64",
        "addr:postcode": "267208",
        "addr:street": "Namly Place",
        "air_conditioning": "yes",
        "amenity": "cafe",
        "name": "Baker & Cook",
        "opening_hours": "07:30-22:00",
        "outdoor_seating": "yes",
        "payment:cash": "no",
        "payment:contactless": "yes",
        "payment:credit_cards": "yes",
        "payment:debit_cards": "yes",
        "payment:mastercard": "yes",
        "payment:nets": "yes",
        "payment:visa": "yes",
        "pet": "yes",
        "phone": "+65 6466 2208",
        "takeaway": "yes",
        "toilets": "yes",
        "website": "https://www.bakerandcook.biz/"
      },
      "geometry": {
        "type": "Point",
        "coordinates": [
          103.7967709,
          1.3238966
        ]
      },
      "id": "node/4538844762"
    },
    {
      "type": "Feature",
      "properties": {
        "@id": "node/4539728274",
        "addr:city": "Singapore",
        "addr:floor": "1",
        "addr:housenumber": "87",
        "addr:postcode": "118260",
        "addr:street": "Science Park Drive",
        "amenity": "cafe",
        "check_date": "2024-04-13",
        "level": "0",
        "name": "Kopifellas",
        "takeaway": "yes"
      },
      "geometry": {
        "type": "Point",
        "coordinates": [
          103.7904984,
          1.2878384
        ]
      },
      "id": "node/4539728274"
    },
    {
      "type": "Feature",
      "properties": {
        "@id": "node/4545856990",
        "amenity": "cafe",
        "name": "LIN LIN VEGETARIAN DELIGHT",
        "name:en": "LIN LIN VEGETARIAN DELIGHT"
      },
      "geometry": {
        "type": "Point",
        "coordinates": [
          103.9311895,
          1.328853
        ]
      },
      "id": "node/4545856990"
    },
    {
      "type": "Feature",
      "properties": {
        "@id": "node/4546730141",
        "addr:city": "Singapore",
        "addr:housenumber": "63",
        "addr:postcode": "049514",
        "addr:street": "Chulia Street",
        "amenity": "cafe",
        "name": "Maison Kayser Raffles Place",
        "phone": "+65 6636 3672",
        "website": "http://maison-kayser.com.sg/"
      },
      "geometry": {
        "type": "Point",
        "coordinates": [
          103.849759,
          1.2849337
        ]
      },
      "id": "node/4546730141"
    },
    {
      "type": "Feature",
      "properties": {
        "@id": "node/4549166890",
        "addr:postcode": "380045",
        "addr:street": "Sims Drive",
        "amenity": "cafe",
        "name": "Hong Kee Roasted Chicken/Duck Rice",
        "name:en": "Hong Kee Roasted Chicken/Duck Rice",
        "source": "Kaart Ground Survey 2017"
      },
      "geometry": {
        "type": "Point",
        "coordinates": [
          103.8785396,
          1.317169
        ]
      },
      "id": "node/4549166890"
    },
    {
      "type": "Feature",
      "properties": {
        "@id": "node/4554443833",
        "amenity": "cafe",
        "check_date": "2025-06-15",
        "cuisine": "juice",
        "name": "Boost"
      },
      "geometry": {
        "type": "Point",
        "coordinates": [
          103.7644037,
          1.3798455
        ]
      },
      "id": "node/4554443833"
    },
    {
      "type": "Feature",
      "properties": {
        "@id": "node/4560997420",
        "amenity": "cafe",
        "name": "Hoshino Coffee"
      },
      "geometry": {
        "type": "Point",
        "coordinates": [
          103.8600591,
          1.2947768
        ]
      },
      "id": "node/4560997420"
    },
    {
      "type": "Feature",
      "properties": {
        "@id": "node/4560997454",
        "addr:city": "Singapore",
        "addr:country": "SG",
        "addr:housenumber": "6",
        "addr:postcode": "039594",
        "addr:street": "Raffles Boulevard",
        "amenity": "cafe",
        "name": "St. Marc Cafe"
      },
      "geometry": {
        "type": "Point",
        "coordinates": [
          103.8566343,
          1.2918626
        ]
      },
      "id": "node/4560997454"
    },
    {
      "type": "Feature",
      "properties": {
        "@id": "node/4560997455",
        "addr:city": "Singapore",
        "addr:country": "SG",
        "addr:housenumber": "6",
        "addr:postcode": "039594",
        "addr:street": "Raffles Boulevard",
        "amenity": "cafe",
        "brand": "The Coffee Bean & Tea Leaf",
        "brand:wikidata": "Q1141384",
        "brand:wikipedia": "en:The Coffee Bean & Tea Leaf",
        "cuisine": "coffee_shop",
        "name": "The Coffee Bean & Tea Leaf",
        "takeaway": "yes"
      },
      "geometry": {
        "type": "Point",
        "coordinates": [
          103.8564828,
          1.2919551
        ]
      },
      "id": "node/4560997455"
    },
    {
      "type": "Feature",
      "properties": {
        "@id": "node/4560997471",
        "addr:city": "Singapore",
        "addr:housenumber": "#01-21",
        "addr:postcode": "178905",
        "addr:street": "13 Stamford Road, Capitol Tower",
        "amenity": "cafe",
        "brand": "Toast Box",
        "brand:wikidata": "Q100285490",
        "cuisine": "coffee_shop",
        "name": "Toast Box",
        "takeaway": "yes"
      },
      "geometry": {
        "type": "Point",
        "coordinates": [
          103.8534123,
          1.2928749
        ]
      },
      "id": "node/4560997471"
    },
    {
      "type": "Feature",
      "properties": {
        "@id": "node/4560997474",
        "addr:city": "Singapore",
        "addr:housenumber": "9",
        "addr:postcode": "039596",
        "addr:street": "Raffles Boulevard, #01-106 Millenia Walk",
        "amenity": "cafe",
        "brand": "The Coffee Bean & Tea Leaf",
        "brand:wikidata": "Q1141384",
        "brand:wikipedia": "en:The Coffee Bean & Tea Leaf",
        "cuisine": "coffee_shop",
        "name": "The Coffee Bean & Tea Leaf",
        "takeaway": "yes"
      },
      "geometry": {
        "type": "Point",
        "coordinates": [
          103.8595234,
          1.2933446
        ]
      },
      "id": "node/4560997474"
    },
    {
      "type": "Feature",
      "properties": {
        "@id": "node/4560997481",
        "amenity": "cafe",
        "name": "KOI Cafe"
      },
      "geometry": {
        "type": "Point",
        "coordinates": [
          103.8596863,
          1.2932793
        ]
      },
      "id": "node/4560997481"
    },
    {
      "type": "Feature",
      "properties": {
        "@id": "node/4560997493",
        "addr:city": "Singapore",
        "addr:country": "SG",
        "addr:housenumber": "252 #01-46/47/48",
        "addr:postcode": "179103",
        "addr:street": "North Bridge Road Raffles City",
        "amenity": "cafe",
        "brand": "Paris Baguette",
        "brand:wikidata": "Q62605260",
        "brand:wikipedia": "en:Paris Baguette",
        "level": "0",
        "name": "Paris Baguette",
        "shop": "bakery"
      },
      "geometry": {
        "type": "Point",
        "coordinates": [
          103.8532182,
          1.2933107
        ]
      },
      "id": "node/4560997493"
    },
    {
      "type": "Feature",
      "properties": {
        "@id": "node/4560997495",
        "addr:city": "Singapore",
        "addr:postcode": "039393",
        "addr:street": "One Raffles Link",
        "air_conditioning": "yes",
        "amenity": "cafe",
        "brand": "Starbucks",
        "brand:wikidata": "Q37158",
        "brand:wikipedia": "en:Starbucks",
        "cuisine": "coffee_shop",
        "internet_access": "wlan",
        "internet_access:fee": "no",
        "level": "-1",
        "name": "Starbucks",
        "official_name": "Starbucks Coffee",
        "opening_hours": "Mo-Fr 09:30-18:00; Sa 10:30-20:00; Su,PH 10:30-18:00",
        "outdoor_seating": "no",
        "payment:cash": "yes",
        "payment:coins": "yes",
        "payment:credit_cards": "yes",
        "phone": "+65 6910 1299",
        "takeaway": "yes",
        "website": "https://www.starbucks.com.sg/"
      },
      "geometry": {
        "type": "Point",
        "coordinates": [
          103.8556952,
          1.2921569
        ]
      },
      "id": "node/4560997495"
    },
    {
      "type": "Feature",
      "properties": {
        "@id": "node/4560997498",
        "addr:housenumber": "B1F",
        "addr:street": "Raffles City",
        "amenity": "cafe",
        "level": "-1",
        "name": "KOI Express",
        "wheelchair": "yes"
      },
      "geometry": {
        "type": "Point",
        "coordinates": [
          103.853047,
          1.2935738
        ]
      },
      "id": "node/4560997498"
    },
    {
      "type": "Feature",
      "properties": {
        "@id": "node/4576926692",
        "amenity": "cafe",
        "brand": "The Coffee Bean & Tea Leaf",
        "brand:wikidata": "Q1141384",
        "brand:wikipedia": "en:The Coffee Bean & Tea Leaf",
        "cuisine": "coffee_shop",
        "name": "The Coffee Bean & Tea Leaf",
        "name:en": "The Coffee Bean & Tea Leaf",
        "takeaway": "yes"
      },
      "geometry": {
        "type": "Point",
        "coordinates": [
          103.8358767,
          1.3033634
        ]
      },
      "id": "node/4576926692"
    },
    {
      "type": "Feature",
      "properties": {
        "@id": "node/4577003790",
        "addr:city": "Singapore",
        "addr:housenumber": "163",
        "addr:postcode": "247933",
        "addr:street": "Tanglin Road",
        "amenity": "cafe",
        "brand": "Starbucks",
        "brand:wikidata": "Q37158",
        "brand:wikipedia": "en:Starbucks",
        "cuisine": "coffee_shop",
        "internet_access": "yes",
        "internet_access:fee": "no",
        "level": "1",
        "name": "Starbucks",
        "name:zh": "星巴克",
        "official_name": "Starbucks Coffee",
        "opening_hours": "Mo-Su 07:00-22:00",
        "outdoor_seating": "yes",
        "takeaway": "yes",
        "website": "https://www.starbucks.com.sg/"
      },
      "geometry": {
        "type": "Point",
        "coordinates": [
          103.8233479,
          1.3049283
        ]
      },
      "id": "node/4577003790"
    },
    {
      "type": "Feature",
      "properties": {
        "@id": "node/4582447340",
        "addr:city": "Singapore",
        "addr:housenumber": "8A",
        "addr:postcode": "018984",
        "addr:street": "Marina Boulevard #B2-38-36",
        "amenity": "cafe",
        "brand": "Starbucks",
        "brand:wikidata": "Q37158",
        "brand:wikipedia": "en:Starbucks",
        "cuisine": "coffee_shop",
        "level": "-2",
        "name": "Starbucks",
        "official_name": "Starbucks Coffee",
        "outdoor_seating": "yes",
        "takeaway": "yes"
      },
      "geometry": {
        "type": "Point",
        "coordinates": [
          103.8539014,
          1.2807203
        ]
      },
      "id": "node/4582447340"
    },
    {
      "type": "Feature",
      "properties": {
        "@id": "node/4582447341",
        "addr:city": "Singapore",
        "addr:housenumber": "8A",
        "addr:postcode": "018984",
        "addr:street": "Marina Blvd, #B2-10 Marina Bay Link Mall",
        "amenity": "cafe",
        "brand": "The Coffee Bean & Tea Leaf",
        "brand:wikidata": "Q1141384",
        "brand:wikipedia": "en:The Coffee Bean & Tea Leaf",
        "cuisine": "coffee_shop",
        "level": "-2",
        "name": "The Coffee Bean & Tea Leaf",
        "takeaway": "yes",
        "toilets:wheelchair": "yes",
        "wheelchair": "yes"
      },
      "geometry": {
        "type": "Point",
        "coordinates": [
          103.8533696,
          1.2805661
        ]
      },
      "id": "node/4582447341"
    },
    {
      "type": "Feature",
      "properties": {
        "@id": "node/4583483586",
        "amenity": "cafe",
        "level": "0",
        "name": "Dimbulah",
        "toilets:wheelchair": "yes",
        "wheelchair": "yes"
      },
      "geometry": {
        "type": "Point",
        "coordinates": [
          103.8543674,
          1.2803268
        ]
      },
      "id": "node/4583483586"
    },
    {
      "type": "Feature",
      "properties": {
        "@id": "node/4583503315",
        "amenity": "cafe",
        "brand": "BreadTalk",
        "brand:wikidata": "Q1106640",
        "level": "-2",
        "name": "BreadTalk",
        "shop": "bakery",
        "wheelchair": "yes"
      },
      "geometry": {
        "type": "Point",
        "coordinates": [
          103.8529634,
          1.2798102
        ]
      },
      "id": "node/4583503315"
    },
    {
      "type": "Feature",
      "properties": {
        "@id": "node/4593886689",
        "amenity": "cafe",
        "name": "The Mad Men Attic Bar",
        "name:en": "The Mad Men Attic Bar",
        "source": "Kaart Ground Survey 2017"
      },
      "geometry": {
        "type": "Point",
        "coordinates": [
          103.8488398,
          1.2862122
        ]
      },
      "id": "node/4593886689"
    },
    {
      "type": "Feature",
      "properties": {
        "@id": "node/4599214162",
        "amenity": "cafe"
      },
      "geometry": {
        "type": "Point",
        "coordinates": [
          103.794937,
          1.2925631
        ]
      },
      "id": "node/4599214162"
    },
    {
      "type": "Feature",
      "properties": {
        "@id": "node/4605978589",
        "addr:unit": "15",
        "amenity": "cafe",
        "brand": "Toast Box",
        "brand:wikidata": "Q100285490",
        "check_date": "2026-01-17",
        "cuisine": "coffee_shop",
        "level": "0",
        "name": "Toast Box",
        "name:en": "Toast Box",
        "takeaway": "yes"
      },
      "geometry": {
        "type": "Point",
        "coordinates": [
          103.8434069,
          1.3202983
        ]
      },
      "id": "node/4605978589"
    },
    {
      "type": "Feature",
      "properties": {
        "@id": "node/4613238713",
        "amenity": "cafe",
        "brand": "Starbucks",
        "brand:wikidata": "Q37158",
        "cuisine": "coffee_shop",
        "name": "Starbucks",
        "name:zh": "星巴克",
        "official_name": "Starbucks Coffee",
        "takeaway": "yes"
      },
      "geometry": {
        "type": "Point",
        "coordinates": [
          103.8177459,
          1.2551352
        ]
      },
      "id": "node/4613238713"
    },
    {
      "type": "Feature",
      "properties": {
        "@id": "node/4613655889",
        "addr:postcode": "068639",
        "amenity": "cafe",
        "cuisine": "french",
        "name": "My Awesome Cafe",
        "name:en": "My Awesome Cafe",
        "opening_hours": "Mo-Fr 09:00-00:00; Sa-Su 08:45-00:00",
        "phone": "+65 6222 2007",
        "website": "http://myawesomecafe.com"
      },
      "geometry": {
        "type": "Point",
        "coordinates": [
          103.847118,
          1.2801306
        ]
      },
      "id": "node/4613655889"
    },
    {
      "type": "Feature",
      "properties": {
        "@id": "node/4613657797",
        "addr:postcode": "088875",
        "amenity": "cafe",
        "name": "The Populus Coffee and Food Co",
        "name:en": "The Populus Coffee and Food Co",
        "opening_hours": "Mo, We 09:00-19:00; Tu 09:00-16:00; Th-Fr 09:00-22:30; Sa 09:30-19:00; Su 09:30-19:30",
        "phone": "+6566358420",
        "website": "http://thepopuluscafe.com"
      },
      "geometry": {
        "type": "Point",
        "coordinates": [
          103.8406988,
          1.278196
        ]
      },
      "id": "node/4613657797"
    },
    {
      "type": "Feature",
      "properties": {
        "@id": "node/4613669891",
        "addr:postcode": "819663",
        "addr:street": "T3 Basement Drive",
        "amenity": "cafe",
        "brand": "Ya Kun Kaya Toast",
        "brand:wikidata": "Q8046237",
        "brand:wikipedia": "en:Ya Kun Kaya Toast",
        "cuisine": "coffee_shop",
        "name": "Ya Kun Kaya Toast",
        "name:en": "Ya Kun Kaya Toast",
        "opening_hours": "24/7",
        "phone": "+65 6241 4341",
        "takeaway": "yes",
        "website": "https://www.changiairport.com/en/shop-and-dine/dining/ya-kun-kaya-toast-family-cafe.html",
        "wheelchair": "yes"
      },
      "geometry": {
        "type": "Point",
        "coordinates": [
          103.9865056,
          1.3564289
        ]
      },
      "id": "node/4613669891"
    },
    {
      "type": "Feature",
      "properties": {
        "@id": "node/4620337789",
        "amenity": "cafe",
        "name": "Bingki Korean bingsu dessert",
        "name:en": "Bingki Korean bingsu dessert"
      },
      "geometry": {
        "type": "Point",
        "coordinates": [
          103.8428716,
          1.2772559
        ]
      },
      "id": "node/4620337789"
    },
    {
      "type": "Feature",
      "properties": {
        "@id": "node/4620659251",
        "amenity": "cafe",
        "name": "Fuel Plus"
      },
      "geometry": {
        "type": "Point",
        "coordinates": [
          103.8147922,
          1.2698155
        ]
      },
      "id": "node/4620659251"
    },
    {
      "type": "Feature",
      "properties": {
        "@id": "node/4620794193",
        "addr:housenumber": "17",
        "addr:street": "Seah Street",
        "air_conditioning": "yes",
        "amenity": "cafe",
        "check_date": "2023-09-03",
        "cuisine": "dessert",
        "level": "0",
        "name": "Ah Chew Desserts",
        "outdoor_seating": "yes",
        "payment:cash": "yes",
        "payment:nets": "yes",
        "self_service": "yes"
      },
      "geometry": {
        "type": "Point",
        "coordinates": [
          103.8563582,
          1.2979987
        ]
      },
      "id": "node/4620794193"
    },
    {
      "type": "Feature",
      "properties": {
        "@id": "node/4620794194",
        "amenity": "cafe",
        "name": "Ah May Cafe"
      },
      "geometry": {
        "type": "Point",
        "coordinates": [
          103.856838,
          1.2982678
        ]
      },
      "id": "node/4620794194"
    },
    {
      "type": "Feature",
      "properties": {
        "@id": "node/4620794199",
        "addr:street": "Tanjong Katong Road",
        "amenity": "cafe",
        "name": "Burp",
        "source": "Kaart Ground Survey 2017"
      },
      "geometry": {
        "type": "Point",
        "coordinates": [
          103.8953721,
          1.3079528
        ]
      },
      "id": "node/4620794199"
    },
    {
      "type": "Feature",
      "properties": {
        "@id": "node/4620794209",
        "addr:city": "Singapore",
        "addr:country": "SG",
        "addr:housenumber": "232",
        "addr:postcode": "437020",
        "addr:street": "Tanjong Katong Road",
        "amenity": "cafe",
        "name": "NunSongYee Korean Dessert Cafe",
        "website": "http://www.nunsongyee.sg/"
      },
      "geometry": {
        "type": "Point",
        "coordinates": [
          103.8954533,
          1.3069127
        ]
      },
      "id": "node/4620794209"
    },
    {
      "type": "Feature",
      "properties": {
        "@id": "node/4620794220",
        "addr:city": "Singapore",
        "addr:country": "SG",
        "addr:housenumber": "297",
        "addr:street": "Tanjong Katong Road",
        "amenity": "cafe",
        "name": "with a pinch of salt",
        "website": "http://www.withapinchofsalt.com.sg/"
      },
      "geometry": {
        "type": "Point",
        "coordinates": [
          103.8959055,
          1.3064814
        ]
      },
      "id": "node/4620794220"
    },
    {
      "type": "Feature",
      "properties": {
        "@id": "node/4620811697",
        "addr:housenumber": "37",
        "addr:street": "Beach Road",
        "air_conditioning": "no",
        "amenity": "cafe",
        "check_date": "2024-04-14",
        "cuisine": "coffee_shop;chinese",
        "level": "0",
        "name": "YY Kafei Dian",
        "name:zh": "喜园咖啡店",
        "outdoor_seating": "yes",
        "payment:cards": "no",
        "payment:cash": "yes",
        "payment:credit_cards": "no",
        "payment:debit_cards": "no",
        "payment:paynow": "yes",
        "pet": "no",
        "smoking": "no",
        "takeaway": "yes",
        "wheelchair": "yes"
      },
      "geometry": {
        "type": "Point",
        "coordinates": [
          103.8558237,
          1.2961147
        ]
      },
      "id": "node/4620811697"
    },
    {
      "type": "Feature",
      "properties": {
        "@id": "node/4620811711",
        "amenity": "cafe",
        "check_date": "2025-07-18",
        "cuisine": "asian;fusion",
        "description": "Last order = 9:30pm",
        "level": "0",
        "name": "O’Coffee Club",
        "opening_hours": "08:00-22:00",
        "outdoor_seating": "yes",
        "website": "https://www.ocoffeeclub.com"
      },
      "geometry": {
        "type": "Point",
        "coordinates": [
          103.8543364,
          1.2964888
        ]
      },
      "id": "node/4620811711"
    },
    {
      "type": "Feature",
      "properties": {
        "@id": "node/4631028690",
        "addr:city": "Singapore",
        "addr:housenumber": "20",
        "addr:postcode": "117439",
        "addr:street": "Pasir Panjang Road Mapletree Business City #02-11",
        "amenity": "cafe",
        "brand": "Starbucks",
        "brand:wikidata": "Q37158",
        "cuisine": "coffee_shop",
        "internet_access:fee": "no",
        "name": "Starbucks",
        "name:zh": "星巴克",
        "official_name": "Starbucks Coffee",
        "takeaway": "yes"
      },
      "geometry": {
        "type": "Point",
        "coordinates": [
          103.8002586,
          1.2745103
        ]
      },
      "id": "node/4631028690"
    },
    {
      "type": "Feature",
      "properties": {
        "@id": "node/4631657929",
        "addr:city": "Singapore",
        "addr:housenumber": "8",
        "addr:postcode": "138665",
        "addr:street": "Biomedical Grove",
        "amenity": "cafe",
        "cuisine": "coffee_shop;regional",
        "internet_access": "yes",
        "name": "Rocky Masters",
        "outdoor_seating": "no",
        "smoking": "no",
        "wheelchair": "limited"
      },
      "geometry": {
        "type": "Point",
        "coordinates": [
          103.7932515,
          1.3023978
        ]
      },
      "id": "node/4631657929"
    },
    {
      "type": "Feature",
      "properties": {
        "@id": "node/4631657930",
        "addr:city": "Singapore",
        "addr:housenumber": "8A",
        "addr:postcode": "138648",
        "addr:street": "Biomedical Grove",
        "amenity": "cafe",
        "cuisine": "regional",
        "internet_access": "no",
        "name": "Coffee Hive",
        "opening_hours": "07:00-18:00",
        "outdoor_seating": "no",
        "smoking": "no"
      },
      "geometry": {
        "type": "Point",
        "coordinates": [
          103.793566,
          1.3022823
        ]
      },
      "id": "node/4631657930"
    },
    {
      "type": "Feature",
      "properties": {
        "@id": "node/4631657931",
        "addr:city": "Singapore",
        "addr:housenumber": "31",
        "addr:postcode": "138669",
        "addr:street": "Biopolis Way",
        "amenity": "cafe",
        "cuisine": "regional",
        "internet_access": "no",
        "name": "Coffee Culture"
      },
      "geometry": {
        "type": "Point",
        "coordinates": [
          103.7923946,
          1.3042209
        ]
      },
      "id": "node/4631657931"
    },
    {
      "type": "Feature",
      "properties": {
        "@id": "node/4631679474",
        "addr:city": "Singapore",
        "addr:housenumber": "60",
        "addr:postcode": "138672",
        "addr:street": "Biopolis Street",
        "amenity": "cafe",
        "cuisine": "cafe/diner",
        "internet_access": "no",
        "internet_access:fee": "no",
        "name": "Nanyang Old Coffee",
        "outdoor_seating": "yes",
        "smoking": "separated"
      },
      "geometry": {
        "type": "Point",
        "coordinates": [
          103.7925841,
          1.3024031
        ]
      },
      "id": "node/4631679474"
    },
    {
      "type": "Feature",
      "properties": {
        "@id": "node/4631679475",
        "addr:city": "Singapore",
        "addr:housenumber": "60",
        "addr:postcode": "138672",
        "addr:street": "Biopolis Street",
        "amenity": "cafe",
        "cuisine": "sandwich",
        "name": "Hungrywich"
      },
      "geometry": {
        "type": "Point",
        "coordinates": [
          103.7925356,
          1.302691
        ]
      },
      "id": "node/4631679475"
    },
    {
      "type": "Feature",
      "properties": {
        "@id": "node/4631688313",
        "amenity": "cafe",
        "brand": "Starbucks",
        "brand:wikidata": "Q37158",
        "brand:wikipedia": "en:Starbucks",
        "cuisine": "coffee_shop",
        "name": "Starbucks",
        "name:zh": "星巴克",
        "official_name": "Starbucks Coffee",
        "takeaway": "yes"
      },
      "geometry": {
        "type": "Point",
        "coordinates": [
          103.7919503,
          1.3031953
        ]
      },
      "id": "node/4631688313"
    },
    {
      "type": "Feature",
      "properties": {
        "@id": "node/4631694050",
        "amenity": "cafe",
        "brand": "O'Briens",
        "brand:wikidata": "Q7071686",
        "cuisine": "sandwich",
        "name": "O'Briens",
        "takeaway": "yes"
      },
      "geometry": {
        "type": "Point",
        "coordinates": [
          103.7924537,
          1.3036094
        ]
      },
      "id": "node/4631694050"
    },
    {
      "type": "Feature",
      "properties": {
        "@id": "node/4633815490",
        "amenity": "cafe",
        "cuisine": "salad",
        "name": "Meat & Greens"
      },
      "geometry": {
        "type": "Point",
        "coordinates": [
          103.7930452,
          1.3022111
        ]
      },
      "id": "node/4633815490"
    },
    {
      "type": "Feature",
      "properties": {
        "@id": "node/4634008348",
        "amenity": "cafe",
        "cuisine": "regional",
        "name": "Mr Bean",
        "name:zh": "豆先生"
      },
      "geometry": {
        "type": "Point",
        "coordinates": [
          103.7911369,
          1.3060918
        ]
      },
      "id": "node/4634008348"
    },
    {
      "type": "Feature",
      "properties": {
        "@id": "node/4634008350",
        "amenity": "cafe",
        "brand": "Starbucks",
        "brand:wikidata": "Q37158",
        "cuisine": "coffee_shop",
        "name": "Starbucks",
        "name:zh": "星巴克",
        "official_name": "Starbucks Coffee",
        "takeaway": "yes"
      },
      "geometry": {
        "type": "Point",
        "coordinates": [
          103.7911477,
          1.3059696
        ]
      },
      "id": "node/4634008350"
    },
    {
      "type": "Feature",
      "properties": {
        "@id": "node/4634033882",
        "amenity": "cafe",
        "cuisine": "regional",
        "name": "Heong Hock Cafe"
      },
      "geometry": {
        "type": "Point",
        "coordinates": [
          103.8869731,
          1.329031
        ]
      },
      "id": "node/4634033882"
    },
    {
      "type": "Feature",
      "properties": {
        "@id": "node/4638215531",
        "amenity": "cafe",
        "name": "Co-op@NTU Cafe"
      },
      "geometry": {
        "type": "Point",
        "coordinates": [
          103.6825786,
          1.3432489
        ]
      },
      "id": "node/4638215531"
    },
    {
      "type": "Feature",
      "properties": {
        "@id": "node/4677339593",
        "addr:street": "Bedok Road",
        "amenity": "cafe",
        "name": "Syed Cafe",
        "source": "Kaart Ground Survey 2017"
      },
      "geometry": {
        "type": "Point",
        "coordinates": [
          103.9481504,
          1.3310465
        ]
      },
      "id": "node/4677339593"
    },
    {
      "type": "Feature",
      "properties": {
        "@id": "node/4677339596",
        "addr:street": "Upper Changi Road",
        "amenity": "cafe",
        "name": "Thai Table",
        "source": "Kaart Ground Survey 2017"
      },
      "geometry": {
        "type": "Point",
        "coordinates": [
          103.9485209,
          1.3336878
        ]
      },
      "id": "node/4677339596"
    },
    {
      "type": "Feature",
      "properties": {
        "@id": "node/4677339597",
        "addr:street": "Upper Changi Road",
        "amenity": "cafe",
        "name": "D'zerts Cafe",
        "source": "Kaart Ground Survey 2017"
      },
      "geometry": {
        "type": "Point",
        "coordinates": [
          103.9488388,
          1.33381
        ]
      },
      "id": "node/4677339597"
    },
    {
      "type": "Feature",
      "properties": {
        "@id": "node/4678660995",
        "addr:city": "Singapore",
        "addr:country": "SG",
        "addr:housenumber": "67",
        "addr:street": "Killiney Road",
        "amenity": "cafe",
        "name": "Killiney Kopitiam",
        "name:en": "Killiney Kopitiam",
        "source": "Kaart Ground Survey 2017",
        "wheelchair": "limited"
      },
      "geometry": {
        "type": "Point",
        "coordinates": [
          103.8394544,
          1.2988102
        ]
      },
      "id": "node/4678660995"
    },
    {
      "type": "Feature",
      "properties": {
        "@id": "node/4680993193",
        "amenity": "cafe",
        "indoor_seating": "yes",
        "name": "TWG Tea",
        "name:en": "TWG Tea",
        "outdoor_seating": "no",
        "wheelchair": "no"
      },
      "geometry": {
        "type": "Point",
        "coordinates": [
          103.8599481,
          1.2848446
        ]
      },
      "id": "node/4680993193"
    },
    {
      "type": "Feature",
      "properties": {
        "@id": "node/4682762221",
        "addr:street": "Upper East Coast Road",
        "amenity": "cafe",
        "name": "Udders & Kook",
        "source": "Kaart Ground Survey 2017"
      },
      "geometry": {
        "type": "Point",
        "coordinates": [
          103.9276038,
          1.3133636
        ]
      },
      "id": "node/4682762221"
    },
    {
      "type": "Feature",
      "properties": {
        "@id": "node/4682762223",
        "addr:street": "Upper East Coast Road",
        "amenity": "cafe",
        "name": "Perle Noire",
        "source": "Kaart Ground Survey 2017"
      },
      "geometry": {
        "type": "Point",
        "coordinates": [
          103.9277158,
          1.3133841
        ]
      },
      "id": "node/4682762223"
    },
    {
      "type": "Feature",
      "properties": {
        "@id": "node/4685788474",
        "amenity": "cafe",
        "brand": "Starbucks",
        "brand:wikidata": "Q37158",
        "brand:wikipedia": "en:Starbucks",
        "cuisine": "coffee_shop",
        "name": "Starbucks",
        "official_name": "Starbucks Coffee",
        "takeaway": "yes"
      },
      "geometry": {
        "type": "Point",
        "coordinates": [
          103.8534479,
          1.2871106
        ]
      },
      "id": "node/4685788474"
    },
    {
      "type": "Feature",
      "properties": {
        "@id": "node/4687316800",
        "addr:street": "Frankel Avenue",
        "amenity": "cafe",
        "name": "Cedele",
        "opening_hours": "Mo-Su,PH 08:30-07:00",
        "source": "Kaart Ground Survey 2017"
      },
      "geometry": {
        "type": "Point",
        "coordinates": [
          103.9195506,
          1.3142004
        ]
      },
      "id": "node/4687316800"
    },
    {
      "type": "Feature",
      "properties": {
        "@id": "node/4687927090",
        "amenity": "cafe",
        "internet_access": "wlan",
        "name": "Brew Maison"
      },
      "geometry": {
        "type": "Point",
        "coordinates": [
          103.8272358,
          1.3195977
        ]
      },
      "id": "node/4687927090"
    },
    {
      "type": "Feature",
      "properties": {
        "@id": "node/4689127008",
        "addr:city": "Singapore",
        "addr:country": "SG",
        "addr:housenumber": "351",
        "addr:postcode": "419818",
        "addr:street": "Changi Road",
        "amenity": "cafe",
        "email": "enquiries@ffl.com.sg",
        "name": "Fresh Fruits Lab",
        "name:en": "Fresh Fruits Lab",
        "opening_hours": "Su 10:00-22:00; Tu-Th 11:00-22:00; Fr 11:00-22:00; Sa 10:00-23:00",
        "phone": "+65 66776741",
        "source": "Kaart Ground Survey 2017",
        "website": "https://www.ffl.com.sg/",
        "wheelchair": "yes"
      },
      "geometry": {
        "type": "Point",
        "coordinates": [
          103.9095263,
          1.3186476
        ]
      },
      "id": "node/4689127008"
    },
    {
      "type": "Feature",
      "properties": {
        "@id": "node/4689465726",
        "addr:street": "Geylang Road",
        "amenity": "cafe",
        "source": "Kaart Ground Survey 2017"
      },
      "geometry": {
        "type": "Point",
        "coordinates": [
          103.8845512,
          1.3137267
        ]
      },
      "id": "node/4689465726"
    },
    {
      "type": "Feature",
      "properties": {
        "@id": "node/4689609776",
        "addr:city": "Singapore",
        "addr:housenumber": "11",
        "addr:postcode": "437157",
        "addr:street": "Tanjong Katong Road, #01-17/18/19",
        "amenity": "cafe",
        "brand": "Starbucks",
        "brand:wikidata": "Q37158",
        "brand:wikipedia": "en:Starbucks",
        "cuisine": "coffee_shop",
        "level": "0",
        "name": "Starbucks",
        "official_name": "Starbucks Coffee",
        "outdoor_seating": "no",
        "source": "Kaart Ground Survey 2017",
        "takeaway": "yes",
        "wheelchair": "yes"
      },
      "geometry": {
        "type": "Point",
        "coordinates": [
          103.8944083,
          1.315193
        ]
      },
      "id": "node/4689609776"
    },
    {
      "type": "Feature",
      "properties": {
        "@id": "node/4689622574",
        "addr:city": "Singapore",
        "addr:housenumber": "662",
        "addr:postcode": "389592",
        "addr:street": "Geylang Road",
        "amenity": "cafe",
        "name": "Unicorn Kampung 1200",
        "source": "Kaart Ground Survey 2017",
        "wheelchair": "no"
      },
      "geometry": {
        "type": "Point",
        "coordinates": [
          103.889916,
          1.3145235
        ]
      },
      "id": "node/4689622574"
    },
    {
      "type": "Feature",
      "properties": {
        "@id": "node/4689949649",
        "amenity": "cafe",
        "level": "-2",
        "name": "Koi Cafe"
      },
      "geometry": {
        "type": "Point",
        "coordinates": [
          103.7627567,
          1.3782411
        ]
      },
      "id": "node/4689949649"
    },
    {
      "type": "Feature",
      "properties": {
        "@id": "node/4691065509",
        "addr:street": "Hougang Avenue 10",
        "amenity": "cafe",
        "level": "0",
        "name": "Fun Toast"
      },
      "geometry": {
        "type": "Point",
        "coordinates": [
          103.893872,
          1.3727459
        ]
      },
      "id": "node/4691065509"
    },
    {
      "type": "Feature",
      "properties": {
        "@id": "node/4701748944",
        "addr:street": "Still Road",
        "amenity": "cafe",
        "fixme": "name",
        "name": "Moshikomy",
        "pets": "yes",
        "wheelchair": "limited"
      },
      "geometry": {
        "type": "Point",
        "coordinates": [
          103.9054185,
          1.3158041
        ]
      },
      "id": "node/4701748944"
    },
    {
      "type": "Feature",
      "properties": {
        "@id": "node/4701761355",
        "addr:street": "Telok Kurau Court",
        "amenity": "cafe",
        "name": "JC Don Cafe & Bar",
        "source": "Kaart Ground Survey 2017",
        "wheelchair": "no"
      },
      "geometry": {
        "type": "Point",
        "coordinates": [
          103.9111364,
          1.3121146
        ]
      },
      "id": "node/4701761355"
    },
    {
      "type": "Feature",
      "properties": {
        "@id": "node/4702450064",
        "addr:street": "Joo Chiat Road",
        "amenity": "cafe",
        "check_date": "2024-04-21",
        "name": "Hello Arigato",
        "source": "Kaart Ground Survey 2017"
      },
      "geometry": {
        "type": "Point",
        "coordinates": [
          103.9022742,
          1.3094425
        ]
      },
      "id": "node/4702450064"
    },
    {
      "type": "Feature",
      "properties": {
        "@id": "node/4702450066",
        "addr:street": "Joo Chiat Road",
        "amenity": "cafe",
        "check_date": "2022-12-03",
        "name": "Dickson Nasi Lemak",
        "office": "medical",
        "source": "Kaart Ground Survey 2017"
      },
      "geometry": {
        "type": "Point",
        "coordinates": [
          103.9023602,
          1.3093344
        ]
      },
      "id": "node/4702450066"
    },
    {
      "type": "Feature",
      "properties": {
        "@id": "node/4702450068",
        "addr:street": "Joo Chiat Road",
        "amenity": "cafe",
        "changing_table": "no",
        "cuisine": "coffee_shop",
        "level": "0",
        "name": "Kings Cart Coffee Factory",
        "opening_hours": "Mo-Su 09:00-18:00",
        "outdoor_seating": "yes",
        "smoking": "no",
        "takeaway": "yes",
        "toilets": "yes",
        "toilets:access": "customers",
        "toilets:disposal": "flush",
        "toilets:position": "seated",
        "toilets:wheelchair": "no",
        "wheelchair": "no"
      },
      "geometry": {
        "type": "Point",
        "coordinates": [
          103.9023871,
          1.3091015
        ]
      },
      "id": "node/4702450068"
    },
    {
      "type": "Feature",
      "properties": {
        "@id": "node/4702450069",
        "addr:street": "Joo Chiat Road",
        "amenity": "cafe",
        "name": "The Cider Pit",
        "source": "Kaart Ground Survey 2017"
      },
      "geometry": {
        "type": "Point",
        "coordinates": [
          103.902448,
          1.3090259
        ]
      },
      "id": "node/4702450069"
    },
    {
      "type": "Feature",
      "properties": {
        "@id": "node/4702450076",
        "addr:street": "Joo Chiat Road",
        "amenity": "cafe",
        "name": "Mellvin Coffee Shop",
        "source": "Kaart Ground Survey 2017"
      },
      "geometry": {
        "type": "Point",
        "coordinates": [
          103.9029579,
          1.3084882
        ]
      },
      "id": "node/4702450076"
    },
    {
      "type": "Feature",
      "properties": {
        "@id": "node/4702487306",
        "addr:street": "East Coast Road",
        "amenity": "cafe",
        "check_date": "2022-12-03",
        "name": "Micro Bread & Co.",
        "old_name": "Katong Bakery & Confectionary Co",
        "wheelchair": "yes"
      },
      "geometry": {
        "type": "Point",
        "coordinates": [
          103.9037727,
          1.3053163
        ]
      },
      "id": "node/4702487306"
    },
    {
      "type": "Feature",
      "properties": {
        "@id": "node/4703167414",
        "addr:city": "Singapore",
        "addr:housenumber": "17",
        "addr:postcode": "678278",
        "addr:street": "Petir Road, #B1 – 28/29/30 Hillion Mall",
        "amenity": "cafe",
        "brand": "Starbucks",
        "brand:wikidata": "Q37158",
        "brand:wikipedia": "en:Starbucks",
        "cuisine": "coffee_shop",
        "name": "Starbucks",
        "official_name": "Starbucks Coffee",
        "opening_hours": "10:30-21:30",
        "outdoor_seating": "no",
        "takeaway": "yes",
        "wheelchair": "yes"
      },
      "geometry": {
        "type": "Point",
        "coordinates": [
          103.7627101,
          1.3783787
        ]
      },
      "id": "node/4703167414"
    },
    {
      "type": "Feature",
      "properties": {
        "@id": "node/4703167428",
        "addr:city": "Singpore",
        "addr:floor": "B2",
        "addr:housenumber": "#B2-23/24",
        "addr:postcode": "678278",
        "addr:street": "17 Petir Road, Hillion Mall",
        "amenity": "cafe",
        "brand": "Ya Kun Kaya Toast",
        "brand:wikidata": "Q8046237",
        "brand:wikipedia": "en:Ya Kun Kaya Toast",
        "check_date": "2024-12-21",
        "contact:facebook": "https://www.facebook.com/yakunkayatoastsg/",
        "contact:instagram": "https://www.instagram.com/yakunkayatoastsg",
        "cuisine": "coffee_shop",
        "level": "-2",
        "name": "Ya Kun Kaya Toast",
        "opening_hours": "07:30-22:00",
        "outdoor_seating": "no",
        "phone": "+65 6265 9144",
        "takeaway": "yes",
        "website": "https://app.yakun.com"
      },
      "geometry": {
        "type": "Point",
        "coordinates": [
          103.7626833,
          1.3783047
        ]
      },
      "id": "node/4703167428"
    },
    {
      "type": "Feature",
      "properties": {
        "@id": "node/4703848357",
        "addr:housenumber": "301",
        "addr:street": "Joo Chiat Road",
        "amenity": "cafe",
        "check_date": "2024-04-21",
        "name": "Olsen Bakehouse"
      },
      "geometry": {
        "type": "Point",
        "coordinates": [
          103.9023246,
          1.3096307
        ]
      },
      "id": "node/4703848357"
    },
    {
      "type": "Feature",
      "properties": {
        "@id": "node/4703917514",
        "addr:street": "East Coast Road",
        "amenity": "cafe",
        "name": "Mooloolabar",
        "outdoor_seating": "yes",
        "source": "Kaart Ground Survey 2017",
        "website": "https://www.facebook.com/mooloolabar"
      },
      "geometry": {
        "type": "Point",
        "coordinates": [
          103.9024992,
          1.3041777
        ]
      },
      "id": "node/4703917514"
    },
    {
      "type": "Feature",
      "properties": {
        "@id": "node/4709073335",
        "addr:street": "Ubi Avenue 4",
        "amenity": "cafe",
        "name": "C&L Cafe",
        "source": "Kaart Ground Survey 2017"
      },
      "geometry": {
        "type": "Point",
        "coordinates": [
          103.8923394,
          1.3335084
        ]
      },
      "id": "node/4709073335"
    },
    {
      "type": "Feature",
      "properties": {
        "@id": "node/4711990952",
        "addr:postcode": "160132",
        "addr:street": "Jalan Bukit Merah",
        "amenity": "cafe",
        "name": "GHK Food House",
        "source": "Kaart Ground Survey 2017"
      },
      "geometry": {
        "type": "Point",
        "coordinates": [
          103.8283485,
          1.2791337
        ]
      },
      "id": "node/4711990952"
    },
    {
      "type": "Feature",
      "properties": {
        "@id": "node/4712291755",
        "addr:street": "Simon Road",
        "amenity": "cafe",
        "name": "Ice Edge Cafe",
        "source": "Kaart Ground Survey 2017",
        "wheelchair": "limited"
      },
      "geometry": {
        "type": "Point",
        "coordinates": [
          103.8852584,
          1.3621379
        ]
      },
      "id": "node/4712291755"
    },
    {
      "type": "Feature",
      "properties": {
        "@id": "node/4712343574",
        "addr:street": "Upper Serangoon Road",
        "amenity": "cafe",
        "name": "Selegie Soya Bean",
        "shop": "yes",
        "source": "Kaart Ground Survey 2017"
      },
      "geometry": {
        "type": "Point",
        "coordinates": [
          103.8878435,
          1.3624221
        ]
      },
      "id": "node/4712343574"
    },
    {
      "type": "Feature",
      "properties": {
        "@id": "node/4712972593",
        "amenity": "cafe",
        "name": "Mad Cow cafe",
        "name:en": "Mad Cow cafe"
      },
      "geometry": {
        "type": "Point",
        "coordinates": [
          103.8377916,
          1.3735278
        ]
      },
      "id": "node/4712972593"
    },
    {
      "type": "Feature",
      "properties": {
        "@id": "node/4714378345",
        "addr:city": "Singapore",
        "addr:housenumber": "211",
        "addr:street": "Henderson Road",
        "amenity": "cafe",
        "cuisine": "international",
        "internet_access": "no",
        "name": "The Nook"
      },
      "geometry": {
        "type": "Point",
        "coordinates": [
          103.8195696,
          1.2821093
        ]
      },
      "id": "node/4714378345"
    },
    {
      "type": "Feature",
      "properties": {
        "@id": "node/4715290933",
        "addr:street": "Coronation Road",
        "addr:unit": "#01-03",
        "amenity": "cafe",
        "brand": "Starbucks",
        "brand:wikidata": "Q37158",
        "brand:wikipedia": "en:Starbucks",
        "cuisine": "coffee_shop",
        "name": "Starbucks",
        "name:en": "Starbucks",
        "name:zh": "星巴克",
        "official_name": "Starbucks Coffee",
        "operator": "Starbucks",
        "outdoor_seating": "yes",
        "smoking": "outside",
        "source": "Kaart Ground Survey 2017",
        "takeaway": "yes"
      },
      "geometry": {
        "type": "Point",
        "coordinates": [
          103.8103227,
          1.3236266
        ]
      },
      "id": "node/4715290933"
    },
    {
      "type": "Feature",
      "properties": {
        "@id": "node/4715369282",
        "addr:floor": "1",
        "addr:housenumber": "6",
        "addr:street": "Duke's Road",
        "air_conditioning": "yes",
        "amenity": "cafe",
        "check_date": "2022-12-11",
        "cuisine": "coffee_shop;brunch",
        "internet_access": "wlan",
        "internet_access:fee": "customers",
        "name": "Atlas Coffee House",
        "opening_hours": "Mo off; Tu-Su 08:00-19:00",
        "outdoor_seating": "yes",
        "payment:cash": "no",
        "payment:credit_cards": "yes",
        "payment:debit_cards": "yes",
        "payment:mastercard": "yes",
        "payment:nets": "yes",
        "payment:visa": "yes",
        "source": "Kaart Ground Survey 2017",
        "takeaway": "yes",
        "wheelchair": "no"
      },
      "geometry": {
        "type": "Point",
        "coordinates": [
          103.8120098,
          1.3229369
        ]
      },
      "id": "node/4715369282"
    },
    {
      "type": "Feature",
      "properties": {
        "@id": "node/4715487773",
        "addr:city": "Singapore",
        "addr:housenumber": "468",
        "addr:postcode": "368185",
        "addr:street": "MacPherson Road",
        "air_conditioning": "yes",
        "amenity": "cafe",
        "contact:facebook": "https://www.facebook.com/ParteaSingapore/",
        "cuisine": "bubble_tea",
        "level": "0",
        "name": "Partea",
        "opening_hours": "Mo-Su 11:00-20:00",
        "outdoor_seating": "no",
        "takeaway": "only"
      },
      "geometry": {
        "type": "Point",
        "coordinates": [
          103.882721,
          1.332037
        ]
      },
      "id": "node/4715487773"
    },
    {
      "type": "Feature",
      "properties": {
        "@id": "node/4715761688",
        "addr:street": "Jalan Bunga Rampai",
        "amenity": "cafe",
        "name": "Yong Fu Coffee Shop",
        "source": "Kaart Ground Survey 2017"
      },
      "geometry": {
        "type": "Point",
        "coordinates": [
          103.886055,
          1.3389951
        ]
      },
      "id": "node/4715761688"
    },
    {
      "type": "Feature",
      "properties": {
        "@id": "node/4718354890",
        "addr:housenumber": "785",
        "amenity": "cafe",
        "name": "Hyde & Co",
        "name:en": "Hyde & Co",
        "phone": "+6566355785",
        "source": "Kaart Ground Survey 2017"
      },
      "geometry": {
        "type": "Point",
        "coordinates": [
          103.8599324,
          1.3038412
        ]
      },
      "id": "node/4718354890"
    },
    {
      "type": "Feature",
      "properties": {
        "@id": "node/4723114957",
        "addr:street": "Kensington Park Road",
        "amenity": "cafe",
        "name": "Two Tall Trees",
        "source": "Kaart Ground Survey 2017"
      },
      "geometry": {
        "type": "Point",
        "coordinates": [
          103.8661529,
          1.3652584
        ]
      },
      "id": "node/4723114957"
    },
    {
      "type": "Feature",
      "properties": {
        "@id": "node/4723193886",
        "addr:housenumber": "12F",
        "addr:postcode": "759930",
        "addr:street": "Andrews Avenue",
        "amenity": "cafe",
        "check_date": "2023-07-15",
        "cuisine": "peranakan;fusion",
        "internet_access": "wlan",
        "internet_access:fee": "customers",
        "name": "Woody Family Paranakan House Cafe",
        "opening_hours": "Tu-Su 11:30-15:00, 17:00-23:00",
        "source": "Kaart Ground Survey 2017"
      },
      "geometry": {
        "type": "Point",
        "coordinates": [
          103.8377391,
          1.458145
        ]
      },
      "id": "node/4723193886"
    },
    {
      "type": "Feature",
      "properties": {
        "@id": "node/4723219337",
        "addr:city": "Singapore",
        "addr:housenumber": "63",
        "addr:postcode": "049514",
        "addr:street": "Chulia Street #01-01A/01B OCBC Centre East",
        "amenity": "cafe",
        "brand": "Starbucks",
        "brand:wikidata": "Q37158",
        "brand:wikipedia": "en:Starbucks",
        "cuisine": "coffee_shop",
        "name": "Starbucks",
        "official_name": "Starbucks Coffee",
        "outdoor_seating": "no",
        "source": "Kaart Ground Survey 2017",
        "takeaway": "yes",
        "wheelchair": "yes"
      },
      "geometry": {
        "type": "Point",
        "coordinates": [
          103.8498255,
          1.2850987
        ]
      },
      "id": "node/4723219337"
    },
    {
      "type": "Feature",
      "properties": {
        "@id": "node/4724989242",
        "addr:street": "Anson Road",
        "amenity": "cafe",
        "name": "Dimbulah",
        "source": "Kaart Ground Survey 2017"
      },
      "geometry": {
        "type": "Point",
        "coordinates": [
          103.8445951,
          1.2737664
        ]
      },
      "id": "node/4724989242"
    },
    {
      "type": "Feature",
      "properties": {
        "@id": "node/4725018634",
        "addr:city": "Singapore",
        "addr:country": "SG",
        "addr:housenumber": "10",
        "addr:postcode": "079903",
        "addr:street": "#01-32 Anson Rd, International Plaza",
        "amenity": "cafe",
        "brand": "The Coffee Bean & Tea Leaf",
        "brand:wikidata": "Q1141384",
        "brand:wikipedia": "en:The Coffee Bean & Tea Leaf",
        "cuisine": "coffee_shop",
        "level": "0",
        "name": "The Coffee Bean & Tea Leaf",
        "source": "Kaart Ground Survey 2017",
        "takeaway": "yes"
      },
      "geometry": {
        "type": "Point",
        "coordinates": [
          103.8462919,
          1.2758765
        ]
      },
      "id": "node/4725018634"
    },
    {
      "type": "Feature",
      "properties": {
        "@id": "node/4726775776",
        "addr:street": "Robinson Road",
        "amenity": "cafe",
        "name": "Cosat Coffee",
        "source": "Kaart Ground Survey 2017"
      },
      "geometry": {
        "type": "Point",
        "coordinates": [
          103.8495645,
          1.2798619
        ]
      },
      "id": "node/4726775776"
    },
    {
      "type": "Feature",
      "properties": {
        "@id": "node/4726818499",
        "air_conditioning": "yes",
        "amenity": "cafe",
        "diet:vegan": "no",
        "diet:vegetarian": "yes",
        "indoor_seating": "yes",
        "level": "0",
        "name": "Crossings",
        "opening_hours": "Tu-Su 10:00-22:00",
        "outdoor_seating": "no",
        "payment:credit_cards": "yes",
        "payment:debit_cards": "yes",
        "source": "Kaart Ground Survey 2017",
        "wheelchair": "no"
      },
      "geometry": {
        "type": "Point",
        "coordinates": [
          103.8513768,
          1.2983627
        ]
      },
      "id": "node/4726818499"
    },
    {
      "type": "Feature",
      "properties": {
        "@id": "node/4726868800",
        "addr:city": "Singapore",
        "addr:street": "Upper Thomson Road",
        "amenity": "cafe",
        "name": "Cafe Etc.",
        "source": "Kaart Ground Survey 2017"
      },
      "geometry": {
        "type": "Point",
        "coordinates": [
          103.8351973,
          1.3519435
        ]
      },
      "id": "node/4726868800"
    },
    {
      "type": "Feature",
      "properties": {
        "@id": "node/4726888126",
        "addr:street": "Waterloo Close",
        "amenity": "cafe",
        "name": "Station 51",
        "source": "Kaart Ground Survey 2017"
      },
      "geometry": {
        "type": "Point",
        "coordinates": [
          103.8482867,
          1.297469
        ]
      },
      "id": "node/4726888126"
    },
    {
      "type": "Feature",
      "properties": {
        "@id": "node/4729016990",
        "addr:postcode": "040893",
        "addr:street": "North Bridge Road",
        "amenity": "cafe",
        "name": "Pancake Boss Martabak Manis",
        "name:en": "Pancake Boss Martabak Manis",
        "opening_hours": "Mo-Su 12:00-20:00",
        "website": "https://www.facebook.com/Pancake-Boss-1127159953976779/"
      },
      "geometry": {
        "type": "Point",
        "coordinates": [
          103.8554522,
          1.298025
        ]
      },
      "id": "node/4729016990"
    },
    {
      "type": "Feature",
      "properties": {
        "@id": "node/4729016994",
        "addr:postcode": "069892",
        "amenity": "cafe",
        "name": "Dapper Coffee",
        "opening_hours": "Mo-Fr 08:00-17:00",
        "website": "https://dappercoffee.com/"
      },
      "geometry": {
        "type": "Point",
        "coordinates": [
          103.8466941,
          1.2802779
        ]
      },
      "id": "node/4729016994"
    },
    {
      "type": "Feature",
      "properties": {
        "@id": "node/4729017990",
        "addr:postcode": "048582",
        "amenity": "cafe",
        "indoor_seating": "yes",
        "name": "Delicius Pasticceria",
        "name:en": "Delicius Pasticceria",
        "opening_hours": "Mo-Su 08:00-23:00",
        "outdoor_seating": "no",
        "website": "https://www.facebook.com/DeliciusSG",
        "wheelchair": "yes"
      },
      "geometry": {
        "type": "Point",
        "coordinates": [
          103.8503427,
          1.2807589
        ]
      },
      "id": "node/4729017990"
    },
    {
      "type": "Feature",
      "properties": {
        "@id": "node/4729031891",
        "addr:postcode": "179103",
        "amenity": "cafe",
        "name": "Tiong Bahru Bakery",
        "name:en": "Tiong Bahru Bakery",
        "name:zh": "中峇魯烘焙坊",
        "opening_hours": "Mo-Su 08:00-20:00",
        "phone": "+6563334160",
        "website": "https://www.tiongbahrubakery.com/"
      },
      "geometry": {
        "type": "Point",
        "coordinates": [
          103.8538178,
          1.293587
        ]
      },
      "id": "node/4729031891"
    },
    {
      "type": "Feature",
      "properties": {
        "@id": "node/4729038192",
        "addr:housenumber": "10",
        "addr:postcode": "828836",
        "addr:street": "Tebing Lane",
        "amenity": "cafe",
        "name": "Whisk & Paddle",
        "name:en": "Whisk & Paddle",
        "opening_hours": "Tu-Fr 03:30-22:30; Sa-Su 09:30-22:30",
        "phone": "+65 62424617",
        "website": "http://whiskandpaddle.com.sg/"
      },
      "geometry": {
        "type": "Point",
        "coordinates": [
          103.9174052,
          1.3929117
        ]
      },
      "id": "node/4729038192"
    },
    {
      "type": "Feature",
      "properties": {
        "@id": "node/4729038490",
        "addr:postcode": "068637",
        "amenity": "cafe",
        "name": "Pantler",
        "name:en": "Pantler",
        "opening_hours": "Mo-Fr 08:30-19:30; Sa 10:30-17:30",
        "phone": "+6562216223",
        "website": "http://www.pantler.com.sg/"
      },
      "geometry": {
        "type": "Point",
        "coordinates": [
          103.8471382,
          1.2802342
        ]
      },
      "id": "node/4729038490"
    },
    {
      "type": "Feature",
      "properties": {
        "@id": "node/4729040289",
        "addr:postcode": "100045",
        "amenity": "cafe",
        "name": "Out Of The Cake Box (Telok Blangah)",
        "name:en": "Out Of The Cake Box (Telok Blangah)",
        "opening_hours": "Mo-Su 12:00-20:30",
        "website": "https://www.outofthecakebox.com/"
      },
      "geometry": {
        "type": "Point",
        "coordinates": [
          103.8093601,
          1.2716843
        ]
      },
      "id": "node/4729040289"
    },
    {
      "type": "Feature",
      "properties": {
        "@id": "node/4729378189",
        "addr:housenumber": "3",
        "addr:postcode": "038983",
        "addr:street": "Temasek Boulevard",
        "amenity": "cafe",
        "name": "Mad for Garlic",
        "name:en": "Mad for Garlic",
        "phone": "+6562381930",
        "website": "http://www.madforgarlic.com.sg/"
      },
      "geometry": {
        "type": "Point",
        "coordinates": [
          103.8565201,
          1.2934903
        ]
      },
      "id": "node/4729378189"
    },
    {
      "type": "Feature",
      "properties": {
        "@id": "node/4729378191",
        "addr:postcode": "160055",
        "amenity": "cafe",
        "cuisine": "italian;ice_cream;dessert",
        "name": "Chapter 55",
        "name:en": "Chapter 55",
        "opening_hours": "Mo-Su 11:30-23:00",
        "outdoor_seating": "yes",
        "phone": "+6562212219",
        "website": "https://www.facebook.com/chapter55"
      },
      "geometry": {
        "type": "Point",
        "coordinates": [
          103.8344071,
          1.2842017
        ]
      },
      "id": "node/4729378191"
    },
    {
      "type": "Feature",
      "properties": {
        "@id": "node/4729409689",
        "addr:housenumber": "5",
        "addr:postcode": "545893",
        "addr:street": "Simon Road",
        "amenity": "cafe",
        "name": "Lola's Cafe",
        "name:en": "Lola's Cafe",
        "opening_hours": "Su, Tu-Th 10:00-23:30; Fr 10:00-00:00",
        "phone": "+6562840349",
        "toilets:wheelchair": "yes",
        "website": "https://www.lolascafe.com.sg/",
        "wheelchair": "yes"
      },
      "geometry": {
        "type": "Point",
        "coordinates": [
          103.8859446,
          1.3616561
        ]
      },
      "id": "node/4729409689"
    },
    {
      "type": "Feature",
      "properties": {
        "@id": "node/4729472896",
        "addr:housenumber": "421",
        "addr:postcode": "429008",
        "addr:street": "East Coast Road",
        "amenity": "cafe",
        "name": "Oh Deli",
        "name:en": "Oh Deli",
        "website": "https://www.ohdeli.com.sg",
        "wheelchair": "limited"
      },
      "geometry": {
        "type": "Point",
        "coordinates": [
          103.9119915,
          1.3090405
        ]
      },
      "id": "node/4729472896"
    },
    {
      "type": "Feature",
      "properties": {
        "@id": "node/4729495290",
        "addr:postcode": "238895",
        "amenity": "cafe",
        "name": "O'ma Spoon",
        "name:en": "O'ma Spoon",
        "website": "https://www.omaspoon.com/",
        "wheelchair": "yes"
      },
      "geometry": {
        "type": "Point",
        "coordinates": [
          103.838271,
          1.3010262
        ]
      },
      "id": "node/4729495290"
    },
    {
      "type": "Feature",
      "properties": {
        "@id": "node/4729498290",
        "addr:postcode": "189204",
        "amenity": "cafe",
        "name": "Selfie Coffee",
        "name:en": "Selfie Coffee",
        "website": "https://www.facebook.com/selfiecoffeesg/"
      },
      "geometry": {
        "type": "Point",
        "coordinates": [
          103.8592282,
          1.3004968
        ]
      },
      "id": "node/4729498290"
    },
    {
      "type": "Feature",
      "properties": {
        "@id": "node/4729535490",
        "amenity": "cafe",
        "level": "3",
        "name": "Super Dario Lasagne Cafe",
        "name:en": "Super Dario Lasagne Cafe",
        "website": "https://www.facebook.com/sdlasagne"
      },
      "geometry": {
        "type": "Point",
        "coordinates": [
          103.8568471,
          1.3110911
        ]
      },
      "id": "node/4729535490"
    },
    {
      "type": "Feature",
      "properties": {
        "@id": "node/4732862922",
        "addr:street": "Arab Street",
        "amenity": "cafe",
        "brand": "Mixue Ice Cream & Tea",
        "brand:wikidata": "Q107406476",
        "cuisine": "ice_cream;bubble_tea",
        "name": "Mixue",
        "source": "Kaart Ground Survey 2017",
        "takeaway": "yes"
      },
      "geometry": {
        "type": "Point",
        "coordinates": [
          103.8586341,
          1.3019685
        ]
      },
      "id": "node/4732862922"
    },
    {
      "type": "Feature",
      "properties": {
        "@id": "node/4733077211",
        "addr:street": "North Bridge Road",
        "amenity": "cafe",
        "name": "Meomi Cat Cafe",
        "source": "Kaart Ground Survey 2017",
        "wheelchair": "no"
      },
      "geometry": {
        "type": "Point",
        "coordinates": [
          103.8582919,
          1.30161
        ]
      },
      "id": "node/4733077211"
    },
    {
      "type": "Feature",
      "properties": {
        "@id": "node/4733077216",
        "addr:street": "Arab Street",
        "amenity": "cafe",
        "name": "Sexy Coffee",
        "source": "Kaart Ground Survey 2017"
      },
      "geometry": {
        "type": "Point",
        "coordinates": [
          103.859745,
          1.3004376
        ]
      },
      "id": "node/4733077216"
    },
    {
      "type": "Feature",
      "properties": {
        "@id": "node/4734927761",
        "addr:housenumber": "110",
        "addr:postcode": "228708",
        "addr:street": "MacKenzie Road",
        "amenity": "cafe",
        "contact:facebook": "https://www.facebook.com/warmupcafesg/",
        "cuisine": "thai",
        "email": "warmupcafesingapore@gmail.com",
        "name": "Warm Up Cafe",
        "opening_hours": "Mo-Su 00:00-06:00, 12:00-23:59",
        "outdoor_seating": "yes",
        "source": "Kaart Ground Survey 2017"
      },
      "geometry": {
        "type": "Point",
        "coordinates": [
          103.8472846,
          1.3064828
        ]
      },
      "id": "node/4734927761"
    },
    {
      "type": "Feature",
      "properties": {
        "@id": "node/4734935249",
        "addr:city": "Singapore",
        "addr:floor": "1",
        "addr:housenumber": "104",
        "addr:street": "Jalan Jurong Kechil",
        "amenity": "cafe",
        "check_date": "2025-04-13",
        "cuisine": "brunch;burger",
        "level": "0",
        "name": "Flagwhite",
        "payment:cash": "yes",
        "payment:credit_cards": "yes",
        "payment:debit_cards": "yes",
        "source": "Reconocimiento terrestre por Kaart 2017",
        "wheelchair": "yes"
      },
      "geometry": {
        "type": "Point",
        "coordinates": [
          103.7724164,
          1.3408716
        ]
      },
      "id": "node/4734935249"
    },
    {
      "type": "Feature",
      "properties": {
        "@id": "node/4735165849",
        "addr:street": "MacKenzie Road",
        "air_conditioning": "yes",
        "amenity": "cafe",
        "indoor_seating": "yes",
        "name": "Le Cafe Confectionary & Pastry",
        "outdoor_seating": "no",
        "source": "Kaart Ground Survey 2017"
      },
      "geometry": {
        "type": "Point",
        "coordinates": [
          103.8493748,
          1.3047024
        ]
      },
      "id": "node/4735165849"
    },
    {
      "type": "Feature",
      "properties": {
        "@id": "node/4735281561",
        "amenity": "cafe",
        "cuisine": "cake",
        "name": "DINO",
        "source": "Kaart Ground Survey 2017",
        "wheelchair": "no"
      },
      "geometry": {
        "type": "Point",
        "coordinates": [
          103.8335152,
          1.3534156
        ]
      },
      "id": "node/4735281561"
    },
    {
      "type": "Feature",
      "properties": {
        "@id": "node/4736908326",
        "addr:street": "Outram Road",
        "amenity": "cafe",
        "name": "Sam Yat Coffee",
        "source": "Kaart Ground Survey 2017"
      },
      "geometry": {
        "type": "Point",
        "coordinates": [
          103.8349888,
          1.2846281
        ]
      },
      "id": "node/4736908326"
    },
    {
      "type": "Feature",
      "properties": {
        "@id": "node/4737040974",
        "amenity": "cafe",
        "check_date": "2023-05-31",
        "name": "Coba Kedai Kopi",
        "source": "Kaart Ground Survey 2017"
      },
      "geometry": {
        "type": "Point",
        "coordinates": [
          103.8592828,
          1.3138189
        ]
      },
      "id": "node/4737040974"
    },
    {
      "type": "Feature",
      "properties": {
        "@id": "node/4737053627",
        "addr:city": "Singapore",
        "addr:housenumber": "49",
        "addr:postcode": "169362",
        "addr:street": "Kampong Bahru Road",
        "amenity": "cafe",
        "name": "Highlander Coffee",
        "phone": "+65 6223 7102",
        "source": "Kaart Ground Survey 2017",
        "website": "https://www.highlandercoffee.com/"
      },
      "geometry": {
        "type": "Point",
        "coordinates": [
          103.8361215,
          1.2767642
        ]
      },
      "id": "node/4737053627"
    },
    {
      "type": "Feature",
      "properties": {
        "@id": "node/4738136626",
        "addr:city": "Singapore",
        "addr:housenumber": "#01-31",
        "addr:postcode": "059817",
        "addr:street": "6 Eu Tong Sen Street, Clarke Quay Central",
        "amenity": "cafe",
        "level": "0",
        "name": "Ya Kun Family Café",
        "name:en": "Ya Kun Family Café",
        "name:zh": "亞坤吐司",
        "toilets:wheelchair": "no",
        "wheelchair": "yes"
      },
      "geometry": {
        "type": "Point",
        "coordinates": [
          103.8466808,
          1.2886339
        ]
      },
      "id": "node/4738136626"
    },
    {
      "type": "Feature",
      "properties": {
        "@id": "node/4738136627",
        "addr:city": "Singapore",
        "addr:housenumber": "#B1-80",
        "addr:postcode": "179103",
        "addr:street": "252 North Bridge Road, Raffles City Shopping Centre",
        "amenity": "cafe",
        "brand": "Ya Kun Kaya Toast",
        "brand:wikidata": "Q8046237",
        "brand:wikipedia": "en:Ya Kun Kaya Toast",
        "cuisine": "coffee_shop",
        "name": "Ya Kun Kaya Toast",
        "name:zh": "亞坤",
        "takeaway": "yes"
      },
      "geometry": {
        "type": "Point",
        "coordinates": [
          103.853512,
          1.293344
        ]
      },
      "id": "node/4738136627"
    },
    {
      "type": "Feature",
      "properties": {
        "@id": "node/4738318729",
        "addr:street": "Syed Alwi Road",
        "amenity": "cafe",
        "name": "Mustafa Cafe",
        "source": "Kaart Ground Survey 2017"
      },
      "geometry": {
        "type": "Point",
        "coordinates": [
          103.8554809,
          1.3098923
        ]
      },
      "id": "node/4738318729"
    },
    {
      "type": "Feature",
      "properties": {
        "@id": "node/4738318738",
        "addr:street": "Syed Alwi Road",
        "amenity": "cafe",
        "name": "Qtech",
        "source": "Kaart Ground Survey 2017"
      },
      "geometry": {
        "type": "Point",
        "coordinates": [
          103.8576806,
          1.3078238
        ]
      },
      "id": "node/4738318738"
    },
    {
      "type": "Feature",
      "properties": {
        "@id": "node/4740058129",
        "addr:city": "Singapore",
        "addr:street": "Rangoon Road",
        "amenity": "cafe",
        "cuisine": "indian;western;chinese",
        "name": "Hoe Lye",
        "source": "Kaart Ground Survey 2017"
      },
      "geometry": {
        "type": "Point",
        "coordinates": [
          103.8538449,
          1.3144933
        ]
      },
      "id": "node/4740058129"
    },
    {
      "type": "Feature",
      "properties": {
        "@id": "node/4740253735",
        "addr:street": "Woodlands Industrial Park E5",
        "amenity": "cafe",
        "name": "280 Cafe",
        "source": "Kaart Ground Survey 2017"
      },
      "geometry": {
        "type": "Point",
        "coordinates": [
          103.7919449,
          1.4505576
        ]
      },
      "id": "node/4740253735"
    },
    {
      "type": "Feature",
      "properties": {
        "@id": "node/4745185236",
        "addr:city": "Singapore",
        "addr:housenumber": "315",
        "addr:postcode": "208973",
        "addr:street": "Jalan Besar",
        "air_conditioning": "yes",
        "amenity": "cafe",
        "check_date": "2025-01-30",
        "indoor_seating": "yes",
        "name": "Average Service",
        "opening_hours": "08:00-23:30"
      },
      "geometry": {
        "type": "Point",
        "coordinates": [
          103.8591829,
          1.3115405
        ]
      },
      "id": "node/4745185236"
    },
    {
      "type": "Feature",
      "properties": {
        "@id": "node/4745185237",
        "addr:city": "Singapore",
        "addr:street": "Jalan Besar",
        "amenity": "cafe",
        "check_date": "2025-12-18",
        "name": "Asylum",
        "opening_hours": "08:00-16:30",
        "source": "Kaart Ground Survey 2017"
      },
      "geometry": {
        "type": "Point",
        "coordinates": [
          103.8590382,
          1.3113516
        ]
      },
      "id": "node/4745185237"
    },
    {
      "type": "Feature",
      "properties": {
        "@id": "node/4745221671",
        "addr:city": "Singapore",
        "addr:housenumber": "147",
        "addr:street": "Jalan Besar",
        "amenity": "cafe",
        "check_date": "2024-05-10",
        "name": "Butter Studio",
        "source": "Kaart Ground Survey 2017"
      },
      "geometry": {
        "type": "Point",
        "coordinates": [
          103.8563102,
          1.307162
        ]
      },
      "id": "node/4745221671"
    },
    {
      "type": "Feature",
      "properties": {
        "@id": "node/4745227680",
        "addr:street": "Cantonment Road",
        "amenity": "cafe",
        "name": "Bero Coffee Singapore",
        "source": "Kaart Ground Survey 2017"
      },
      "geometry": {
        "type": "Point",
        "coordinates": [
          103.8401423,
          1.278965
        ]
      },
      "id": "node/4745227680"
    },
    {
      "type": "Feature",
      "properties": {
        "@id": "node/4747751571",
        "addr:street": "Taman Mas Merah",
        "amenity": "cafe",
        "name": "Sisters Cookies"
      },
      "geometry": {
        "type": "Point",
        "coordinates": [
          103.762045,
          1.3082921
        ]
      },
      "id": "node/4747751571"
    },
    {
      "type": "Feature",
      "properties": {
        "@id": "node/4749101758",
        "addr:housenumber": "412",
        "addr:street": "Balestier Road",
        "amenity": "cafe",
        "cuisine": "dessert",
        "name": "Original Herbal Shop",
        "opening_hours": "Mo-Su,PH 11:30-23:00",
        "payment:cash": "yes",
        "source": "Kaart Ground Survey 2017",
        "wheelchair": "limited"
      },
      "geometry": {
        "type": "Point",
        "coordinates": [
          103.8496487,
          1.3257649
        ]
      },
      "id": "node/4749101758"
    },
    {
      "type": "Feature",
      "properties": {
        "@id": "node/4749144144",
        "addr:street": "Kim Keat Road",
        "amenity": "cafe",
        "check_date": "2025-08-23",
        "healthcare": "dentist",
        "name": "Ralovs Cafe",
        "source": "Kaart Ground Survey 2017"
      },
      "geometry": {
        "type": "Point",
        "coordinates": [
          103.8534615,
          1.3247998
        ]
      },
      "id": "node/4749144144"
    },
    {
      "type": "Feature",
      "properties": {
        "@id": "node/4749248049",
        "addr:city": "Singapore",
        "addr:housenumber": "227",
        "addr:postcode": "574359",
        "addr:street": "Upper Thomson Road",
        "addr:unit": "227",
        "amenity": "cafe",
        "level": "0",
        "name": "Hello Arigato",
        "wheelchair": "no"
      },
      "geometry": {
        "type": "Point",
        "coordinates": [
          103.834437,
          1.3528609
        ]
      },
      "id": "node/4749248049"
    },
    {
      "type": "Feature",
      "properties": {
        "@id": "node/4749248050",
        "addr:city": "Singapore",
        "addr:street": "Upper Thomson Road",
        "amenity": "cafe",
        "name": "Bakery House Cafe",
        "source": "Kaart Ground Survey 2017",
        "wheelchair": "no"
      },
      "geometry": {
        "type": "Point",
        "coordinates": [
          103.8343802,
          1.3528994
        ]
      },
      "id": "node/4749248050"
    },
    {
      "type": "Feature",
      "properties": {
        "@id": "node/4751149020",
        "addr:city": "Singapore",
        "addr:housenumber": "50",
        "addr:postcode": "639798",
        "addr:street": "Nanyang Avenue",
        "amenity": "cafe",
        "cuisine": "bubble_tea",
        "name": "Each-A-Cup",
        "wheelchair": "yes"
      },
      "geometry": {
        "type": "Point",
        "coordinates": [
          103.6808489,
          1.3468483
        ]
      },
      "id": "node/4751149020"
    },
    {
      "type": "Feature",
      "properties": {
        "@id": "node/4751149321",
        "addr:city": "Singapore",
        "addr:housenumber": "50",
        "addr:postcode": "639798",
        "addr:street": "Nanyang Avenue",
        "amenity": "cafe",
        "brand": "Luckin Coffee",
        "brand:wikidata": "Q56811344",
        "cuisine": "coffee_shop",
        "drive_through": "no",
        "name": "Luckin Coffee",
        "name:zh": "赛百味",
        "opening_hours": "Mo-Fr 08:00-21:00; Sa-Su,PH 09:00-21:00",
        "takeaway": "yes",
        "wheelchair": "yes"
      },
      "geometry": {
        "type": "Point",
        "coordinates": [
          103.6821534,
          1.3423923
        ]
      },
      "id": "node/4751149321"
    },
    {
      "type": "Feature",
      "properties": {
        "@id": "node/4753211623",
        "amenity": "cafe",
        "brand": "Starbucks",
        "brand:wikidata": "Q37158",
        "brand:wikipedia": "en:Starbucks",
        "cuisine": "coffee_shop",
        "indoor_seating": "yes",
        "level": "0",
        "name": "Starbucks",
        "official_name": "Starbucks Coffee",
        "outdoor_seating": "yes",
        "takeaway": "yes",
        "wheelchair": "yes"
      },
      "geometry": {
        "type": "Point",
        "coordinates": [
          103.8559052,
          1.2994608
        ]
      },
      "id": "node/4753211623"
    },
    {
      "type": "Feature",
      "properties": {
        "@id": "node/4753860562",
        "addr:unit": "#01-09",
        "amenity": "cafe",
        "cuisine": "sandwich",
        "name": "Joe and Juice",
        "opening_hours": "Mo-Fr 07:30-19:00; Sa,Su 08:00-19:00",
        "outdoor_seating": "yes",
        "website": "https://www.joejuice.com/",
        "wheelchair": "yes"
      },
      "geometry": {
        "type": "Point",
        "coordinates": [
          103.842132,
          1.2471459
        ]
      },
      "id": "node/4753860562"
    },
    {
      "type": "Feature",
      "properties": {
        "@id": "node/4755243794",
        "addr:city": "Singapore",
        "addr:housenumber": "59",
        "addr:postcode": "636921",
        "addr:street": "Nanyang Drive",
        "air_conditioning": "yes",
        "amenity": "cafe",
        "cuisine": "sandwich;salad;regional",
        "level": "3",
        "name": "June's Breathe Cafe",
        "opening_hours": "Mo-Fr 08:00-17:00"
      },
      "geometry": {
        "type": "Point",
        "coordinates": [
          103.6783322,
          1.344709
        ]
      },
      "id": "node/4755243794"
    },
    {
      "type": "Feature",
      "properties": {
        "@id": "node/4756098421",
        "addr:city": "Singapore",
        "addr:housenumber": "#026-084-07",
        "addr:postcode": "819643",
        "addr:street": "60 Airport Boulevard, Singapore Changi Airport Terminal 2  Departure/ Transit Lounge South, Transfer F, Level 2",
        "amenity": "cafe",
        "brand": "The Coffee Bean & Tea Leaf",
        "brand:wikidata": "Q1141384",
        "check_date": "2024-06-07",
        "cuisine": "coffee_shop",
        "level": "1",
        "name": "The Coffee Bean & Tea Leaf",
        "takeaway": "yes"
      },
      "geometry": {
        "type": "Point",
        "coordinates": [
          103.9891935,
          1.3536458
        ]
      },
      "id": "node/4756098421"
    },
    {
      "type": "Feature",
      "properties": {
        "@id": "node/4763858421",
        "amenity": "cafe",
        "name": "Twenty Grammes",
        "name:en": "Twenty Grammes"
      },
      "geometry": {
        "type": "Point",
        "coordinates": [
          103.8556948,
          1.3724755
        ]
      },
      "id": "node/4763858421"
    },
    {
      "type": "Feature",
      "properties": {
        "@id": "node/4766033754",
        "amenity": "cafe",
        "check_date": "2023-08-02",
        "level": "0",
        "name": "Kraftwich by Swissbake",
        "outdoor_seating": "yes"
      },
      "geometry": {
        "type": "Point",
        "coordinates": [
          103.8496293,
          1.2960419
        ]
      },
      "id": "node/4766033754"
    },
    {
      "type": "Feature",
      "properties": {
        "@id": "node/4770641426",
        "amenity": "cafe",
        "name": "Whisk"
      },
      "geometry": {
        "type": "Point",
        "coordinates": [
          103.8330993,
          1.2848484
        ]
      },
      "id": "node/4770641426"
    },
    {
      "type": "Feature",
      "properties": {
        "@id": "node/4794899113",
        "addr:city": "Singapore",
        "addr:country": "SG",
        "addr:housenumber": "#01-01",
        "addr:postcode": "259760",
        "addr:street": "Cluny Court",
        "amenity": "cafe",
        "branch": "Bukit Timah",
        "check_date": "2024-01-24",
        "cuisine": "italian",
        "level": "0",
        "name": "Da Paolo Gastronomia",
        "opening_hours": "Mo-Su 07:30-22:00",
        "outdoor_seating": "yes",
        "phone": "+65 6468 7010",
        "website": "https://www.dapaolo.com.sg/gastronomia"
      },
      "geometry": {
        "type": "Point",
        "coordinates": [
          103.814509,
          1.3227163
        ]
      },
      "id": "node/4794899113"
    },
    {
      "type": "Feature",
      "properties": {
        "@id": "node/4836072451",
        "addr:city": "Singapore",
        "addr:country": "SG",
        "addr:housenumber": "1",
        "addr:postcode": "545078",
        "addr:street": "Sengkang Square, Compass One",
        "amenity": "cafe",
        "branch": "Compass One",
        "brand": "Starbucks",
        "brand:wikidata": "Q37158",
        "brand:wikipedia": "en:Starbucks",
        "cuisine": "coffee_shop",
        "internet_access": "yes",
        "level": "0",
        "name": "Starbucks",
        "official_name": "Starbucks Coffee",
        "opening_hours": "Su-Th 08:00-22:30; PH -1 day,Fr-Sa 08:00-23:30",
        "phone": "+65 6910 1321",
        "smoking": "no",
        "takeaway": "yes",
        "website": "https://www.starbucks.com.sg/",
        "wheelchair": "yes"
      },
      "geometry": {
        "type": "Point",
        "coordinates": [
          103.8949358,
          1.392511
        ]
      },
      "id": "node/4836072451"
    },
    {
      "type": "Feature",
      "properties": {
        "@id": "node/4837878623",
        "addr:city": "Singapore",
        "addr:country": "SG",
        "addr:housenumber": "18",
        "addr:postcode": "539775",
        "addr:street": "Tai Seng Street",
        "addr:unit": "#B1-01",
        "amenity": "cafe",
        "level": "-1",
        "name": "Fun Toast"
      },
      "geometry": {
        "type": "Point",
        "coordinates": [
          103.888631,
          1.3363075
        ]
      },
      "id": "node/4837878623"
    },
    {
      "type": "Feature",
      "properties": {
        "@id": "node/4837878625",
        "addr:city": "Singapore",
        "addr:country": "SG",
        "addr:housenumber": "18",
        "addr:postcode": "539775",
        "addr:street": "Tai Seng Street",
        "addr:unit": "#B1-11",
        "amenity": "cafe",
        "brand": "Gong Cha",
        "brand:wikidata": "Q5581670",
        "brand:zh": "貢茶",
        "cuisine": "bubble_tea",
        "int_name": "Gong Cha",
        "level": "-1",
        "name": "Gong Cha",
        "name:zh": "貢茶",
        "takeaway": "yes"
      },
      "geometry": {
        "type": "Point",
        "coordinates": [
          103.8887173,
          1.3363468
        ]
      },
      "id": "node/4837878625"
    },
    {
      "type": "Feature",
      "properties": {
        "@id": "node/4865424321",
        "addr:city": "Singapore",
        "addr:country": "SG",
        "addr:housenumber": "11",
        "addr:postcode": "437440",
        "addr:street": "Rhu Cross",
        "amenity": "cafe",
        "name": "the plant story"
      },
      "geometry": {
        "type": "Point",
        "coordinates": [
          103.8669166,
          1.2953082
        ]
      },
      "id": "node/4865424321"
    },
    {
      "type": "Feature",
      "properties": {
        "@id": "node/4908437522",
        "addr:postcode": "380119",
        "amenity": "cafe",
        "name": "Aljunied 119 Food House",
        "name:en": "Aljunied 119 Food House"
      },
      "geometry": {
        "type": "Point",
        "coordinates": [
          103.8858494,
          1.3198107
        ]
      },
      "id": "node/4908437522"
    },
    {
      "type": "Feature",
      "properties": {
        "@id": "node/4913953581",
        "amenity": "cafe",
        "cuisine": "bubble_tea",
        "name": "LiHO"
      },
      "geometry": {
        "type": "Point",
        "coordinates": [
          103.6833192,
          1.3436331
        ]
      },
      "id": "node/4913953581"
    },
    {
      "type": "Feature",
      "properties": {
        "@id": "node/4915952646",
        "amenity": "cafe",
        "name": "LiHO",
        "wheelchair": "yes"
      },
      "geometry": {
        "type": "Point",
        "coordinates": [
          103.835835,
          1.4299666
        ]
      },
      "id": "node/4915952646"
    },
    {
      "type": "Feature",
      "properties": {
        "@id": "node/4926676213",
        "amenity": "cafe",
        "name": "Koi The",
        "wheelchair": "yes"
      },
      "geometry": {
        "type": "Point",
        "coordinates": [
          103.786756,
          1.4368561
        ]
      },
      "id": "node/4926676213"
    },
    {
      "type": "Feature",
      "properties": {
        "@id": "node/4967834209",
        "addr:city": "Singapore",
        "addr:housenumber": "1",
        "addr:postcode": "545078",
        "addr:street": "Sengkang Square",
        "amenity": "cafe",
        "brand": "Ya Kun Kaya Toast",
        "brand:wikidata": "Q8046237",
        "brand:wikipedia": "en:Ya Kun Kaya Toast",
        "check_date": "2025-10-22",
        "cuisine": "coffee_shop",
        "facebook": "https://www.facebook.com/yakunkayatoastsg/",
        "level": "0",
        "name": "Ya Kun Kaya Toast",
        "name:zh": "亞坤",
        "opening_hours": "Mo-Su 07:30-22:00",
        "outdoor_seating": "no",
        "phone": "+65 6386 4165",
        "smoking": "no",
        "takeaway": "yes",
        "website": "https://www.yakun.com/"
      },
      "geometry": {
        "type": "Point",
        "coordinates": [
          103.8948049,
          1.3918488
        ]
      },
      "id": "node/4967834209"
    },
    {
      "type": "Feature",
      "properties": {
        "@id": "node/4967834214",
        "addr:city": "Singapore",
        "addr:housenumber": "1",
        "addr:postcode": "545078",
        "addr:street": "Sengkang Square",
        "amenity": "cafe",
        "branch": "Compass One",
        "cuisine": "coffee_shop",
        "indoor_seating": "yes",
        "level": "0",
        "name": "Kenangan Coffee",
        "outdoor_seating": "no",
        "smoking": "no",
        "takeaway": "yes",
        "toilets": "no"
      },
      "geometry": {
        "type": "Point",
        "coordinates": [
          103.8948272,
          1.3921396
        ]
      },
      "id": "node/4967834214"
    },
    {
      "type": "Feature",
      "properties": {
        "@id": "node/4970469124",
        "amenity": "cafe",
        "name": "Craftsmen Speciality Coffee",
        "name:en": "Craftsmen Speciality Coffee",
        "wheelchair": "no"
      },
      "geometry": {
        "type": "Point",
        "coordinates": [
          103.8432719,
          1.3179904
        ]
      },
      "id": "node/4970469124"
    },
    {
      "type": "Feature",
      "properties": {
        "@id": "node/4978777421",
        "addr:city": "Singapore",
        "addr:housenumber": "301",
        "addr:postcode": "574408",
        "addr:street": "Upper Thomson Road #01-37A Thomson Plaza",
        "amenity": "cafe",
        "brand": "Starbucks",
        "brand:wikidata": "Q37158",
        "brand:wikipedia": "en:Starbucks",
        "cuisine": "coffee_shop",
        "level": "0",
        "name": "Starbucks",
        "official_name": "Starbucks Coffee",
        "outdoor_seating": "yes",
        "takeaway": "yes"
      },
      "geometry": {
        "type": "Point",
        "coordinates": [
          103.8308803,
          1.3550914
        ]
      },
      "id": "node/4978777421"
    },
    {
      "type": "Feature",
      "properties": {
        "@id": "node/4982867038",
        "addr:city": "Singapore",
        "addr:country": "SG",
        "addr:housenumber": "5",
        "addr:postcode": "078883",
        "addr:street": "Wallich Street",
        "addr:unit": "#01-20",
        "amenity": "cafe",
        "level": "0",
        "name": "Japan Rail Cafe",
        "opening_hours": "11:00-21:00",
        "website": "http://www.japanrailcafe.com.sg/"
      },
      "geometry": {
        "type": "Point",
        "coordinates": [
          103.8456129,
          1.2766437
        ]
      },
      "id": "node/4982867038"
    },
    {
      "type": "Feature",
      "properties": {
        "@id": "node/5013876635",
        "addr:city": "Singapore",
        "addr:housenumber": "180",
        "addr:postcode": "569830",
        "addr:street": "Ang Mo Kio Ave 8",
        "amenity": "cafe",
        "cuisine": "coffee_shop;coffee",
        "level": "2",
        "level:ref": "4",
        "name": "L’Cafe",
        "opening_hours": "Mo-Fr 09:30-19:00, Sa off, Su off",
        "outdoor_seating": "no",
        "smoking": "no"
      },
      "geometry": {
        "type": "Point",
        "coordinates": [
          103.8494745,
          1.3799023
        ]
      },
      "id": "node/5013876635"
    },
    {
      "type": "Feature",
      "properties": {
        "@id": "node/5023357602",
        "addr:city": "Singapore",
        "addr:housenumber": "201",
        "addr:postcode": "188067",
        "addr:street": "Victoria Street",
        "addr:unit": "#01-01",
        "amenity": "cafe",
        "branch": "Bugis+",
        "cuisine": "bubble_tea",
        "level": "0",
        "name": "KOI Thé",
        "opening_hours": "Mo-Su 10:30-22:30",
        "outdoor_seating": "no",
        "phone": "+65 6884 6817",
        "takeaway": "only",
        "website": "https://koithe.com/en/global/koi-singapore",
        "wheelchair": "yes"
      },
      "geometry": {
        "type": "Point",
        "coordinates": [
          103.8541865,
          1.2991805
        ]
      },
      "id": "node/5023357602"
    },
    {
      "type": "Feature",
      "properties": {
        "@id": "node/5023357603",
        "air_conditioning": "yes",
        "amenity": "cafe",
        "check_date": "2025-03-22",
        "cuisine": "coffee_shop",
        "indoor_seating": "yes",
        "internet_access": "wlan",
        "internet_access:fee": "no",
        "level": "0-1",
        "name": "Fame Coffee",
        "opening_hours": "Mo-Th,Su 08:00-19:00; Fr-Sa 08:00-20:00",
        "outdoor_seating": "no",
        "smoking": "outside",
        "toilets": "yes",
        "toilets:access": "customers",
        "toilets:wheelchair": "no",
        "wheelchair": "limited"
      },
      "geometry": {
        "type": "Point",
        "coordinates": [
          103.8540025,
          1.2988686
        ]
      },
      "id": "node/5023357603"
    },
    {
      "type": "Feature",
      "properties": {
        "@id": "node/5023770454",
        "amenity": "cafe",
        "level": "0",
        "name": "Hygge",
        "wheelchair": "no"
      },
      "geometry": {
        "type": "Point",
        "coordinates": [
          103.8589458,
          1.3009091
        ]
      },
      "id": "node/5023770454"
    },
    {
      "type": "Feature",
      "properties": {
        "@id": "node/5023770458",
        "amenity": "cafe",
        "level": "0",
        "name": "Going OM",
        "outdoor_seating": "yes",
        "wheelchair": "no"
      },
      "geometry": {
        "type": "Point",
        "coordinates": [
          103.8586184,
          1.3013453
        ]
      },
      "id": "node/5023770458"
    },
    {
      "type": "Feature",
      "properties": {
        "@id": "node/5031862855",
        "addr:city": "Singapore",
        "addr:housenumber": "1",
        "addr:postcode": "528523",
        "addr:street": "Tampines Walk, Our Tampines Hub #01-104,",
        "amenity": "cafe",
        "brand": "Starbucks",
        "brand:wikidata": "Q37158",
        "cuisine": "coffee_shop",
        "level": "0",
        "name": "Starbucks",
        "official_name": "Starbucks Coffee",
        "opening_hours": "Sa 00:00-24:00; Su 00:00-22:00; Mo-Fr 07:30-22:00",
        "takeaway": "yes"
      },
      "geometry": {
        "type": "Point",
        "coordinates": [
          103.9408874,
          1.3537896
        ]
      },
      "id": "node/5031862855"
    },
    {
      "type": "Feature",
      "properties": {
        "@id": "node/5041208471",
        "amenity": "cafe",
        "check_date": "2025-11-04",
        "level": "0",
        "name": "Four Season coffee bread"
      },
      "geometry": {
        "type": "Point",
        "coordinates": [
          103.8523925,
          1.3001
        ]
      },
      "id": "node/5041208471"
    },
    {
      "type": "Feature",
      "properties": {
        "@id": "node/5041208475",
        "addr:city": "Singapore",
        "addr:housenumber": "#01-09",
        "addr:postcode": "188979",
        "addr:street": "190 Middle Road, Fortune Centre",
        "amenity": "cafe",
        "brand": "Ya Kun Kaya Toast",
        "brand:wikidata": "Q8046237",
        "brand:wikipedia": "en:Ya Kun Kaya Toast",
        "check_date": "2023-11-07",
        "cuisine": "coffee_shop",
        "level": "0",
        "name": "Ya Kun Kaya Toast",
        "outdoor_seating": "yes",
        "takeaway": "yes",
        "wheelchair": "limited"
      },
      "geometry": {
        "type": "Point",
        "coordinates": [
          103.8520479,
          1.3003193
        ]
      },
      "id": "node/5041208475"
    },
    {
      "type": "Feature",
      "properties": {
        "@id": "node/5055589376",
        "addr:city": "Singapore",
        "addr:country": "SG",
        "addr:housenumber": "166",
        "addr:street": "Tyrwhitt Road",
        "amenity": "cafe",
        "level": "0",
        "name": "Wimbly Lu"
      },
      "geometry": {
        "type": "Point",
        "coordinates": [
          103.8606521,
          1.3118759
        ]
      },
      "id": "node/5055589376"
    },
    {
      "type": "Feature",
      "properties": {
        "@id": "node/5055589385",
        "amenity": "cafe",
        "brand": "The Coffee Bean & Tea Leaf",
        "brand:wikidata": "Q1141384",
        "brand:wikipedia": "en:The Coffee Bean & Tea Leaf",
        "cuisine": "coffee_shop",
        "level": "1",
        "name": "The Coffee Bean & Tea Leaf",
        "outdoor_seating": "yes",
        "takeaway": "yes",
        "wheelchair": "yes"
      },
      "geometry": {
        "type": "Point",
        "coordinates": [
          103.8562895,
          1.3113025
        ]
      },
      "id": "node/5055589385"
    },
    {
      "type": "Feature",
      "properties": {
        "@id": "node/5055589390",
        "addr:street": "Tyrwhitt Road",
        "amenity": "cafe",
        "internet_access": "yes",
        "internet_access:type": "wlan",
        "level": "0",
        "name": "The Tiramisu Hero",
        "name:ja": "ティラミスヒーロー本店",
        "opening_hours": "11:00-22:00",
        "outdoor_seating": "terrace",
        "phone": "+65 62925271",
        "website": "https://thetiramisuhero.com/"
      },
      "geometry": {
        "type": "Point",
        "coordinates": [
          103.8597538,
          1.311153
        ]
      },
      "id": "node/5055589390"
    },
    {
      "type": "Feature",
      "properties": {
        "@id": "node/5055589393",
        "amenity": "cafe",
        "level": "0",
        "name": "TLC"
      },
      "geometry": {
        "type": "Point",
        "coordinates": [
          103.8605867,
          1.3121166
        ]
      },
      "id": "node/5055589393"
    },
    {
      "type": "Feature",
      "properties": {
        "@id": "node/5057369122",
        "addr:street": "Tyrwhitt Road",
        "amenity": "cafe",
        "name": "Café Nido"
      },
      "geometry": {
        "type": "Point",
        "coordinates": [
          103.8606018,
          1.3119255
        ]
      },
      "id": "node/5057369122"
    },
    {
      "type": "Feature",
      "properties": {
        "@id": "node/5069434403",
        "amenity": "cafe",
        "brand": "Starbucks",
        "brand:wikidata": "Q37158",
        "cuisine": "coffee_shop",
        "internet_access": "yes",
        "name": "Starbucks",
        "name:zh": "星巴克",
        "official_name": "Starbucks Coffee",
        "takeaway": "yes"
      },
      "geometry": {
        "type": "Point",
        "coordinates": [
          103.8265922,
          1.2930473
        ]
      },
      "id": "node/5069434403"
    },
    {
      "type": "Feature",
      "properties": {
        "@id": "node/5088429578",
        "amenity": "cafe",
        "name": "Arise & Shine"
      },
      "geometry": {
        "type": "Point",
        "coordinates": [
          103.7806649,
          1.2968168
        ]
      },
      "id": "node/5088429578"
    },
    {
      "type": "Feature",
      "properties": {
        "@id": "node/5116352421",
        "amenity": "cafe",
        "name": "Bee's Knees",
        "name:en": "Bee's Knees"
      },
      "geometry": {
        "type": "Point",
        "coordinates": [
          103.8155351,
          1.3188449
        ]
      },
      "id": "node/5116352421"
    },
    {
      "type": "Feature",
      "properties": {
        "@id": "node/5128589589",
        "amenity": "cafe",
        "name": "The Coffee Roaster",
        "opening_hours": "Mo-Fr 07:30-18:30; Sa 09:00-17:00; PH off",
        "outdoor_seating": "yes",
        "smoking": "no",
        "wheelchair": "yes"
      },
      "geometry": {
        "type": "Point",
        "coordinates": [
          103.7722287,
          1.2961072
        ]
      },
      "id": "node/5128589589"
    },
    {
      "type": "Feature",
      "properties": {
        "@id": "node/5157074474",
        "addr:city": "Singapore",
        "addr:housenumber": "#01-87",
        "addr:postcode": "409051",
        "addr:street": "60 Paya Lebar Rd, Paya Lebar Square",
        "amenity": "cafe",
        "brand": "Ya Kun Kaya Toast",
        "brand:wikidata": "Q8046237",
        "brand:wikipedia": "en:Ya Kun Kaya Toast",
        "cuisine": "coffee_shop",
        "name": "Ya Kun Kaya Toast",
        "takeaway": "yes",
        "wheelchair": "yes"
      },
      "geometry": {
        "type": "Point",
        "coordinates": [
          103.8929154,
          1.3186699
        ]
      },
      "id": "node/5157074474"
    },
    {
      "type": "Feature",
      "properties": {
        "@id": "node/5157074475",
        "amenity": "cafe",
        "level": "0",
        "name": "Fun Toast",
        "name:zh": "芳土司"
      },
      "geometry": {
        "type": "Point",
        "coordinates": [
          103.8945788,
          1.3188617
        ]
      },
      "id": "node/5157074475"
    },
    {
      "type": "Feature",
      "properties": {
        "@id": "node/5157074480",
        "addr:city": "Singapore",
        "addr:housenumber": "#01-144/ 145",
        "addr:postcode": "408600",
        "addr:street": "10 Eunos Rd 8, Singapore Post Centre",
        "amenity": "cafe",
        "brand": "The Coffee Bean & Tea Leaf",
        "brand:wikidata": "Q1141384",
        "brand:wikipedia": "en:The Coffee Bean & Tea Leaf",
        "cuisine": "coffee_shop",
        "level": "0",
        "name": "The Coffee Bean & Tea Leaf",
        "takeaway": "yes",
        "wheelchair": "yes"
      },
      "geometry": {
        "type": "Point",
        "coordinates": [
          103.8939156,
          1.3188872
        ]
      },
      "id": "node/5157074480"
    },
    {
      "type": "Feature",
      "properties": {
        "@id": "node/5208153024",
        "amenity": "cafe",
        "check_date": "2026-02-03",
        "name": "That 1 Place"
      },
      "geometry": {
        "type": "Point",
        "coordinates": [
          103.8583249,
          1.3013198
        ]
      },
      "id": "node/5208153024"
    },
    {
      "type": "Feature",
      "properties": {
        "@id": "node/5265296300",
        "addr:city": "Singapore",
        "addr:housenumber": "#B1-29/K12-15/K17",
        "addr:postcode": "538766",
        "addr:street": "90 Hougang Avenue 10, Hougang Mall",
        "amenity": "cafe",
        "brand": "Toast Box",
        "brand:wikidata": "Q100285490",
        "cuisine": "coffee_shop",
        "name": "Toast Box",
        "takeaway": "yes"
      },
      "geometry": {
        "type": "Point",
        "coordinates": [
          103.8939302,
          1.3722657
        ]
      },
      "id": "node/5265296300"
    },
    {
      "type": "Feature",
      "properties": {
        "@id": "node/5265451724",
        "amenity": "cafe",
        "level": "0",
        "name": "SOD Cafe"
      },
      "geometry": {
        "type": "Point",
        "coordinates": [
          103.8829002,
          1.3749421
        ]
      },
      "id": "node/5265451724"
    },
    {
      "type": "Feature",
      "properties": {
        "@id": "node/5302915239",
        "amenity": "cafe",
        "name": "Coffee Shop"
      },
      "geometry": {
        "type": "Point",
        "coordinates": [
          103.8910657,
          1.3754593
        ]
      },
      "id": "node/5302915239"
    },
    {
      "type": "Feature",
      "properties": {
        "@id": "node/5334801522",
        "amenity": "cafe",
        "name": "Nana's cafe",
        "name:it": "Nana's"
      },
      "geometry": {
        "type": "Point",
        "coordinates": [
          103.8607102,
          1.3088438
        ]
      },
      "id": "node/5334801522"
    },
    {
      "type": "Feature",
      "properties": {
        "@id": "node/5370142867",
        "amenity": "cafe",
        "name": "Mr Bean"
      },
      "geometry": {
        "type": "Point",
        "coordinates": [
          103.6988131,
          1.338474
        ]
      },
      "id": "node/5370142867"
    },
    {
      "type": "Feature",
      "properties": {
        "@id": "node/5393400835",
        "addr:city": "Singapore",
        "addr:country": "SG",
        "addr:housenumber": "10",
        "addr:postcode": "117597",
        "addr:street": "Medical Drive",
        "amenity": "cafe",
        "contact:facebook": "https://www.facebook.com/Jewelcoffee",
        "email": "jewelmedi@gmail.com",
        "name": "Jewel Coffee",
        "opening_hours": "Mo-Fr 07:30-20:00; Sa-Su 08:00-17:00",
        "phone": "+65 6264 7893",
        "smoking": "no",
        "website": "https://jewelcoffee.com/"
      },
      "geometry": {
        "type": "Point",
        "coordinates": [
          103.7817053,
          1.2958221
        ]
      },
      "id": "node/5393400835"
    },
    {
      "type": "Feature",
      "properties": {
        "@id": "node/5394876021",
        "amenity": "cafe",
        "name:zh": "康和堂涼水舖"
      },
      "geometry": {
        "type": "Point",
        "coordinates": [
          103.853369,
          1.3013437
        ]
      },
      "id": "node/5394876021"
    },
    {
      "type": "Feature",
      "properties": {
        "@id": "node/5403390940",
        "amenity": "cafe",
        "name": "Ippin"
      },
      "geometry": {
        "type": "Point",
        "coordinates": [
          103.8415517,
          1.29348
        ]
      },
      "id": "node/5403390940"
    },
    {
      "type": "Feature",
      "properties": {
        "@id": "node/5403391835",
        "addr:postcode": "238338",
        "amenity": "cafe",
        "check_date": "2024-03-12",
        "cuisine": "chinese",
        "name": "Sin Chao Garden",
        "name:zh": "新潮園",
        "opening_hours": "Mo-Su 11:00-15:30, 17:00-22:00",
        "phone": "+6563690328"
      },
      "geometry": {
        "type": "Point",
        "coordinates": [
          103.8393308,
          1.2957184
        ]
      },
      "id": "node/5403391835"
    },
    {
      "type": "Feature",
      "properties": {
        "@id": "node/5414528607",
        "addr:city": "Singapore",
        "addr:housenumber": "237",
        "addr:postcode": "428930",
        "addr:street": "East Coast Road",
        "amenity": "cafe",
        "changing_table": "no",
        "cuisine": "coffee_shop",
        "level": "0",
        "name": "Neptune",
        "outdoor_seating": "yes",
        "smoking": "no",
        "takeaway": "yes",
        "toilets": "yes",
        "toilets:access": "customers",
        "toilets:disposal": "flush",
        "toilets:position": "seated",
        "toilets:wheelchair": "yes",
        "website": "https://theneptune.com.sg/"
      },
      "geometry": {
        "type": "Point",
        "coordinates": [
          103.9075092,
          1.3078254
        ]
      },
      "id": "node/5414528607"
    },
    {
      "type": "Feature",
      "properties": {
        "@id": "node/5414528615",
        "addr:housenumber": "204",
        "addr:postcode": "428903",
        "addr:street": "East Coast Road",
        "amenity": "cafe",
        "check_date": "2023-06-18",
        "contact:facebook": "https://www.facebook.com/chinmeechin.sg",
        "contact:instagram": "https://www.instagram.com/chinmeechin.sg",
        "cuisine": "coffee_shop",
        "delivery": "yes",
        "email": "hello@chinmeechin.sg",
        "name": "Chin Mee Chin Confectionery",
        "opening_hours": "Tu-Su 08:00-16:00",
        "shop": "pastry",
        "short_name": "CMC",
        "website": "https://www.chinmeechin.sg/",
        "wheelchair": "limited",
        "wikipedia": "en:Chin Mee Chin Confectionery"
      },
      "geometry": {
        "type": "Point",
        "coordinates": [
          103.907068,
          1.3072261
        ]
      },
      "id": "node/5414528615"
    },
    {
      "type": "Feature",
      "properties": {
        "@id": "node/5414652954",
        "amenity": "cafe",
        "name": "Cook Book"
      },
      "geometry": {
        "type": "Point",
        "coordinates": [
          103.9059073,
          1.3067005
        ]
      },
      "id": "node/5414652954"
    },
    {
      "type": "Feature",
      "properties": {
        "@id": "node/5426347721",
        "amenity": "cafe",
        "brand": "Ya Kun Kaya Toast",
        "brand:wikidata": "Q8046237",
        "brand:wikipedia": "en:Ya Kun Kaya Toast",
        "cuisine": "coffee_shop",
        "name": "Ya Kun Kaya Toast",
        "opening_hours": "Mo-Su 07:30-21:00",
        "takeaway": "yes",
        "wheelchair": "yes"
      },
      "geometry": {
        "type": "Point",
        "coordinates": [
          103.8436326,
          1.2747979
        ]
      },
      "id": "node/5426347721"
    },
    {
      "type": "Feature",
      "properties": {
        "@id": "node/5442605723",
        "addr:city": "Singapore",
        "addr:housenumber": "Blk 676",
        "addr:postcode": "730676",
        "addr:street": "Woodlands Drive 71, Kampung Admiralty #01-02,",
        "amenity": "cafe",
        "brand": "Starbucks",
        "brand:wikidata": "Q37158",
        "brand:wikipedia": "en:Starbucks",
        "cuisine": "coffee_shop",
        "name": "Starbucks",
        "official_name": "Starbucks Coffee",
        "takeaway": "yes"
      },
      "geometry": {
        "type": "Point",
        "coordinates": [
          103.8005986,
          1.4397502
        ]
      },
      "id": "node/5442605723"
    },
    {
      "type": "Feature",
      "properties": {
        "@id": "node/5473002029",
        "addr:city": "Singapore",
        "addr:floor": "2",
        "addr:housenumber": "201",
        "addr:street": "Victoria Street",
        "amenity": "cafe",
        "brand": "Starbucks",
        "brand:wikidata": "Q37158",
        "brand:wikipedia": "en:Starbucks",
        "check_date": "2025-12-18",
        "cuisine": "coffee_shop",
        "level": "1",
        "name": "Starbucks",
        "official_name": "Starbucks Coffee",
        "smoking": "no",
        "takeaway": "yes",
        "wheelchair": "yes"
      },
      "geometry": {
        "type": "Point",
        "coordinates": [
          103.854232,
          1.2999537
        ]
      },
      "id": "node/5473002029"
    },
    {
      "type": "Feature",
      "properties": {
        "@id": "node/5479261708",
        "amenity": "cafe",
        "cuisine": "coffee_shop",
        "name": "Mum’s cafe",
        "wheelchair": "yes"
      },
      "geometry": {
        "type": "Point",
        "coordinates": [
          103.8146502,
          1.2871859
        ]
      },
      "id": "node/5479261708"
    },
    {
      "type": "Feature",
      "properties": {
        "@id": "node/5484076749",
        "amenity": "cafe",
        "check_date": "2024-04-14",
        "contact:facebook": "https://www.facebook.com/PancakeCafe.belleville",
        "level": "0",
        "name": "Belle-ville Pancake Cafe"
      },
      "geometry": {
        "type": "Point",
        "coordinates": [
          103.8559432,
          1.300345
        ]
      },
      "id": "node/5484076749"
    },
    {
      "type": "Feature",
      "properties": {
        "@id": "node/5490184821",
        "addr:street": "Greenwood Avenue",
        "amenity": "cafe",
        "name": "Craftsmen Coffee"
      },
      "geometry": {
        "type": "Point",
        "coordinates": [
          103.807145,
          1.3312152
        ]
      },
      "id": "node/5490184821"
    },
    {
      "type": "Feature",
      "properties": {
        "@id": "node/5539011121",
        "addr:city": "Singapore",
        "addr:housenumber": "300",
        "addr:postcode": "199555",
        "addr:street": "Beach Road 1st Storey Lobby The Concourse",
        "amenity": "cafe",
        "brand": "Starbucks",
        "brand:wikidata": "Q37158",
        "brand:wikipedia": "en:Starbucks",
        "cuisine": "coffee_shop",
        "name": "Starbucks",
        "official_name": "Starbucks Coffee",
        "takeaway": "yes",
        "wheelchair": "yes"
      },
      "geometry": {
        "type": "Point",
        "coordinates": [
          103.8625581,
          1.3014082
        ]
      },
      "id": "node/5539011121"
    },
    {
      "type": "Feature",
      "properties": {
        "@id": "node/5553930298",
        "amenity": "cafe",
        "level": "0",
        "name": "Soek Seng 1954 Bicycle Cafe"
      },
      "geometry": {
        "type": "Point",
        "coordinates": [
          103.868244,
          1.412293
        ]
      },
      "id": "node/5553930298"
    },
    {
      "type": "Feature",
      "properties": {
        "@id": "node/5562442931",
        "addr:postcode": "039802",
        "amenity": "cafe",
        "check_date": "2022-12-08",
        "cuisine": "american",
        "diet:halal": "yes",
        "level": "0",
        "name": "Alter Ego",
        "name:en": "Alter Ego (#01-13D)",
        "opening_hours": "Mo-Su 12:00-23:00",
        "phone": "+65 6327 9301",
        "wheelchair": "yes"
      },
      "geometry": {
        "type": "Point",
        "coordinates": [
          103.8563671,
          1.2892552
        ]
      },
      "id": "node/5562442931"
    },
    {
      "type": "Feature",
      "properties": {
        "@id": "node/5580594422",
        "addr:city": "Singapore",
        "addr:housenumber": "7",
        "addr:postcode": "069111",
        "addr:street": "Maxwell Road",
        "addr:unit": "#02-78",
        "amenity": "cafe",
        "cuisine": "coffee_shop",
        "facebook": "coffebreakamoystreet",
        "name": "Coffee Break",
        "opening_hours": "Mo-Fr 07:30-14:30",
        "phone": "+6581006218",
        "year": "1999"
      },
      "geometry": {
        "type": "Point",
        "coordinates": [
          103.8466809,
          1.2796097
        ]
      },
      "id": "node/5580594422"
    },
    {
      "type": "Feature",
      "properties": {
        "@id": "node/5627834997",
        "amenity": "cafe",
        "description": "Harry Potter Cafe",
        "name": "Platform 1094"
      },
      "geometry": {
        "type": "Point",
        "coordinates": [
          103.8650988,
          1.3238392
        ]
      },
      "id": "node/5627834997"
    },
    {
      "type": "Feature",
      "properties": {
        "@id": "node/5643031322",
        "addr:city": "Singapore",
        "addr:housename": "ibis Budget Hotel Clarke Quay",
        "addr:housenumber": "22",
        "addr:postcode": "059663",
        "addr:street": "Hong Kong Street",
        "air_conditioning": "yes",
        "amenity": "cafe",
        "bar": "yes",
        "capacity": "50",
        "check_date": "2024-06-12",
        "contact:facebook": "https://www.facebook.com/fangkocoffee",
        "contact:instagram": "https://www.instagram.com/fangkocoffee",
        "cuisine": "indonesian;coffee_shop",
        "delivery": "yes",
        "level": "0",
        "name": "Fangko Coffee & Beer",
        "opening_hours": "Mo-Fr 07:00-19:00; Sa-Su 07:00-17:00",
        "outdoor_seating": "no",
        "payment:apple_pay": "yes",
        "payment:cash": "no",
        "payment:credit_cards": "yes",
        "payment:debit_cards": "yes",
        "payment:google_pay": "yes",
        "payment:paypal": "yes",
        "pets": "no",
        "wheelchair": "no"
      },
      "geometry": {
        "type": "Point",
        "coordinates": [
          103.8470936,
          1.2878409
        ]
      },
      "id": "node/5643031322"
    },
    {
      "type": "Feature",
      "properties": {
        "@id": "node/5645108322",
        "addr:city": "Singapore",
        "addr:housenumber": "32",
        "addr:postcode": "059288",
        "addr:street": "North Canal Road",
        "amenity": "cafe",
        "check_date": "2024-11-25",
        "check_date:opening_hours": "2024-11-25",
        "contact:facebook": "https://www.facebook.com/punch.32ncr",
        "contact:instagram": "https://www.instagram.com/punch.gram",
        "cuisine": "breakfast",
        "delivery": "yes",
        "name": "Punch",
        "opening_hours": "08:00-18:00",
        "website": "https://punch.sg/"
      },
      "geometry": {
        "type": "Point",
        "coordinates": [
          103.8472948,
          1.2868977
        ]
      },
      "id": "node/5645108322"
    },
    {
      "type": "Feature",
      "properties": {
        "@id": "node/5647752046",
        "amenity": "cafe",
        "name": "W 39 Bistro & Bakery",
        "opening_hours": "Tu-Fr 11:00-22:00; Sa, Su,PH 09:00-22:00"
      },
      "geometry": {
        "type": "Point",
        "coordinates": [
          103.7624281,
          1.3083956
        ]
      },
      "id": "node/5647752046"
    },
    {
      "type": "Feature",
      "properties": {
        "@id": "node/5661727630",
        "amenity": "cafe",
        "check_date": "2024-05-09",
        "name": "Henri"
      },
      "geometry": {
        "type": "Point",
        "coordinates": [
          103.8488688,
          1.2831573
        ]
      },
      "id": "node/5661727630"
    },
    {
      "type": "Feature",
      "properties": {
        "@id": "node/5661727631",
        "amenity": "cafe",
        "brand": "Toast Box",
        "brand:wikidata": "Q100285490",
        "cuisine": "coffee_shop",
        "name": "Toast Box",
        "takeaway": "yes"
      },
      "geometry": {
        "type": "Point",
        "coordinates": [
          103.8488645,
          1.2833481
        ]
      },
      "id": "node/5661727631"
    },
    {
      "type": "Feature",
      "properties": {
        "@id": "node/5686676022",
        "addr:housenumber": "96",
        "addr:street": "Rangoon Road",
        "amenity": "cafe",
        "internet_access": "wlan",
        "name": "Brunches Cafe",
        "phone": "+65 8685 8488",
        "website": "https://brunches.sg/"
      },
      "geometry": {
        "type": "Point",
        "coordinates": [
          103.8540305,
          1.3146342
        ]
      },
      "id": "node/5686676022"
    },
    {
      "type": "Feature",
      "properties": {
        "@id": "node/5705142848",
        "amenity": "cafe",
        "delivery": "no",
        "internet_access": "wlan",
        "level": "0",
        "name": "Reedz Café",
        "outdoor_seating": "yes",
        "phone": "+65 6463 0272",
        "smoking": "no",
        "takeaway": "yes"
      },
      "geometry": {
        "type": "Point",
        "coordinates": [
          103.8175017,
          1.3194564
        ]
      },
      "id": "node/5705142848"
    },
    {
      "type": "Feature",
      "properties": {
        "@id": "node/5725176523",
        "amenity": "cafe",
        "name": "Killiney",
        "wheelchair": "yes"
      },
      "geometry": {
        "type": "Point",
        "coordinates": [
          103.8193848,
          1.2650267
        ]
      },
      "id": "node/5725176523"
    },
    {
      "type": "Feature",
      "properties": {
        "@id": "node/5756690250",
        "addr:housenumber": "435",
        "addr:postcode": "238877",
        "addr:street": "Orchard Road",
        "amenity": "cafe",
        "branch": "Wisma Atria",
        "brand": "Starbucks",
        "brand:wikidata": "Q37158",
        "brand:wikipedia": "en:Starbucks",
        "cuisine": "coffee_shop",
        "internet_access": "wlan",
        "internet_access:fee": "no",
        "level": "2",
        "name": "Starbucks",
        "name:en": "Starbucks",
        "name:zh": "星巴克",
        "official_name": "Starbucks Coffee",
        "opening_hours": "Mo-Su 08:00-23:00",
        "operator": "Starbucks Singapore",
        "outdoor_seating": "no",
        "phone": "+65 6910 1195",
        "smoking": "no",
        "takeaway": "yes",
        "wheelchair": "yes"
      },
      "geometry": {
        "type": "Point",
        "coordinates": [
          103.8330336,
          1.3038293
        ]
      },
      "id": "node/5756690250"
    },
    {
      "type": "Feature",
      "properties": {
        "@id": "node/5756829365",
        "addr:postcode": "238880",
        "air_conditioning": "yes",
        "amenity": "cafe",
        "branch": "Wheelock Place",
        "brand": "Starbucks",
        "brand:wikidata": "Q37158",
        "brand:wikipedia": "en:Starbucks",
        "cuisine": "coffee_shop",
        "level": "-1",
        "name": "Starbucks",
        "name:en": "Starbucks",
        "name:zh": "星巴克",
        "official_name": "Starbucks Coffee",
        "opening_hours": "Mo-Su 08:00-23:00",
        "operator": "Starbucks Singapore",
        "takeaway": "yes",
        "wheelchair": "yes"
      },
      "geometry": {
        "type": "Point",
        "coordinates": [
          103.8311189,
          1.3048264
        ]
      },
      "id": "node/5756829365"
    },
    {
      "type": "Feature",
      "properties": {
        "@id": "node/5803273233",
        "amenity": "cafe",
        "level": "0",
        "name": "Streats Hong Kong Cafe",
        "takeaway": "yes",
        "wheelchair": "yes"
      },
      "geometry": {
        "type": "Point",
        "coordinates": [
          103.8561564,
          1.3115976
        ]
      },
      "id": "node/5803273233"
    },
    {
      "type": "Feature",
      "properties": {
        "@id": "node/5803273239",
        "amenity": "cafe",
        "brand": "Starbucks",
        "brand:wikidata": "Q37158",
        "brand:wikipedia": "en:Starbucks",
        "cuisine": "coffee_shop",
        "level": "0",
        "name": "Starbucks",
        "takeaway": "yes"
      },
      "geometry": {
        "type": "Point",
        "coordinates": [
          103.8562706,
          1.3112036
        ]
      },
      "id": "node/5803273239"
    },
    {
      "type": "Feature",
      "properties": {
        "@id": "node/5803273242",
        "addr:city": "Singapore",
        "addr:housenumber": "#01-43",
        "addr:postcode": "208539",
        "addr:street": "180 Kitchener Road, City Square Mall",
        "air_conditioning": "yes",
        "amenity": "cafe",
        "brand": "Toast Box",
        "brand:wikidata": "Q100285490",
        "cuisine": "coffee_shop",
        "indoor_seating": "yes",
        "level": "0",
        "name": "Toast Box",
        "name:zh": "土司工坊",
        "outdoor_seating": "yes",
        "payment:cards": "yes",
        "payment:cash": "yes",
        "payment:contactless": "yes",
        "payment:credit_cards": "yes",
        "payment:debit_cards": "yes",
        "payment:mastercard": "yes",
        "payment:visa": "yes",
        "takeaway": "yes",
        "wheelchair": "yes"
      },
      "geometry": {
        "type": "Point",
        "coordinates": [
          103.8560357,
          1.3114935
        ]
      },
      "id": "node/5803273242"
    },
    {
      "type": "Feature",
      "properties": {
        "@id": "node/5803888953",
        "addr:housenumber": "3",
        "addr:street": "Temple Street",
        "air_conditioning": "yes",
        "amenity": "cafe",
        "check_date": "2024-06-11",
        "contact:instagram": "https://www.instagram.com/pluscoffeejoint",
        "cuisine": "coffee_shop",
        "diet:vegan": "yes",
        "diet:vegetarian": "only",
        "name": "Plus Coffee Joint",
        "note": "Must confirm if it's ovolacto or fully vegetarian",
        "opening_hours": "10:00-17:00",
        "outdoor_seating": "no",
        "website": "https://pluscoffeejoint.com/"
      },
      "geometry": {
        "type": "Point",
        "coordinates": [
          103.8449185,
          1.2823697
        ]
      },
      "id": "node/5803888953"
    },
    {
      "type": "Feature",
      "properties": {
        "@id": "node/5805772453",
        "addr:city": "Singapore",
        "addr:country": "SG",
        "addr:housenumber": "#01-01",
        "addr:postcode": "049560",
        "addr:street": "18 China Street",
        "amenity": "cafe",
        "brand": "Ya Kun Kaya Toast",
        "brand:wikidata": "Q8046237",
        "check_date": "2025-11-03",
        "cuisine": "coffee_shop",
        "name": "Ya Kun Kaya Toast",
        "takeaway": "yes"
      },
      "geometry": {
        "type": "Point",
        "coordinates": [
          103.847911,
          1.2836904
        ]
      },
      "id": "node/5805772453"
    },
    {
      "type": "Feature",
      "properties": {
        "@id": "node/5808536802",
        "addr:city": "Singapore",
        "addr:housenumber": "1",
        "addr:postcode": "397628",
        "addr:street": "Stadium Place, #01-56, Kallang Wave Mall",
        "amenity": "cafe",
        "brand": "Starbucks",
        "brand:wikidata": "Q37158",
        "brand:wikipedia": "en:Starbucks",
        "cuisine": "coffee_shop",
        "level": "0",
        "name": "Starbucks",
        "official_name": "Starbucks Coffee",
        "outdoor_seating": "yes",
        "takeaway": "yes",
        "wheelchair": "yes"
      },
      "geometry": {
        "type": "Point",
        "coordinates": [
          103.8732904,
          1.3025112
        ]
      },
      "id": "node/5808536802"
    },
    {
      "type": "Feature",
      "properties": {
        "@id": "node/5808706661",
        "addr:city": "Singapore",
        "addr:housenumber": "#01-44/45",
        "addr:postcode": "397628",
        "addr:street": "1 Stadium Place, Kallang Wave Mall",
        "amenity": "cafe",
        "brand": "The Coffee Bean & Tea Leaf",
        "brand:wikidata": "Q1141384",
        "brand:wikipedia": "en:The Coffee Bean & Tea Leaf",
        "cuisine": "coffee_shop",
        "level": "0",
        "name": "The Coffee Bean & Tea Leaf",
        "takeaway": "yes",
        "wheelchair": "yes"
      },
      "geometry": {
        "type": "Point",
        "coordinates": [
          103.8730865,
          1.3031943
        ]
      },
      "id": "node/5808706661"
    },
    {
      "type": "Feature",
      "properties": {
        "@id": "node/5808854444",
        "amenity": "cafe",
        "level": "0",
        "name": "Joe & Dough",
        "wheelchair": "yes"
      },
      "geometry": {
        "type": "Point",
        "coordinates": [
          103.8766904,
          1.3025296
        ]
      },
      "id": "node/5808854444"
    },
    {
      "type": "Feature",
      "properties": {
        "@id": "node/5808854469",
        "amenity": "cafe",
        "brand": "Starbucks",
        "brand:wikidata": "Q37158",
        "brand:wikipedia": "en:Starbucks",
        "cuisine": "coffee_shop",
        "level": "0",
        "name": "Starbucks",
        "official_name": "Starbucks Coffee",
        "takeaway": "yes",
        "wheelchair": "yes"
      },
      "geometry": {
        "type": "Point",
        "coordinates": [
          103.8765891,
          1.302524
        ]
      },
      "id": "node/5808854469"
    },
    {
      "type": "Feature",
      "properties": {
        "@id": "node/5808854471",
        "addr:city": "Singapore",
        "addr:housenumber": "#01-09",
        "addr:postcode": "397693",
        "addr:street": "5 Stadium Walk, Leisure Park Kallang",
        "amenity": "cafe",
        "brand": "The Coffee Bean & Tea Leaf",
        "brand:wikidata": "Q1141384",
        "brand:wikipedia": "en:The Coffee Bean & Tea Leaf",
        "cuisine": "coffee_shop",
        "level": "0",
        "name": "The Coffee Bean & Tea Leaf",
        "takeaway": "yes",
        "wheelchair": "yes"
      },
      "geometry": {
        "type": "Point",
        "coordinates": [
          103.8763533,
          1.3024094
        ]
      },
      "id": "node/5808854471"
    },
    {
      "type": "Feature",
      "properties": {
        "@id": "node/5814008922",
        "amenity": "cafe",
        "brand": "Châteraisé",
        "brand:en": "Châteraisé",
        "brand:ja": "シャトレーゼ",
        "brand:wikidata": "Q11307696",
        "cuisine": "ice_cream",
        "level": "2",
        "name": "Châteraisé",
        "name:en": "Châteraisé",
        "name:ja": "シャトレーゼ",
        "payment:sgqr": "yes",
        "shop": "confectionery",
        "smoking": "no",
        "takeaway": "yes"
      },
      "geometry": {
        "type": "Point",
        "coordinates": [
          103.8951152,
          1.3922296
        ]
      },
      "id": "node/5814008922"
    },
    {
      "type": "Feature",
      "properties": {
        "@id": "node/5816877595",
        "addr:city": "Singapore",
        "addr:housenumber": "#01-67",
        "addr:postcode": "828761",
        "addr:street": "Waterway Point, 83 Punggol Central",
        "amenity": "cafe",
        "brand": "Starbucks",
        "brand:wikidata": "Q37158",
        "brand:wikipedia": "en:Starbucks",
        "cuisine": "coffee_shop",
        "level": "0",
        "name": "Starbucks",
        "official_name": "Starbucks Coffee",
        "outdoor_seating": "yes",
        "takeaway": "yes",
        "wheelchair": "yes"
      },
      "geometry": {
        "type": "Point",
        "coordinates": [
          103.901858,
          1.4066115
        ]
      },
      "id": "node/5816877595"
    },
    {
      "type": "Feature",
      "properties": {
        "@id": "node/5825269291",
        "addr:city": "Singapore",
        "addr:housenumber": "#05-20",
        "addr:postcode": "238839",
        "addr:street": "68 Orchard Road, Plaza Singapura",
        "amenity": "cafe",
        "brand": "The Coffee Bean & Tea Leaf",
        "brand:wikidata": "Q1141384",
        "brand:wikipedia": "en:The Coffee Bean & Tea Leaf",
        "cuisine": "coffee_shop",
        "level": "4",
        "name": "The Coffee Bean & Tea Leaf",
        "takeaway": "yes",
        "wheelchair": "yes"
      },
      "geometry": {
        "type": "Point",
        "coordinates": [
          103.8450019,
          1.3005937
        ]
      },
      "id": "node/5825269291"
    },
    {
      "type": "Feature",
      "properties": {
        "@id": "node/5825269296",
        "addr:city": "Singapore",
        "addr:housenumber": "#04-70/71",
        "addr:postcode": "238839",
        "addr:street": "68 Orchard Road, Plaza Singapura",
        "amenity": "cafe",
        "brand": "Ya Kun Kaya Toast",
        "brand:wikidata": "Q8046237",
        "brand:wikipedia": "en:Ya Kun Kaya Toast",
        "cuisine": "coffee_shop",
        "level": "3",
        "name": "Ya Kun Kaya Toast",
        "takeaway": "yes"
      },
      "geometry": {
        "type": "Point",
        "coordinates": [
          103.8453842,
          1.2997292
        ]
      },
      "id": "node/5825269296"
    },
    {
      "type": "Feature",
      "properties": {
        "@id": "node/5828042585",
        "amenity": "cafe",
        "name": "Foodtastic"
      },
      "geometry": {
        "type": "Point",
        "coordinates": [
          103.7487645,
          1.3781884
        ]
      },
      "id": "node/5828042585"
    },
    {
      "type": "Feature",
      "properties": {
        "@id": "node/5850832704",
        "amenity": "cafe",
        "level": "0",
        "name": "Tachihara Coffee"
      },
      "geometry": {
        "type": "Point",
        "coordinates": [
          103.8596506,
          1.2936221
        ]
      },
      "id": "node/5850832704"
    },
    {
      "type": "Feature",
      "properties": {
        "@id": "node/5850832707",
        "amenity": "cafe",
        "level": "0",
        "name": "The Dark Gallery"
      },
      "geometry": {
        "type": "Point",
        "coordinates": [
          103.8596718,
          1.2923449
        ]
      },
      "id": "node/5850832707"
    },
    {
      "type": "Feature",
      "properties": {
        "@id": "node/5850832710",
        "amenity": "cafe",
        "level": "1",
        "name": "Commune"
      },
      "geometry": {
        "type": "Point",
        "coordinates": [
          103.8598075,
          1.2923976
        ]
      },
      "id": "node/5850832710"
    },
    {
      "type": "Feature",
      "properties": {
        "@id": "node/5850832732",
        "amenity": "cafe",
        "level": "0",
        "name": "Supertea"
      },
      "geometry": {
        "type": "Point",
        "coordinates": [
          103.8596563,
          1.2924889
        ]
      },
      "id": "node/5850832732"
    },
    {
      "type": "Feature",
      "properties": {
        "@id": "node/5855474185",
        "addr:housename": "Oasia Hotel",
        "addr:housenumber": "8",
        "addr:postcode": "307470",
        "addr:street": "Sinaran Drive",
        "addr:unit": "#01-05",
        "amenity": "cafe",
        "check_date": "2026-01-19",
        "cuisine": "japanese",
        "name": "Otter & Pebbles",
        "opening_hours": "Mo off; Tu-Su 11:00-20:30",
        "outdoor_seating": "no"
      },
      "geometry": {
        "type": "Point",
        "coordinates": [
          103.8449787,
          1.3202765
        ]
      },
      "id": "node/5855474185"
    },
    {
      "type": "Feature",
      "properties": {
        "@id": "node/5855474187",
        "addr:housenumber": "12",
        "amenity": "cafe",
        "name": "Workspace Expresso Bar Financial Centre",
        "opening_hours": "Mo-Fr 07:30-20:00",
        "wheelchair": "yes"
      },
      "geometry": {
        "type": "Point",
        "coordinates": [
          103.8545372,
          1.2788549
        ]
      },
      "id": "node/5855474187"
    },
    {
      "type": "Feature",
      "properties": {
        "@id": "node/5855474286",
        "amenity": "cafe",
        "name": "Afterglow by Anglow",
        "opening_hours": "Mo-Sa 12:00-22:30"
      },
      "geometry": {
        "type": "Point",
        "coordinates": [
          103.841641,
          1.2801562
        ]
      },
      "id": "node/5855474286"
    },
    {
      "type": "Feature",
      "properties": {
        "@id": "node/5855474287",
        "addr:housenumber": "3",
        "amenity": "cafe",
        "name": "Soulalife",
        "opening_hours": "Mo-Th 10:30-20:00; Fr 10:30-21:30; Sa 12:00-21:30"
      },
      "geometry": {
        "type": "Point",
        "coordinates": [
          103.8477095,
          1.2848786
        ]
      },
      "id": "node/5855474287"
    },
    {
      "type": "Feature",
      "properties": {
        "@id": "node/5855474385",
        "addr:city": "Singapore",
        "addr:housenumber": "12",
        "addr:postcode": "018961",
        "addr:street": "Marina View",
        "amenity": "cafe",
        "diet:vegetarian": "yes",
        "level": "2",
        "name": "Avorush"
      },
      "geometry": {
        "type": "Point",
        "coordinates": [
          103.8506304,
          1.2782745
        ]
      },
      "id": "node/5855474385"
    },
    {
      "type": "Feature",
      "properties": {
        "@id": "node/5855474387",
        "addr:housenumber": "5",
        "addr:street": "Changi Business Park Avenue 1",
        "amenity": "cafe",
        "name": "Soulalife",
        "opening_hours": "Mo-Su 11:30-21:30"
      },
      "geometry": {
        "type": "Point",
        "coordinates": [
          103.9640374,
          1.3360205
        ]
      },
      "id": "node/5855474387"
    },
    {
      "type": "Feature",
      "properties": {
        "@id": "node/5855474485",
        "amenity": "cafe",
        "name": "Beriwell",
        "opening_hours": "Mo-Su 09:00-23:00"
      },
      "geometry": {
        "type": "Point",
        "coordinates": [
          103.9024959,
          1.3045356
        ]
      },
      "id": "node/5855474485"
    },
    {
      "type": "Feature",
      "properties": {
        "@id": "node/5855478186",
        "addr:housenumber": "5",
        "addr:street": "Straits View",
        "amenity": "cafe",
        "name": "Workspace Expresso Bar Marina One",
        "opening_hours": "Mo-Fr 08:00-17:00",
        "wheelchair": "yes"
      },
      "geometry": {
        "type": "Point",
        "coordinates": [
          103.8521375,
          1.2771878
        ]
      },
      "id": "node/5855478186"
    },
    {
      "type": "Feature",
      "properties": {
        "@id": "node/5855483186",
        "amenity": "cafe",
        "name": "Food Rebel",
        "opening_hours": "Mo-Fr 08:00-18:00; Sa 09:00-15:00",
        "wheelchair": "yes"
      },
      "geometry": {
        "type": "Point",
        "coordinates": [
          103.8483199,
          1.2808923
        ]
      },
      "id": "node/5855483186"
    },
    {
      "type": "Feature",
      "properties": {
        "@id": "node/5855528185",
        "addr:housenumber": "238",
        "addr:street": "Thomson Road",
        "amenity": "cafe",
        "name": "Workspace Expresso Bar Novena Square",
        "opening_hours": "Mo-Su 07:30-21:30"
      },
      "geometry": {
        "type": "Point",
        "coordinates": [
          103.8438403,
          1.319958
        ]
      },
      "id": "node/5855528185"
    },
    {
      "type": "Feature",
      "properties": {
        "@id": "node/5855543785",
        "addr:housenumber": "138",
        "addr:street": "Market Street",
        "amenity": "cafe",
        "name": "Grain Traders",
        "opening_hours": "Mo-Fr 08:00-20:00"
      },
      "geometry": {
        "type": "Point",
        "coordinates": [
          103.8500914,
          1.2817841
        ]
      },
      "id": "node/5855543785"
    },
    {
      "type": "Feature",
      "properties": {
        "@id": "node/5855543787",
        "addr:housenumber": "140",
        "amenity": "cafe",
        "name": "Pickleville"
      },
      "geometry": {
        "type": "Point",
        "coordinates": [
          103.8482175,
          1.2781906
        ]
      },
      "id": "node/5855543787"
    },
    {
      "type": "Feature",
      "properties": {
        "@id": "node/5855565487",
        "addr:housenumber": "1",
        "addr:street": "Raffles Place",
        "amenity": "cafe",
        "name": "Haakon",
        "opening_hours": "Mo-Fr 07:30-20:30; Sa 09:00-17:00"
      },
      "geometry": {
        "type": "Point",
        "coordinates": [
          103.8514078,
          1.2839577
        ]
      },
      "id": "node/5855565487"
    },
    {
      "type": "Feature",
      "properties": {
        "@id": "node/5855566087",
        "addr:housenumber": "118",
        "addr:street": "Holland Avenue",
        "amenity": "cafe",
        "name": "Haakon",
        "opening_hours": "Mo-Su 10:00-21:30"
      },
      "geometry": {
        "type": "Point",
        "coordinates": [
          103.7960692,
          1.3106547
        ]
      },
      "id": "node/5855566087"
    },
    {
      "type": "Feature",
      "properties": {
        "@id": "node/5855573485",
        "amenity": "cafe",
        "name": "Haakon",
        "opening_hours": "Mo-Su 10:00-21:30"
      },
      "geometry": {
        "type": "Point",
        "coordinates": [
          103.8382904,
          1.3009768
        ]
      },
      "id": "node/5855573485"
    },
    {
      "type": "Feature",
      "properties": {
        "@id": "node/5857711087",
        "addr:housenumber": "75E",
        "addr:street": "Loewen Road",
        "amenity": "cafe",
        "name": "Carrotsticks and Cravings",
        "opening_hours": "Mo-Sa 08:00-15:00"
      },
      "geometry": {
        "type": "Point",
        "coordinates": [
          103.8127955,
          1.3019552
        ]
      },
      "id": "node/5857711087"
    },
    {
      "type": "Feature",
      "properties": {
        "@id": "node/5857727985",
        "amenity": "cafe",
        "name": "Create Healthy Lifestyle",
        "opening_hours": "Mo-Sa 10:30-19:30",
        "wheelchair": "yes"
      },
      "geometry": {
        "type": "Point",
        "coordinates": [
          103.8522588,
          1.3005224
        ]
      },
      "id": "node/5857727985"
    },
    {
      "type": "Feature",
      "properties": {
        "@id": "node/5872497585",
        "amenity": "cafe",
        "name": "Harvest",
        "opening_hours": "Mo-Su 11:30-21:30",
        "wheelchair": "limited"
      },
      "geometry": {
        "type": "Point",
        "coordinates": [
          103.9038974,
          1.305368
        ]
      },
      "id": "node/5872497585"
    },
    {
      "type": "Feature",
      "properties": {
        "@id": "node/5877104941",
        "amenity": "cafe",
        "brand": "Starbucks",
        "brand:wikidata": "Q37158",
        "check_date": "2023-06-19",
        "cuisine": "coffee_shop",
        "diet:halal": "yes",
        "drive_through": "no",
        "level": "0",
        "name": "Starbucks",
        "official_name": "Starbucks Coffee",
        "payment:mastercard": "yes",
        "payment:visa": "yes",
        "smoking": "no",
        "takeaway": "yes",
        "wheelchair": "yes"
      },
      "geometry": {
        "type": "Point",
        "coordinates": [
          103.8934942,
          1.3824843
        ]
      },
      "id": "node/5877104941"
    },
    {
      "type": "Feature",
      "properties": {
        "@id": "node/5894567819",
        "amenity": "cafe",
        "delivery": "no",
        "drive_through": "no",
        "name": "Arise and Shine",
        "outdoor_seating": "no",
        "smoking": "no",
        "takeaway": "yes"
      },
      "geometry": {
        "type": "Point",
        "coordinates": [
          103.7715671,
          1.2992078
        ]
      },
      "id": "node/5894567819"
    },
    {
      "type": "Feature",
      "properties": {
        "@id": "node/5904499442",
        "addr:city": "Singapore",
        "addr:postcode": "569933",
        "addr:street": "Ang Mo Kio Avenue 3",
        "amenity": "cafe",
        "brand": "Starbucks",
        "brand:wikidata": "Q37158",
        "brand:wikipedia": "en:Starbucks",
        "cuisine": "coffee_shop",
        "internet_access:fee": "no",
        "level": "-1",
        "name": "Starbucks",
        "official_name": "Starbucks Coffee",
        "smoking": "no",
        "takeaway": "yes",
        "wheelchair": "yes"
      },
      "geometry": {
        "type": "Point",
        "coordinates": [
          103.8484354,
          1.3690938
        ]
      },
      "id": "node/5904499442"
    },
    {
      "type": "Feature",
      "properties": {
        "@id": "node/5921072253",
        "addr:city": "Singapore",
        "addr:housenumber": "1",
        "addr:postcode": "138632",
        "addr:street": "Fusionopolis Way",
        "amenity": "cafe",
        "brand": "Starbucks",
        "brand:wikidata": "Q37158",
        "brand:wikipedia": "en:Starbucks",
        "cuisine": "coffee_shop",
        "internet_access": "yes",
        "level": "0-1",
        "name": "Starbucks",
        "name:zh": "星巴克",
        "official_name": "Starbucks Coffee",
        "outdoor_seating": "yes",
        "takeaway": "yes",
        "wheelchair": "yes"
      },
      "geometry": {
        "type": "Point",
        "coordinates": [
          103.7874709,
          1.2992866
        ]
      },
      "id": "node/5921072253"
    },
    {
      "type": "Feature",
      "properties": {
        "@id": "node/5921792887",
        "amenity": "cafe",
        "name": "Waterbath Chef",
        "opening_hours": "Mo-Su 09:30-20:30"
      },
      "geometry": {
        "type": "Point",
        "coordinates": [
          103.7659869,
          1.3037108
        ]
      },
      "id": "node/5921792887"
    },
    {
      "type": "Feature",
      "properties": {
        "@id": "node/5924056451",
        "amenity": "cafe",
        "brand": "Starbucks",
        "brand:wikidata": "Q37158",
        "brand:wikipedia": "en:Starbucks",
        "cuisine": "coffee_shop",
        "level": "0",
        "name": "Starbucks",
        "name:zh": "星巴克",
        "official_name": "Starbucks Coffee",
        "takeaway": "yes"
      },
      "geometry": {
        "type": "Point",
        "coordinates": [
          103.8273642,
          1.2861428
        ]
      },
      "id": "node/5924056451"
    },
    {
      "type": "Feature",
      "properties": {
        "@id": "node/5924056454",
        "addr:city": "Singapore",
        "addr:postcode": "168732",
        "addr:street": "Tiong Bahru Road",
        "amenity": "cafe",
        "brand": "Toast Box",
        "brand:wikidata": "Q100285490",
        "cuisine": "coffee_shop",
        "level": "0",
        "name": "Toast Box",
        "name:zh": "土司工坊",
        "takeaway": "yes"
      },
      "geometry": {
        "type": "Point",
        "coordinates": [
          103.8273742,
          1.2862134
        ]
      },
      "id": "node/5924056454"
    },
    {
      "type": "Feature",
      "properties": {
        "@id": "node/5924056455",
        "addr:city": "Singapore",
        "addr:postcode": "168732",
        "addr:street": "Tiong Bahru Road",
        "amenity": "cafe",
        "brand": "The Coffee Bean & Tea Leaf",
        "brand:wikidata": "Q1141384",
        "brand:wikipedia": "en:The Coffee Bean & Tea Leaf",
        "cuisine": "coffee_shop",
        "level": "0",
        "name": "The Coffee Bean & Tea Leaf",
        "takeaway": "yes"
      },
      "geometry": {
        "type": "Point",
        "coordinates": [
          103.8272948,
          1.2863173
        ]
      },
      "id": "node/5924056455"
    },
    {
      "type": "Feature",
      "properties": {
        "@id": "node/5924056465",
        "amenity": "cafe",
        "cuisine": "coffee_shop",
        "name": "Fun Toast"
      },
      "geometry": {
        "type": "Point",
        "coordinates": [
          103.8278526,
          1.286394
        ]
      },
      "id": "node/5924056465"
    },
    {
      "type": "Feature",
      "properties": {
        "@id": "node/5924056467",
        "amenity": "cafe",
        "cuisine": "bubble_tea",
        "name": "KOI"
      },
      "geometry": {
        "type": "Point",
        "coordinates": [
          103.8277624,
          1.286486
        ]
      },
      "id": "node/5924056467"
    },
    {
      "type": "Feature",
      "properties": {
        "@id": "node/5924056471",
        "addr:city": "Singpore",
        "addr:housenumber": "#B1-138",
        "addr:postcode": "168732",
        "addr:street": "302 Tiong Bahru Rd, Tiong Bahru Plaza",
        "amenity": "cafe",
        "brand": "Ya Kun Kaya Toast",
        "brand:wikidata": "Q8046237",
        "brand:wikipedia": "en:Ya Kun Kaya Toast",
        "cuisine": "coffee_shop",
        "name": "Ya Kun Kaya Toast",
        "takeaway": "yes"
      },
      "geometry": {
        "type": "Point",
        "coordinates": [
          103.8271802,
          1.2865231
        ]
      },
      "id": "node/5924056471"
    },
    {
      "type": "Feature",
      "properties": {
        "@id": "node/5929726485",
        "amenity": "cafe",
        "cuisine": "chinese"
      },
      "geometry": {
        "type": "Point",
        "coordinates": [
          103.8426799,
          1.2848264
        ]
      },
      "id": "node/5929726485"
    },
    {
      "type": "Feature",
      "properties": {
        "@id": "node/5936189450",
        "amenity": "cafe",
        "name": "Forest4 Darts Cafe"
      },
      "geometry": {
        "type": "Point",
        "coordinates": [
          103.955121,
          1.3761287
        ]
      },
      "id": "node/5936189450"
    },
    {
      "type": "Feature",
      "properties": {
        "@id": "node/5936189454",
        "air_conditioning": "yes",
        "amenity": "cafe",
        "brand": "Starbucks",
        "brand:wikidata": "Q37158",
        "brand:wikipedia": "en:Starbucks",
        "cuisine": "coffee_shop",
        "level": "1",
        "name": "Starbucks",
        "official_name": "Starbucks Coffee",
        "takeaway": "yes"
      },
      "geometry": {
        "type": "Point",
        "coordinates": [
          103.9548827,
          1.3773576
        ]
      },
      "id": "node/5936189454"
    },
    {
      "type": "Feature",
      "properties": {
        "@id": "node/5936541047",
        "addr:city": "Singapore",
        "addr:housenumber": "3",
        "addr:postcode": "117579",
        "addr:street": "Engineering Drive 2",
        "amenity": "cafe",
        "name": "Platypus Foodbar (E2A)",
        "opening_hours": "Mo-Sa 08:30-20:00",
        "outdoor_seating": "yes"
      },
      "geometry": {
        "type": "Point",
        "coordinates": [
          103.7714113,
          1.2987428
        ]
      },
      "id": "node/5936541047"
    },
    {
      "type": "Feature",
      "properties": {
        "@id": "node/5940415685",
        "addr:city": "Singapore",
        "addr:country": "SG",
        "addr:housename": "UOB Plaza 2",
        "addr:housenumber": "80",
        "addr:postcode": "048624",
        "addr:unit": "#01-20",
        "air_conditioning": "yes",
        "amenity": "cafe",
        "bar": "no",
        "check_date": "2023-12-29",
        "contact:facebook": "https://www.facebook.com/thesaladshopsg",
        "contact:instagram": "https://www.instagram.com/thesaladshopsg",
        "cuisine": "salad",
        "delivery": "yes",
        "diet:vegetarian": "yes",
        "email": "enquiry@thesaladshop.com.sg",
        "level": "0",
        "name": "The Salad Shop",
        "opening_hours": "Mo-Fr 11:00-16:30; Sa-Su,PH off",
        "outdoor_seating": "yes",
        "payment:cash": "yes",
        "payment:credit_cards": "yes",
        "payment:debit_cards": "yes",
        "phone": "+65 6536 3686",
        "takeaway": "yes",
        "website": "https://www.thesaladshop.com.sg/",
        "website:menu": "https://drive.google.com/drive/mobile/folders/1BbymMJtCHWsW6aSGjiHG--GErnd93AtG?",
        "wheelchair": "yes"
      },
      "geometry": {
        "type": "Point",
        "coordinates": [
          103.8512376,
          1.2855373
        ]
      },
      "id": "node/5940415685"
    },
    {
      "type": "Feature",
      "properties": {
        "@id": "node/5940416185",
        "amenity": "cafe",
        "name": "The Salad Shop",
        "opening_hours": "Mo-Fr 11:00-20:00"
      },
      "geometry": {
        "type": "Point",
        "coordinates": [
          103.8455435,
          1.2741218
        ]
      },
      "id": "node/5940416185"
    },
    {
      "type": "Feature",
      "properties": {
        "@id": "node/5942836036",
        "addr:city": "Singapore",
        "addr:housenumber": "#02-K10",
        "addr:postcode": "556083",
        "addr:street": "23 Serangoon Central, NEX",
        "amenity": "cafe",
        "brand": "The Coffee Bean & Tea Leaf",
        "brand:wikidata": "Q1141384",
        "brand:wikipedia": "en:The Coffee Bean & Tea Leaf",
        "cuisine": "coffee_shop",
        "level": "1",
        "name": "The Coffee Bean & Tea Leaf",
        "takeaway": "yes",
        "wheelchair": "yes"
      },
      "geometry": {
        "type": "Point",
        "coordinates": [
          103.8726532,
          1.3506028
        ]
      },
      "id": "node/5942836036"
    },
    {
      "type": "Feature",
      "properties": {
        "@id": "node/5942836048",
        "amenity": "cafe",
        "brand": "Starbucks",
        "brand:wikidata": "Q37158",
        "brand:wikipedia": "en:Starbucks",
        "cuisine": "coffee_shop",
        "level": "1",
        "name": "Starbucks",
        "official_name": "Starbucks Coffee",
        "takeaway": "yes"
      },
      "geometry": {
        "type": "Point",
        "coordinates": [
          103.8722546,
          1.3506075
        ]
      },
      "id": "node/5942836048"
    },
    {
      "type": "Feature",
      "properties": {
        "@id": "node/5951170495",
        "amenity": "cafe",
        "cuisine": "bubble_tea",
        "level": "-1",
        "name": "KOI Thé",
        "takeaway": "only"
      },
      "geometry": {
        "type": "Point",
        "coordinates": [
          103.8721487,
          1.3510256
        ]
      },
      "id": "node/5951170495"
    },
    {
      "type": "Feature",
      "properties": {
        "@id": "node/5973969886",
        "addr:city": "Singapore",
        "addr:housenumber": "#02-36",
        "addr:postcode": "819665",
        "addr:street": "10 Airport Blvd, Changi Airport Terminal 4",
        "amenity": "cafe",
        "brand": "The Coffee Bean & Tea Leaf",
        "brand:wikidata": "Q1141384",
        "brand:wikipedia": "en:The Coffee Bean & Tea Leaf",
        "cuisine": "coffee_shop",
        "name": "The Coffee Bean & Tea Leaf",
        "takeaway": "yes"
      },
      "geometry": {
        "type": "Point",
        "coordinates": [
          103.9834238,
          1.3384368
        ]
      },
      "id": "node/5973969886"
    },
    {
      "type": "Feature",
      "properties": {
        "@id": "node/6012281629",
        "addr:city": "Singapore",
        "addr:housenumber": "#01-34",
        "addr:postcode": "579837",
        "addr:street": "9 Bishan Place",
        "amenity": "cafe",
        "brand": "The Coffee Bean & Tea Leaf",
        "brand:wikidata": "Q1141384",
        "brand:wikipedia": "en:The Coffee Bean & Tea Leaf",
        "cuisine": "coffee_shop",
        "level": "0",
        "name": "The Coffee Bean & Tea Leaf",
        "outdoor_seating": "yes",
        "takeaway": "yes",
        "wheelchair": "limited"
      },
      "geometry": {
        "type": "Point",
        "coordinates": [
          103.8482843,
          1.3504685
        ]
      },
      "id": "node/6012281629"
    },
    {
      "type": "Feature",
      "properties": {
        "@id": "node/6012281630",
        "amenity": "cafe",
        "level": "2",
        "name": "Fun Toast",
        "smoking": "no",
        "takeaway": "yes",
        "wheelchair": "yes"
      },
      "geometry": {
        "type": "Point",
        "coordinates": [
          103.8486604,
          1.350596
        ]
      },
      "id": "node/6012281630"
    },
    {
      "type": "Feature",
      "properties": {
        "@id": "node/6016984314",
        "amenity": "cafe",
        "brand": "Délifrance",
        "brand:wikidata": "Q5320229",
        "level": "0",
        "name": "Délifrance",
        "shop": "bakery"
      },
      "geometry": {
        "type": "Point",
        "coordinates": [
          103.8932676,
          1.3945474
        ]
      },
      "id": "node/6016984314"
    },
    {
      "type": "Feature",
      "properties": {
        "@id": "node/6016984316",
        "amenity": "cafe",
        "level": "0",
        "name": "Polar Café"
      },
      "geometry": {
        "type": "Point",
        "coordinates": [
          103.8930359,
          1.3947403
        ]
      },
      "id": "node/6016984316"
    },
    {
      "type": "Feature",
      "properties": {
        "@id": "node/6016984319",
        "addr:unit": "05",
        "amenity": "cafe",
        "highchair": "yes",
        "level": "0",
        "name": "Ah Khoo Sengkang",
        "opening_hours": "08:00-20:00",
        "operator": "Ah Khoo",
        "payment:apple_pay": "yes",
        "payment:cash": "yes",
        "payment:google_pay": "yes",
        "payment:mastercard": "yes",
        "payment:samsung_pay": "yes",
        "payment:visa": "yes",
        "takeaway": "yes",
        "wheelchair": "yes"
      },
      "geometry": {
        "type": "Point",
        "coordinates": [
          103.8942212,
          1.3927872
        ]
      },
      "id": "node/6016984319"
    },
    {
      "type": "Feature",
      "properties": {
        "@id": "node/6016984323",
        "amenity": "cafe",
        "level": "0",
        "name": "Kaffe & Toast"
      },
      "geometry": {
        "type": "Point",
        "coordinates": [
          103.8929177,
          1.3950395
        ]
      },
      "id": "node/6016984323"
    },
    {
      "type": "Feature",
      "properties": {
        "@id": "node/6027307985",
        "amenity": "cafe",
        "brand": "Paris Baguette",
        "brand:wikidata": "Q62605260",
        "name": "Paris Baguette",
        "shop": "bakery"
      },
      "geometry": {
        "type": "Point",
        "coordinates": [
          103.9853051,
          1.3415249
        ]
      },
      "id": "node/6027307985"
    },
    {
      "type": "Feature",
      "properties": {
        "@id": "node/6035813285",
        "amenity": "cafe",
        "name": "52 Sandwich Shack"
      },
      "geometry": {
        "type": "Point",
        "coordinates": [
          103.8528986,
          1.2941777
        ]
      },
      "id": "node/6035813285"
    },
    {
      "type": "Feature",
      "properties": {
        "@id": "node/6070534686",
        "amenity": "cafe"
      },
      "geometry": {
        "type": "Point",
        "coordinates": [
          103.8415113,
          1.2746839
        ]
      },
      "id": "node/6070534686"
    },
    {
      "type": "Feature",
      "properties": {
        "@id": "node/6082899986",
        "addr:housenumber": "62",
        "addr:street": "South Bridge Road",
        "air_conditioning": "no",
        "amenity": "cafe",
        "check_date": "2024-04-11",
        "cuisine": "local",
        "level": "0",
        "name": "Frienzlink Cafeteria",
        "outdoor_seating": "yes"
      },
      "geometry": {
        "type": "Point",
        "coordinates": [
          103.848173,
          1.2874426
        ]
      },
      "id": "node/6082899986"
    },
    {
      "type": "Feature",
      "properties": {
        "@id": "node/6131886932",
        "air_conditioning": "yes",
        "amenity": "cafe",
        "brand": "Starbucks",
        "brand:wikidata": "Q37158",
        "brand:wikipedia": "en:Starbucks",
        "check_date": "2023-06-23",
        "cuisine": "coffee_shop",
        "drive_through": "no",
        "internet_access": "wlan",
        "internet_access:fee": "no",
        "level": "1",
        "name": "Starbucks",
        "official_name": "Starbucks Coffee",
        "opening_hours": "08:00-22:00",
        "outdoor_seating": "no",
        "payment:app": "yes",
        "payment:apple_pay": "yes",
        "payment:cash": "yes",
        "payment:contactless": "yes",
        "payment:credit_cards": "yes",
        "payment:debit_cards": "yes",
        "payment:google_pay": "yes",
        "payment:mastercard": "yes",
        "payment:visa": "yes",
        "smoking": "no",
        "source": "survey;local knowledge",
        "takeaway": "yes"
      },
      "geometry": {
        "type": "Point",
        "coordinates": [
          103.8938773,
          1.3723972
        ]
      },
      "id": "node/6131886932"
    },
    {
      "type": "Feature",
      "properties": {
        "@id": "node/6132175903",
        "addr:city": "Singapore",
        "addr:housenumber": "9",
        "addr:postcode": "117575",
        "addr:street": "Engineering Drive 1",
        "amenity": "cafe",
        "internet_access:fee": "no",
        "name": "Spinelli",
        "name:zh": "Spinelli",
        "opening_hours": "Mo-Fr 08:30-17:30",
        "outdoor_seating": "no",
        "phone": "+65 6252 4736",
        "smoking": "no",
        "takeaway": "yes",
        "website": "https://www.spinellicoffee.com/"
      },
      "geometry": {
        "type": "Point",
        "coordinates": [
          103.770681,
          1.3002456
        ]
      },
      "id": "node/6132175903"
    },
    {
      "type": "Feature",
      "properties": {
        "@id": "node/6138674724",
        "amenity": "cafe",
        "name": "Daily Coffee"
      },
      "geometry": {
        "type": "Point",
        "coordinates": [
          103.9226456,
          1.3233821
        ]
      },
      "id": "node/6138674724"
    },
    {
      "type": "Feature",
      "properties": {
        "@id": "node/6141723795",
        "amenity": "cafe",
        "level": "2",
        "name": "IKEA Bistro",
        "opening_hours": "Mo-Th,Su 10:00-22:00; Fr-Sa 10:00-23:00",
        "operator": "IKEA",
        "smoking": "no",
        "wheelchair": "yes"
      },
      "geometry": {
        "type": "Point",
        "coordinates": [
          103.9324012,
          1.3735963
        ]
      },
      "id": "node/6141723795"
    },
    {
      "type": "Feature",
      "properties": {
        "@id": "node/6144083116",
        "addr:city": "Singapore",
        "addr:housenumber": "#02-41",
        "addr:postcode": "119963",
        "addr:street": "460 Alexandra Rd",
        "amenity": "cafe",
        "brand": "The Coffee Bean & Tea Leaf",
        "brand:wikidata": "Q1141384",
        "brand:wikipedia": "en:The Coffee Bean & Tea Leaf",
        "cuisine": "coffee_shop",
        "internet_access": "wlan",
        "internet_access:fee": "no",
        "name": "The Coffee Bean & Tea Leaf",
        "takeaway": "yes"
      },
      "geometry": {
        "type": "Point",
        "coordinates": [
          103.8016581,
          1.2737438
        ]
      },
      "id": "node/6144083116"
    },
    {
      "type": "Feature",
      "properties": {
        "@id": "node/6157230587",
        "addr:city": "Singapore",
        "addr:housenumber": "326",
        "addr:postcode": "550326",
        "addr:street": "Serangoon Avenue 3",
        "amenity": "cafe",
        "cuisine": "crepe;pancake;coffee_shop;ice_cream",
        "email": "info@cottontailcreamery.com",
        "name": "Cottontail Creamery",
        "opening_hours": "Tu-Th 11:00-22:00; Fr 11:00-11:00; Sa 09:00-23:00; Su 09:00-22:00",
        "phone": "+6581187552"
      },
      "geometry": {
        "type": "Point",
        "coordinates": [
          103.8689715,
          1.3502695
        ]
      },
      "id": "node/6157230587"
    },
    {
      "type": "Feature",
      "properties": {
        "@id": "node/6160990985",
        "addr:city": "Singapore",
        "addr:country": "SG",
        "addr:housenumber": "68",
        "addr:postcode": "238839",
        "addr:street": "Orchard Road",
        "addr:unit": "#01-68",
        "amenity": "cafe",
        "cuisine": "bubble_tea",
        "level": "0",
        "name": "Hollin",
        "phone": "+65 6530 3929",
        "wheelchair": "yes"
      },
      "geometry": {
        "type": "Point",
        "coordinates": [
          103.8456716,
          1.2992928
        ]
      },
      "id": "node/6160990985"
    },
    {
      "type": "Feature",
      "properties": {
        "@id": "node/6164092288",
        "amenity": "cafe",
        "name": "Tiong Bahru Bakery",
        "wheelchair": "no"
      },
      "geometry": {
        "type": "Point",
        "coordinates": [
          103.8332472,
          1.3045581
        ]
      },
      "id": "node/6164092288"
    },
    {
      "type": "Feature",
      "properties": {
        "@id": "node/6164092289",
        "amenity": "cafe",
        "check_date": "2024-10-18",
        "name": "Hvala",
        "opening_hours": "Mo-Fr 08:00-18:00; Sa-Su,PH 10:00-20:00"
      },
      "geometry": {
        "type": "Point",
        "coordinates": [
          103.8568706,
          1.3012972
        ]
      },
      "id": "node/6164092289"
    },
    {
      "type": "Feature",
      "properties": {
        "@id": "node/6169990186",
        "amenity": "cafe",
        "cuisine": "bubble_tea",
        "drink:tea": "yes",
        "name": "LiHO Bubble tea",
        "name:fr": "LiHO Bubble tea thés",
        "wheelchair": "yes"
      },
      "geometry": {
        "type": "Point",
        "coordinates": [
          103.8566887,
          1.3116863
        ]
      },
      "id": "node/6169990186"
    },
    {
      "type": "Feature",
      "properties": {
        "@id": "node/6191377385",
        "amenity": "cafe",
        "name": "Cottontail Creamery",
        "opening_hours": "Tu-Fr 11:00-22:00; Sa-Su 09:00-22:00"
      },
      "geometry": {
        "type": "Point",
        "coordinates": [
          103.8690692,
          1.3503728
        ]
      },
      "id": "node/6191377385"
    },
    {
      "type": "Feature",
      "properties": {
        "@id": "node/6191395085",
        "amenity": "cafe",
        "name": "Chef’s Hats"
      },
      "geometry": {
        "type": "Point",
        "coordinates": [
          103.8882346,
          1.3793005
        ]
      },
      "id": "node/6191395085"
    },
    {
      "type": "Feature",
      "properties": {
        "@id": "node/6197774742",
        "amenity": "cafe",
        "level": "-2",
        "name": "Mos Cafe",
        "not:brand:wikidata": "Q17022303",
        "wheelchair": "yes"
      },
      "geometry": {
        "type": "Point",
        "coordinates": [
          103.8341543,
          1.3032893
        ]
      },
      "id": "node/6197774742"
    },
    {
      "type": "Feature",
      "properties": {
        "@id": "node/6197774747",
        "amenity": "cafe",
        "level": "-1",
        "name": "d'GoldCafé"
      },
      "geometry": {
        "type": "Point",
        "coordinates": [
          103.8346548,
          1.3026151
        ]
      },
      "id": "node/6197774747"
    },
    {
      "type": "Feature",
      "properties": {
        "@id": "node/6212980051",
        "amenity": "cafe",
        "cuisine": "bubble_tea",
        "level": "0",
        "name": "Koi"
      },
      "geometry": {
        "type": "Point",
        "coordinates": [
          103.8938114,
          1.3722423
        ]
      },
      "id": "node/6212980051"
    },
    {
      "type": "Feature",
      "properties": {
        "@id": "node/6239882586",
        "addr:city": "Singapore",
        "addr:housenumber": "#02-06",
        "addr:postcode": "069547",
        "addr:street": "182 Cecil Street, Frasers Tower",
        "amenity": "cafe",
        "brand": "Ya Kun Kaya Toast",
        "brand:wikidata": "Q8046237",
        "brand:wikipedia": "en:Ya Kun Kaya Toast",
        "cuisine": "coffee_shop",
        "name": "Ya Kun Kaya Toast",
        "takeaway": "yes"
      },
      "geometry": {
        "type": "Point",
        "coordinates": [
          103.8470827,
          1.2792013
        ]
      },
      "id": "node/6239882586"
    },
    {
      "type": "Feature",
      "properties": {
        "@id": "node/6259954920",
        "addr:city": "Singapore",
        "addr:country": "SG",
        "addr:housenumber": "204",
        "addr:postcode": "068640",
        "addr:street": "Telok Ayer Street",
        "amenity": "cafe",
        "email": "info@nanyangoldcoffee.com",
        "name": "Nanyang Old Coffee",
        "phone": "+65 6100 3450",
        "website": "https://nanyangoldcoffee.com/"
      },
      "geometry": {
        "type": "Point",
        "coordinates": [
          103.8472066,
          1.2801021
        ]
      },
      "id": "node/6259954920"
    },
    {
      "type": "Feature",
      "properties": {
        "@id": "node/6261115385",
        "amenity": "cafe",
        "check_date": "2025-10-20",
        "name": "Merci Marcel",
        "opening_hours": "Mo-Sa 08:00-23:00; Su 08:00-22:30"
      },
      "geometry": {
        "type": "Point",
        "coordinates": [
          103.8336915,
          1.2844007
        ]
      },
      "id": "node/6261115385"
    },
    {
      "type": "Feature",
      "properties": {
        "@id": "node/6267395815",
        "amenity": "cafe",
        "brand": "Paris Baguette",
        "brand:wikidata": "Q62605260",
        "level": "-1",
        "name": "Paris Baguette",
        "shop": "bakery",
        "wheelchair": "yes"
      },
      "geometry": {
        "type": "Point",
        "coordinates": [
          103.8556802,
          1.2996634
        ]
      },
      "id": "node/6267395815"
    },
    {
      "type": "Feature",
      "properties": {
        "@id": "node/6267395818",
        "amenity": "cafe",
        "level": "0",
        "name": "Fore Coffee"
      },
      "geometry": {
        "type": "Point",
        "coordinates": [
          103.8555629,
          1.2995098
        ]
      },
      "id": "node/6267395818"
    },
    {
      "type": "Feature",
      "properties": {
        "@id": "node/6267395823",
        "amenity": "cafe",
        "brand": "Gong Cha",
        "brand:wikidata": "Q5581670",
        "brand:zh": "貢茶",
        "cuisine": "bubble_tea",
        "int_name": "Gong Cha",
        "level": "2",
        "name": "Gong Cha",
        "name:zh": "貢茶",
        "takeaway": "yes"
      },
      "geometry": {
        "type": "Point",
        "coordinates": [
          103.8554316,
          1.2994706
        ]
      },
      "id": "node/6267395823"
    },
    {
      "type": "Feature",
      "properties": {
        "@id": "node/6267447085",
        "air_conditioning": "yes",
        "amenity": "cafe",
        "brand": "Mr. Coconut",
        "brand:wikidata": "Q56537271",
        "level": "0",
        "name": "Mr. Coconut",
        "outdoor_seating": "no",
        "toilets:wheelchair": "no",
        "wheelchair": "yes"
      },
      "geometry": {
        "type": "Point",
        "coordinates": [
          103.8468154,
          1.2889117
        ]
      },
      "id": "node/6267447085"
    },
    {
      "type": "Feature",
      "properties": {
        "@id": "node/6271033427",
        "amenity": "cafe",
        "level": "0",
        "name": "Gastronomia da paolo",
        "wheelchair": "yes"
      },
      "geometry": {
        "type": "Point",
        "coordinates": [
          103.8224582,
          1.2633874
        ]
      },
      "id": "node/6271033427"
    },
    {
      "type": "Feature",
      "properties": {
        "@id": "node/6271033430",
        "amenity": "cafe",
        "level": "0",
        "name": "Chulove Cafe"
      },
      "geometry": {
        "type": "Point",
        "coordinates": [
          103.8231537,
          1.2636257
        ]
      },
      "id": "node/6271033430"
    },
    {
      "type": "Feature",
      "properties": {
        "@id": "node/6271033451",
        "amenity": "cafe",
        "brand": "Toast Box",
        "brand:wikidata": "Q100285490",
        "cuisine": "coffee_shop",
        "level": "-2",
        "name": "Toast Box",
        "name:zh": "土司工坊",
        "takeaway": "yes",
        "wheelchair": "yes"
      },
      "geometry": {
        "type": "Point",
        "coordinates": [
          103.8215904,
          1.2647742
        ]
      },
      "id": "node/6271033451"
    },
    {
      "type": "Feature",
      "properties": {
        "@id": "node/6271033452",
        "amenity": "cafe",
        "brand": "The Coffee Bean & Tea Leaf",
        "brand:wikidata": "Q1141384",
        "brand:wikipedia": "en:The Coffee Bean & Tea Leaf",
        "cuisine": "coffee_shop",
        "level": "1",
        "name": "The Coffee Bean & Tea Leaf",
        "takeaway": "yes"
      },
      "geometry": {
        "type": "Point",
        "coordinates": [
          103.8217614,
          1.2648967
        ]
      },
      "id": "node/6271033452"
    },
    {
      "type": "Feature",
      "properties": {
        "@id": "node/6271033460",
        "amenity": "cafe",
        "brand": "Starbucks",
        "brand:wikidata": "Q37158",
        "brand:wikipedia": "en:Starbucks",
        "cuisine": "coffee_shop",
        "level": "1",
        "name": "Starbucks",
        "name:zh": "星巴克",
        "official_name": "Starbucks Coffee",
        "takeaway": "yes",
        "wheelchair": "yes"
      },
      "geometry": {
        "type": "Point",
        "coordinates": [
          103.8221774,
          1.264123
        ]
      },
      "id": "node/6271033460"
    },
    {
      "type": "Feature",
      "properties": {
        "@id": "node/6271033482",
        "amenity": "cafe",
        "brand": "Ya Kun Kaya Toast",
        "brand:wikidata": "Q8046237",
        "cuisine": "coffee_shop",
        "level": "-2",
        "name": "Ya Kun Kaya Toast",
        "takeaway": "yes",
        "wheelchair": "yes"
      },
      "geometry": {
        "type": "Point",
        "coordinates": [
          103.8228122,
          1.2644411
        ]
      },
      "id": "node/6271033482"
    },
    {
      "type": "Feature",
      "properties": {
        "@id": "node/6294904053",
        "amenity": "cafe",
        "brand": "Délifrance",
        "brand:wikidata": "Q5320229",
        "brand:wikipedia": "en:Délifrance",
        "level": "3",
        "name": "Délifrance",
        "shop": "bakery"
      },
      "geometry": {
        "type": "Point",
        "coordinates": [
          103.7846964,
          1.2934154
        ]
      },
      "id": "node/6294904053"
    },
    {
      "type": "Feature",
      "properties": {
        "@id": "node/6316934530",
        "amenity": "cafe",
        "name": "Salvation",
        "wheelchair": "yes"
      },
      "geometry": {
        "type": "Point",
        "coordinates": [
          103.8529417,
          1.3108714
        ]
      },
      "id": "node/6316934530"
    },
    {
      "type": "Feature",
      "properties": {
        "@id": "node/6326739801",
        "amenity": "cafe",
        "name": "Beloved Aroma",
        "ref": "18"
      },
      "geometry": {
        "type": "Point",
        "coordinates": [
          103.8397633,
          1.3118491
        ]
      },
      "id": "node/6326739801"
    },
    {
      "type": "Feature",
      "properties": {
        "@id": "node/6326739802",
        "amenity": "cafe",
        "name": "Marn",
        "ref": "17"
      },
      "geometry": {
        "type": "Point",
        "coordinates": [
          103.8397025,
          1.3118448
        ]
      },
      "id": "node/6326739802"
    },
    {
      "type": "Feature",
      "properties": {
        "@id": "node/6326739805",
        "amenity": "cafe",
        "name": "Singa",
        "ref": "14"
      },
      "geometry": {
        "type": "Point",
        "coordinates": [
          103.8396536,
          1.3118411
        ]
      },
      "id": "node/6326739805"
    },
    {
      "type": "Feature",
      "properties": {
        "@id": "node/6348182386",
        "amenity": "cafe",
        "name": "stateland coffee house",
        "wheelchair": "limited"
      },
      "geometry": {
        "type": "Point",
        "coordinates": [
          103.8584235,
          1.3012954
        ]
      },
      "id": "node/6348182386"
    },
    {
      "type": "Feature",
      "properties": {
        "@id": "node/6348187885",
        "addr:city": "Singapore",
        "addr:country": "SG",
        "addr:housenumber": "17D",
        "addr:postcode": "249676",
        "addr:street": "Dempsey Road",
        "amenity": "cafe",
        "name": "The Dempsey Cookhouse and Bar",
        "opening_hours": "Mo-Th 12:00-15:00, 18:00-00:00; Fr 12:00-15:00, 18:00-01:00; Sa 11:30-16:00, 18:00-01:00; Su 11:30-16:00, 18:00-22:00",
        "phone": "+65 1800 304 5588",
        "website": "http://comodempsey.sg/restaurant/the-dempsey-cookhouse-and-bar",
        "wheelchair": "yes"
      },
      "geometry": {
        "type": "Point",
        "coordinates": [
          103.8103792,
          1.3055936
        ]
      },
      "id": "node/6348187885"
    },
    {
      "type": "Feature",
      "properties": {
        "@id": "node/6349194985",
        "amenity": "cafe",
        "name": "Hollie Singapore Suntec City"
      },
      "geometry": {
        "type": "Point",
        "coordinates": [
          103.8590805,
          1.2959948
        ]
      },
      "id": "node/6349194985"
    },
    {
      "type": "Feature",
      "properties": {
        "@id": "node/6349195085",
        "amenity": "cafe",
        "name": "Hollin Singapore",
        "wheelchair": "yes"
      },
      "geometry": {
        "type": "Point",
        "coordinates": [
          103.857697,
          1.2942459
        ]
      },
      "id": "node/6349195085"
    },
    {
      "type": "Feature",
      "properties": {
        "@id": "node/6349196383",
        "amenity": "cafe",
        "check_date": "2026-01-18",
        "cuisine": "coffee_shop",
        "internet_access": "no",
        "level": "0",
        "name": "Baristart Coffee Singapore",
        "opening_hours": "09:00-21:00",
        "outdoor_seating": "no",
        "smoking": "no",
        "toilets": "yes",
        "toilets:access": "customers",
        "toilets:disposal": "flush",
        "toilets:position": "seated",
        "toilets:wheelchair": "no",
        "wheelchair": "no"
      },
      "geometry": {
        "type": "Point",
        "coordinates": [
          103.8444702,
          1.2776963
        ]
      },
      "id": "node/6349196383"
    },
    {
      "type": "Feature",
      "properties": {
        "@id": "node/6349196384",
        "amenity": "cafe",
        "level": "0",
        "name": "Bearded Bella",
        "name:en": "Bearded Bella",
        "opening_hours": "Mo-Th 07:30-17:00; Fr 07:30-23:00; Sa-Su 07:30-18:00",
        "outdoor_seating": "yes",
        "smoking": "no"
      },
      "geometry": {
        "type": "Point",
        "coordinates": [
          103.842895,
          1.2776334
        ]
      },
      "id": "node/6349196384"
    },
    {
      "type": "Feature",
      "properties": {
        "@id": "node/6349199085",
        "amenity": "cafe",
        "cuisine": "brunch",
        "name": "Twenty Eight Cafe"
      },
      "geometry": {
        "type": "Point",
        "coordinates": [
          103.8488859,
          1.3020804
        ]
      },
      "id": "node/6349199085"
    },
    {
      "type": "Feature",
      "properties": {
        "@id": "node/6349199456",
        "amenity": "cafe",
        "name": "Butcher Boy"
      },
      "geometry": {
        "type": "Point",
        "coordinates": [
          103.8413881,
          1.280007
        ]
      },
      "id": "node/6349199456"
    },
    {
      "type": "Feature",
      "properties": {
        "@id": "node/6356072962",
        "amenity": "cafe",
        "level": "0",
        "name": "The Assembly Ground"
      },
      "geometry": {
        "type": "Point",
        "coordinates": [
          103.8364671,
          1.3012109
        ]
      },
      "id": "node/6356072962"
    },
    {
      "type": "Feature",
      "properties": {
        "@id": "node/6356102170",
        "amenity": "cafe",
        "level": "2",
        "name": "Playnation Café"
      },
      "geometry": {
        "type": "Point",
        "coordinates": [
          103.8355374,
          1.3011097
        ]
      },
      "id": "node/6356102170"
    },
    {
      "type": "Feature",
      "properties": {
        "@id": "node/6356102172",
        "addr:city": "Singapore",
        "addr:housenumber": "#02-39",
        "addr:postcode": "237978",
        "addr:street": "2 Orchard Link, *SCAPE",
        "amenity": "cafe",
        "brand": "The Coffee Bean & Tea Leaf",
        "brand:wikidata": "Q1141384",
        "brand:wikipedia": "en:The Coffee Bean & Tea Leaf",
        "cuisine": "coffee_shop",
        "level": "0",
        "name": "The Coffee Bean & Tea Leaf",
        "takeaway": "yes",
        "wheelchair": "no"
      },
      "geometry": {
        "type": "Point",
        "coordinates": [
          103.8357891,
          1.3011896
        ]
      },
      "id": "node/6356102172"
    },
    {
      "type": "Feature",
      "properties": {
        "@id": "node/6356102588",
        "amenity": "cafe",
        "level": "1",
        "name": "Cotton Dreams"
      },
      "geometry": {
        "type": "Point",
        "coordinates": [
          103.8360785,
          1.3009796
        ]
      },
      "id": "node/6356102588"
    },
    {
      "type": "Feature",
      "properties": {
        "@id": "node/6362350491",
        "amenity": "cafe",
        "branch": "(worldwide)",
        "brand": "Gong Cha",
        "brand:wikidata": "Q5581670",
        "brand:zh": "貢茶",
        "cuisine": "bubble_tea",
        "int_name": "Gong Cha",
        "level": "0",
        "name": "Gong Cha",
        "name:zh": "貢茶",
        "takeaway": "yes"
      },
      "geometry": {
        "type": "Point",
        "coordinates": [
          103.8484222,
          1.3329432
        ]
      },
      "id": "node/6362350491"
    },
    {
      "type": "Feature",
      "properties": {
        "@id": "node/6366491485",
        "addr:city": "Singapore",
        "addr:housenumber": "56",
        "addr:postcode": "199755",
        "addr:street": "Arab Street",
        "amenity": "cafe",
        "brand": "% Arabica",
        "brand:wikidata": "Q107639197",
        "cuisine": "coffee_shop",
        "name": "% Arabica",
        "opening_hours": "Mo-Su 08:00-20:00",
        "outdoor_seating": "yes",
        "phone": "+65 6291 3887",
        "takeaway": "yes",
        "website": "https://arabica.coffee/"
      },
      "geometry": {
        "type": "Point",
        "coordinates": [
          103.8594011,
          1.3010538
        ]
      },
      "id": "node/6366491485"
    },
    {
      "type": "Feature",
      "properties": {
        "@id": "node/6370355516",
        "addr:city": "Singapore",
        "addr:country": "SG",
        "addr:housenumber": "1",
        "addr:postcode": "178957",
        "addr:street": "St Andrew's Road",
        "amenity": "cafe",
        "facebook": "https://m.facebook.com/CourtyardCafeAndLounge/",
        "name": "Courtyard Cafe",
        "opening_hours": "Mo-Th 09:30-19:00; Fr 09:30-20:00; Sa 09:30-19:00",
        "phone": "+65 6384 1874",
        "wheelchair": "yes"
      },
      "geometry": {
        "type": "Point",
        "coordinates": [
          103.8510694,
          1.2898227
        ]
      },
      "id": "node/6370355516"
    },
    {
      "type": "Feature",
      "properties": {
        "@id": "node/6370603365",
        "addr:city": "Singapore",
        "addr:country": "SG",
        "addr:housenumber": "10",
        "addr:postcode": "247700",
        "addr:street": "Dempsey Road",
        "addr:unit": "#01-23",
        "amenity": "cafe",
        "check_date": "2023-01-18",
        "cuisine": "chinese;malaysian;international",
        "level": "0",
        "name": "ChoPSuey Café",
        "opening_hours": "Mo-Fr 11:30-23:00; Sa-Su 10:30-23:00",
        "outdoor_seating": "yes",
        "payment:credit_cards": "yes",
        "payment:debit_cards": "yes",
        "payment:mastercard": "yes",
        "payment:nets": "yes",
        "payment:visa": "yes",
        "phone": "+65 9224 6611",
        "reservation": "yes",
        "website": "https://www.pscafe.com/chopsuey-cafe-at-dempsey-hill/",
        "wheelchair": "yes"
      },
      "geometry": {
        "type": "Point",
        "coordinates": [
          103.8104746,
          1.3031071
        ]
      },
      "id": "node/6370603365"
    },
    {
      "type": "Feature",
      "properties": {
        "@id": "node/6373283585",
        "addr:housenumber": "333",
        "amenity": "cafe",
        "name": "The Social",
        "name:en": "The Social Space",
        "opening_hours": "Mo, We-Sa 09:00-19:00; Su 09:00-18:00"
      },
      "geometry": {
        "type": "Point",
        "coordinates": [
          103.8422385,
          1.2807127
        ]
      },
      "id": "node/6373283585"
    },
    {
      "type": "Feature",
      "properties": {
        "@id": "node/6377378485",
        "amenity": "cafe",
        "name": "Jewel Coffee"
      },
      "geometry": {
        "type": "Point",
        "coordinates": [
          103.8475971,
          1.2781191
        ]
      },
      "id": "node/6377378485"
    },
    {
      "type": "Feature",
      "properties": {
        "@id": "node/6377378486",
        "addr:city": "Singapore",
        "addr:housenumber": "143",
        "addr:postcode": "069542",
        "addr:street": "Cecil Street",
        "amenity": "cafe",
        "level": "0",
        "name": "Huggs"
      },
      "geometry": {
        "type": "Point",
        "coordinates": [
          103.8479707,
          1.2786222
        ]
      },
      "id": "node/6377378486"
    },
    {
      "type": "Feature",
      "properties": {
        "@id": "node/6377378489",
        "amenity": "cafe",
        "name": "Dimbulah"
      },
      "geometry": {
        "type": "Point",
        "coordinates": [
          103.8514644,
          1.2807447
        ]
      },
      "id": "node/6377378489"
    },
    {
      "type": "Feature",
      "properties": {
        "@id": "node/6377378585",
        "amenity": "cafe",
        "name": "Killiney"
      },
      "geometry": {
        "type": "Point",
        "coordinates": [
          103.8486005,
          1.2787545
        ]
      },
      "id": "node/6377378585"
    },
    {
      "type": "Feature",
      "properties": {
        "@id": "node/6385322085",
        "addr:city": "Singapore",
        "addr:housenumber": "1",
        "addr:postcode": "049213",
        "addr:street": "Fullerton Road #01-04 One Fullerton",
        "amenity": "cafe",
        "brand": "Starbucks",
        "brand:wikidata": "Q37158",
        "brand:wikipedia": "en:Starbucks",
        "cuisine": "coffee_shop",
        "name": "Starbucks",
        "official_name": "Starbucks Coffee",
        "outdoor_seating": "yes",
        "takeaway": "yes"
      },
      "geometry": {
        "type": "Point",
        "coordinates": [
          103.8540183,
          1.2856199
        ]
      },
      "id": "node/6385322085"
    },
    {
      "type": "Feature",
      "properties": {
        "@id": "node/6395769285",
        "addr:postcode": "179103",
        "amenity": "cafe",
        "brand": "Joe & The Juice",
        "brand:wikidata": "Q26221514",
        "brand:wikipedia": "en:Joe & The Juice",
        "cuisine": "coffee_shop",
        "name": "Joe & The Juice",
        "opening_hours": "Mo-Fr 08:00-22:00; Sa-Su 08:00-20:00",
        "takeaway": "yes",
        "wheelchair": "yes"
      },
      "geometry": {
        "type": "Point",
        "coordinates": [
          103.852846,
          1.293491
        ]
      },
      "id": "node/6395769285"
    },
    {
      "type": "Feature",
      "properties": {
        "@id": "node/6398250290",
        "addr:housenumber": "190",
        "addr:street": "Middle Road",
        "addr:unit": "#02-31",
        "amenity": "cafe",
        "check_date": "2025-05-27",
        "cuisine": "dessert;bubble_tea",
        "level": "0",
        "name": "Chilltea"
      },
      "geometry": {
        "type": "Point",
        "coordinates": [
          103.8526169,
          1.3002714
        ]
      },
      "id": "node/6398250290"
    },
    {
      "type": "Feature",
      "properties": {
        "@id": "node/6398274985",
        "amenity": "cafe",
        "name": "Cranky Cat"
      },
      "geometry": {
        "type": "Point",
        "coordinates": [
          103.860991,
          1.3045149
        ]
      },
      "id": "node/6398274985"
    },
    {
      "type": "Feature",
      "properties": {
        "@id": "node/6398274988",
        "amenity": "cafe",
        "brand": "Gloria Jean's",
        "brand:wikidata": "Q2666365",
        "cuisine": "coffee_shop",
        "name": "Gloria Jean's",
        "official_name": "Gloria Jean's Coffees",
        "takeaway": "yes"
      },
      "geometry": {
        "type": "Point",
        "coordinates": [
          103.8604905,
          1.3056578
        ]
      },
      "id": "node/6398274988"
    },
    {
      "type": "Feature",
      "properties": {
        "@id": "node/6398274989",
        "amenity": "cafe",
        "brand": "LiHo",
        "cuisine": "bubble_tea",
        "name": "LiHo",
        "wheelchair": "yes"
      },
      "geometry": {
        "type": "Point",
        "coordinates": [
          103.8625913,
          1.3074852
        ]
      },
      "id": "node/6398274989"
    },
    {
      "type": "Feature",
      "properties": {
        "@id": "node/6398275285",
        "amenity": "cafe",
        "name": "The White Ombré"
      },
      "geometry": {
        "type": "Point",
        "coordinates": [
          103.8606337,
          1.3057873
        ]
      },
      "id": "node/6398275285"
    },
    {
      "type": "Feature",
      "properties": {
        "@id": "node/6405687987",
        "amenity": "cafe",
        "name": "Swee Heng 1989 Bakery Cafe",
        "name:zh": "瑞兴1989面包店",
        "shop": "bakery"
      },
      "geometry": {
        "type": "Point",
        "coordinates": [
          103.7832568,
          1.2956693
        ]
      },
      "id": "node/6405687987"
    },
    {
      "type": "Feature",
      "properties": {
        "@id": "node/6437694587",
        "amenity": "cafe",
        "level": "1",
        "name": "Rocky Master"
      },
      "geometry": {
        "type": "Point",
        "coordinates": [
          103.8891658,
          1.3360247
        ]
      },
      "id": "node/6437694587"
    },
    {
      "type": "Feature",
      "properties": {
        "@id": "node/6437694685",
        "amenity": "cafe",
        "level": "1",
        "name": "Jalan Kayu"
      },
      "geometry": {
        "type": "Point",
        "coordinates": [
          103.8891019,
          1.3359954
        ]
      },
      "id": "node/6437694685"
    },
    {
      "type": "Feature",
      "properties": {
        "@id": "node/6456690686",
        "amenity": "cafe",
        "name": "HeDeLe"
      },
      "geometry": {
        "type": "Point",
        "coordinates": [
          103.8432538,
          1.2768633
        ]
      },
      "id": "node/6456690686"
    },
    {
      "type": "Feature",
      "properties": {
        "@id": "node/6457789885",
        "addr:postcode": "089265",
        "amenity": "cafe",
        "name": "Kafe UTU",
        "opening_hours": "Su, We-Th 08:00-17:00, 17:30-23:00; Mo 08:00-17:00; Fr-Sa 08:00-01:00"
      },
      "geometry": {
        "type": "Point",
        "coordinates": [
          103.8419945,
          1.2798229
        ]
      },
      "id": "node/6457789885"
    },
    {
      "type": "Feature",
      "properties": {
        "@id": "node/6466108295",
        "addr:city": "Singapore",
        "addr:housenumber": "68 #B1-K7",
        "addr:postcode": "238839",
        "addr:street": "Orchard Road Plaza Singapura",
        "amenity": "cafe",
        "cuisine": "bubble_tea",
        "name": "CHICHA San Chen 吃茶三千",
        "opening_hours": "Mo-Su 11:00-21:00",
        "outdoor_seating": "no",
        "takeaway": "only",
        "website": "https://www.chichasanchen.com.sg/"
      },
      "geometry": {
        "type": "Point",
        "coordinates": [
          103.8449724,
          1.3009435
        ]
      },
      "id": "node/6466108295"
    },
    {
      "type": "Feature",
      "properties": {
        "@id": "node/6477817987",
        "amenity": "cafe",
        "name": "glasshouse",
        "opening_hours": "Mo-Tu 08:00-16:00; We-Fr 08:00-22:00; Sa 09:00-22:00; Su 09:00-16:00"
      },
      "geometry": {
        "type": "Point",
        "coordinates": [
          103.8409443,
          1.2783165
        ]
      },
      "id": "node/6477817987"
    },
    {
      "type": "Feature",
      "properties": {
        "@id": "node/6477903085",
        "amenity": "cafe",
        "name": "The Glasshouse",
        "opening_hours": "Mo-Fr 07:30-17:00; Sa-Su 08:30-18:00"
      },
      "geometry": {
        "type": "Point",
        "coordinates": [
          103.8522768,
          1.2954064
        ]
      },
      "id": "node/6477903085"
    },
    {
      "type": "Feature",
      "properties": {
        "@id": "node/6477913285",
        "addr:city": "Singapore",
        "addr:housenumber": "43",
        "addr:postcode": "088464",
        "addr:street": "Tanjong Pagar Road",
        "air_conditioning": "yes",
        "amenity": "cafe",
        "name": "Five Oars",
        "opening_hours": "Mo-Su 08:00-22:00",
        "outdoor_seating": "yes",
        "pet": "dog"
      },
      "geometry": {
        "type": "Point",
        "coordinates": [
          103.844076,
          1.2789229
        ]
      },
      "id": "node/6477913285"
    },
    {
      "type": "Feature",
      "properties": {
        "@id": "node/6478679804",
        "amenity": "cafe",
        "name": "Jewel Coffee"
      },
      "geometry": {
        "type": "Point",
        "coordinates": [
          103.8288114,
          1.3072387
        ]
      },
      "id": "node/6478679804"
    },
    {
      "type": "Feature",
      "properties": {
        "@id": "node/6480254490",
        "addr:city": "Singapore",
        "addr:housenumber": "01-61",
        "addr:postcode": "266227",
        "addr:street": "19 Leedon Heights",
        "amenity": "cafe",
        "cuisine": "coffee_shop",
        "name": "Anteroom Coffee Brewers",
        "outdoor_seating": "no",
        "takeaway": "yes",
        "website": "https://anteroomcoffeebrewers.com/",
        "wheelchair": "yes"
      },
      "geometry": {
        "type": "Point",
        "coordinates": [
          103.8043442,
          1.3158078
        ]
      },
      "id": "node/6480254490"
    },
    {
      "type": "Feature",
      "properties": {
        "@id": "node/6490543959",
        "addr:floor": "1",
        "addr:housenumber": "432 #01-436",
        "addr:street": "Balestier Road",
        "air_conditioning": "no",
        "amenity": "cafe",
        "check_date": "2024-05-01",
        "cuisine": "dessert",
        "diet:vegetarian": "yes",
        "highchair": "no",
        "internet_access": "no",
        "level": "0",
        "name": "Rochor Beancurd House",
        "opening_hours": "14:00-01:00",
        "outdoor_seating": "yes",
        "payment:cards": "no",
        "payment:cash": "yes",
        "payment:credit_cards": "no",
        "payment:debit_cards": "no",
        "payment:paynow": "yes",
        "phone": "+65 8288 7020",
        "takeaway": "yes",
        "wheelchair": "no"
      },
      "geometry": {
        "type": "Point",
        "coordinates": [
          103.848728,
          1.3263026
        ]
      },
      "id": "node/6490543959"
    },
    {
      "type": "Feature",
      "properties": {
        "@id": "node/6495051587",
        "amenity": "cafe",
        "name": "Clan Cafe",
        "opening_hours": "Mo-Sa 08:00-22:00"
      },
      "geometry": {
        "type": "Point",
        "coordinates": [
          103.8404683,
          1.2793295
        ]
      },
      "id": "node/6495051587"
    },
    {
      "type": "Feature",
      "properties": {
        "@id": "node/6499077687",
        "addr:city": "Singapore",
        "addr:country": "SG",
        "addr:housenumber": "88",
        "addr:street": "Horne Road",
        "amenity": "cafe",
        "name": "Two Bakers"
      },
      "geometry": {
        "type": "Point",
        "coordinates": [
          103.8606055,
          1.3109303
        ]
      },
      "id": "node/6499077687"
    },
    {
      "type": "Feature",
      "properties": {
        "@id": "node/6501298785",
        "addr:housenumber": "5",
        "addr:street": "Straits View",
        "amenity": "cafe",
        "name": "The Social Space",
        "opening_hours": "Mo-Fr 08:00-20:00; Sa-Su 09:00-16:00"
      },
      "geometry": {
        "type": "Point",
        "coordinates": [
          103.8535407,
          1.2771491
        ]
      },
      "id": "node/6501298785"
    },
    {
      "type": "Feature",
      "properties": {
        "@id": "node/6503251469",
        "amenity": "cafe",
        "brand:wikidata": "Q88396880",
        "name": "Hoshino Coffee"
      },
      "geometry": {
        "type": "Point",
        "coordinates": [
          103.84379,
          1.317613
        ]
      },
      "id": "node/6503251469"
    },
    {
      "type": "Feature",
      "properties": {
        "@id": "node/6503251471",
        "addr:housename": "Hola Nam Building",
        "addr:housenumber": "27",
        "addr:postcode": "209264",
        "addr:street": "Foch Road",
        "addr:unit": "#01-03",
        "air_conditioning": "yes",
        "amenity": "cafe",
        "check_date": "2023-12-01",
        "cuisine": "dessert",
        "indoor_seating": "yes",
        "internet_access": "no",
        "level": "0",
        "name": "Old Rochor Beancurd",
        "opening_hours": "Tu-Su 09:00-05:00",
        "outdoor_seating": "yes",
        "payment:cards": "no",
        "payment:credit_cards": "no",
        "payment:debit_cards": "no",
        "payment:nets": "yes",
        "payment:paynow": "yes",
        "phone": "+65 63366394",
        "takeaway": "yes",
        "wheelchair": "no"
      },
      "geometry": {
        "type": "Point",
        "coordinates": [
          103.8599756,
          1.3128327
        ]
      },
      "id": "node/6503251471"
    },
    {
      "type": "Feature",
      "properties": {
        "@id": "node/6503251610",
        "amenity": "cafe",
        "brand": "Starbucks",
        "brand:wikidata": "Q37158",
        "brand:wikipedia": "en:Starbucks",
        "cuisine": "coffee_shop",
        "name": "Starbucks",
        "official_name": "Starbucks Coffee",
        "takeaway": "yes",
        "wheelchair": "yes"
      },
      "geometry": {
        "type": "Point",
        "coordinates": [
          103.8439745,
          1.317659
        ]
      },
      "id": "node/6503251610"
    },
    {
      "type": "Feature",
      "properties": {
        "@id": "node/6510909285",
        "amenity": "cafe",
        "name": "Plentyfull"
      },
      "geometry": {
        "type": "Point",
        "coordinates": [
          103.8598396,
          1.2921182
        ]
      },
      "id": "node/6510909285"
    },
    {
      "type": "Feature",
      "properties": {
        "@id": "node/6510909286",
        "amenity": "cafe",
        "name": "An Açai Affair",
        "opening_hours": "Mo-Th 12:00-22:00; Fr 12:00-23:30; Sa 10:00-23:30; Su 10:00-22:00",
        "wheelchair": "limited"
      },
      "geometry": {
        "type": "Point",
        "coordinates": [
          103.9042862,
          1.3056739
        ]
      },
      "id": "node/6510909286"
    },
    {
      "type": "Feature",
      "properties": {
        "@id": "node/6510909287",
        "addr:housenumber": "3",
        "addr:street": "Gateway Drive",
        "amenity": "cafe",
        "name": "An Açai Affair",
        "opening_hours": "Mo-Su 11:30-22:00"
      },
      "geometry": {
        "type": "Point",
        "coordinates": [
          103.7429108,
          1.3345836
        ]
      },
      "id": "node/6510909287"
    },
    {
      "type": "Feature",
      "properties": {
        "@id": "node/6510909486",
        "amenity": "cafe",
        "name": "Monument Lifestyle",
        "opening_hours": "Mo-Fr 08:00-17:00"
      },
      "geometry": {
        "type": "Point",
        "coordinates": [
          103.8431564,
          1.2783437
        ]
      },
      "id": "node/6510909486"
    },
    {
      "type": "Feature",
      "properties": {
        "@id": "node/6510909487",
        "addr:housenumber": "78",
        "addr:street": "Airport Boulevard",
        "amenity": "cafe",
        "level": "-2",
        "name": "An Açai Affair",
        "opening_hours": "24/7",
        "smoking": "no"
      },
      "geometry": {
        "type": "Point",
        "coordinates": [
          103.9894896,
          1.3602821
        ]
      },
      "id": "node/6510909487"
    },
    {
      "type": "Feature",
      "properties": {
        "@id": "node/6510909586",
        "addr:housenumber": "215B",
        "addr:street": "Upper Thomson Road",
        "amenity": "cafe",
        "name": "An Açai Affair",
        "opening_hours": "Su-Th 11:00-22:00; Fr-Sa 11:00-23:00",
        "wheelchair": "no"
      },
      "geometry": {
        "type": "Point",
        "coordinates": [
          103.8349277,
          1.3522882
        ]
      },
      "id": "node/6510909586"
    },
    {
      "type": "Feature",
      "properties": {
        "@id": "node/6510975818",
        "addr:city": "Singapore",
        "addr:housenumber": "6",
        "addr:postcode": "039594",
        "addr:street": "Raffles Boulevard #03-217/218 Marina Square",
        "air_conditioning": "yes",
        "amenity": "cafe",
        "brand": "Starbucks",
        "brand:wikidata": "Q37158",
        "brand:wikipedia": "en:Starbucks",
        "cuisine": "coffee_shop",
        "internet_access": "wlan",
        "internet_access:fee": "no",
        "level": "2",
        "name": "Starbucks",
        "official_name": "Starbucks Coffee",
        "opening_hours": "Mo-Su 09:00-18:00; PH 08:00-22:00",
        "outdoor_seating": "no",
        "payment:cash": "yes",
        "payment:coins": "yes",
        "payment:credit_cards": "yes",
        "payment:debit_cards": "yes",
        "payment:notes": "yes",
        "phone": "+65 6910 1157",
        "takeaway": "yes",
        "website": "https://www.starbucks.com.sg/"
      },
      "geometry": {
        "type": "Point",
        "coordinates": [
          103.8579544,
          1.291003
        ]
      },
      "id": "node/6510975818"
    },
    {
      "type": "Feature",
      "properties": {
        "@id": "node/6510975828",
        "amenity": "cafe",
        "level": "2",
        "name": "Mei Heong Yuen Dessert"
      },
      "geometry": {
        "type": "Point",
        "coordinates": [
          103.8582675,
          1.2908043
        ]
      },
      "id": "node/6510975828"
    },
    {
      "type": "Feature",
      "properties": {
        "@id": "node/6510975838",
        "addr:city": "Singapore",
        "addr:housenumber": "#02-207A",
        "addr:postcode": "039594",
        "addr:street": "6 Raffles Boulevard, Marina Square",
        "amenity": "cafe",
        "brand": "Ya Kun Kaya Toast",
        "brand:wikidata": "Q8046237",
        "cuisine": "coffee_shop",
        "level": "1",
        "name": "Ya Kun Kaya Toast",
        "takeaway": "yes",
        "wheelchair": "yes"
      },
      "geometry": {
        "type": "Point",
        "coordinates": [
          103.8579773,
          1.2913729
        ]
      },
      "id": "node/6510975838"
    },
    {
      "type": "Feature",
      "properties": {
        "@id": "node/6510975841",
        "amenity": "cafe",
        "brand": "Gloria Jean's",
        "brand:wikidata": "Q2666365",
        "cuisine": "coffee_shop",
        "level": "2",
        "name": "Gloria Jean's",
        "official_name": "Gloria Jean's Coffees",
        "takeaway": "yes"
      },
      "geometry": {
        "type": "Point",
        "coordinates": [
          103.8574693,
          1.2909645
        ]
      },
      "id": "node/6510975841"
    },
    {
      "type": "Feature",
      "properties": {
        "@id": "node/6510975877",
        "amenity": "cafe",
        "level": "1",
        "name": "dal.komm Coffee"
      },
      "geometry": {
        "type": "Point",
        "coordinates": [
          103.8578472,
          1.2910168
        ]
      },
      "id": "node/6510975877"
    },
    {
      "type": "Feature",
      "properties": {
        "@id": "node/6511661124",
        "addr:housenumber": "316",
        "addr:street": "Thomson Road",
        "amenity": "cafe",
        "check_date": "2024-01-12",
        "cuisine": "kombucha",
        "name": "Châteaux"
      },
      "geometry": {
        "type": "Point",
        "coordinates": [
          103.8420534,
          1.3235661
        ]
      },
      "id": "node/6511661124"
    },
    {
      "type": "Feature",
      "properties": {
        "@id": "node/6513062486",
        "addr:housenumber": "7",
        "amenity": "cafe",
        "indoor_seating": "no",
        "name": "Carrotsticks & Cravings",
        "opening_hours": "Mo-Fr 07:00-16:00; Sa-Su 07:00-18:00",
        "outdoor_seating": "yes"
      },
      "geometry": {
        "type": "Point",
        "coordinates": [
          103.8376754,
          1.2898196
        ]
      },
      "id": "node/6513062486"
    },
    {
      "type": "Feature",
      "properties": {
        "@id": "node/6513118586",
        "addr:postcode": "068730",
        "amenity": "cafe",
        "cuisine": "breakfast;coffee_shop",
        "internet_access": "wlan",
        "name": "Common Man Stan",
        "opening_hours": "Mo-Su 07:30-17:30",
        "phone": "+65 6877 4855",
        "website": "https://commonmancoffeeroasters.com"
      },
      "geometry": {
        "type": "Point",
        "coordinates": [
          103.8479121,
          1.2802937
        ]
      },
      "id": "node/6513118586"
    },
    {
      "type": "Feature",
      "properties": {
        "@id": "node/6513118685",
        "amenity": "cafe",
        "name": "Merci Marcel",
        "opening_hours": "Mo-Su 09:00-24:00",
        "wheelchair": "no"
      },
      "geometry": {
        "type": "Point",
        "coordinates": [
          103.8471229,
          1.2826185
        ]
      },
      "id": "node/6513118685"
    },
    {
      "type": "Feature",
      "properties": {
        "@id": "node/6513118686",
        "amenity": "cafe",
        "name": "Old Tiong Bahru Bak Kut Teh",
        "opening_hours": "Tu-Su 00:00-24:00"
      },
      "geometry": {
        "type": "Point",
        "coordinates": [
          103.832752,
          1.2845604
        ]
      },
      "id": "node/6513118686"
    },
    {
      "type": "Feature",
      "properties": {
        "@id": "node/6513118687",
        "amenity": "cafe",
        "name": "Soul Alife",
        "opening_hours": "Mo-Su 11:30-21:30"
      },
      "geometry": {
        "type": "Point",
        "coordinates": [
          103.9632953,
          1.3344433
        ]
      },
      "id": "node/6513118687"
    },
    {
      "type": "Feature",
      "properties": {
        "@id": "node/6514886212",
        "addr:city": "Singapore",
        "addr:housenumber": "2",
        "addr:postcode": "018956",
        "addr:street": "Bayfront Avenue",
        "addr:unit": "#B1-01E",
        "amenity": "cafe",
        "brand": "Toast Box",
        "brand:wikidata": "Q100285490",
        "cuisine": "coffee_shop",
        "indoor_seating": "yes",
        "level": "-1",
        "name": "Toast Box",
        "outdoor_seating": "no",
        "takeaway": "yes"
      },
      "geometry": {
        "type": "Point",
        "coordinates": [
          103.8578628,
          1.282437
        ]
      },
      "id": "node/6514886212"
    },
    {
      "type": "Feature",
      "properties": {
        "@id": "node/6514886214",
        "amenity": "cafe",
        "brand": "Heytea",
        "brand:en": "Heytea",
        "brand:wikidata": "Q60875376",
        "brand:wikipedia": "zh:喜茶",
        "brand:zh": "喜茶",
        "check_date": "2025-12-20",
        "cuisine": "bubble_tea",
        "level": "0",
        "name": "Heytea",
        "name:en": "Heytea",
        "name:zh": "喜茶",
        "takeaway": "only"
      },
      "geometry": {
        "type": "Point",
        "coordinates": [
          103.8579855,
          1.2824208
        ]
      },
      "id": "node/6514886214"
    },
    {
      "type": "Feature",
      "properties": {
        "@id": "node/6514886218",
        "amenity": "cafe",
        "indoor_seating": "yes",
        "level": "-2",
        "name": "Cedele",
        "outdoor_seating": "no",
        "wheelchair": "no"
      },
      "geometry": {
        "type": "Point",
        "coordinates": [
          103.8578254,
          1.2826249
        ]
      },
      "id": "node/6514886218"
    },
    {
      "type": "Feature",
      "properties": {
        "@id": "node/6515034599",
        "amenity": "cafe",
        "indoor_seating": "yes",
        "level": "1",
        "name": "Mdm Yap's Cafe",
        "outdoor_seating": "no"
      },
      "geometry": {
        "type": "Point",
        "coordinates": [
          103.8448291,
          1.2849003
        ]
      },
      "id": "node/6515034599"
    },
    {
      "type": "Feature",
      "properties": {
        "@id": "node/6515034608",
        "amenity": "cafe",
        "indoor_seating": "yes",
        "level": "-1",
        "name": "Hill Street Coffee Shop",
        "outdoor_seating": "no"
      },
      "geometry": {
        "type": "Point",
        "coordinates": [
          103.8447675,
          1.2851332
        ]
      },
      "id": "node/6515034608"
    },
    {
      "type": "Feature",
      "properties": {
        "@id": "node/6515034613",
        "amenity": "cafe",
        "level": "0",
        "name": "Paulinni"
      },
      "geometry": {
        "type": "Point",
        "coordinates": [
          103.8443298,
          1.284302
        ]
      },
      "id": "node/6515034613"
    },
    {
      "type": "Feature",
      "properties": {
        "@id": "node/6515034620",
        "amenity": "cafe",
        "brand": "The Coffee Bean & Tea Leaf",
        "brand:wikidata": "Q1141384",
        "brand:wikipedia": "en:The Coffee Bean & Tea Leaf",
        "cuisine": "coffee_shop",
        "indoor_seating": "yes",
        "level": "1",
        "name": "The Coffee Bean & Tea Leaf",
        "outdoor_seating": "no",
        "takeaway": "yes"
      },
      "geometry": {
        "type": "Point",
        "coordinates": [
          103.844925,
          1.2851877
        ]
      },
      "id": "node/6515034620"
    },
    {
      "type": "Feature",
      "properties": {
        "@id": "node/6515869654",
        "amenity": "cafe",
        "indoor_seating": "yes",
        "level": "0",
        "name": "SweetSpot",
        "outdoor_seating": "no"
      },
      "geometry": {
        "type": "Point",
        "coordinates": [
          103.8591251,
          1.2826782
        ]
      },
      "id": "node/6515869654"
    },
    {
      "type": "Feature",
      "properties": {
        "@id": "node/6516451885",
        "amenity": "cafe",
        "name": "KOI Thé",
        "opening_hours": "Mo-Su 10:00-22:00",
        "phone": "+6568151198",
        "website": "http://www.koithe.com"
      },
      "geometry": {
        "type": "Point",
        "coordinates": [
          103.8448696,
          1.3008043
        ]
      },
      "id": "node/6516451885"
    },
    {
      "type": "Feature",
      "properties": {
        "@id": "node/6522305036",
        "addr:city": "Singapore",
        "addr:housenumber": "118",
        "addr:postcode": "278997",
        "addr:street": "Holland Avenue",
        "air_conditioning": "yes",
        "amenity": "cafe",
        "branch": "Raffles Medical Holland Village",
        "cuisine": "coffee_shop;singaporean",
        "internet_access": "no",
        "level": "0",
        "name": "Cafe O",
        "name:en": "Cafe O",
        "name:ms": "Kedai Kopi Harian",
        "name:ta": "தினசரி காப்பிக்‌ கடை",
        "name:zh-Hans": "咖啡乌",
        "name:zh-Hant": "咖啡烏",
        "opening_hours": "Mo-Su 07:30-20:00",
        "payment:cash": "yes",
        "payment:mastercard": "yes",
        "payment:visa": "yes",
        "phone": "+65 62623052",
        "reservation": "no",
        "takeaway": "yes",
        "website": "https://www.souprestaurant.com.sg/"
      },
      "geometry": {
        "type": "Point",
        "coordinates": [
          103.7961757,
          1.3107018
        ]
      },
      "id": "node/6522305036"
    },
    {
      "type": "Feature",
      "properties": {
        "@id": "node/6525825794",
        "addr:floor": "1",
        "amenity": "cafe",
        "check_date": "2025-05-17",
        "cuisine": "coffee_shop",
        "level": "0",
        "name": "The Coffee Academïcs",
        "opening_hours": "Mo-Fr 08:00-18:00; Sa-Su,PH off",
        "wheelchair": "yes"
      },
      "geometry": {
        "type": "Point",
        "coordinates": [
          103.8536954,
          1.2797206
        ]
      },
      "id": "node/6525825794"
    },
    {
      "type": "Feature",
      "properties": {
        "@id": "node/6549175921",
        "amenity": "cafe",
        "cuisine": "bubble_tea",
        "level": "0",
        "name": "KOI Thé",
        "wheelchair": "yes"
      },
      "geometry": {
        "type": "Point",
        "coordinates": [
          103.820009,
          1.2651467
        ]
      },
      "id": "node/6549175921"
    },
    {
      "type": "Feature",
      "properties": {
        "@id": "node/6549175934",
        "addr:city": "Singapore",
        "addr:housenumber": "#02-124/125,126",
        "addr:postcode": "099253",
        "addr:street": "1 Maritime Square, HarbourFront Centre",
        "amenity": "cafe",
        "brand": "The Coffee Bean & Tea Leaf",
        "brand:wikidata": "Q1141384",
        "brand:wikipedia": "en:The Coffee Bean & Tea Leaf",
        "cuisine": "coffee_shop",
        "level": "1",
        "name": "The Coffee Bean & Tea Leaf",
        "outdoor_seating": "no",
        "takeaway": "yes",
        "wheelchair": "yes"
      },
      "geometry": {
        "type": "Point",
        "coordinates": [
          103.8202209,
          1.2640056
        ]
      },
      "id": "node/6549175934"
    },
    {
      "type": "Feature",
      "properties": {
        "@id": "node/6549175938",
        "addr:city": "Singapore",
        "addr:housenumber": "1",
        "addr:postcode": "099253",
        "addr:street": "Maritime Square",
        "air_conditioning": "yes",
        "amenity": "cafe",
        "brand": "Starbucks",
        "brand:wikidata": "Q37158",
        "brand:wikipedia": "en:Starbucks",
        "cuisine": "coffee_shop",
        "internet_access": "wlan",
        "internet_access:fee": "no",
        "level": "0",
        "name": "Starbucks",
        "name:zh": "星巴克",
        "official_name": "Starbucks Coffee",
        "opening_hours": "Mo-Th,Su,PH 07:30-20:00; Fr-Sa 07:30-20:00",
        "outdoor_seating": "no",
        "payment:cash": "yes",
        "payment:coins": "yes",
        "payment:credit_cards": "yes",
        "phone": "+65 6910 0958",
        "takeaway": "yes",
        "website": "https://www.starbucks.com.sg/",
        "wheelchair": "yes"
      },
      "geometry": {
        "type": "Point",
        "coordinates": [
          103.8201783,
          1.2646464
        ]
      },
      "id": "node/6549175938"
    },
    {
      "type": "Feature",
      "properties": {
        "@id": "node/6549175940",
        "amenity": "cafe",
        "level": "1",
        "name": "Tuk Tuk Cha",
        "wheelchair": "yes"
      },
      "geometry": {
        "type": "Point",
        "coordinates": [
          103.8204712,
          1.2641194
        ]
      },
      "id": "node/6549175940"
    },
    {
      "type": "Feature",
      "properties": {
        "@id": "node/6549175962",
        "amenity": "cafe",
        "brand": "Ya Kun Kaya Toast",
        "brand:wikidata": "Q8046237",
        "cuisine": "coffee_shop",
        "level": "2",
        "name": "Ya Kun Kaya Toast",
        "takeaway": "yes",
        "wheelchair": "yes"
      },
      "geometry": {
        "type": "Point",
        "coordinates": [
          103.8202283,
          1.2651016
        ]
      },
      "id": "node/6549175962"
    },
    {
      "type": "Feature",
      "properties": {
        "@id": "node/6549175980",
        "amenity": "cafe",
        "level": "0",
        "name": "Veggie House",
        "wheelchair": "yes"
      },
      "geometry": {
        "type": "Point",
        "coordinates": [
          103.820121,
          1.2649322
        ]
      },
      "id": "node/6549175980"
    },
    {
      "type": "Feature",
      "properties": {
        "@id": "node/6549175981",
        "amenity": "cafe",
        "level": "0",
        "name": "Heavenly Wang"
      },
      "geometry": {
        "type": "Point",
        "coordinates": [
          103.8204316,
          1.2648568
        ]
      },
      "id": "node/6549175981"
    },
    {
      "type": "Feature",
      "properties": {
        "@id": "node/6552142265",
        "addr:unit": "24",
        "air_conditioning": "no",
        "amenity": "cafe",
        "baby_feeding": "no",
        "level": "0",
        "name": "Fore Coffee",
        "smoking": "no",
        "takeaway": "yes"
      },
      "geometry": {
        "type": "Point",
        "coordinates": [
          103.8479775,
          1.299196
        ]
      },
      "id": "node/6552142265"
    },
    {
      "type": "Feature",
      "properties": {
        "@id": "node/6552142269",
        "addr:unit": "01",
        "amenity": "cafe",
        "brand": "Starbucks",
        "cuisine": "coffee_shop",
        "level": "0",
        "name": "Starbucks",
        "official_name": "Starbucks Coffee",
        "takeaway": "yes"
      },
      "geometry": {
        "type": "Point",
        "coordinates": [
          103.8476369,
          1.2992591
        ]
      },
      "id": "node/6552142269"
    },
    {
      "type": "Feature",
      "properties": {
        "@id": "node/6565793357",
        "addr:city": "Singapore",
        "addr:country": "SG",
        "addr:housenumber": "70",
        "addr:postcode": "049323",
        "addr:street": "Collyer Quay",
        "addr:unit": "#01-05",
        "amenity": "cafe",
        "email": "info@caffefernet.sg",
        "name": "Caffe Fernet",
        "opening_hours": "Mo-Th 12:00-24:00; Fr 12:00-02:00;Sa 12:00-02:00;Su 11:00-17:00",
        "phone": "+65 9178 1105",
        "website": "https://www.caffefernet.sg/"
      },
      "geometry": {
        "type": "Point",
        "coordinates": [
          103.8534231,
          1.28254
        ]
      },
      "id": "node/6565793357"
    },
    {
      "type": "Feature",
      "properties": {
        "@id": "node/6566042604",
        "addr:city": "singapore",
        "addr:street": "Woodgrove Drive",
        "amenity": "cafe",
        "cuisine": "regional;coffee_shop",
        "internet_access": "no",
        "name": "Woodgrove Cafe",
        "outdoor_seating": "yes"
      },
      "geometry": {
        "type": "Point",
        "coordinates": [
          103.7823579,
          1.4294251
        ]
      },
      "id": "node/6566042604"
    },
    {
      "type": "Feature",
      "properties": {
        "@id": "node/6583000985",
        "amenity": "cafe",
        "name": "Kaffe and Toast"
      },
      "geometry": {
        "type": "Point",
        "coordinates": [
          103.8012471,
          1.2864406
        ]
      },
      "id": "node/6583000985"
    },
    {
      "type": "Feature",
      "properties": {
        "@id": "node/6583281515",
        "addr:housenumber": "107",
        "addr:street": "North Bridge Road",
        "air_conditioning": "yes",
        "amenity": "cafe",
        "check_date": "2024-05-09",
        "cuisine": "coffee_shop",
        "level": "1",
        "name": "PPP Coffee",
        "opening_hours": "Mo-Su,PH 10:00-20:00",
        "outdoor_seating": "no",
        "payment:cash": "yes",
        "payment:credit_cards": "yes",
        "payment:debit_cards": "yes",
        "takeaway": "yes",
        "wheelchair": "yes"
      },
      "geometry": {
        "type": "Point",
        "coordinates": [
          103.8495213,
          1.291523
        ]
      },
      "id": "node/6583281515"
    },
    {
      "type": "Feature",
      "properties": {
        "@id": "node/6583281516",
        "amenity": "cafe",
        "cuisine": "bubble_tea",
        "level": "-2",
        "name": "LiHO TEA",
        "takeaway": "only",
        "wheelchair": "yes"
      },
      "geometry": {
        "type": "Point",
        "coordinates": [
          103.8501259,
          1.2913306
        ]
      },
      "id": "node/6583281516"
    },
    {
      "type": "Feature",
      "properties": {
        "@id": "node/6583281529",
        "addr:city": "Singapore",
        "addr:housenumber": "#B2-06",
        "addr:postcode": "179105",
        "addr:street": "107 North Bridge Rd,Funan",
        "amenity": "cafe",
        "brand": "Ya Kun Kaya Toast",
        "brand:wikidata": "Q8046237",
        "brand:wikipedia": "en:Ya Kun Kaya Toast",
        "cuisine": "coffee_shop",
        "level": "-2",
        "name": "Ya Kun Kaya Toast",
        "takeaway": "yes",
        "wheelchair": "yes"
      },
      "geometry": {
        "type": "Point",
        "coordinates": [
          103.8505554,
          1.2914582
        ]
      },
      "id": "node/6583281529"
    },
    {
      "type": "Feature",
      "properties": {
        "@id": "node/6583281552",
        "amenity": "cafe",
        "cuisine": "tea",
        "level": "-1",
        "name": "Happy Cup",
        "takeaway": "only"
      },
      "geometry": {
        "type": "Point",
        "coordinates": [
          103.8495711,
          1.2916668
        ]
      },
      "id": "node/6583281552"
    },
    {
      "type": "Feature",
      "properties": {
        "@id": "node/6583281556",
        "amenity": "cafe",
        "level": "2",
        "name": "dal.komm coffee",
        "wheelchair": "yes"
      },
      "geometry": {
        "type": "Point",
        "coordinates": [
          103.8496818,
          1.2915251
        ]
      },
      "id": "node/6583281556"
    },
    {
      "type": "Feature",
      "properties": {
        "@id": "node/6583281563",
        "amenity": "cafe",
        "level": "3",
        "name": "Tiong Bahru Bakery"
      },
      "geometry": {
        "type": "Point",
        "coordinates": [
          103.8499061,
          1.2915842
        ]
      },
      "id": "node/6583281563"
    },
    {
      "type": "Feature",
      "properties": {
        "@id": "node/6587723521",
        "addr:city": "Singapore",
        "addr:housenumber": "189",
        "addr:postcode": "307631",
        "addr:street": "Thomson Road",
        "air_conditioning": "yes",
        "amenity": "cafe",
        "check_date": "2024-04-23",
        "cuisine": "coffee_shop",
        "delivery": "yes",
        "name": "The Clueless Goat",
        "opening_hours": "Mo-Th 08:00-18:00; Sa, Su 09:00-18:00",
        "outdoor_seating": "no",
        "payment:cash": "yes",
        "payment:credit_cards": "yes",
        "payment:debit_cards": "yes",
        "takeaway": "delivery",
        "wheelchair": "no"
      },
      "geometry": {
        "type": "Point",
        "coordinates": [
          103.8435284,
          1.3186623
        ]
      },
      "id": "node/6587723521"
    },
    {
      "type": "Feature",
      "properties": {
        "@id": "node/6591968020",
        "amenity": "cafe",
        "name": "Teh Tarik Express",
        "opening_hours": "Mo-Su 06:30-20:30"
      },
      "geometry": {
        "type": "Point",
        "coordinates": [
          103.8718211,
          1.4146143
        ]
      },
      "id": "node/6591968020"
    },
    {
      "type": "Feature",
      "properties": {
        "@id": "node/6611278585",
        "addr:postcode": "190010",
        "amenity": "cafe",
        "name": "Heap Seng Leong"
      },
      "geometry": {
        "type": "Point",
        "coordinates": [
          103.8637402,
          1.3053994
        ]
      },
      "id": "node/6611278585"
    },
    {
      "type": "Feature",
      "properties": {
        "@id": "node/6618302988",
        "amenity": "cafe",
        "brand": "Luckin Coffee",
        "brand:wikidata": "Q56811344",
        "cuisine": "coffee_shop",
        "level": "0",
        "name": "Luckin Coffee",
        "opening_hours": "Mo-Th,Su 07:30-22:00; Fr-Sa 00:00-24:00",
        "takeaway": "yes"
      },
      "geometry": {
        "type": "Point",
        "coordinates": [
          103.8951854,
          1.3919053
        ]
      },
      "id": "node/6618302988"
    },
    {
      "type": "Feature",
      "properties": {
        "@id": "node/6618302989",
        "addr:city": "Singapore",
        "addr:housenumber": "1",
        "addr:postcode": "545078",
        "addr:street": "Sengkang Square",
        "addr:unit": "35",
        "amenity": "cafe",
        "brand": "Toast Box",
        "brand:wikidata": "Q100285490",
        "cuisine": "coffee_shop",
        "level": "-1",
        "name": "Toast Box",
        "opening_hours": "08:00-22:00",
        "opening_hours:url": "https://compassone.sg/toastbox/",
        "takeaway": "yes"
      },
      "geometry": {
        "type": "Point",
        "coordinates": [
          103.8950312,
          1.3923977
        ]
      },
      "id": "node/6618302989"
    },
    {
      "type": "Feature",
      "properties": {
        "@id": "node/6618302991",
        "amenity": "cafe",
        "brand": "Gong Cha",
        "brand:en": "Gong Cha",
        "brand:wikidata": "Q5581670",
        "brand:wikipedia": "en:Gong Cha",
        "brand:zh": "貢茶",
        "brand:zh-Hans": "贡茶",
        "brand:zh-Hant": "貢茶",
        "cuisine": "bubble_tea",
        "int_name": "Gong Cha",
        "level": "1",
        "name": "Gong Cha",
        "name:en": "Gong Cha",
        "name:zh": "貢茶",
        "name:zh-Hans": "贡茶",
        "name:zh-Hant": "貢茶",
        "self_service": "yes",
        "takeaway": "only"
      },
      "geometry": {
        "type": "Point",
        "coordinates": [
          103.8948334,
          1.3917508
        ]
      },
      "id": "node/6618302991"
    },
    {
      "type": "Feature",
      "properties": {
        "@id": "node/6618303019",
        "amenity": "cafe",
        "cuisine": "bubble_tea",
        "level": "-1",
        "name": "LiHO",
        "takeaway": "only"
      },
      "geometry": {
        "type": "Point",
        "coordinates": [
          103.8952611,
          1.392315
        ]
      },
      "id": "node/6618303019"
    },
    {
      "type": "Feature",
      "properties": {
        "@id": "node/6618303039",
        "addr:unit": "19",
        "amenity": "cafe",
        "check_date": "2026-01-18",
        "cuisine": "bubble_tea",
        "level": "0",
        "name": "KOI Thé",
        "takeaway": "only"
      },
      "geometry": {
        "type": "Point",
        "coordinates": [
          103.8952649,
          1.3920266
        ]
      },
      "id": "node/6618303039"
    },
    {
      "type": "Feature",
      "properties": {
        "@id": "node/6639589401",
        "amenity": "cafe",
        "cuisine": "bubble_tea",
        "level": "-2",
        "name": "LiHO",
        "takeaway": "only"
      },
      "geometry": {
        "type": "Point",
        "coordinates": [
          103.9021779,
          1.4065028
        ]
      },
      "id": "node/6639589401"
    },
    {
      "type": "Feature",
      "properties": {
        "@id": "node/6639589407",
        "amenity": "cafe",
        "brand": "Toast Box",
        "brand:wikidata": "Q100285490",
        "cuisine": "coffee_shop",
        "level": "-1",
        "name": "Toast Box",
        "takeaway": "yes",
        "wheelchair": "limited"
      },
      "geometry": {
        "type": "Point",
        "coordinates": [
          103.9021746,
          1.4067573
        ]
      },
      "id": "node/6639589407"
    },
    {
      "type": "Feature",
      "properties": {
        "@id": "node/6639589445",
        "addr:city": "Singapore",
        "addr:postcode": "828761",
        "addr:street": "83 Punggol Central, Waterway Point",
        "addr:unit": "27",
        "amenity": "cafe",
        "brand": "The Coffee Bean & Tea Leaf",
        "brand:wikidata": "Q1141384",
        "brand:wikipedia": "en:The Coffee Bean & Tea Leaf",
        "check_date": "2026-01-18",
        "cuisine": "coffee_shop",
        "level": "0",
        "name": "The Coffee Bean & Tea Leaf",
        "takeaway": "yes",
        "wheelchair": "yes"
      },
      "geometry": {
        "type": "Point",
        "coordinates": [
          103.9024371,
          1.4067447
        ]
      },
      "id": "node/6639589445"
    },
    {
      "type": "Feature",
      "properties": {
        "@id": "node/6639589447",
        "amenity": "cafe",
        "cuisine": "bubble_tea",
        "level": "-1",
        "name": "Playmade",
        "wheelchair": "yes"
      },
      "geometry": {
        "type": "Point",
        "coordinates": [
          103.9021675,
          1.4066798
        ]
      },
      "id": "node/6639589447"
    },
    {
      "type": "Feature",
      "properties": {
        "@id": "node/6639726955",
        "amenity": "cafe",
        "cuisine": "bubble_tea",
        "level": "-1",
        "name": "KOI Thé Express",
        "takeaway": "only",
        "wheelchair": "yes"
      },
      "geometry": {
        "type": "Point",
        "coordinates": [
          103.9019225,
          1.4065542
        ]
      },
      "id": "node/6639726955"
    },
    {
      "type": "Feature",
      "properties": {
        "@id": "node/6639726959",
        "amenity": "cafe",
        "level": "0",
        "name": "Cedele",
        "shop": "bakery",
        "wheelchair": "yes"
      },
      "geometry": {
        "type": "Point",
        "coordinates": [
          103.901539,
          1.4064614
        ]
      },
      "id": "node/6639726959"
    },
    {
      "type": "Feature",
      "properties": {
        "@id": "node/6648980785",
        "amenity": "cafe",
        "name": "Happy Sunshine Bubble Tea"
      },
      "geometry": {
        "type": "Point",
        "coordinates": [
          103.7512212,
          1.3625671
        ]
      },
      "id": "node/6648980785"
    },
    {
      "type": "Feature",
      "properties": {
        "@id": "node/6648988787",
        "amenity": "cafe",
        "name": "Mr Bean"
      },
      "geometry": {
        "type": "Point",
        "coordinates": [
          103.7519176,
          1.3592719
        ]
      },
      "id": "node/6648988787"
    },
    {
      "type": "Feature",
      "properties": {
        "@id": "node/6648990286",
        "amenity": "cafe",
        "cuisine": "bubble_tea",
        "name": "Liho"
      },
      "geometry": {
        "type": "Point",
        "coordinates": [
          103.7517875,
          1.3592674
        ]
      },
      "id": "node/6648990286"
    },
    {
      "type": "Feature",
      "properties": {
        "@id": "node/6649270103",
        "amenity": "cafe",
        "name": "World Peace Cafe"
      },
      "geometry": {
        "type": "Point",
        "coordinates": [
          103.8410419,
          1.2783993
        ]
      },
      "id": "node/6649270103"
    },
    {
      "type": "Feature",
      "properties": {
        "@id": "node/6652382687",
        "amenity": "cafe",
        "check_date": "2024-12-11",
        "name": "La Cafe & Bar",
        "outdoor_seating": "yes"
      },
      "geometry": {
        "type": "Point",
        "coordinates": [
          103.8427525,
          1.3206616
        ]
      },
      "id": "node/6652382687"
    },
    {
      "type": "Feature",
      "properties": {
        "@id": "node/6652389933",
        "air_conditioning": "yes",
        "amenity": "cafe",
        "check_date": "2025-11-05",
        "cuisine": "pizza",
        "indoor_seating": "yes",
        "name": "Abc artisan boulangerie",
        "outdoor_seating": "no"
      },
      "geometry": {
        "type": "Point",
        "coordinates": [
          103.8523301,
          1.3234639
        ]
      },
      "id": "node/6652389933"
    },
    {
      "type": "Feature",
      "properties": {
        "@id": "node/6665009118",
        "amenity": "cafe",
        "level": "0",
        "name": "Kopi & Tarts",
        "wheelchair": "yes"
      },
      "geometry": {
        "type": "Point",
        "coordinates": [
          103.8682094,
          1.3317711
        ]
      },
      "id": "node/6665009118"
    },
    {
      "type": "Feature",
      "properties": {
        "@id": "node/6665227846",
        "amenity": "cafe",
        "indoor_seating": "yes",
        "name": "Privé Cafe",
        "outdoor_seating": "yes",
        "ref:vatin": "SG201424668K"
      },
      "geometry": {
        "type": "Point",
        "coordinates": [
          103.8514721,
          1.2869817
        ]
      },
      "id": "node/6665227846"
    },
    {
      "type": "Feature",
      "properties": {
        "@id": "node/6669181086",
        "amenity": "cafe",
        "cuisine": "bubble_tea",
        "name": "Koi Express"
      },
      "geometry": {
        "type": "Point",
        "coordinates": [
          103.7419633,
          1.333844
        ]
      },
      "id": "node/6669181086"
    },
    {
      "type": "Feature",
      "properties": {
        "@id": "node/6690581957",
        "amenity": "cafe",
        "description": "Good chocolate cake",
        "indoor_seating": "yes",
        "outdoor_seating": "no",
        "wheelchair": "yes"
      },
      "geometry": {
        "type": "Point",
        "coordinates": [
          103.8505782,
          1.2808577
        ]
      },
      "id": "node/6690581957"
    },
    {
      "type": "Feature",
      "properties": {
        "@id": "node/6718531881",
        "addr:housenumber": "20",
        "addr:street": "Ah Hood Road",
        "amenity": "cafe",
        "brand": "Luckin Coffee",
        "brand:wikidata": "Q56811344",
        "check_date": "2025-04-12",
        "cuisine": "coffee_shop",
        "indoor_seating": "no",
        "level": "0",
        "name": "Luckin Coffee",
        "outdoor_seating": "no",
        "takeaway": "yes",
        "wheelchair": "yes"
      },
      "geometry": {
        "type": "Point",
        "coordinates": [
          103.846652,
          1.3267478
        ]
      },
      "id": "node/6718531881"
    },
    {
      "type": "Feature",
      "properties": {
        "@id": "node/6743527286",
        "amenity": "cafe",
        "cuisine": "bubble_tea",
        "name": "LiHO",
        "name:en": "LiHO",
        "name:nan": "汝好茶",
        "name:zh": "里喝茶",
        "opening_hours": "Mo-Su 10:00-22:00",
        "phone": "+6567345501"
      },
      "geometry": {
        "type": "Point",
        "coordinates": [
          103.8334528,
          1.3034288
        ]
      },
      "id": "node/6743527286"
    },
    {
      "type": "Feature",
      "properties": {
        "@id": "node/6743582987",
        "amenity": "cafe",
        "brand": "Starbucks",
        "brand:wikidata": "Q37158",
        "cuisine": "coffee_shop",
        "indoor_seating": "yes",
        "internet_access": "wlan",
        "name": "Starbucks",
        "name:zh": "星巴克",
        "official_name": "Starbucks Coffee",
        "outdoor_seating": "no",
        "takeaway": "yes"
      },
      "geometry": {
        "type": "Point",
        "coordinates": [
          103.8444781,
          1.2848443
        ]
      },
      "id": "node/6743582987"
    },
    {
      "type": "Feature",
      "properties": {
        "@id": "node/6743669003",
        "alt_name": "Ba Wang Cha Ji",
        "amenity": "cafe",
        "cuisine": "bubble_tea",
        "level": "4",
        "name": "Amps Tea",
        "name:zh": "与茶"
      },
      "geometry": {
        "type": "Point",
        "coordinates": [
          103.8540167,
          1.2994949
        ]
      },
      "id": "node/6743669003"
    },
    {
      "type": "Feature",
      "properties": {
        "@id": "node/6743669007",
        "addr:city": "Singapore",
        "addr:housenumber": "201",
        "addr:street": "Victoria Street",
        "amenity": "cafe",
        "cuisine": "bubble_tea",
        "level": "2",
        "name": "LiHO Tea",
        "opening_hours": "Mo-Su 11:00-21:00",
        "takeaway": "yes"
      },
      "geometry": {
        "type": "Point",
        "coordinates": [
          103.8543163,
          1.2999038
        ]
      },
      "id": "node/6743669007"
    },
    {
      "type": "Feature",
      "properties": {
        "@id": "node/6743669013",
        "addr:city": "Singapore",
        "amenity": "cafe",
        "level": "3",
        "name": "Typhoon",
        "name:zh": "台风"
      },
      "geometry": {
        "type": "Point",
        "coordinates": [
          103.8543199,
          1.2994825
        ]
      },
      "id": "node/6743669013"
    },
    {
      "type": "Feature",
      "properties": {
        "@id": "node/6743729250",
        "amenity": "cafe",
        "level": "0",
        "name": "Bakery 1946",
        "shop": "bakery",
        "wheelchair": "yes"
      },
      "geometry": {
        "type": "Point",
        "coordinates": [
          103.8548508,
          1.2990041
        ]
      },
      "id": "node/6743729250"
    },
    {
      "type": "Feature",
      "properties": {
        "@id": "node/6743835951",
        "amenity": "cafe",
        "cuisine": "coffee_shop",
        "level": "-1",
        "name": "Awesome Coffee",
        "takeaway": "only"
      },
      "geometry": {
        "type": "Point",
        "coordinates": [
          103.8557088,
          1.2998366
        ]
      },
      "id": "node/6743835951"
    },
    {
      "type": "Feature",
      "properties": {
        "@id": "node/6749839608",
        "addr:housenumber": "2",
        "addr:street": "Short Street",
        "amenity": "cafe",
        "cuisine": "dessert",
        "name": "Rochor Original Beancurd",
        "opening_hours": "Mo-Th 11:00-01:00; Fr 11:00-03:00; Sa 12:00-03:00; Su 12:00-01:00",
        "outdoor_seating": "yes",
        "phone": "+6567417358",
        "wheelchair": "no"
      },
      "geometry": {
        "type": "Point",
        "coordinates": [
          103.8503627,
          1.3019749
        ]
      },
      "id": "node/6749839608"
    },
    {
      "type": "Feature",
      "properties": {
        "@id": "node/6754998597",
        "amenity": "cafe",
        "brand": "Gong Cha",
        "brand:wikidata": "Q5581670",
        "brand:wikipedia": "en:Gong Cha",
        "brand:zh": "貢茶",
        "cuisine": "bubble_tea",
        "int_name": "Gong Cha",
        "level": "-1",
        "name": "Gong Cha",
        "name:zh": "貢茶",
        "takeaway": "only"
      },
      "geometry": {
        "type": "Point",
        "coordinates": [
          103.8937569,
          1.3726845
        ]
      },
      "id": "node/6754998597"
    },
    {
      "type": "Feature",
      "properties": {
        "@id": "node/6758441419",
        "addr:city": "Singapore",
        "addr:floor": ";1",
        "addr:housenumber": "#01-16",
        "addr:postcode": "310490",
        "addr:street": "Blk 490 Lor 6 Toa Payoh, HDB Hub",
        "amenity": "cafe",
        "brand": "Ya Kun Kaya Toast",
        "brand:wikidata": "Q8046237",
        "check_date": "2024-11-17",
        "cuisine": "coffee_shop",
        "level": "0;0",
        "name": "Ya Kun Kaya Toast",
        "outdoor_seating": "yes",
        "takeaway": "yes",
        "wheelchair": "yes"
      },
      "geometry": {
        "type": "Point",
        "coordinates": [
          103.8486108,
          1.3326257
        ]
      },
      "id": "node/6758441419"
    },
    {
      "type": "Feature",
      "properties": {
        "@id": "node/6763759585",
        "amenity": "cafe",
        "name": "Dutch Colony Coffee",
        "outdoor_seating": "yes"
      },
      "geometry": {
        "type": "Point",
        "coordinates": [
          103.8424511,
          1.2921776
        ]
      },
      "id": "node/6763759585"
    },
    {
      "type": "Feature",
      "properties": {
        "@id": "node/6770980018",
        "addr:city": "Singapore",
        "addr:housenumber": "20",
        "addr:postcode": "077912",
        "addr:street": "Anson Road, #01-02",
        "amenity": "cafe",
        "brand": "Starbucks",
        "brand:wikidata": "Q37158",
        "brand:wikipedia": "en:Starbucks",
        "cuisine": "coffee_shop",
        "name": "Starbucks",
        "official_name": "Starbucks Coffee",
        "takeaway": "yes"
      },
      "geometry": {
        "type": "Point",
        "coordinates": [
          103.8456235,
          1.2752687
        ]
      },
      "id": "node/6770980018"
    },
    {
      "type": "Feature",
      "properties": {
        "@id": "node/6771007598",
        "addr:city": "Singapore",
        "addr:floor": "2",
        "addr:housenumber": "65",
        "addr:postcode": "819663",
        "addr:street": "Airport Boulevard, #02-90, Departure Hall Level 2,",
        "air_conditioning": "yes",
        "amenity": "cafe",
        "brand": "Starbucks",
        "brand:wikidata": "Q37158",
        "brand:wikipedia": "en:Starbucks",
        "check_date": "2024-09-02",
        "cuisine": "coffee_shop",
        "level": "1",
        "name": "Starbucks",
        "name:zh": "星巴克",
        "official_name": "Starbucks Coffee",
        "outdoor_seating": "no",
        "payment:cash": "yes",
        "payment:credit_cards": "yes",
        "payment:debit_cards": "yes",
        "takeaway": "yes",
        "wheelchair": "yes"
      },
      "geometry": {
        "type": "Point",
        "coordinates": [
          103.9871906,
          1.3569102
        ]
      },
      "id": "node/6771007598"
    },
    {
      "type": "Feature",
      "properties": {
        "@id": "node/6771009353",
        "addr:city": "Singapore",
        "addr:housenumber": "313",
        "addr:postcode": "238895",
        "addr:street": "Orchard Road, 313@somerset #02-38/39",
        "amenity": "cafe",
        "brand": "Starbucks",
        "brand:wikidata": "Q37158",
        "brand:wikipedia": "en:Starbucks",
        "cuisine": "coffee_shop",
        "level": "2",
        "name": "Starbucks",
        "name:zh": "星巴克",
        "official_name": "Starbucks Coffee",
        "takeaway": "yes"
      },
      "geometry": {
        "type": "Point",
        "coordinates": [
          103.838409,
          1.3009103
        ]
      },
      "id": "node/6771009353"
    },
    {
      "type": "Feature",
      "properties": {
        "@id": "node/6771020689",
        "addr:city": "Singapore",
        "addr:housenumber": "78",
        "addr:postcode": "079120",
        "addr:street": "Shenton Way, #01-02",
        "amenity": "cafe",
        "brand": "Starbucks",
        "brand:wikidata": "Q37158",
        "brand:wikipedia": "en:Starbucks",
        "cuisine": "coffee_shop",
        "name": "Starbucks",
        "name:zh": "星巴克",
        "official_name": "Starbucks Coffee",
        "takeaway": "yes"
      },
      "geometry": {
        "type": "Point",
        "coordinates": [
          103.8447961,
          1.2732494
        ]
      },
      "id": "node/6771020689"
    },
    {
      "type": "Feature",
      "properties": {
        "@id": "node/6771029911",
        "addr:city": "Singapore",
        "addr:postcode": "819643",
        "addr:street": "Departure / Check-in Hall South, #026-049 Terminal 2 Singapore Changi Airport",
        "amenity": "cafe",
        "brand": "Starbucks",
        "brand:wikidata": "Q37158",
        "brand:wikipedia": "en:Starbucks",
        "cuisine": "coffee_shop",
        "name": "Starbucks",
        "name:zh": "星巴克",
        "official_name": "Starbucks Coffee",
        "takeaway": "yes"
      },
      "geometry": {
        "type": "Point",
        "coordinates": [
          103.9877526,
          1.352277
        ]
      },
      "id": "node/6771029911"
    },
    {
      "type": "Feature",
      "properties": {
        "@id": "node/6771031215",
        "addr:city": "Singapore",
        "addr:housenumber": "#02-04",
        "addr:postcode": "819665",
        "addr:street": "Departure / Check-in Hall,Terminal 4 Singapore Changi Airport",
        "amenity": "cafe",
        "brand": "Starbucks",
        "brand:wikidata": "Q37158",
        "brand:wikipedia": "en:Starbucks",
        "cuisine": "coffee_shop",
        "name": "Starbucks",
        "name:zh": "星巴克",
        "official_name": "Starbucks Coffee",
        "takeaway": "yes"
      },
      "geometry": {
        "type": "Point",
        "coordinates": [
          103.9848947,
          1.3415078
        ]
      },
      "id": "node/6771031215"
    },
    {
      "type": "Feature",
      "properties": {
        "@id": "node/6771031758",
        "addr:city": "Singapore",
        "addr:floor": "1",
        "addr:housename": "Aperia Mall",
        "addr:housenumber": "12",
        "addr:postcode": "339511",
        "addr:street": "Kallang Avenue",
        "addr:unit": "#01-26",
        "amenity": "cafe",
        "brand": "Starbucks",
        "brand:wikidata": "Q37158",
        "brand:wikipedia": "en:Starbucks",
        "check_date": "2024-04-05",
        "cuisine": "coffee_shop",
        "level": "0",
        "name": "Starbucks",
        "official_name": "Starbucks Coffee",
        "takeaway": "yes"
      },
      "geometry": {
        "type": "Point",
        "coordinates": [
          103.8637868,
          1.3097673
        ]
      },
      "id": "node/6771031758"
    },
    {
      "type": "Feature",
      "properties": {
        "@id": "node/6771045367",
        "addr:city": "Singapore",
        "addr:country": "SG",
        "addr:housenumber": "311",
        "addr:postcode": "467360",
        "addr:street": "New Upper Changi Road Bedok Mall,",
        "addr:unit": "#01-92/93",
        "amenity": "cafe",
        "brand": "Starbucks",
        "brand:wikidata": "Q37158",
        "cuisine": "coffee_shop",
        "level": "1",
        "name": "Starbucks",
        "official_name": "Starbucks Coffee",
        "takeaway": "yes"
      },
      "geometry": {
        "type": "Point",
        "coordinates": [
          103.9298477,
          1.3250076
        ]
      },
      "id": "node/6771045367"
    },
    {
      "type": "Feature",
      "properties": {
        "@id": "node/6771178903",
        "addr:city": "Singapore",
        "addr:housenumber": "51 ,#01-02",
        "addr:postcode": "579799",
        "addr:street": "Bishan Street 13",
        "amenity": "cafe",
        "brand": "Starbucks",
        "brand:wikidata": "Q37158",
        "cuisine": "coffee_shop",
        "level": "0",
        "name": "Starbucks",
        "official_name": "Starbucks Coffee",
        "takeaway": "yes",
        "toilets": "no"
      },
      "geometry": {
        "type": "Point",
        "coordinates": [
          103.8507959,
          1.3496782
        ]
      },
      "id": "node/6771178903"
    },
    {
      "type": "Feature",
      "properties": {
        "@id": "node/6771366573",
        "addr:city": "Singapore",
        "addr:housenumber": "176, #01-41/42",
        "addr:postcode": "238843",
        "addr:street": "Orchard Road, Centrepoint",
        "amenity": "cafe",
        "brand": "Starbucks",
        "brand:wikidata": "Q37158",
        "brand:wikipedia": "en:Starbucks",
        "cuisine": "coffee_shop",
        "internet_access": "wlan",
        "level": "0;0.5",
        "name": "Starbucks",
        "name:zh": "星巴克",
        "official_name": "Starbucks Coffee",
        "opening_hours": "Mo-Su 08:00-22:00",
        "takeaway": "yes",
        "wheelchair": "yes"
      },
      "geometry": {
        "type": "Point",
        "coordinates": [
          103.8397874,
          1.3015983
        ]
      },
      "id": "node/6771366573"
    },
    {
      "type": "Feature",
      "properties": {
        "@id": "node/6771432636",
        "addr:city": "Singapore",
        "addr:housenumber": "2",
        "addr:postcode": "529889",
        "addr:street": "Simei Street 3, Level 1 Main Atrium, Changi General Hospital",
        "amenity": "cafe",
        "brand": "Starbucks",
        "brand:wikidata": "Q37158",
        "cuisine": "coffee_shop",
        "name": "Starbucks",
        "official_name": "Starbucks Coffee",
        "takeaway": "yes"
      },
      "geometry": {
        "type": "Point",
        "coordinates": [
          103.9495468,
          1.3407188
        ]
      },
      "id": "node/6771432636"
    },
    {
      "type": "Feature",
      "properties": {
        "@id": "node/6771439487",
        "addr:city": "Singapore",
        "addr:housenumber": "36",
        "addr:postcode": "068877",
        "addr:street": "Robinson Road #01-02 City House",
        "amenity": "cafe",
        "brand": "Starbucks",
        "brand:wikidata": "Q37158",
        "brand:wikipedia": "en:Starbucks",
        "check_date": "2025-10-21",
        "cuisine": "coffee_shop",
        "name": "Starbucks",
        "official_name": "Starbucks Coffee",
        "takeaway": "yes"
      },
      "geometry": {
        "type": "Point",
        "coordinates": [
          103.8496217,
          1.2813676
        ]
      },
      "id": "node/6771439487"
    },
    {
      "type": "Feature",
      "properties": {
        "@id": "node/6771442794",
        "addr:city": "Singapore",
        "addr:floor": "3",
        "addr:housenumber": "3155, #03-K1/K3",
        "addr:postcode": "129588",
        "addr:street": "Commonwealth Avenue West",
        "amenity": "cafe",
        "brand": "Starbucks",
        "brand:wikidata": "Q37158",
        "brand:wikipedia": "en:Starbucks",
        "cuisine": "coffee_shop",
        "internet_access": "wlan",
        "name": "Starbucks",
        "official_name": "Starbucks Coffee",
        "takeaway": "yes",
        "wheelchair": "yes"
      },
      "geometry": {
        "type": "Point",
        "coordinates": [
          103.7645495,
          1.3154547
        ]
      },
      "id": "node/6771442794"
    },
    {
      "type": "Feature",
      "properties": {
        "@id": "node/6771447271",
        "addr:city": "Singapore",
        "addr:housenumber": "#13-35",
        "addr:postcode": "018982",
        "addr:street": "12 Marina Boulevard, Marina Bay Financial Centre Tower 3",
        "amenity": "cafe",
        "brand": "Starbucks",
        "brand:wikidata": "Q37158",
        "cuisine": "coffee_shop",
        "name": "Starbucks",
        "official_name": "Starbucks Coffee",
        "takeaway": "yes"
      },
      "geometry": {
        "type": "Point",
        "coordinates": [
          103.8545563,
          1.2788091
        ]
      },
      "id": "node/6771447271"
    },
    {
      "type": "Feature",
      "properties": {
        "@id": "node/6771458342",
        "addr:city": "Singapore",
        "addr:housenumber": "#02-21A/B/C & 02-20 B/E",
        "addr:postcode": "237994",
        "addr:street": "1 Kim Seng Promenade, Great World City",
        "amenity": "cafe",
        "brand": "Starbucks",
        "brand:wikidata": "Q37158",
        "check_date": "2023-10-26",
        "cuisine": "coffee_shop",
        "level": "1",
        "name": "Starbucks",
        "name:zh": "星巴克",
        "official_name": "Starbucks Coffee",
        "takeaway": "yes"
      },
      "geometry": {
        "type": "Point",
        "coordinates": [
          103.832185,
          1.2932909
        ]
      },
      "id": "node/6771458342"
    },
    {
      "type": "Feature",
      "properties": {
        "@id": "node/6771472126",
        "addr:city": "Singapore",
        "addr:postcode": "528833",
        "addr:street": "3 Simei Street 6",
        "amenity": "cafe",
        "brand": "Starbucks",
        "brand:wikidata": "Q37158",
        "cuisine": "coffee_shop",
        "level": "0",
        "name": "Starbucks",
        "official_name": "Starbucks Coffee",
        "takeaway": "yes"
      },
      "geometry": {
        "type": "Point",
        "coordinates": [
          103.9531489,
          1.3424219
        ]
      },
      "id": "node/6771472126"
    },
    {
      "type": "Feature",
      "properties": {
        "@id": "node/6771489687",
        "addr:city": "Singapore",
        "addr:housenumber": "2",
        "addr:postcode": "018972",
        "addr:street": "Bayfront Avenue",
        "addr:unit": "#B2-56",
        "amenity": "cafe",
        "brand": "Starbucks",
        "brand:wikidata": "Q37158",
        "brand:wikipedia": "en:Starbucks",
        "cuisine": "coffee_shop",
        "indoor_seating": "yes",
        "name": "Starbucks",
        "official_name": "Starbucks Coffee",
        "outdoor_seating": "no",
        "takeaway": "yes"
      },
      "geometry": {
        "type": "Point",
        "coordinates": [
          103.8601111,
          1.2855822
        ]
      },
      "id": "node/6771489687"
    },
    {
      "type": "Feature",
      "properties": {
        "@id": "node/6771490537",
        "addr:city": "Singapore",
        "addr:housenumber": "#B2-08",
        "addr:postcode": "018935",
        "addr:street": "5 Straits View, Marina One (West Tower),",
        "amenity": "cafe",
        "brand": "Starbucks",
        "brand:wikidata": "Q37158",
        "brand:wikipedia": "en:Starbucks",
        "cuisine": "coffee_shop",
        "name": "Starbucks",
        "official_name": "Starbucks Coffee",
        "takeaway": "yes"
      },
      "geometry": {
        "type": "Point",
        "coordinates": [
          103.8523142,
          1.277217
        ]
      },
      "id": "node/6771490537"
    },
    {
      "type": "Feature",
      "properties": {
        "@id": "node/6773435668",
        "addr:unit": "28",
        "air_conditioning": "yes",
        "amenity": "cafe",
        "brand": "Tim Hortons",
        "brand:wikidata": "Q175106",
        "check_date": "2025-12-21",
        "cuisine": "coffee_shop",
        "level": "0",
        "name": "Tim Hortons",
        "outdoor_seating": "yes",
        "takeaway": "yes"
      },
      "geometry": {
        "type": "Point",
        "coordinates": [
          103.9049313,
          1.3056322
        ]
      },
      "id": "node/6773435668"
    },
    {
      "type": "Feature",
      "properties": {
        "@id": "node/6773438247",
        "addr:city": "Singapore",
        "addr:housenumber": "#02-18",
        "addr:postcode": "278628",
        "addr:street": "293 Holland Road, Jelita Shopping Center",
        "amenity": "cafe",
        "cuisine": "coffee_shop",
        "name": "Starbucks"
      },
      "geometry": {
        "type": "Point",
        "coordinates": [
          103.7858876,
          1.3176846
        ]
      },
      "id": "node/6773438247"
    },
    {
      "type": "Feature",
      "properties": {
        "@id": "node/6773451035",
        "addr:city": "Singapore",
        "addr:housenumber": "#B3-59",
        "addr:postcode": "248652",
        "addr:street": "238 Orchard Blvd, ION Orchard",
        "amenity": "cafe",
        "brand": "Starbucks",
        "brand:wikidata": "Q37158",
        "brand:wikipedia": "en:Starbucks",
        "cuisine": "coffee_shop",
        "name": "Starbucks",
        "name:zh": "星巴克",
        "official_name": "Starbucks Coffee",
        "takeaway": "yes"
      },
      "geometry": {
        "type": "Point",
        "coordinates": [
          103.8315893,
          1.3042916
        ]
      },
      "id": "node/6773451035"
    },
    {
      "type": "Feature",
      "properties": {
        "@id": "node/6773529432",
        "addr:city": "Singapore",
        "addr:housenumber": "#01-04",
        "addr:postcode": "689787",
        "addr:street": "2 Choa Chu Kang Loop, Keart Hong Community Club",
        "amenity": "cafe",
        "brand": "Starbucks",
        "brand:wikidata": "Q37158",
        "brand:wikipedia": "en:Starbucks",
        "cuisine": "coffee_shop",
        "name": "Starbucks",
        "official_name": "Starbucks Coffee",
        "outdoor_seating": "yes",
        "takeaway": "yes"
      },
      "geometry": {
        "type": "Point",
        "coordinates": [
          103.7448019,
          1.3841755
        ]
      },
      "id": "node/6773529432"
    },
    {
      "type": "Feature",
      "properties": {
        "@id": "node/6773537855",
        "addr:city": "Singapore",
        "addr:housenumber": "1",
        "addr:postcode": "609606",
        "addr:street": "Jurong East Street 21 #02-08 Ng Teng Fong General Hospital Tower A",
        "amenity": "cafe",
        "brand": "Starbucks",
        "brand:wikidata": "Q37158",
        "brand:wikipedia": "en:Starbucks",
        "cuisine": "coffee_shop",
        "name": "Starbucks",
        "official_name": "Starbucks Coffee",
        "takeaway": "yes"
      },
      "geometry": {
        "type": "Point",
        "coordinates": [
          103.7465924,
          1.3325334
        ]
      },
      "id": "node/6773537855"
    },
    {
      "type": "Feature",
      "properties": {
        "@id": "node/6773560014",
        "addr:city": "Singapore",
        "addr:floor": "1",
        "addr:housename": "Mount Elizabeth Novena Hospital",
        "addr:housenumber": "38",
        "addr:postcode": "329563",
        "addr:street": "Irrawaddy Road",
        "addr:unit": "#01-14",
        "amenity": "cafe",
        "brand": "Starbucks",
        "brand:wikidata": "Q37158",
        "check_date": "2025-05-02",
        "cuisine": "coffee_shop",
        "level": "0",
        "name": "Starbucks",
        "official_name": "Starbucks Coffee",
        "takeaway": "yes"
      },
      "geometry": {
        "type": "Point",
        "coordinates": [
          103.8441069,
          1.3218524
        ]
      },
      "id": "node/6773560014"
    },
    {
      "type": "Feature",
      "properties": {
        "@id": "node/6773560822",
        "addr:city": "Singapore",
        "addr:housenumber": "50",
        "addr:postcode": "608549",
        "addr:street": "Jurong Gateway Road",
        "addr:unit": "02",
        "amenity": "cafe",
        "brand": "Starbucks",
        "brand:wikidata": "Q37158",
        "brand:wikipedia": "en:Starbucks",
        "cuisine": "coffee_shop",
        "level": "0",
        "name": "Starbucks",
        "official_name": "Starbucks Coffee",
        "takeaway": "yes"
      },
      "geometry": {
        "type": "Point",
        "coordinates": [
          103.7431812,
          1.3336388
        ]
      },
      "id": "node/6773560822"
    },
    {
      "type": "Feature",
      "properties": {
        "@id": "node/6773645174",
        "addr:city": "Singapore",
        "addr:country": "SG",
        "addr:floor": "B2",
        "addr:housenumber": "277",
        "addr:postcode": "238858",
        "addr:street": "Orchard Road",
        "addr:unit": "04",
        "amenity": "cafe",
        "brand": "Starbucks",
        "brand:wikidata": "Q37158",
        "brand:wikipedia": "en:Starbucks",
        "cuisine": "coffee_shop",
        "name": "Starbucks",
        "official_name": "Starbucks Coffee",
        "takeaway": "yes",
        "wheelchair": "yes"
      },
      "geometry": {
        "type": "Point",
        "coordinates": [
          103.8397587,
          1.3003536
        ]
      },
      "id": "node/6773645174"
    },
    {
      "type": "Feature",
      "properties": {
        "@id": "node/6773656783",
        "addr:city": "Singapore",
        "addr:housenumber": "238 #02-K7/K8",
        "addr:postcode": "307683",
        "addr:street": "Thomson Road",
        "amenity": "cafe",
        "brand": "Starbucks",
        "brand:wikidata": "Q37158",
        "brand:wikipedia": "en:Starbucks",
        "check_date": "2024-04-25",
        "cuisine": "coffee_shop",
        "name": "Starbucks",
        "official_name": "Starbucks Coffee",
        "takeaway": "yes",
        "wikidata": "Q111187648"
      },
      "geometry": {
        "type": "Point",
        "coordinates": [
          103.844261,
          1.3196911
        ]
      },
      "id": "node/6773656783"
    },
    {
      "type": "Feature",
      "properties": {
        "@id": "node/6773684632",
        "addr:city": "Singapore",
        "addr:housenumber": "10",
        "addr:postcode": "049315",
        "addr:street": "Collyer Quay, #B1-07 Ocean Financial Centre",
        "amenity": "cafe",
        "brand": "Starbucks",
        "brand:wikidata": "Q37158",
        "brand:wikipedia": "en:Starbucks",
        "cuisine": "coffee_shop",
        "name": "Starbucks",
        "official_name": "Starbucks Coffee",
        "takeaway": "yes"
      },
      "geometry": {
        "type": "Point",
        "coordinates": [
          103.851908,
          1.2829483
        ]
      },
      "id": "node/6773684632"
    },
    {
      "type": "Feature",
      "properties": {
        "@id": "node/6773692412",
        "addr:city": "Singapore",
        "addr:housenumber": "1",
        "addr:postcode": "049145",
        "addr:street": "George Street #01-02",
        "amenity": "cafe",
        "brand": "Starbucks",
        "brand:wikidata": "Q37158",
        "brand:wikipedia": "en:Starbucks",
        "check_date": "2024-03-19",
        "cuisine": "coffee_shop",
        "name": "Starbucks",
        "official_name": "Starbucks Coffee",
        "outdoor_seating": "no",
        "takeaway": "yes"
      },
      "geometry": {
        "type": "Point",
        "coordinates": [
          103.8477685,
          1.2860675
        ]
      },
      "id": "node/6773692412"
    },
    {
      "type": "Feature",
      "properties": {
        "@id": "node/6773692796",
        "addr:city": "Singapore",
        "addr:housenumber": "681",
        "addr:postcode": "820681",
        "addr:street": "Punngol Drive, Oasis Terraces, #02-35",
        "amenity": "cafe",
        "brand": "Starbucks",
        "brand:wikidata": "Q37158",
        "cuisine": "coffee_shop",
        "level": "1",
        "name": "Starbucks",
        "official_name": "Starbucks Coffee",
        "takeaway": "yes",
        "toilets:wheelchair": "yes",
        "wheelchair": "yes"
      },
      "geometry": {
        "type": "Point",
        "coordinates": [
          103.9132146,
          1.4026727
        ]
      },
      "id": "node/6773692796"
    },
    {
      "type": "Feature",
      "properties": {
        "@id": "node/6773742169",
        "addr:city": "Singapore",
        "addr:housenumber": "33",
        "addr:postcode": "797653",
        "addr:street": "Sengkang West Avenue",
        "amenity": "cafe",
        "brand": "Starbucks",
        "brand:wikidata": "Q37158",
        "brand:wikipedia": "en:Starbucks",
        "cuisine": "coffee_shop",
        "level": "0",
        "name": "Starbucks",
        "official_name": "Starbucks Coffee",
        "takeaway": "yes"
      },
      "geometry": {
        "type": "Point",
        "coordinates": [
          103.8759647,
          1.3913556
        ]
      },
      "id": "node/6773742169"
    },
    {
      "type": "Feature",
      "properties": {
        "@id": "node/6773743849",
        "addr:city": "Singapore",
        "addr:housenumber": "10",
        "addr:postcode": "409057",
        "addr:street": "Paya Lebar Road",
        "addr:unit": "14",
        "amenity": "cafe",
        "brand": "Starbucks",
        "brand:wikidata": "Q37158",
        "brand:wikipedia": "en:Starbucks",
        "cuisine": "coffee_shop",
        "level": "0",
        "name": "Starbucks",
        "official_name": "Starbucks Coffee",
        "takeaway": "yes",
        "wheelchair": "yes"
      },
      "geometry": {
        "type": "Point",
        "coordinates": [
          103.8931861,
          1.3172794
        ]
      },
      "id": "node/6773743849"
    },
    {
      "type": "Feature",
      "properties": {
        "@id": "node/6773750972",
        "addr:city": "Singapore",
        "addr:housename": "South Beach Avenue",
        "addr:housenumber": "26",
        "addr:postcode": "189768",
        "addr:street": "Beach Road",
        "amenity": "cafe",
        "brand": "Starbucks",
        "brand:wikidata": "Q37158",
        "brand:wikipedia": "en:Starbucks",
        "cuisine": "coffee_shop",
        "name": "Starbucks",
        "official_name": "Starbucks Coffee",
        "takeaway": "yes"
      },
      "geometry": {
        "type": "Point",
        "coordinates": [
          103.8558511,
          1.2946412
        ]
      },
      "id": "node/6773750972"
    },
    {
      "type": "Feature",
      "properties": {
        "@id": "node/6773754152",
        "addr:city": "Singapore",
        "addr:housenumber": "290",
        "addr:postcode": "238859",
        "addr:street": "Orchard Road",
        "addr:unit": "37",
        "amenity": "cafe",
        "brand": "Starbucks",
        "brand:wikidata": "Q37158",
        "brand:wikipedia": "en:Starbucks",
        "cuisine": "coffee_shop",
        "level": "-1",
        "name": "Starbucks",
        "name:zh": "星巴克",
        "official_name": "Starbucks Coffee",
        "takeaway": "yes"
      },
      "geometry": {
        "type": "Point",
        "coordinates": [
          103.8357929,
          1.3034077
        ]
      },
      "id": "node/6773754152"
    },
    {
      "type": "Feature",
      "properties": {
        "@id": "node/6773784554",
        "addr:city": "Singapore",
        "addr:housenumber": "461",
        "addr:postcode": "599491",
        "addr:street": "Clementi Road, Singapore Institute of Management, Block C Unit C.1.07",
        "amenity": "cafe",
        "brand": "Starbucks",
        "brand:wikidata": "Q37158",
        "cuisine": "coffee_shop",
        "name": "Starbucks",
        "official_name": "Starbucks Coffee",
        "takeaway": "yes"
      },
      "geometry": {
        "type": "Point",
        "coordinates": [
          103.7753387,
          1.329055
        ]
      },
      "id": "node/6773784554"
    },
    {
      "type": "Feature",
      "properties": {
        "@id": "node/6773792109",
        "amenity": "cafe",
        "brand": "The Coffee Bean & Tea Leaf",
        "brand:wikidata": "Q1141384",
        "cuisine": "coffee_shop",
        "name": "The Coffee Bean & Tea Leaf",
        "takeaway": "yes"
      },
      "geometry": {
        "type": "Point",
        "coordinates": [
          103.835112,
          1.2795453
        ]
      },
      "id": "node/6773792109"
    },
    {
      "type": "Feature",
      "properties": {
        "@id": "node/6773796073",
        "addr:city": "Singapore",
        "addr:house": "Singapore Land Tower",
        "addr:housenumber": "50",
        "addr:postcode": "048623",
        "addr:street": "Raffles Place",
        "amenity": "cafe",
        "brand": "Starbucks",
        "brand:wikidata": "Q37158",
        "brand:wikipedia": "en:Starbucks",
        "cuisine": "coffee_shop",
        "name": "Starbucks",
        "official_name": "Starbucks Coffee",
        "takeaway": "yes"
      },
      "geometry": {
        "type": "Point",
        "coordinates": [
          103.851882,
          1.2844628
        ]
      },
      "id": "node/6773796073"
    },
    {
      "type": "Feature",
      "properties": {
        "@id": "node/6773806192",
        "addr:city": "Singapore",
        "addr:country": "SG",
        "addr:housenumber": "9",
        "addr:postcode": "048619",
        "addr:street": "Raffles Place #01-15/16 Republic Plaza",
        "amenity": "cafe",
        "brand": "Starbucks",
        "brand:wikidata": "Q37158",
        "brand:wikipedia": "en:Starbucks",
        "cuisine": "coffee_shop",
        "name": "Starbucks",
        "official_name": "Starbucks Coffee",
        "takeaway": "yes"
      },
      "geometry": {
        "type": "Point",
        "coordinates": [
          103.8507296,
          1.2832693
        ]
      },
      "id": "node/6773806192"
    },
    {
      "type": "Feature",
      "properties": {
        "@id": "node/6773859454",
        "addr:city": "Singapore",
        "addr:housenumber": "3",
        "addr:postcode": "038983",
        "addr:street": "Temasek Boulevard #02-393/394 Suntec Convention Centre",
        "amenity": "cafe",
        "brand": "Starbucks",
        "brand:wikidata": "Q37158",
        "brand:wikipedia": "en:Starbucks",
        "cuisine": "coffee_shop",
        "name": "Starbucks",
        "official_name": "Starbucks Coffee",
        "takeaway": "yes"
      },
      "geometry": {
        "type": "Point",
        "coordinates": [
          103.8569179,
          1.2935204
        ]
      },
      "id": "node/6773859454"
    },
    {
      "type": "Feature",
      "properties": {
        "@id": "node/6773936482",
        "addr:city": "Singapore",
        "addr:housenumber": "3",
        "addr:postcode": "038983",
        "addr:street": "Temasek Boulevard, #02-613/614, Suntec City Mall",
        "amenity": "cafe",
        "brand": "Starbucks",
        "brand:wikidata": "Q37158",
        "brand:wikipedia": "en:Starbucks",
        "cuisine": "coffee_shop",
        "name": "Starbucks",
        "official_name": "Starbucks Coffee",
        "takeaway": "yes",
        "wheelchair": "yes"
      },
      "geometry": {
        "type": "Point",
        "coordinates": [
          103.8594291,
          1.2956705
        ]
      },
      "id": "node/6773936482"
    },
    {
      "type": "Feature",
      "properties": {
        "@id": "node/6773975777",
        "addr:city": "Singapore",
        "addr:housenumber": "4",
        "addr:postcode": "529510",
        "addr:street": "Tampines Central 5, #01-50,",
        "amenity": "cafe",
        "brand": "Starbucks",
        "brand:wikidata": "Q37158",
        "cuisine": "coffee_shop",
        "name": "Starbucks",
        "official_name": "Starbucks Coffee",
        "takeaway": "yes"
      },
      "geometry": {
        "type": "Point",
        "coordinates": [
          103.9446943,
          1.3521425
        ]
      },
      "id": "node/6773975777"
    },
    {
      "type": "Feature",
      "properties": {
        "@id": "node/6773977102",
        "addr:city": "Singapore",
        "addr:housenumber": "3",
        "addr:postcode": "038983",
        "addr:street": "Temasek Boulevard #01-433 Suntec City Mall",
        "amenity": "cafe",
        "brand": "Starbucks",
        "brand:wikidata": "Q37158",
        "brand:wikipedia": "en:Starbucks",
        "check_date": "2024-11-24",
        "cuisine": "coffee_shop",
        "name": "Starbucks",
        "official_name": "Starbucks Coffee",
        "takeaway": "yes",
        "wheelchair": "yes"
      },
      "geometry": {
        "type": "Point",
        "coordinates": [
          103.8578336,
          1.2945843
        ]
      },
      "id": "node/6773977102"
    },
    {
      "type": "Feature",
      "properties": {
        "@id": "node/6773983184",
        "addr:city": "Singapore",
        "addr:housenumber": "7",
        "addr:postcode": "078884",
        "addr:street": "Wallich Street #01-08 Tanjong Pagar Centre",
        "amenity": "cafe",
        "brand": "Starbucks",
        "brand:wikidata": "Q37158",
        "brand:wikipedia": "en:Starbucks",
        "cuisine": "coffee_shop",
        "name": "Starbucks",
        "official_name": "Starbucks Coffee",
        "takeaway": "yes"
      },
      "geometry": {
        "type": "Point",
        "coordinates": [
          103.8450443,
          1.2767691
        ]
      },
      "id": "node/6773983184"
    },
    {
      "type": "Feature",
      "properties": {
        "@id": "node/6773995177",
        "addr:city": "Singapore",
        "addr:housenumber": "5",
        "addr:postcode": "529705",
        "addr:street": "Tampines Ave 3, #01-09",
        "amenity": "cafe",
        "brand": "Starbucks",
        "brand:wikidata": "Q37158",
        "cuisine": "coffee_shop",
        "name": "Starbucks",
        "official_name": "Starbucks Coffee",
        "takeaway": "yes"
      },
      "geometry": {
        "type": "Point",
        "coordinates": [
          103.9356299,
          1.3488728
        ]
      },
      "id": "node/6773995177"
    },
    {
      "type": "Feature",
      "properties": {
        "@id": "node/6774012716",
        "addr:city": "Singapore",
        "addr:housenumber": "83",
        "addr:postcode": "239918",
        "addr:street": "Clemenceau Ave #01-31 UE Square",
        "amenity": "cafe",
        "brand": "Starbucks",
        "brand:wikidata": "Q37158",
        "brand:wikipedia": "en:Starbucks",
        "check_date": "2024-10-13",
        "cuisine": "coffee_shop",
        "name": "Starbucks",
        "name:zh": "星巴克",
        "official_name": "Starbucks Coffee",
        "opening_hours": "07:30-22:00",
        "takeaway": "yes"
      },
      "geometry": {
        "type": "Point",
        "coordinates": [
          103.8428591,
          1.2928688
        ]
      },
      "id": "node/6774012716"
    },
    {
      "type": "Feature",
      "properties": {
        "@id": "node/6774012792",
        "addr:city": "Singapore",
        "addr:housenumber": "51",
        "addr:postcode": "347697",
        "addr:street": "Upper Serangoon Road, #01-02 The Poiz Centre",
        "amenity": "cafe",
        "brand": "Starbucks",
        "brand:wikidata": "Q37158",
        "brand:wikipedia": "en:Starbucks",
        "cuisine": "coffee_shop",
        "internet_access": "yes",
        "internet_access:fee": "customers",
        "name": "Starbucks",
        "official_name": "Starbucks Coffee",
        "outdoor_seating": "yes",
        "phone": "+65 6815 1038",
        "takeaway": "yes",
        "website": "https://www.starbucks.com.sg/",
        "wheelchair": "yes"
      },
      "geometry": {
        "type": "Point",
        "coordinates": [
          103.8685581,
          1.3310965
        ]
      },
      "id": "node/6774012792"
    },
    {
      "type": "Feature",
      "properties": {
        "@id": "node/6774040322",
        "addr:city": "Singapore",
        "addr:housenumber": "3",
        "addr:postcode": "608532",
        "addr:street": "Gateway Drive, #02-04/04A",
        "amenity": "cafe",
        "brand": "Starbucks",
        "brand:wikidata": "Q37158",
        "brand:wikipedia": "en:Starbucks",
        "cuisine": "coffee_shop",
        "name": "Starbucks",
        "official_name": "Starbucks Coffee",
        "takeaway": "yes"
      },
      "geometry": {
        "type": "Point",
        "coordinates": [
          103.7426654,
          1.3338059
        ]
      },
      "id": "node/6774040322"
    },
    {
      "type": "Feature",
      "properties": {
        "@id": "node/6774053274",
        "addr:city": "Singapore",
        "addr:housenumber": "20",
        "addr:street": "Ah Hood Road",
        "addr:unit": "#01-18A",
        "air_conditioning": "yes",
        "amenity": "cafe",
        "brand": "Starbucks",
        "brand:wikidata": "Q37158",
        "brand:wikipedia": "en:Starbucks",
        "check_date": "2022-12-23",
        "cuisine": "coffee_shop",
        "indoor_seating": "yes",
        "level": "0",
        "name": "Starbucks",
        "official_name": "Starbucks Coffee",
        "outdoor_seating": "yes",
        "takeaway": "yes"
      },
      "geometry": {
        "type": "Point",
        "coordinates": [
          103.8468453,
          1.3271799
        ]
      },
      "id": "node/6774053274"
    },
    {
      "type": "Feature",
      "properties": {
        "@id": "node/6774057615",
        "addr:city": "Singapore",
        "addr:housenumber": "154",
        "addr:postcode": "127371",
        "addr:street": "West Coast Rd, #01-01",
        "amenity": "cafe",
        "brand": "Starbucks",
        "brand:wikidata": "Q37158",
        "brand:wikipedia": "en:Starbucks",
        "cuisine": "coffee_shop",
        "name": "Starbucks",
        "name:zh": "星巴克",
        "official_name": "Starbucks Coffee",
        "takeaway": "yes"
      },
      "geometry": {
        "type": "Point",
        "coordinates": [
          103.7655737,
          1.303291
        ]
      },
      "id": "node/6774057615"
    },
    {
      "type": "Feature",
      "properties": {
        "@id": "node/6774070510",
        "addr:city": "Singapore",
        "addr:housenumber": "1",
        "addr:postcode": "518457",
        "addr:street": "Pasir Ris Central Street 3",
        "air_conditioning": "yes",
        "amenity": "cafe",
        "brand": "Starbucks",
        "brand:wikidata": "Q37158",
        "brand:wikipedia": "en:Starbucks",
        "cuisine": "coffee_shop",
        "internet_access": "wlan",
        "level": "0",
        "name": "Starbucks",
        "official_name": "Starbucks Coffee",
        "opening_hours": "Mo-Su 07:30-22:00",
        "outdoor_seating": "no",
        "phone": "+6569101295",
        "takeaway": "yes",
        "website": "https://www.starbucks.com.sg/"
      },
      "geometry": {
        "type": "Point",
        "coordinates": [
          103.9494873,
          1.3723298
        ]
      },
      "id": "node/6774070510"
    },
    {
      "type": "Feature",
      "properties": {
        "@id": "node/6776212401",
        "addr:city": "Singapore",
        "addr:housenumber": "2",
        "addr:postcode": "238801",
        "addr:street": "Orchard Turn, #B1-12 ION Orchard",
        "amenity": "cafe",
        "brand": "The Coffee Bean & Tea Leaf",
        "brand:wikidata": "Q1141384",
        "brand:wikipedia": "en:The Coffee Bean & Tea Leaf",
        "cuisine": "coffee_shop",
        "name": "The Coffee Bean & Tea Leaf",
        "takeaway": "yes"
      },
      "geometry": {
        "type": "Point",
        "coordinates": [
          103.8318192,
          1.3042208
        ]
      },
      "id": "node/6776212401"
    },
    {
      "type": "Feature",
      "properties": {
        "@id": "node/6776214175",
        "addr:city": "Singapore",
        "addr:housenumber": "8",
        "addr:postcode": "039802",
        "addr:street": "Raffles Avenue",
        "amenity": "cafe",
        "brand": "The Coffee Bean & Tea Leaf",
        "brand:wikidata": "Q1141384",
        "brand:wikipedia": "en:The Coffee Bean & Tea Leaf",
        "cuisine": "coffee_shop",
        "level": "0",
        "name": "The Coffee Bean & Tea Leaf",
        "takeaway": "yes",
        "wheelchair": "yes"
      },
      "geometry": {
        "type": "Point",
        "coordinates": [
          103.8560278,
          1.2900103
        ]
      },
      "id": "node/6776214175"
    },
    {
      "type": "Feature",
      "properties": {
        "@id": "node/6776244638",
        "addr:city": "Singapore",
        "addr:housenumber": "238",
        "addr:postcode": "307683",
        "addr:street": "Thomson Road",
        "amenity": "cafe",
        "brand": "The Coffee Bean & Tea Leaf",
        "brand:wikidata": "Q1141384",
        "brand:wikipedia": "en:The Coffee Bean & Tea Leaf",
        "check_date": "2026-01-17",
        "cuisine": "coffee_shop",
        "level": "1",
        "name": "The Coffee Bean & Tea Leaf",
        "takeaway": "yes"
      },
      "geometry": {
        "type": "Point",
        "coordinates": [
          103.8437113,
          1.3203162
        ]
      },
      "id": "node/6776244638"
    },
    {
      "type": "Feature",
      "properties": {
        "@id": "node/6776259370",
        "addr:city": "Singapore",
        "addr:housenumber": "181",
        "addr:postcode": "238896",
        "addr:street": "Orchard Road, #01-26 Orchard Central",
        "amenity": "cafe",
        "brand": "The Coffee Bean & Tea Leaf",
        "brand:wikidata": "Q1141384",
        "brand:wikipedia": "en:The Coffee Bean & Tea Leaf",
        "cuisine": "coffee_shop",
        "name": "The Coffee Bean & Tea Leaf",
        "takeaway": "yes"
      },
      "geometry": {
        "type": "Point",
        "coordinates": [
          103.8397112,
          1.3006559
        ]
      },
      "id": "node/6776259370"
    },
    {
      "type": "Feature",
      "properties": {
        "@id": "node/6776263399",
        "addr:city": "Singapore",
        "addr:housenumber": "1",
        "addr:postcode": "098585",
        "addr:street": "Harbourfront Walk, #02-03/04 Vivo City",
        "amenity": "cafe",
        "brand": "The Coffee Bean & Tea Leaf",
        "brand:wikidata": "Q1141384",
        "brand:wikipedia": "en:The Coffee Bean & Tea Leaf",
        "cuisine": "coffee_shop",
        "name": "The Coffee Bean & Tea Leaf",
        "takeaway": "yes",
        "wheelchair": "yes"
      },
      "geometry": {
        "type": "Point",
        "coordinates": [
          103.8222329,
          1.2653431
        ]
      },
      "id": "node/6776263399"
    },
    {
      "type": "Feature",
      "properties": {
        "@id": "node/6776270732",
        "addr:city": "Singapore",
        "addr:housename": "Tan Tock Seng Hospital",
        "addr:housenumber": "11",
        "addr:postcode": "308433",
        "addr:street": "Jalan Tan Tock Seng",
        "addr:unit": "#01-16/17",
        "amenity": "cafe",
        "brand": "The Coffee Bean & Tea Leaf",
        "brand:wikidata": "Q1141384",
        "brand:wikipedia": "en:The Coffee Bean & Tea Leaf",
        "cuisine": "coffee_shop",
        "name": "The Coffee Bean & Tea Leaf",
        "opening_hours": "24/7",
        "takeaway": "yes"
      },
      "geometry": {
        "type": "Point",
        "coordinates": [
          103.8460013,
          1.321642
        ]
      },
      "id": "node/6776270732"
    },
    {
      "type": "Feature",
      "properties": {
        "@id": "node/6776276639",
        "addr:city": "Singapore",
        "addr:housenumber": "2",
        "addr:postcode": "018972",
        "addr:street": "Bayfront Ave, #B2-20/20A",
        "amenity": "cafe",
        "brand": "The Coffee Bean & Tea Leaf",
        "brand:wikidata": "Q1141384",
        "brand:wikipedia": "en:The Coffee Bean & Tea Leaf",
        "cuisine": "coffee_shop",
        "level": "-2",
        "name": "The Coffee Bean & Tea Leaf",
        "takeaway": "yes",
        "website": "https://www.coffeebean.com.sg/"
      },
      "geometry": {
        "type": "Point",
        "coordinates": [
          103.8586853,
          1.2840777
        ]
      },
      "id": "node/6776276639"
    },
    {
      "type": "Feature",
      "properties": {
        "@id": "node/6776280315",
        "addr:city": "Singapore",
        "addr:housenumber": "133",
        "addr:postcode": "059413",
        "addr:street": "New Bridge Road",
        "addr:unit": "#02-55",
        "amenity": "cafe",
        "brand": "The Coffee Bean & Tea Leaf",
        "brand:wikidata": "Q1141384",
        "brand:wikipedia": "en:The Coffee Bean & Tea Leaf",
        "cuisine": "coffee_shop",
        "indoor_seating": "yes",
        "name": "The Coffee Bean & Tea Leaf",
        "outdoor_seating": "no",
        "takeaway": "yes"
      },
      "geometry": {
        "type": "Point",
        "coordinates": [
          103.8446137,
          1.2851115
        ]
      },
      "id": "node/6776280315"
    },
    {
      "type": "Feature",
      "properties": {
        "@id": "node/6776280331",
        "addr:city": "Singapore",
        "addr:housenumber": "3",
        "addr:postcode": "038983",
        "addr:street": "Temasek Blvd, #02-603/604",
        "amenity": "cafe",
        "brand": "The Coffee Bean & Tea Leaf",
        "brand:wikidata": "Q1141384",
        "brand:wikipedia": "en:The Coffee Bean & Tea Leaf",
        "cuisine": "coffee_shop",
        "name": "The Coffee Bean & Tea Leaf",
        "takeaway": "yes"
      },
      "geometry": {
        "type": "Point",
        "coordinates": [
          103.8584946,
          1.2951183
        ]
      },
      "id": "node/6776280331"
    },
    {
      "type": "Feature",
      "properties": {
        "@id": "node/6776313814",
        "addr:city": "Singapore",
        "addr:housenumber": "2",
        "addr:postcode": "529509",
        "addr:street": "Tampines Central 5, #01-19, Century Square",
        "amenity": "cafe",
        "brand": "The Coffee Bean & Tea Leaf",
        "brand:wikidata": "Q1141384",
        "brand:wikipedia": "en:The Coffee Bean & Tea Leaf",
        "cuisine": "coffee_shop",
        "name": "The Coffee Bean & Tea Leaf",
        "takeaway": "yes"
      },
      "geometry": {
        "type": "Point",
        "coordinates": [
          103.9439327,
          1.3521789
        ]
      },
      "id": "node/6776313814"
    },
    {
      "type": "Feature",
      "properties": {
        "@id": "node/6776314508",
        "addr:city": "Singapore",
        "addr:housenumber": "5",
        "addr:postcode": "486038",
        "addr:street": "Changi Business Park Central 1, #01-41",
        "amenity": "cafe",
        "brand": "The Coffee Bean & Tea Leaf",
        "brand:wikidata": "Q1141384",
        "brand:wikipedia": "en:The Coffee Bean & Tea Leaf",
        "cuisine": "coffee_shop",
        "level": "0",
        "name": "The Coffee Bean & Tea Leaf",
        "takeaway": "yes",
        "wheelchair": "yes"
      },
      "geometry": {
        "type": "Point",
        "coordinates": [
          103.9629078,
          1.3343659
        ]
      },
      "id": "node/6776314508"
    },
    {
      "type": "Feature",
      "properties": {
        "@id": "node/6776341612",
        "addr:city": "Singapore",
        "addr:housenumber": "#01-06",
        "addr:postcode": "608549",
        "addr:street": "50 Jurong Gateway Rd, JEM",
        "amenity": "cafe",
        "brand": "The Coffee Bean & Tea Leaf",
        "brand:wikidata": "Q1141384",
        "brand:wikipedia": "en:The Coffee Bean & Tea Leaf",
        "cuisine": "coffee_shop",
        "name": "The Coffee Bean & Tea Leaf",
        "takeaway": "yes"
      },
      "geometry": {
        "type": "Point",
        "coordinates": [
          103.7435987,
          1.3335118
        ]
      },
      "id": "node/6776341612"
    },
    {
      "type": "Feature",
      "properties": {
        "@id": "node/6776341728",
        "addr:city": "Singapore",
        "addr:housenumber": "#01-12",
        "addr:postcode": "310480",
        "addr:street": "480 Toa Payoh Lorong 6, HDB Hub",
        "amenity": "cafe",
        "brand": "The Coffee Bean & Tea Leaf",
        "brand:wikidata": "Q1141384",
        "brand:wikipedia": "en:The Coffee Bean & Tea Leaf",
        "cuisine": "coffee_shop",
        "name": "The Coffee Bean & Tea Leaf",
        "takeaway": "yes"
      },
      "geometry": {
        "type": "Point",
        "coordinates": [
          103.8483419,
          1.3316409
        ]
      },
      "id": "node/6776341728"
    },
    {
      "type": "Feature",
      "properties": {
        "@id": "node/6776394297",
        "addr:city": "Singapore",
        "addr:housenumber": "#B1-01/02, #B1-26",
        "addr:postcode": "556679",
        "addr:street": "1 Maju Avenue, myVillage @ Serangoon Garden Way",
        "amenity": "cafe",
        "brand": "The Coffee Bean & Tea Leaf",
        "brand:wikidata": "Q1141384",
        "brand:wikipedia": "en:The Coffee Bean & Tea Leaf",
        "cuisine": "coffee_shop",
        "name": "The Coffee Bean & Tea Leaf",
        "takeaway": "yes"
      },
      "geometry": {
        "type": "Point",
        "coordinates": [
          103.8653315,
          1.3648777
        ]
      },
      "id": "node/6776394297"
    },
    {
      "type": "Feature",
      "properties": {
        "@id": "node/6777999833",
        "addr:city": "Singapore",
        "addr:housename": "Royal Square",
        "addr:housenumber": "103",
        "addr:postcode": "329566",
        "addr:street": "Irrawaddy Road",
        "air_conditioning": "no",
        "amenity": "cafe",
        "contact:facebook": "https://www.facebook.com/twomenbagelhouse",
        "contact:instagram": "https://www.instagram.com/twomenbagelhouse",
        "cuisine": "bagel",
        "delivery": "yes",
        "level": "1",
        "name": "Two Men Bagel House",
        "opening_hours": "Mo-Fr 08:00-16:00; Sa,Su 09:00-16:00",
        "outdoor_seating": "only",
        "phone": "+65 6251 6601",
        "takeaway": "yes",
        "website": "https://www.twomenbagels.com/",
        "website:menu": "https://www.twomenbagels.com/nov-menu"
      },
      "geometry": {
        "type": "Point",
        "coordinates": [
          103.8430286,
          1.3207567
        ]
      },
      "id": "node/6777999833"
    },
    {
      "type": "Feature",
      "properties": {
        "@id": "node/6780361250",
        "amenity": "cafe",
        "level": "1",
        "name": "The Tree Cafe"
      },
      "geometry": {
        "type": "Point",
        "coordinates": [
          103.8504859,
          1.2914908
        ]
      },
      "id": "node/6780361250"
    },
    {
      "type": "Feature",
      "properties": {
        "@id": "node/6780361256",
        "amenity": "cafe",
        "level": "1",
        "name": "5 Senses Bistro"
      },
      "geometry": {
        "type": "Point",
        "coordinates": [
          103.8494179,
          1.2915543
        ]
      },
      "id": "node/6780361256"
    },
    {
      "type": "Feature",
      "properties": {
        "@id": "node/6780361257",
        "amenity": "cafe",
        "level": "1",
        "name": "Pops"
      },
      "geometry": {
        "type": "Point",
        "coordinates": [
          103.8503675,
          1.2913838
        ]
      },
      "id": "node/6780361257"
    },
    {
      "type": "Feature",
      "properties": {
        "@id": "node/6780444006",
        "amenity": "cafe",
        "level": "0",
        "name": "Sinpopo Coffee",
        "name:zh": "新泡泡甜品小吃"
      },
      "geometry": {
        "type": "Point",
        "coordinates": [
          103.8497543,
          1.2915302
        ]
      },
      "id": "node/6780444006"
    },
    {
      "type": "Feature",
      "properties": {
        "@id": "node/6780444025",
        "amenity": "cafe",
        "brand": "Toast Box",
        "brand:wikidata": "Q100285490",
        "cuisine": "coffee_shop",
        "level": "-1",
        "name": "Toast Box",
        "takeaway": "yes",
        "wheelchair": "yes"
      },
      "geometry": {
        "type": "Point",
        "coordinates": [
          103.8498555,
          1.2916197
        ]
      },
      "id": "node/6780444025"
    },
    {
      "type": "Feature",
      "properties": {
        "@id": "node/6780606074",
        "addr:city": "Singapore",
        "addr:housenumber": "42",
        "addr:postcode": "239351",
        "addr:street": "Kim Yam Road",
        "amenity": "cafe",
        "cuisine": "pastry;tapas",
        "level": "2",
        "name": "ÁTIPICO",
        "opening_hours": "Mo-Su 09:00-18:00",
        "outdoor_seating": "yes",
        "website": "https://www.newbahru.com/discover-atipico"
      },
      "geometry": {
        "type": "Point",
        "coordinates": [
          103.8388026,
          1.2923629
        ]
      },
      "id": "node/6780606074"
    },
    {
      "type": "Feature",
      "properties": {
        "@id": "node/6780606081",
        "addr:city": "Singapore",
        "addr:housenumber": "6",
        "addr:postcode": "059817",
        "addr:street": "Eu Tong Sen Street",
        "air_conditioning": "yes",
        "amenity": "cafe",
        "cuisine": "coffee_shop",
        "level": "0",
        "name": "Craftsmen Specialty Coffee",
        "opening_hours": "Mo-Fr 07:00-20:00; Sa-Su 08:00-20:00",
        "phone": "+65 68026496",
        "website": "https://craftsmencoffee.com/"
      },
      "geometry": {
        "type": "Point",
        "coordinates": [
          103.846498,
          1.2886145
        ]
      },
      "id": "node/6780606081"
    },
    {
      "type": "Feature",
      "properties": {
        "@id": "node/6780648079",
        "addr:city": "Singapore",
        "addr:postcode": "059817",
        "addr:street": "Eu Tong Sen Street",
        "amenity": "cafe",
        "level": "0",
        "name": "Tsujiri",
        "outdoor_seating": "yes"
      },
      "geometry": {
        "type": "Point",
        "coordinates": [
          103.8460004,
          1.2890667
        ]
      },
      "id": "node/6780648079"
    },
    {
      "type": "Feature",
      "properties": {
        "@id": "node/6780648686",
        "amenity": "cafe",
        "brand": "Chagee",
        "brand:wikidata": "Q125052867",
        "cuisine": "bubble_tea",
        "level": "0",
        "name": "Chagee",
        "takeaway": "yes"
      },
      "geometry": {
        "type": "Point",
        "coordinates": [
          103.8466067,
          1.2889301
        ]
      },
      "id": "node/6780648686"
    },
    {
      "type": "Feature",
      "properties": {
        "@id": "node/6780648715",
        "addr:city": "Singapore",
        "addr:housenumber": "42",
        "addr:postcode": "239351",
        "addr:street": "Kim Yam Road",
        "amenity": "cafe",
        "cuisine": "coffee_shop",
        "level": "0",
        "name": "PPP Coffee",
        "opening_hours": "Mo-Su 10:00-22:00",
        "website": "https://pppcoffee.com/"
      },
      "geometry": {
        "type": "Point",
        "coordinates": [
          103.8394522,
          1.2924748
        ]
      },
      "id": "node/6780648715"
    },
    {
      "type": "Feature",
      "properties": {
        "@id": "node/6782117399",
        "addr:city": "Singapore",
        "addr:housenumber": "#01-09",
        "addr:postcode": "658713",
        "addr:street": "1 Bukit Batok Central Link, West Mall",
        "amenity": "cafe",
        "brand": "The Coffee Bean & Tea Leaf",
        "brand:wikidata": "Q1141384",
        "brand:wikipedia": "en:The Coffee Bean & Tea Leaf",
        "cuisine": "coffee_shop",
        "name": "The Coffee Bean & Tea Leaf",
        "takeaway": "yes"
      },
      "geometry": {
        "type": "Point",
        "coordinates": [
          103.7493974,
          1.3502185
        ]
      },
      "id": "node/6782117399"
    },
    {
      "type": "Feature",
      "properties": {
        "@id": "node/6784050034",
        "addr:city": "Singapore",
        "addr:housenumber": "#02-01",
        "addr:postcode": "486150",
        "addr:street": "1 Expo Dr, Foyer 1, Max Atria",
        "amenity": "cafe",
        "brand": "The Coffee Bean & Tea Leaf",
        "brand:wikidata": "Q1141384",
        "brand:wikipedia": "en:The Coffee Bean & Tea Leaf",
        "cuisine": "coffee_shop",
        "name": "The Coffee Bean & Tea Leaf",
        "takeaway": "yes"
      },
      "geometry": {
        "type": "Point",
        "coordinates": [
          103.9588733,
          1.3329695
        ]
      },
      "id": "node/6784050034"
    },
    {
      "type": "Feature",
      "properties": {
        "@id": "node/6784059627",
        "addr:city": "Singapore",
        "addr:housenumber": "50",
        "addr:postcode": "098604",
        "addr:street": "Beach View",
        "amenity": "cafe",
        "brand": "The Coffee Bean & Tea Leaf",
        "brand:wikidata": "Q1141384",
        "brand:wikipedia": "en:The Coffee Bean & Tea Leaf",
        "cuisine": "coffee_shop",
        "name": "The Coffee Bean & Tea Leaf",
        "name:zh": "香啡缤",
        "takeaway": "yes"
      },
      "geometry": {
        "type": "Point",
        "coordinates": [
          103.8181018,
          1.2514979
        ]
      },
      "id": "node/6784059627"
    },
    {
      "type": "Feature",
      "properties": {
        "@id": "node/6784066723",
        "addr:city": "Singapore",
        "addr:housenumber": "#01-65",
        "addr:postcode": "486150",
        "addr:street": "1 Expo Drive, 2nd Foyer Admin Building",
        "amenity": "cafe",
        "brand": "The Coffee Bean & Tea Leaf",
        "brand:wikidata": "Q1141384",
        "brand:wikipedia": "en:The Coffee Bean & Tea Leaf",
        "cuisine": "coffee_shop",
        "name": "The Coffee Bean & Tea Leaf",
        "takeaway": "yes"
      },
      "geometry": {
        "type": "Point",
        "coordinates": [
          103.9597101,
          1.3335353
        ]
      },
      "id": "node/6784066723"
    },
    {
      "type": "Feature",
      "properties": {
        "@id": "node/6784080091",
        "addr:city": "Singapore",
        "addr:housenumber": "#01-126",
        "addr:postcode": "609601",
        "addr:street": "IMM Building 2, Jurong East Street 21",
        "amenity": "cafe",
        "brand": "The Coffee Bean & Tea Leaf",
        "brand:wikidata": "Q1141384",
        "brand:wikipedia": "en:The Coffee Bean & Tea Leaf",
        "cuisine": "coffee_shop",
        "name": "The Coffee Bean & Tea Leaf",
        "takeaway": "yes"
      },
      "geometry": {
        "type": "Point",
        "coordinates": [
          103.747233,
          1.3343724
        ]
      },
      "id": "node/6784080091"
    },
    {
      "type": "Feature",
      "properties": {
        "@id": "node/6784101815",
        "addr:city": "Singapore",
        "addr:housenumber": "#01-01",
        "addr:postcode": "689812",
        "addr:street": "21 Choa Chu Kang Ave 4, Lot One",
        "amenity": "cafe",
        "brand": "The Coffee Bean & Tea Leaf",
        "brand:wikidata": "Q1141384",
        "brand:wikipedia": "en:The Coffee Bean & Tea Leaf",
        "cuisine": "coffee_shop",
        "name": "The Coffee Bean & Tea Leaf",
        "takeaway": "yes"
      },
      "geometry": {
        "type": "Point",
        "coordinates": [
          103.7449222,
          1.3854153
        ]
      },
      "id": "node/6784101815"
    },
    {
      "type": "Feature",
      "properties": {
        "@id": "node/6784106545",
        "addr:city": "Singapore",
        "addr:housenumber": "#01-110",
        "addr:postcode": "768019",
        "addr:street": "1 Northpoint Drive, Northpoint City South Wing",
        "amenity": "cafe",
        "brand": "The Coffee Bean & Tea Leaf",
        "brand:wikidata": "Q1141384",
        "brand:wikipedia": "en:The Coffee Bean & Tea Leaf",
        "cuisine": "coffee_shop",
        "name": "The Coffee Bean & Tea Leaf",
        "takeaway": "yes",
        "wheelchair": "yes"
      },
      "geometry": {
        "type": "Point",
        "coordinates": [
          103.8360926,
          1.4287468
        ]
      },
      "id": "node/6784106545"
    },
    {
      "type": "Feature",
      "properties": {
        "@id": "node/6784111320",
        "addr:city": "Singapore",
        "addr:housenumber": "#03- 10H",
        "addr:postcode": "188021",
        "addr:street": "200 Victoria Street, Bugis Junction",
        "amenity": "cafe",
        "brand": "The Coffee Bean & Tea Leaf",
        "brand:wikidata": "Q1141384",
        "brand:wikipedia": "en:The Coffee Bean & Tea Leaf",
        "cuisine": "coffee_shop",
        "level": "2",
        "name": "The Coffee Bean & Tea Leaf",
        "takeaway": "yes"
      },
      "geometry": {
        "type": "Point",
        "coordinates": [
          103.8558185,
          1.3000107
        ]
      },
      "id": "node/6784111320"
    },
    {
      "type": "Feature",
      "properties": {
        "@id": "node/6784118375",
        "addr:city": "Singapore",
        "addr:housenumber": "#01-K1",
        "addr:postcode": "229899",
        "addr:street": "100 Bukit Timah Road",
        "amenity": "cafe",
        "brand": "The Coffee Bean & Tea Leaf",
        "brand:wikidata": "Q1141384",
        "brand:wikipedia": "en:The Coffee Bean & Tea Leaf",
        "cuisine": "coffee_shop",
        "name": "The Coffee Bean & Tea Leaf",
        "takeaway": "yes"
      },
      "geometry": {
        "type": "Point",
        "coordinates": [
          103.8462639,
          1.3103556
        ]
      },
      "id": "node/6784118375"
    },
    {
      "type": "Feature",
      "properties": {
        "@id": "node/6784140103",
        "addr:city": "Singapore",
        "addr:housenumber": "1",
        "addr:postcode": "238877",
        "addr:street": "435 Orchard Road",
        "amenity": "cafe",
        "brand": "The Coffee Bean & Tea Leaf",
        "brand:wikidata": "Q1141384",
        "brand:wikipedia": "en:The Coffee Bean & Tea Leaf",
        "cuisine": "coffee_shop",
        "name": "The Coffee Bean & Tea Leaf",
        "takeaway": "yes",
        "wheelchair": "yes"
      },
      "geometry": {
        "type": "Point",
        "coordinates": [
          103.8327412,
          1.3039763
        ]
      },
      "id": "node/6784140103"
    },
    {
      "type": "Feature",
      "properties": {
        "@id": "node/6786871620",
        "amenity": "cafe",
        "indoor_seating": "yes",
        "name": "Jasons Deli",
        "outdoor_seating": "no",
        "wheelchair": "yes"
      },
      "geometry": {
        "type": "Point",
        "coordinates": [
          103.859982,
          1.2853436
        ]
      },
      "id": "node/6786871620"
    },
    {
      "type": "Feature",
      "properties": {
        "@id": "node/6790101800",
        "addr:city": "Singapore",
        "addr:housenumber": "1",
        "addr:postcode": "518457",
        "addr:street": "Pasir Ris Central Street 3, White Sands Mall #01-18/19/20",
        "amenity": "cafe",
        "brand": "Paris Baguette",
        "brand:wikidata": "Q62605260",
        "level": "0",
        "name": "Paris Baguette",
        "opening_hours": "Mo-Su 08:00-22:00",
        "phone": "+65 6247 5383",
        "shop": "bakery",
        "website": "https://www.parisbaguette.com.sg/"
      },
      "geometry": {
        "type": "Point",
        "coordinates": [
          103.9496985,
          1.372292
        ]
      },
      "id": "node/6790101800"
    },
    {
      "type": "Feature",
      "properties": {
        "@id": "node/6790316585",
        "amenity": "cafe",
        "cuisine": "coffee_shop;malaysian",
        "name": "Old Town White Coffee"
      },
      "geometry": {
        "type": "Point",
        "coordinates": [
          103.85622,
          1.3112613
        ]
      },
      "id": "node/6790316585"
    },
    {
      "type": "Feature",
      "properties": {
        "@id": "node/6794327566",
        "amenity": "cafe",
        "brand": "Chicha San Chen",
        "brand:en": "Chicha San Chen",
        "brand:wikidata": "Q133042869",
        "brand:zh": "吃茶三千",
        "cuisine": "bubble_tea",
        "level": "-1",
        "name": "Chicha San Chen",
        "name:en": "Chicha San Chen",
        "name:zh": "吃茶三千",
        "takeaway": "only"
      },
      "geometry": {
        "type": "Point",
        "coordinates": [
          103.8951205,
          1.3924506
        ]
      },
      "id": "node/6794327566"
    },
    {
      "type": "Feature",
      "properties": {
        "@id": "node/6795996522",
        "addr:housenumber": "38",
        "addr:postcode": "189767",
        "addr:street": "Beach Road",
        "air_conditioning": "yes",
        "amenity": "cafe",
        "name": "Dimbulah Mountain Estate Coffee",
        "opening_hours": "Mo-Fr 07:30-19:00; Sa,Su off",
        "outdoor_seating": "yes"
      },
      "geometry": {
        "type": "Point",
        "coordinates": [
          103.8568724,
          1.2956138
        ]
      },
      "id": "node/6795996522"
    },
    {
      "type": "Feature",
      "properties": {
        "@id": "node/6796639012",
        "amenity": "cafe",
        "level": "0",
        "name": "Artea"
      },
      "geometry": {
        "type": "Point",
        "coordinates": [
          103.8229602,
          1.2636106
        ]
      },
      "id": "node/6796639012"
    },
    {
      "type": "Feature",
      "properties": {
        "@id": "node/6796639013",
        "amenity": "cafe",
        "level": "0",
        "name": "Honeymoon Dessert",
        "name:zh": "万记甜品"
      },
      "geometry": {
        "type": "Point",
        "coordinates": [
          103.822568,
          1.263615
        ]
      },
      "id": "node/6796639013"
    },
    {
      "type": "Feature",
      "properties": {
        "@id": "node/6798313729",
        "addr:city": "Singapore",
        "addr:housenumber": "#B1-26",
        "addr:postcode": "579837",
        "addr:street": "9 Bishan Place, Junction 8 Shopping Centre",
        "amenity": "cafe",
        "brand": "Ya Kun Kaya Toast",
        "brand:wikidata": "Q8046237",
        "brand:wikipedia": "en:Ya Kun Kaya Toast",
        "cuisine": "coffee_shop",
        "name": "Ya Kun Kaya Toast",
        "takeaway": "yes",
        "toilets:wheelchair": "no",
        "wheelchair": "yes"
      },
      "geometry": {
        "type": "Point",
        "coordinates": [
          103.8490141,
          1.3506329
        ]
      },
      "id": "node/6798313729"
    },
    {
      "type": "Feature",
      "properties": {
        "@id": "node/6798434848",
        "addr:city": "Singapore",
        "addr:housenumber": "#B1-22/23/24",
        "addr:postcode": "769098",
        "addr:street": "930 Yishun Ave 2, Northpoint City North Wing",
        "amenity": "cafe",
        "name": "Ya Kun Kaya Toast",
        "wheelchair": "yes"
      },
      "geometry": {
        "type": "Point",
        "coordinates": [
          103.8357926,
          1.4292536
        ]
      },
      "id": "node/6798434848"
    },
    {
      "type": "Feature",
      "properties": {
        "@id": "node/6798460725",
        "addr:city": "Singapore",
        "addr:housenumber": "#01-18",
        "addr:postcode": "730676",
        "addr:street": "Blk 676 Woodlands Drive 71, Kampung Admiralty",
        "amenity": "cafe",
        "name": "Ya Kun Kaya Toast"
      },
      "geometry": {
        "type": "Point",
        "coordinates": [
          103.8009418,
          1.4397455
        ]
      },
      "id": "node/6798460725"
    },
    {
      "type": "Feature",
      "properties": {
        "@id": "node/6798536677",
        "addr:city": "Singapore",
        "addr:housenumber": "#B1-42/45",
        "addr:postcode": "757713",
        "addr:street": "30 Sembawang Drive, Sun Plaza",
        "amenity": "cafe",
        "name": "Ya Kun Family Cafe",
        "wheelchair": "yes"
      },
      "geometry": {
        "type": "Point",
        "coordinates": [
          103.8196965,
          1.4481554
        ]
      },
      "id": "node/6798536677"
    },
    {
      "type": "Feature",
      "properties": {
        "@id": "node/6798677103",
        "addr:city": "Singapore",
        "addr:postcode": "208539",
        "addr:street": "180 Kitchener Road, City Square Mall",
        "amenity": "cafe",
        "brand": "Ya Kun Kaya Toast",
        "brand:wikidata": "Q8046237",
        "brand:wikipedia": "en:Ya Kun Kaya Toast",
        "cuisine": "coffee_shop",
        "level": "-2",
        "name": "Ya Kun Kaya Toast",
        "takeaway": "yes"
      },
      "geometry": {
        "type": "Point",
        "coordinates": [
          103.8565183,
          1.3111245
        ]
      },
      "id": "node/6798677103"
    },
    {
      "type": "Feature",
      "properties": {
        "@id": "node/6798680644",
        "addr:city": "Singapore",
        "addr:unit": "95",
        "amenity": "cafe",
        "brand": "Ya Kun Kaya Toast",
        "brand:wikidata": "Q8046237",
        "brand:wikipedia": "en:Ya Kun Kaya Toast",
        "cuisine": "coffee_shop",
        "level": "0",
        "name": "Ya Kun Kaya Toast",
        "takeaway": "yes",
        "wheelchair": "yes"
      },
      "geometry": {
        "type": "Point",
        "coordinates": [
          103.8307875,
          1.3546388
        ]
      },
      "id": "node/6798680644"
    },
    {
      "type": "Feature",
      "properties": {
        "@id": "node/6798759570",
        "addr:city": "Singapore",
        "addr:housenumber": "23",
        "addr:postcode": "556083",
        "addr:street": "Serangoon Central",
        "addr:unit": "46",
        "amenity": "cafe",
        "level": "-2",
        "name": "Ya Kun Family Cafe"
      },
      "geometry": {
        "type": "Point",
        "coordinates": [
          103.8727521,
          1.350333
        ]
      },
      "id": "node/6798759570"
    },
    {
      "type": "Feature",
      "properties": {
        "@id": "node/6798804271",
        "addr:city": "Singapore",
        "addr:housenumber": "#B1-10/11/12",
        "addr:postcode": "820681",
        "addr:street": "681 Punggol Drive, Oasis Terraces",
        "amenity": "cafe",
        "brand": "Ya Kun Kaya Toast",
        "brand:wikidata": "Q8046237",
        "cuisine": "coffee_shop",
        "name": "Ya Kun Kaya Toast",
        "takeaway": "yes",
        "wheelchair": "yes"
      },
      "geometry": {
        "type": "Point",
        "coordinates": [
          103.9133408,
          1.4026584
        ]
      },
      "id": "node/6798804271"
    },
    {
      "type": "Feature",
      "properties": {
        "@id": "node/6798833680",
        "addr:city": "Singapore",
        "addr:housenumber": "#B1-21",
        "addr:postcode": "529509",
        "addr:street": "2 Tampines Central 5, Century Square",
        "amenity": "cafe",
        "brand": "Ya Kun Kaya Toast",
        "brand:wikidata": "Q8046237",
        "cuisine": "coffee_shop",
        "name": "Ya Kun Kaya Toast",
        "takeaway": "yes"
      },
      "geometry": {
        "type": "Point",
        "coordinates": [
          103.9436617,
          1.3522513
        ]
      },
      "id": "node/6798833680"
    },
    {
      "type": "Feature",
      "properties": {
        "@id": "node/6798836996",
        "addr:city": "Singapore",
        "addr:postcode": "828761",
        "addr:street": "83 Punggol Central, Waterway Point",
        "addr:unit": "K12",
        "amenity": "cafe",
        "brand": "Ya Kun Kaya Toast",
        "brand:wikidata": "Q8046237",
        "brand:wikipedia": "en:Ya Kun Kaya Toast",
        "cuisine": "coffee_shop",
        "level": "-2",
        "name": "Ya Kun Kaya Toast",
        "takeaway": "yes",
        "wheelchair": "yes"
      },
      "geometry": {
        "type": "Point",
        "coordinates": [
          103.9022738,
          1.4064818
        ]
      },
      "id": "node/6798836996"
    },
    {
      "type": "Feature",
      "properties": {
        "@id": "node/6798845894",
        "addr:city": "Singapore",
        "addr:housenumber": "33",
        "addr:postcode": "797653",
        "addr:street": "Sengkang West Avenue",
        "amenity": "cafe",
        "level": "-1",
        "name": "Ya Kun Family Café"
      },
      "geometry": {
        "type": "Point",
        "coordinates": [
          103.87608,
          1.3914308
        ]
      },
      "id": "node/6798845894"
    },
    {
      "type": "Feature",
      "properties": {
        "@id": "node/6798879451",
        "addr:city": "Singapore",
        "addr:postcode": "486038",
        "addr:street": "5 Changi Business Park Central 1, Changi City Point",
        "addr:unit": "36",
        "amenity": "cafe",
        "brand": "Ya Kun Kaya Toast",
        "brand:wikidata": "Q8046237",
        "brand:wikipedia": "en:Ya Kun Kaya Toast",
        "cuisine": "coffee_shop",
        "level": "-1",
        "name": "Ya Kun Kaya Toast",
        "takeaway": "yes",
        "wheelchair": "yes"
      },
      "geometry": {
        "type": "Point",
        "coordinates": [
          103.9622211,
          1.3341789
        ]
      },
      "id": "node/6798879451"
    },
    {
      "type": "Feature",
      "properties": {
        "@id": "node/6798919706",
        "addr:city": "Singapore",
        "addr:housenumber": "#01-12",
        "addr:postcode": "467360",
        "addr:street": "311 New Upper Changi Rd, Bedok Mall",
        "amenity": "cafe",
        "brand": "Ya Kun Kaya Toast",
        "brand:wikidata": "Q8046237",
        "cuisine": "coffee_shop",
        "level": "1",
        "name": "Ya Kun Kaya Toast",
        "takeaway": "yes",
        "wheelchair": "yes"
      },
      "geometry": {
        "type": "Point",
        "coordinates": [
          103.9288668,
          1.3242793
        ]
      },
      "id": "node/6798919706"
    },
    {
      "type": "Feature",
      "properties": {
        "@id": "node/6798921003",
        "addr:city": "Singapore",
        "addr:floor": "1",
        "addr:housename": "Aperia Mall",
        "addr:housenumber": "#01-33",
        "addr:postcode": "339509",
        "addr:street": "Kallang Avenue",
        "addr:unit": "#01-33",
        "amenity": "cafe",
        "brand": "Ya Kun Kaya Toast",
        "brand:wikidata": "Q8046237",
        "brand:wikipedia": "en:Ya Kun Kaya Toast",
        "check_date": "2024-04-24",
        "cuisine": "coffee_shop",
        "level": "0",
        "name": "Ya Kun Kaya Toast",
        "takeaway": "yes"
      },
      "geometry": {
        "type": "Point",
        "coordinates": [
          103.8639537,
          1.310026
        ]
      },
      "id": "node/6798921003"
    },
    {
      "type": "Feature",
      "properties": {
        "@id": "node/6798947063",
        "addr:city": "Singapore",
        "addr:housenumber": "#02-107/108",
        "addr:postcode": "519599",
        "addr:street": "1 Pasir Ris Close, E!hub@Downtown East",
        "amenity": "cafe",
        "brand": "Ya Kun Kaya Toast",
        "brand:wikidata": "Q8046237",
        "brand:wikipedia": "en:Ya Kun Kaya Toast",
        "cuisine": "coffee_shop",
        "level": "1",
        "name": "Ya Kun Kaya Toast",
        "takeaway": "yes"
      },
      "geometry": {
        "type": "Point",
        "coordinates": [
          103.955339,
          1.3761745
        ]
      },
      "id": "node/6798947063"
    },
    {
      "type": "Feature",
      "properties": {
        "@id": "node/6798992190",
        "addr:city": "Singapore",
        "addr:housenumber": "#01-89/90",
        "addr:postcode": "409051",
        "addr:street": "60 Paya Lebar Rd, Paya Lebar Square",
        "amenity": "cafe",
        "name": "Toast Box",
        "wheelchair": "yes"
      },
      "geometry": {
        "type": "Point",
        "coordinates": [
          103.8929138,
          1.3185526
        ]
      },
      "id": "node/6798992190"
    },
    {
      "type": "Feature",
      "properties": {
        "@id": "node/6802615143",
        "addr:city": "Singapore",
        "addr:housenumber": "#03-59",
        "addr:postcode": "099253",
        "addr:street": "1 Maritime Square, Harbourfront Centre",
        "amenity": "cafe",
        "brand": "Ya Kun Kaya Toast",
        "brand:wikidata": "Q8046237",
        "cuisine": "coffee_shop",
        "name": "Ya Kun Kaya Toast",
        "takeaway": "yes",
        "wheelchair": "yes"
      },
      "geometry": {
        "type": "Point",
        "coordinates": [
          103.8201848,
          1.2644116
        ]
      },
      "id": "node/6802615143"
    },
    {
      "type": "Feature",
      "properties": {
        "@id": "node/6802615144",
        "addr:city": "Singapore",
        "addr:housenumber": "#B2-26",
        "addr:postcode": "098585",
        "addr:street": "1 Harbourfront Walk, VivoCity",
        "amenity": "cafe",
        "brand": "Ya Kun Kaya Toast",
        "brand:wikidata": "Q8046237",
        "brand:wikipedia": "en:Ya Kun Kaya Toast",
        "cuisine": "coffee_shop",
        "name": "Ya Kun Kaya Toast",
        "takeaway": "yes",
        "wheelchair": "yes"
      },
      "geometry": {
        "type": "Point",
        "coordinates": [
          103.8227127,
          1.2638861
        ]
      },
      "id": "node/6802615144"
    },
    {
      "type": "Feature",
      "properties": {
        "@id": "node/6802623730",
        "addr:city": "Singapore",
        "addr:housenumber": "#02-K19",
        "addr:postcode": "819642",
        "addr:street": "80 Airport Boulevard Changi Airport Terminal 1 Departure / Transit Lounge East",
        "amenity": "cafe",
        "brand": "Ya Kun Kaya Toast",
        "brand:wikidata": "Q8046237",
        "brand:wikipedia": "en:Ya Kun Kaya Toast",
        "cuisine": "coffee_shop",
        "level": "1",
        "name": "Ya Kun Kaya Toast",
        "takeaway": "yes"
      },
      "geometry": {
        "type": "Point",
        "coordinates": [
          103.9899283,
          1.3615952
        ]
      },
      "id": "node/6802623730"
    },
    {
      "type": "Feature",
      "properties": {
        "@id": "node/6802625830",
        "addr:city": "Singapore",
        "addr:housenumber": "1",
        "addr:postcode": "518457",
        "addr:street": "Pasir Ris Central Street 3",
        "air_conditioning": "yes",
        "amenity": "cafe",
        "branch": "White Sands",
        "brand": "Ya Kun Kaya Toast",
        "brand:wikidata": "Q8046237",
        "cuisine": "coffee_shop",
        "level": "-1",
        "name": "Ya Kun Kaya Toast",
        "opening_hours": "Mo-Su 08:00-21:00",
        "outdoor_seating": "no",
        "phone": "+65 6908 0860",
        "reservation": "no",
        "takeaway": "yes",
        "website": "https://yakun.com/"
      },
      "geometry": {
        "type": "Point",
        "coordinates": [
          103.9500345,
          1.3724232
        ]
      },
      "id": "node/6802625830"
    },
    {
      "type": "Feature",
      "properties": {
        "@id": "node/6802631002",
        "addr:city": "Singpore",
        "addr:housenumber": "Kiosk M, Level 2",
        "addr:postcode": "678278",
        "addr:street": "80 Airport Boulevard, Departure / Transit Lounge Central, Singapore Changi Airport Terminal 2",
        "amenity": "cafe",
        "name": "Ya Kun Family Cafe"
      },
      "geometry": {
        "type": "Point",
        "coordinates": [
          103.9898319,
          1.3552537
        ]
      },
      "id": "node/6802631002"
    },
    {
      "type": "Feature",
      "properties": {
        "@id": "node/6814410534",
        "addr:city": "Singapore",
        "addr:housenumber": "#B1-15",
        "addr:postcode": "138632",
        "addr:street": "1 Fusionopolis Way",
        "amenity": "cafe",
        "brand": "Ya Kun Kaya Toast",
        "brand:wikidata": "Q8046237",
        "brand:wikipedia": "en:Ya Kun Kaya Toast",
        "cuisine": "coffee_shop",
        "level": "-1",
        "name": "Ya Kun Kaya Toast",
        "takeaway": "yes",
        "wheelchair": "yes"
      },
      "geometry": {
        "type": "Point",
        "coordinates": [
          103.7876186,
          1.2990899
        ]
      },
      "id": "node/6814410534"
    },
    {
      "type": "Feature",
      "properties": {
        "@id": "node/6814425470",
        "addr:city": "Singapore",
        "addr:housenumber": "#B1-K4/K5",
        "addr:postcode": "689812",
        "addr:street": "21 Choa Chu Kang Avenue 4, Lot One",
        "amenity": "cafe",
        "brand": "Ya Kun Kaya Toast",
        "brand:wikidata": "Q8046237",
        "brand:wikipedia": "en:Ya Kun Kaya Toast",
        "cuisine": "coffee_shop",
        "name": "Ya Kun Kaya Toast",
        "takeaway": "yes"
      },
      "geometry": {
        "type": "Point",
        "coordinates": [
          103.7447564,
          1.3854675
        ]
      },
      "id": "node/6814425470"
    },
    {
      "type": "Feature",
      "properties": {
        "@id": "node/6814426680",
        "addr:city": "Singapore",
        "addr:housenumber": "#01-50",
        "addr:postcode": "609601",
        "addr:street": "2 Jurong East Street 21, IMM",
        "amenity": "cafe",
        "brand": "Ya Kun Kaya Toast",
        "brand:wikidata": "Q8046237",
        "brand:wikipedia": "en:Ya Kun Kaya Toast",
        "cuisine": "coffee_shop",
        "name": "Ya Kun Kaya Toast",
        "takeaway": "yes"
      },
      "geometry": {
        "type": "Point",
        "coordinates": [
          103.7472047,
          1.3352884
        ]
      },
      "id": "node/6814426680"
    },
    {
      "type": "Feature",
      "properties": {
        "@id": "node/6814427255",
        "addr:city": "Singapore",
        "addr:housenumber": "#B1-10/11/13/14",
        "addr:postcode": "277725",
        "addr:street": "3 Lor Liput, Holland Piazza",
        "amenity": "cafe",
        "brand": "Ya Kun Kaya Toast",
        "brand:wikidata": "Q8046237",
        "brand:wikipedia": "en:Ya Kun Kaya Toast",
        "cuisine": "coffee_shop",
        "level": "-1",
        "name": "Ya Kun Kaya Toast",
        "takeaway": "yes"
      },
      "geometry": {
        "type": "Point",
        "coordinates": [
          103.7951796,
          1.3106914
        ]
      },
      "id": "node/6814427255"
    },
    {
      "type": "Feature",
      "properties": {
        "@id": "node/6814428191",
        "addr:city": "Singapore",
        "addr:housenumber": "#B1-39",
        "addr:postcode": "608549",
        "addr:street": "50 Jurong Gateway Road, Jem",
        "amenity": "cafe",
        "brand": "Ya Kun Kaya Toast",
        "brand:wikidata": "Q8046237",
        "brand:wikipedia": "en:Ya Kun Kaya Toast",
        "cuisine": "coffee_shop",
        "name": "Ya Kun Kaya Toast",
        "takeaway": "yes"
      },
      "geometry": {
        "type": "Point",
        "coordinates": [
          103.7437378,
          1.3333637
        ]
      },
      "id": "node/6814428191"
    },
    {
      "type": "Feature",
      "properties": {
        "@id": "node/6814431922",
        "addr:city": "Singapore",
        "addr:housenumber": "#02-K1/K2",
        "addr:postcode": "648886",
        "addr:street": "1 Jurong West Central 2, Jurong Point Shopping Mall",
        "amenity": "cafe",
        "brand": "Ya Kun Kaya Toast",
        "brand:wikidata": "Q8046237",
        "brand:wikipedia": "en:Ya Kun Kaya Toast",
        "cuisine": "coffee_shop",
        "name": "Ya Kun Kaya Toast",
        "takeaway": "yes"
      },
      "geometry": {
        "type": "Point",
        "coordinates": [
          103.7067839,
          1.3396304
        ]
      },
      "id": "node/6814431922"
    },
    {
      "type": "Feature",
      "properties": {
        "@id": "node/6814450126",
        "addr:city": "Singapore",
        "addr:housenumber": "#01-10/41",
        "addr:postcode": "658713",
        "addr:street": "1 Bukit Batok Central Link, West Mall",
        "amenity": "cafe",
        "level": "0",
        "name": "Ya Kun Family Cafe",
        "opening_hours": "Mo-Th 07:30-21:00; Fr-Su 07:30-21:30"
      },
      "geometry": {
        "type": "Point",
        "coordinates": [
          103.749341,
          1.3498997
        ]
      },
      "id": "node/6814450126"
    },
    {
      "type": "Feature",
      "properties": {
        "@id": "node/6814451192",
        "addr:city": "Singapore",
        "addr:housenumber": "#02-12",
        "addr:postcode": "609606",
        "addr:street": "1 Jurong East Street 21, Tower A, Ng Teng Fong Hospital",
        "amenity": "cafe",
        "brand": "Ya Kun Kaya Toast",
        "brand:wikidata": "Q8046237",
        "brand:wikipedia": "en:Ya Kun Kaya Toast",
        "cuisine": "coffee_shop",
        "name": "Ya Kun Kaya Toast",
        "takeaway": "yes"
      },
      "geometry": {
        "type": "Point",
        "coordinates": [
          103.7455252,
          1.333165
        ]
      },
      "id": "node/6814451192"
    },
    {
      "type": "Feature",
      "properties": {
        "@id": "node/6814455197",
        "addr:city": "Singapore",
        "addr:housenumber": "#B1-23",
        "addr:postcode": "129588",
        "addr:street": "3155 Commonwealth Ave West, The Clementi Mall",
        "amenity": "cafe",
        "cuisine": "coffee_shop",
        "name": "Ya Kun Kaya Toast"
      },
      "geometry": {
        "type": "Point",
        "coordinates": [
          103.7645649,
          1.3152307
        ]
      },
      "id": "node/6814455197"
    },
    {
      "type": "Feature",
      "properties": {
        "@id": "node/6814456375",
        "addr:city": "Singapore",
        "addr:postcode": "619595",
        "addr:street": "311 Jalan Ahmad Ibrahim",
        "amenity": "cafe",
        "brand": "Ya Kun Kaya Toast",
        "brand:wikidata": "Q8046237",
        "brand:wikipedia": "en:Ya Kun Kaya Toast",
        "cuisine": "coffee_shop",
        "name": "Ya Kun Kaya Toast",
        "takeaway": "yes"
      },
      "geometry": {
        "type": "Point",
        "coordinates": [
          103.7217852,
          1.3234392
        ]
      },
      "id": "node/6814456375"
    },
    {
      "type": "Feature",
      "properties": {
        "@id": "node/6814457961",
        "addr:city": "Singapore",
        "addr:housenumber": "#01-46/47/48",
        "addr:postcode": "689578",
        "addr:street": "21 Choa Chu Kang North 6, Yew Tee Point",
        "amenity": "cafe",
        "brand": "Ya Kun Kaya Toast",
        "brand:wikidata": "Q8046237",
        "brand:wikipedia": "en:Ya Kun Kaya Toast",
        "cuisine": "coffee_shop",
        "name": "Ya Kun Kaya Toast",
        "takeaway": "yes",
        "wheelchair": "yes"
      },
      "geometry": {
        "type": "Point",
        "coordinates": [
          103.7468185,
          1.3970189
        ]
      },
      "id": "node/6814457961"
    },
    {
      "type": "Feature",
      "properties": {
        "@id": "node/6815193567",
        "addr:city": "Singapore",
        "addr:housenumber": "345",
        "addr:postcode": "199568",
        "addr:street": "Beach Road",
        "air_conditioning": "yes",
        "amenity": "cafe",
        "brand": "Ya Kun Kaya Toast",
        "brand:wikidata": "Q8046237",
        "check_date": "2024-05-06",
        "cuisine": "coffee_shop",
        "name": "Ya Kun Kaya Toast",
        "outdoor_seating": "no",
        "takeaway": "yes",
        "toilets": "yes"
      },
      "geometry": {
        "type": "Point",
        "coordinates": [
          103.8616556,
          1.3014736
        ]
      },
      "id": "node/6815193567"
    },
    {
      "type": "Feature",
      "properties": {
        "@id": "node/6815193738",
        "addr:city": "Singapore",
        "addr:housenumber": "#01-32/33/34",
        "addr:postcode": "238895",
        "addr:street": "313 Orchard Road, 313@Somerset",
        "amenity": "cafe",
        "brand": "Ya Kun Kaya Toast",
        "brand:wikidata": "Q8046237",
        "brand:wikipedia": "en:Ya Kun Kaya Toast",
        "cuisine": "coffee_shop",
        "name": "Ya Kun Kaya Toast",
        "takeaway": "yes",
        "wheelchair": "yes"
      },
      "geometry": {
        "type": "Point",
        "coordinates": [
          103.8385472,
          1.3007416
        ]
      },
      "id": "node/6815193738"
    },
    {
      "type": "Feature",
      "properties": {
        "@id": "node/6815226298",
        "addr:city": "Singapore",
        "addr:housenumber": "#B1-11",
        "addr:postcode": "188024",
        "addr:street": "200 Victoria Street, Bugis Junction",
        "amenity": "cafe",
        "brand": "Ya Kun Kaya Toast",
        "brand:wikidata": "Q8046237",
        "brand:wikipedia": "en:Ya Kun Kaya Toast",
        "cuisine": "coffee_shop",
        "name": "Ya Kun Kaya Toast",
        "takeaway": "yes"
      },
      "geometry": {
        "type": "Point",
        "coordinates": [
          103.8551578,
          1.2986024
        ]
      },
      "id": "node/6815226298"
    },
    {
      "type": "Feature",
      "properties": {
        "@id": "node/6815289708",
        "addr:city": "Singapore",
        "addr:housenumber": "#01-16",
        "addr:postcode": "228213",
        "addr:street": "14 Scotts Road, Far East Plaza",
        "amenity": "cafe",
        "brand": "Ya Kun Kaya Toast",
        "brand:wikidata": "Q8046237",
        "brand:wikipedia": "en:Ya Kun Kaya Toast",
        "cuisine": "coffee_shop",
        "name": "Ya Kun Kaya Toast",
        "takeaway": "yes"
      },
      "geometry": {
        "type": "Point",
        "coordinates": [
          103.8338134,
          1.3069997
        ]
      },
      "id": "node/6815289708"
    },
    {
      "type": "Feature",
      "properties": {
        "@id": "node/6815306837",
        "addr:city": "Singapore",
        "addr:housenumber": "#B4-49",
        "addr:postcode": "238801",
        "addr:street": "2 Orchard Turn, ION Orchard",
        "amenity": "cafe",
        "brand": "Ya Kun Kaya Toast",
        "brand:wikidata": "Q8046237",
        "brand:wikipedia": "en:Ya Kun Kaya Toast",
        "cuisine": "coffee_shop",
        "name": "Ya Kun Kaya Toast",
        "takeaway": "yes"
      },
      "geometry": {
        "type": "Point",
        "coordinates": [
          103.8319657,
          1.3037623
        ]
      },
      "id": "node/6815306837"
    },
    {
      "type": "Feature",
      "properties": {
        "@id": "node/6815333968",
        "addr:city": "Singapore",
        "addr:housenumber": "#01-135",
        "addr:postcode": "237994",
        "addr:street": "1 Kim Seng Promenade, Great World City",
        "amenity": "cafe",
        "brand": "Ya Kun Kaya Toast",
        "brand:wikidata": "Q8046237",
        "cuisine": "coffee_shop",
        "name": "Ya Kun Kaya Toast",
        "takeaway": "yes"
      },
      "geometry": {
        "type": "Point",
        "coordinates": [
          103.8318995,
          1.293307
        ]
      },
      "id": "node/6815333968"
    },
    {
      "type": "Feature",
      "properties": {
        "@id": "node/6815336960",
        "addr:city": "Singapore",
        "addr:housenumber": "#B2-02",
        "addr:postcode": "018935",
        "addr:street": "5 Straits View, Marina One, The Heart",
        "amenity": "cafe",
        "brand": "Ya Kun Kaya Toast",
        "brand:wikidata": "Q8046237",
        "brand:wikipedia": "en:Ya Kun Kaya Toast",
        "cuisine": "coffee_shop",
        "fixme": "Still there? Couldn't find anything online.",
        "name": "Ya Kun Kaya Toast",
        "takeaway": "yes"
      },
      "geometry": {
        "type": "Point",
        "coordinates": [
          103.8525114,
          1.2767759
        ]
      },
      "id": "node/6815336960"
    },
    {
      "type": "Feature",
      "properties": {
        "@id": "node/6815349305",
        "addr:city": "Singapore",
        "addr:housenumber": "#02-27/28",
        "addr:postcode": "258500",
        "addr:street": "6A Napier Road, Gleneagles Hospital and Medical Centre",
        "amenity": "cafe",
        "name": "Ya Kun Family Cafe",
        "name:zh": "亚坤家庭咖啡馆"
      },
      "geometry": {
        "type": "Point",
        "coordinates": [
          103.8199417,
          1.3077713
        ]
      },
      "id": "node/6815349305"
    },
    {
      "type": "Feature",
      "properties": {
        "@id": "node/6815377694",
        "addr:city": "Singapore",
        "addr:housenumber": "#05-33",
        "addr:postcode": "238896",
        "addr:street": "181 Orchard Road, Orchard Central",
        "amenity": "cafe",
        "brand": "Ya Kun Kaya Toast",
        "brand:wikidata": "Q8046237",
        "brand:wikipedia": "en:Ya Kun Kaya Toast",
        "cuisine": "coffee_shop",
        "name": "Ya Kun Kaya Toast",
        "takeaway": "yes"
      },
      "geometry": {
        "type": "Point",
        "coordinates": [
          103.8401821,
          1.3006302
        ]
      },
      "id": "node/6815377694"
    },
    {
      "type": "Feature",
      "properties": {
        "@id": "node/6815379700",
        "addr:city": "Singapore",
        "addr:housenumber": "#03-24",
        "addr:postcode": "068809",
        "addr:street": "6 Shenton Way, OUE Downtown Gallery",
        "amenity": "cafe",
        "brand": "Ya Kun Kaya Toast",
        "brand:wikidata": "Q8046237",
        "brand:wikipedia": "en:Ya Kun Kaya Toast",
        "cuisine": "coffee_shop",
        "name": "Ya Kun Kaya Toast",
        "takeaway": "yes"
      },
      "geometry": {
        "type": "Point",
        "coordinates": [
          103.8482833,
          1.2769143
        ]
      },
      "id": "node/6815379700"
    },
    {
      "type": "Feature",
      "properties": {
        "@id": "node/6815380210",
        "addr:city": "Singapore",
        "addr:housenumber": "#B1-13",
        "addr:postcode": "048616",
        "addr:street": "1 Raffles Place, One Raffles Place",
        "amenity": "cafe",
        "brand": "Ya Kun Kaya Toast",
        "brand:wikidata": "Q8046237",
        "brand:wikipedia": "en:Ya Kun Kaya Toast",
        "cuisine": "coffee_shop",
        "name": "Ya Kun Kaya Toast",
        "takeaway": "yes"
      },
      "geometry": {
        "type": "Point",
        "coordinates": [
          103.851032,
          1.284731
        ]
      },
      "id": "node/6815380210"
    },
    {
      "type": "Feature",
      "properties": {
        "@id": "node/6815383903",
        "addr:city": "Singapore",
        "addr:postcode": "238859",
        "addr:street": "Orchard Road",
        "addr:unit": "38",
        "amenity": "cafe",
        "brand": "Ya Kun Kaya Toast",
        "brand:wikidata": "Q8046237",
        "cuisine": "coffee_shop",
        "level": "-1",
        "name": "Ya Kun Kaya Toast",
        "takeaway": "yes"
      },
      "geometry": {
        "type": "Point",
        "coordinates": [
          103.8356917,
          1.3033653
        ]
      },
      "id": "node/6815383903"
    },
    {
      "type": "Feature",
      "properties": {
        "@id": "node/6815384556",
        "addr:city": "Singapore",
        "addr:housenumber": "#02-349",
        "addr:postcode": "038983",
        "addr:street": "3 Temasek Boulevard, Suntec City Mall (West Atrium)",
        "amenity": "cafe",
        "brand": "Ya Kun Kaya Toast",
        "brand:wikidata": "Q8046237",
        "brand:wikipedia": "en:Ya Kun Kaya Toast",
        "cuisine": "coffee_shop",
        "name": "Ya Kun Kaya Toast",
        "takeaway": "yes"
      },
      "geometry": {
        "type": "Point",
        "coordinates": [
          103.8576391,
          1.2943495
        ]
      },
      "id": "node/6815384556"
    },
    {
      "type": "Feature",
      "properties": {
        "@id": "node/6815391839",
        "addr:city": "Singapore",
        "addr:housenumber": "#01-76",
        "addr:postcode": "178903",
        "addr:street": "90 Stamford Road, Singapore Management University School of Economics/Social Sciences",
        "amenity": "cafe",
        "brand": "Ya Kun Kaya Toast",
        "brand:wikidata": "Q8046237",
        "brand:wikipedia": "en:Ya Kun Kaya Toast",
        "cuisine": "coffee_shop",
        "name": "Ya Kun Kaya Toast",
        "takeaway": "yes"
      },
      "geometry": {
        "type": "Point",
        "coordinates": [
          103.8487279,
          1.2978163
        ]
      },
      "id": "node/6815391839"
    },
    {
      "type": "Feature",
      "properties": {
        "@id": "node/6815404094",
        "addr:city": "Singapore",
        "addr:housename": "People's Park Centre",
        "addr:housenumber": "101",
        "addr:postcode": "058357",
        "addr:street": "Upper Cross Street",
        "amenity": "cafe",
        "indoor_seating": "yes",
        "name": "Peoples Park Centre",
        "outdoor_seating": "no"
      },
      "geometry": {
        "type": "Point",
        "coordinates": [
          103.8442264,
          1.285942
        ]
      },
      "id": "node/6815404094"
    },
    {
      "type": "Feature",
      "properties": {
        "@id": "node/6815421241",
        "addr:city": "Singapore",
        "addr:housenumber": "Basement 2",
        "addr:postcode": "238872",
        "addr:street": "391A Orchard Road Food Hall",
        "amenity": "cafe",
        "brand": "Ya Kun Kaya Toast",
        "brand:wikidata": "Q8046237",
        "brand:wikipedia": "en:Ya Kun Kaya Toast",
        "cuisine": "coffee_shop",
        "name": "Ya Kun Kaya Toast",
        "outdoor_seating": "yes",
        "takeaway": "yes"
      },
      "geometry": {
        "type": "Point",
        "coordinates": [
          103.8353782,
          1.3024953
        ]
      },
      "id": "node/6815421241"
    },
    {
      "type": "Feature",
      "properties": {
        "@id": "node/6815431403",
        "addr:city": "Singapore",
        "addr:housenumber": "#B1-104",
        "addr:postcode": "038983",
        "addr:street": "3 Temasek Boulevard, Suntec City Mall Tower 3",
        "amenity": "cafe",
        "brand": "Ya Kun Kaya Toast",
        "brand:wikidata": "Q8046237",
        "brand:wikipedia": "en:Ya Kun Kaya Toast",
        "cuisine": "coffee_shop",
        "name": "Ya Kun Kaya Toast",
        "outdoor_seating": "yes",
        "takeaway": "yes"
      },
      "geometry": {
        "type": "Point",
        "coordinates": [
          103.8595252,
          1.2956144
        ]
      },
      "id": "node/6815431403"
    },
    {
      "type": "Feature",
      "properties": {
        "@id": "node/6815583662",
        "addr:city": "Singapore",
        "addr:postcode": "238864",
        "addr:street": "Orchard Road",
        "addr:unit": "02",
        "amenity": "cafe",
        "brand": "Ya Kun Kaya Toast",
        "brand:wikidata": "Q8046237",
        "brand:wikipedia": "en:Ya Kun Kaya Toast",
        "cuisine": "coffee_shop",
        "level": "-1",
        "name": "Ya Kun Kaya Toast",
        "takeaway": "yes"
      },
      "geometry": {
        "type": "Point",
        "coordinates": [
          103.8327246,
          1.304962
        ]
      },
      "id": "node/6815583662"
    },
    {
      "type": "Feature",
      "properties": {
        "@id": "node/6815598149",
        "addr:city": "Singapore",
        "addr:housenumber": "#B1-38",
        "addr:postcode": "307591",
        "addr:street": "101 Thomson Road, United Square Shopping Mall",
        "amenity": "cafe",
        "brand": "Ya Kun Kaya Toast",
        "brand:wikidata": "Q8046237",
        "brand:wikipedia": "en:Ya Kun Kaya Toast",
        "cuisine": "coffee_shop",
        "name": "Ya Kun Kaya Toast",
        "takeaway": "yes",
        "wheelchair": "yes"
      },
      "geometry": {
        "type": "Point",
        "coordinates": [
          103.8435574,
          1.317137
        ]
      },
      "id": "node/6815598149"
    },
    {
      "type": "Feature",
      "properties": {
        "@id": "node/6815600615",
        "addr:city": "Singapore",
        "addr:housenumber": "#01-04",
        "addr:postcode": "049215",
        "addr:street": "3 Fullerton Road, The Fullerton Waterboat House",
        "amenity": "cafe",
        "brand": "Ya Kun Kaya Toast",
        "brand:wikidata": "Q8046237",
        "brand:wikipedia": "en:Ya Kun Kaya Toast",
        "cuisine": "coffee_shop",
        "name": "Ya Kun Kaya Toast",
        "takeaway": "yes"
      },
      "geometry": {
        "type": "Point",
        "coordinates": [
          103.8535971,
          1.286986
        ]
      },
      "id": "node/6815600615"
    },
    {
      "type": "Feature",
      "properties": {
        "@id": "node/6815621361",
        "addr:city": "Singapore",
        "addr:postcode": "545082",
        "addr:street": "Rivervale Cres, Rivervale Mall",
        "addr:unit": "15/16",
        "amenity": "cafe",
        "brand": "Toast Box",
        "brand:wikidata": "Q100285490",
        "cuisine": "coffee_shop",
        "level": "0",
        "name": "Toast Box",
        "takeaway": "yes",
        "wheelchair": "yes"
      },
      "geometry": {
        "type": "Point",
        "coordinates": [
          103.9044356,
          1.3923221
        ]
      },
      "id": "node/6815621361"
    },
    {
      "type": "Feature",
      "properties": {
        "@id": "node/6815649945",
        "addr:city": "Singapore",
        "addr:postcode": "530205",
        "addr:street": "Hougang Street 21",
        "amenity": "cafe",
        "brand": "Toast Box",
        "brand:wikidata": "Q100285490",
        "cuisine": "coffee_shop",
        "level": "0",
        "name": "Toast Box",
        "takeaway": "yes"
      },
      "geometry": {
        "type": "Point",
        "coordinates": [
          103.8851517,
          1.3596546
        ]
      },
      "id": "node/6815649945"
    },
    {
      "type": "Feature",
      "properties": {
        "@id": "node/6815676852",
        "addr:city": "Singapore",
        "addr:housenumber": "#01-49",
        "addr:postcode": "769098",
        "addr:street": "930 Yishun Avenue 2, Northpoint City North Wing",
        "amenity": "cafe",
        "name": "Toast Box",
        "wheelchair": "yes"
      },
      "geometry": {
        "type": "Point",
        "coordinates": [
          103.8360354,
          1.4293607
        ]
      },
      "id": "node/6815676852"
    },
    {
      "type": "Feature",
      "properties": {
        "@id": "node/6815687284",
        "addr:city": "Singapore",
        "addr:housenumber": "53",
        "addr:postcode": "569933",
        "addr:street": "Ang Mo Kio Avenue 3",
        "addr:unit": "2",
        "amenity": "cafe",
        "brand": "Toast Box",
        "brand:wikidata": "Q100285490",
        "cuisine": "coffee_shop",
        "level": "0",
        "name": "Toast Box",
        "takeaway": "yes"
      },
      "geometry": {
        "type": "Point",
        "coordinates": [
          103.8481755,
          1.3697957
        ]
      },
      "id": "node/6815687284"
    },
    {
      "type": "Feature",
      "properties": {
        "@id": "node/6815718427",
        "addr:city": "Singapore",
        "addr:housenumber": "23",
        "addr:postcode": "556083",
        "addr:street": "Serangoon Central",
        "addr:unit": "58-59",
        "amenity": "cafe",
        "brand": "Toast Box",
        "brand:wikidata": "Q100285490",
        "cuisine": "coffee_shop",
        "level": "-2",
        "name": "Toast Box",
        "takeaway": "yes"
      },
      "geometry": {
        "type": "Point",
        "coordinates": [
          103.8729158,
          1.3504969
        ]
      },
      "id": "node/6815718427"
    },
    {
      "type": "Feature",
      "properties": {
        "@id": "node/6815722362",
        "addr:city": "Singapore",
        "addr:housenumber": "#01 - 02",
        "addr:postcode": "757713",
        "addr:street": "30 Sembawang Dr, Sun Plaza",
        "amenity": "cafe",
        "name": "Toast Box"
      },
      "geometry": {
        "type": "Point",
        "coordinates": [
          103.8191064,
          1.4482912
        ]
      },
      "id": "node/6815722362"
    },
    {
      "type": "Feature",
      "properties": {
        "@id": "node/6815726185",
        "addr:city": "Singapore",
        "addr:housenumber": "#01-01",
        "addr:postcode": "556679",
        "addr:street": "1 Maju Ave, MyVillage",
        "amenity": "cafe",
        "brand": "Toast Box",
        "brand:wikidata": "Q100285490",
        "cuisine": "coffee_shop",
        "name": "Toast Box",
        "takeaway": "yes"
      },
      "geometry": {
        "type": "Point",
        "coordinates": [
          103.8652579,
          1.364975
        ]
      },
      "id": "node/6815726185"
    },
    {
      "type": "Feature",
      "properties": {
        "@id": "node/6815729582",
        "addr:city": "Singapore",
        "addr:postcode": "828761",
        "addr:street": "83 Punggol Central, Waterway Point",
        "addr:unit": "15",
        "amenity": "cafe",
        "brand": "Toast Box",
        "brand:wikidata": "Q100285490",
        "cuisine": "coffee_shop",
        "level": "-1",
        "name": "Toast Box",
        "takeaway": "yes"
      },
      "geometry": {
        "type": "Point",
        "coordinates": [
          103.9024691,
          1.4065992
        ]
      },
      "id": "node/6815729582"
    },
    {
      "type": "Feature",
      "properties": {
        "@id": "node/6815742183",
        "addr:city": "Singapore",
        "addr:housenumber": "#B2-25/26",
        "addr:postcode": "467360",
        "addr:street": "311 New Upper Changi Rd, Bedok Mall",
        "amenity": "cafe",
        "brand": "Toast Box",
        "brand:wikidata": "Q100285490",
        "cuisine": "coffee_shop",
        "name": "Toast Box",
        "takeaway": "yes",
        "wheelchair": "yes"
      },
      "geometry": {
        "type": "Point",
        "coordinates": [
          103.9290116,
          1.3245238
        ]
      },
      "id": "node/6815742183"
    },
    {
      "type": "Feature",
      "properties": {
        "@id": "node/6815753963",
        "addr:city": "Singapore",
        "addr:postcode": "528833",
        "addr:street": "3,  Simei Street 6, Eastpoint Mall",
        "amenity": "cafe",
        "brand": "Toast Box",
        "brand:wikidata": "Q100285490",
        "cuisine": "coffee_shop",
        "level": "0",
        "name": "Toast Box",
        "takeaway": "yes"
      },
      "geometry": {
        "type": "Point",
        "coordinates": [
          103.9532791,
          1.342636
        ]
      },
      "id": "node/6815753963"
    },
    {
      "type": "Feature",
      "properties": {
        "@id": "node/6815781692",
        "addr:city": "Singapore",
        "addr:housenumber": "33",
        "addr:postcode": "797653",
        "addr:street": "Sengkang West Ave",
        "amenity": "cafe",
        "brand": "Toast Box",
        "brand:wikidata": "Q100285490",
        "cuisine": "coffee_shop",
        "indoor_seating": "yes",
        "level": "0",
        "name": "Toast Box",
        "outdoor_seating": "no",
        "takeaway": "yes",
        "wheelchair": "yes"
      },
      "geometry": {
        "type": "Point",
        "coordinates": [
          103.8760371,
          1.3910825
        ]
      },
      "id": "node/6815781692"
    },
    {
      "type": "Feature",
      "properties": {
        "@id": "node/6815784786",
        "addr:city": "Singapore",
        "addr:housenumber": "#B1 - K1",
        "addr:postcode": "529536",
        "addr:street": "10 Tampines Central 1, Tampines One",
        "amenity": "cafe",
        "brand": "Toast Box",
        "brand:wikidata": "Q100285490",
        "cuisine": "coffee_shop",
        "name": "Toast Box",
        "takeaway": "yes"
      },
      "geometry": {
        "type": "Point",
        "coordinates": [
          103.9451709,
          1.3540931
        ]
      },
      "id": "node/6815784786"
    },
    {
      "type": "Feature",
      "properties": {
        "@id": "node/6815787942",
        "addr:city": "Singapore",
        "addr:housenumber": "#01-32",
        "addr:postcode": "529510",
        "addr:street": "4 Tampines Central 5, Tampines Mall",
        "amenity": "cafe",
        "brand": "Toast Box",
        "brand:wikidata": "Q100285490",
        "cuisine": "coffee_shop",
        "name": "Toast Box",
        "takeaway": "yes"
      },
      "geometry": {
        "type": "Point",
        "coordinates": [
          103.944799,
          1.3524679
        ]
      },
      "id": "node/6815787942"
    },
    {
      "type": "Feature",
      "properties": {
        "@id": "node/6816388807",
        "addr:city": "Singapore",
        "addr:postcode": "199587",
        "addr:street": "Beach Road",
        "addr:unit": "04",
        "amenity": "cafe",
        "brand": "Toast Box",
        "brand:wikidata": "Q100285490",
        "cuisine": "coffee_shop",
        "level": "0",
        "name": "Toast Box",
        "takeaway": "yes",
        "wheelchair": "yes"
      },
      "geometry": {
        "type": "Point",
        "coordinates": [
          103.8623476,
          1.3018467
        ]
      },
      "id": "node/6816388807"
    },
    {
      "type": "Feature",
      "properties": {
        "@id": "node/6816410405",
        "addr:city": "Singapore",
        "addr:floor": "1",
        "addr:housenumber": "#01-67",
        "addr:postcode": "188021",
        "addr:street": "200 Victoria Street, Bugis Junction",
        "amenity": "cafe",
        "brand": "Toast Box",
        "brand:wikidata": "Q100285490",
        "check_date": "2024-09-11",
        "cuisine": "coffee_shop",
        "level": "0",
        "name": "Toast Box",
        "outdoor_seating": "yes",
        "payment:cash": "yes",
        "payment:credit_cards": "yes",
        "payment:debit_cards": "yes",
        "takeaway": "yes",
        "wheelchair": "yes"
      },
      "geometry": {
        "type": "Point",
        "coordinates": [
          103.8558622,
          1.2991641
        ]
      },
      "id": "node/6816410405"
    },
    {
      "type": "Feature",
      "properties": {
        "@id": "node/6816427067",
        "addr:city": "Singapore",
        "addr:housenumber": "#05-01/02/03 Stall 22",
        "addr:postcode": "238895",
        "addr:street": "313 Orchard Road, 313@Somerset",
        "amenity": "cafe",
        "brand": "Toast Box",
        "brand:wikidata": "Q100285490",
        "cuisine": "coffee_shop",
        "name": "Toast Box",
        "name:zh": "土司工坊",
        "takeaway": "yes"
      },
      "geometry": {
        "type": "Point",
        "coordinates": [
          103.8383397,
          1.3011448
        ]
      },
      "id": "node/6816427067"
    },
    {
      "type": "Feature",
      "properties": {
        "@id": "node/6816428945",
        "addr:city": "Singapore",
        "addr:housenumber": "#B1-08",
        "addr:postcode": "238843",
        "addr:street": "176 Orchard Road, Centrepoint",
        "amenity": "cafe",
        "brand": "Toast Box",
        "brand:wikidata": "Q100285490",
        "cuisine": "coffee_shop",
        "level": "-1",
        "name": "Toast Box",
        "name:zh": "土司工坊",
        "takeaway": "yes",
        "wheelchair": "yes"
      },
      "geometry": {
        "type": "Point",
        "coordinates": [
          103.8396522,
          1.3014146
        ]
      },
      "id": "node/6816428945"
    },
    {
      "type": "Feature",
      "properties": {
        "@id": "node/6816450392",
        "addr:city": "Singapore",
        "addr:housenumber": "#B2-31",
        "addr:postcode": "238895",
        "addr:street": "313 Orchard Road, 313@Somerset",
        "amenity": "cafe",
        "brand": "Toast Box",
        "brand:wikidata": "Q100285490",
        "cuisine": "coffee_shop",
        "name": "Toast Box",
        "name:zh": "土司工坊",
        "takeaway": "yes"
      },
      "geometry": {
        "type": "Point",
        "coordinates": [
          103.8380789,
          1.3012739
        ]
      },
      "id": "node/6816450392"
    },
    {
      "type": "Feature",
      "properties": {
        "@id": "node/6816454812",
        "addr:city": "Singapore",
        "addr:housenumber": "8",
        "addr:postcode": "039802",
        "addr:street": "Raffles Avenue",
        "amenity": "cafe",
        "brand": "Toast Box",
        "brand:wikidata": "Q100285490",
        "check_date": "2024-04-14",
        "cuisine": "coffee_shop",
        "level": "0",
        "name": "Toast Box",
        "outdoor_seating": "no",
        "payment:cash": "yes",
        "payment:credit_cards": "yes",
        "payment:debit_cards": "yes",
        "takeaway": "yes",
        "wheelchair": "yes"
      },
      "geometry": {
        "type": "Point",
        "coordinates": [
          103.8562392,
          1.2898129
        ]
      },
      "id": "node/6816454812"
    },
    {
      "type": "Feature",
      "properties": {
        "@id": "node/6816457663",
        "addr:city": "Singapore",
        "addr:housenumber": "#B1-27",
        "addr:postcode": "179105",
        "addr:street": "107 North Bridge Rd, Funan",
        "amenity": "cafe",
        "brand": "Toast Box",
        "brand:wikidata": "Q100285490",
        "cuisine": "coffee_shop",
        "name": "Toast Box",
        "takeaway": "yes",
        "wheelchair": "yes"
      },
      "geometry": {
        "type": "Point",
        "coordinates": [
          103.8501556,
          1.2911786
        ]
      },
      "id": "node/6816457663"
    },
    {
      "type": "Feature",
      "properties": {
        "@id": "node/6816458499",
        "addr:city": "Singapore",
        "addr:housenumber": "133",
        "addr:postcode": "059413",
        "addr:street": "New Bridge Road",
        "addr:unit": "#01-46",
        "amenity": "cafe",
        "brand": "Toast Box",
        "brand:wikidata": "Q100285490",
        "cuisine": "coffee_shop",
        "indoor_seating": "yes",
        "level": "0",
        "name": "Toast Box",
        "outdoor_seating": "no",
        "takeaway": "yes",
        "wheelchair": "yes"
      },
      "geometry": {
        "type": "Point",
        "coordinates": [
          103.8450509,
          1.2855861
        ]
      },
      "id": "node/6816458499"
    },
    {
      "type": "Feature",
      "properties": {
        "@id": "node/6816465461",
        "addr:city": "Singapore",
        "addr:housenumber": "9",
        "addr:postcode": "579837",
        "addr:street": "Bishan Place",
        "addr:unit": "35-36",
        "amenity": "cafe",
        "brand": "Toast Box",
        "brand:wikidata": "Q100285490",
        "cuisine": "coffee_shop",
        "level": "0",
        "name": "Toast Box",
        "takeaway": "yes",
        "wheelchair": "yes"
      },
      "geometry": {
        "type": "Point",
        "coordinates": [
          103.8485189,
          1.3506929
        ]
      },
      "id": "node/6816465461"
    },
    {
      "type": "Feature",
      "properties": {
        "@id": "node/6816469304",
        "addr:city": "Singapore",
        "addr:housenumber": "#B4-03D, Unit 23",
        "addr:postcode": "238801",
        "addr:street": "2 Orchard Turn, ION Orchard",
        "amenity": "cafe",
        "brand": "Toast Box",
        "brand:wikidata": "Q100285490",
        "cuisine": "coffee_shop",
        "name": "Toast Box",
        "name:zh": "土司工坊",
        "takeaway": "yes"
      },
      "geometry": {
        "type": "Point",
        "coordinates": [
          103.8317692,
          1.3039308
        ]
      },
      "id": "node/6816469304"
    },
    {
      "type": "Feature",
      "properties": {
        "@id": "node/6816480065",
        "addr:city": "Singapore",
        "addr:housenumber": "#01-K1",
        "addr:postcode": "048424",
        "addr:street": "8 Cross Street, Manulife Tower",
        "amenity": "cafe",
        "brand": "Toast Box",
        "brand:wikidata": "Q100285490",
        "cuisine": "coffee_shop",
        "name": "Toast Box",
        "takeaway": "yes"
      },
      "geometry": {
        "type": "Point",
        "coordinates": [
          103.8490184,
          1.2821821
        ]
      },
      "id": "node/6816480065"
    },
    {
      "type": "Feature",
      "properties": {
        "@id": "node/6816658250",
        "addr:city": "Singapore",
        "addr:country": "SG",
        "addr:housename": "NAFA (Campus 1)",
        "addr:housenumber": "80",
        "addr:postcode": "189655",
        "addr:street": "Bencoolen Street",
        "addr:unit": "#B1-17",
        "air_conditioning": "yes",
        "amenity": "cafe",
        "branch": "NAFA",
        "brand": "Toast Box",
        "brand:wikidata": "Q100285490",
        "check_date": "2024-05-10",
        "cuisine": "coffee_shop",
        "level": "0",
        "name": "Toast Box",
        "opening_hours": "Mo-Su 08:30-17:00",
        "operator": "Toast Box",
        "outdoor_seating": "no",
        "smoking": "no",
        "takeaway": "yes",
        "toilets": "no",
        "website": "https://www.toastbox.com.sg/store/nafa/"
      },
      "geometry": {
        "type": "Point",
        "coordinates": [
          103.8516421,
          1.3001127
        ]
      },
      "id": "node/6816658250"
    },
    {
      "type": "Feature",
      "properties": {
        "@id": "node/6816718283",
        "addr:city": "Singapore",
        "addr:housenumber": "#01-15",
        "addr:postcode": "307683",
        "addr:street": "238 Thomson Rd, Novena Square",
        "amenity": "cafe",
        "brand": "Toast Box",
        "brand:wikidata": "Q100285490",
        "cuisine": "coffee_shop",
        "name": "Toast Box",
        "takeaway": "yes"
      },
      "geometry": {
        "type": "Point",
        "coordinates": [
          103.844013,
          1.3198788
        ]
      },
      "id": "node/6816718283"
    },
    {
      "type": "Feature",
      "properties": {
        "@id": "node/6816722727",
        "addr:city": "Singapore",
        "addr:housenumber": "#01-26",
        "addr:postcode": "048660",
        "addr:street": "3 Pickering St, Nankin Row",
        "amenity": "cafe",
        "brand": "Toast Box",
        "brand:wikidata": "Q100285490",
        "cuisine": "coffee_shop",
        "name": "Toast Box",
        "takeaway": "yes"
      },
      "geometry": {
        "type": "Point",
        "coordinates": [
          103.8478176,
          1.2839546
        ]
      },
      "id": "node/6816722727"
    },
    {
      "type": "Feature",
      "properties": {
        "@id": "node/6816751717",
        "addr:city": "Singapore",
        "addr:housenumber": "#02-08A",
        "addr:postcode": "238859",
        "addr:street": "290 Orchard Rd, Paragon",
        "amenity": "cafe",
        "brand": "Toast Box",
        "brand:wikidata": "Q100285490",
        "cuisine": "coffee_shop",
        "name": "Toast Box",
        "name:zh": "土司工坊",
        "takeaway": "yes"
      },
      "geometry": {
        "type": "Point",
        "coordinates": [
          103.8354516,
          1.30398
        ]
      },
      "id": "node/6816751717"
    },
    {
      "type": "Feature",
      "properties": {
        "@id": "node/6816751718",
        "addr:city": "Singapore",
        "addr:housenumber": "#01-23",
        "addr:postcode": "238839",
        "addr:street": "68 Orchard Road, Plaza Singapore",
        "amenity": "cafe",
        "brand": "Toast Box",
        "brand:wikidata": "Q100285490",
        "cuisine": "coffee_shop",
        "name": "Toast Box",
        "name:zh": "土司工坊",
        "takeaway": "yes"
      },
      "geometry": {
        "type": "Point",
        "coordinates": [
          103.844805,
          1.3008381
        ]
      },
      "id": "node/6816751718"
    },
    {
      "type": "Feature",
      "properties": {
        "@id": "node/6816763727",
        "addr:city": "Singapore",
        "addr:housenumber": "#01-05",
        "addr:postcode": "048693",
        "addr:street": "3 Phillip Street",
        "amenity": "cafe",
        "brand": "Toast Box",
        "brand:wikidata": "Q100285490",
        "cuisine": "coffee_shop",
        "name": "Toast Box",
        "takeaway": "yes"
      },
      "geometry": {
        "type": "Point",
        "coordinates": [
          103.8499913,
          1.2844664
        ]
      },
      "id": "node/6816763727"
    },
    {
      "type": "Feature",
      "properties": {
        "@id": "node/6816821049",
        "addr:city": "Singapore",
        "addr:housenumber": "#B1-44A",
        "addr:postcode": "179103",
        "addr:street": "252 North Bridge Rd, Raffles City Shopping Centre",
        "amenity": "cafe",
        "brand": "Toast Box",
        "brand:wikidata": "Q100285490",
        "cuisine": "coffee_shop",
        "name": "Toast Box",
        "takeaway": "yes"
      },
      "geometry": {
        "type": "Point",
        "coordinates": [
          103.8537139,
          1.293925
        ]
      },
      "id": "node/6816821049"
    },
    {
      "type": "Feature",
      "properties": {
        "@id": "node/6816823997",
        "addr:city": "Singapore",
        "addr:housenumber": "293",
        "addr:postcode": "319387",
        "addr:street": "Lor 6 Toa Payoh, SAFRA",
        "amenity": "cafe",
        "brand": "Ya Kun Kaya Toast",
        "brand:wikidata": "Q8046237",
        "brand:wikipedia": "en:Ya Kun Kaya Toast",
        "cuisine": "coffee_shop",
        "name": "Ya Kun Kaya Toast",
        "takeaway": "yes"
      },
      "geometry": {
        "type": "Point",
        "coordinates": [
          103.8542873,
          1.3306226
        ]
      },
      "id": "node/6816823997"
    },
    {
      "type": "Feature",
      "properties": {
        "@id": "node/6816849548",
        "addr:city": "Singapore",
        "addr:postcode": "276473",
        "addr:street": "8/8A Sixth Avenue",
        "amenity": "cafe",
        "name": "Toast Box"
      },
      "geometry": {
        "type": "Point",
        "coordinates": [
          103.7950498,
          1.3311523
        ]
      },
      "id": "node/6816849548"
    },
    {
      "type": "Feature",
      "properties": {
        "@id": "node/6816873926",
        "addr:city": "Singapore",
        "addr:housenumber": "#B1-03",
        "addr:postcode": "238868",
        "addr:street": "350 Orchard Rd, Shaw House",
        "amenity": "cafe",
        "brand": "Toast Box",
        "brand:wikidata": "Q100285490",
        "cuisine": "coffee_shop",
        "name": "Toast Box",
        "name:zh": "土司工坊",
        "takeaway": "yes"
      },
      "geometry": {
        "type": "Point",
        "coordinates": [
          103.8316976,
          1.305842
        ]
      },
      "id": "node/6816873926"
    },
    {
      "type": "Feature",
      "properties": {
        "@id": "node/6816877475",
        "addr:city": "Singapore",
        "addr:housenumber": "#01-06",
        "addr:postcode": "308433",
        "addr:street": "11 Jln Tan Tock Seng, Tan Tock Seng Hospital",
        "amenity": "cafe",
        "brand": "Toast Box",
        "brand:wikidata": "Q100285490",
        "cuisine": "coffee_shop",
        "name": "Toast Box",
        "takeaway": "yes"
      },
      "geometry": {
        "type": "Point",
        "coordinates": [
          103.8459815,
          1.3210805
        ]
      },
      "id": "node/6816877475"
    },
    {
      "type": "Feature",
      "properties": {
        "@id": "node/6816879521",
        "addr:city": "Singapore",
        "addr:housenumber": "#B1-167/168",
        "addr:postcode": "038983",
        "addr:street": "3 Temasek Boulevard, Suntec City Tower 5",
        "amenity": "cafe",
        "brand": "Toast Box",
        "brand:wikidata": "Q100285490",
        "cuisine": "coffee_shop",
        "name": "Toast Box",
        "takeaway": "yes",
        "wheelchair": "yes"
      },
      "geometry": {
        "type": "Point",
        "coordinates": [
          103.8586677,
          1.2945621
        ]
      },
      "id": "node/6816879521"
    },
    {
      "type": "Feature",
      "properties": {
        "@id": "node/6816885149",
        "addr:city": "Singapore",
        "addr:housenumber": "#01-04",
        "addr:postcode": "310530",
        "addr:street": "530 Lorong 6, Toa Payoh Hub",
        "amenity": "cafe",
        "brand": "Toast Box",
        "brand:wikidata": "Q100285490",
        "cuisine": "coffee_shop",
        "level": "0",
        "name": "Toast Box",
        "takeaway": "yes"
      },
      "geometry": {
        "type": "Point",
        "coordinates": [
          103.8475767,
          1.3323557
        ]
      },
      "id": "node/6816885149"
    },
    {
      "type": "Feature",
      "properties": {
        "@id": "node/6816891387",
        "addr:city": "Singapore",
        "addr:floor": "1",
        "addr:housenumber": "#01-81",
        "addr:postcode": "307591",
        "addr:street": "101 Thomson Road, United Square",
        "amenity": "cafe",
        "brand": "Toast Box",
        "brand:wikidata": "Q100285490",
        "check_date": "2024-04-23",
        "cuisine": "coffee_shop",
        "level": "0",
        "name": "Toast Box",
        "takeaway": "yes"
      },
      "geometry": {
        "type": "Point",
        "coordinates": [
          103.8434066,
          1.3175606
        ]
      },
      "id": "node/6816891387"
    },
    {
      "type": "Feature",
      "properties": {
        "@id": "node/6816894317",
        "addr:city": "Singapore",
        "addr:housenumber": "#04-25",
        "addr:postcode": "238877",
        "addr:street": "435 Orchard Road, Wisma Atria",
        "amenity": "cafe",
        "brand": "Toast Box",
        "brand:wikidata": "Q100285490",
        "cuisine": "coffee_shop",
        "level": "3",
        "name": "Toast Box",
        "name:zh": "土司工坊",
        "takeaway": "yes",
        "toilets": "no"
      },
      "geometry": {
        "type": "Point",
        "coordinates": [
          103.8331556,
          1.3036104
        ]
      },
      "id": "node/6816894317"
    },
    {
      "type": "Feature",
      "properties": {
        "@id": "node/6816894318",
        "addr:city": "Singapore",
        "addr:floor": "1",
        "addr:housenumber": "20",
        "addr:postcode": "329984",
        "addr:street": "Ah Hood Road",
        "addr:unit": "#01-11/14",
        "air_conditioning": "yes",
        "amenity": "cafe",
        "brand": "Toast Box",
        "brand:wikidata": "Q100285490",
        "brand:wikipedia": "BreadTalk",
        "check_date": "2023-04-18",
        "cuisine": "coffee_shop",
        "level": "0",
        "name": "Toast Box",
        "outdoor_seating": "no",
        "payment:cash": "yes",
        "payment:credit_cards": "yes",
        "payment:mastercard": "yes",
        "payment:nets": "yes",
        "payment:visa": "yes",
        "takeaway": "yes",
        "wheelchair": "yes"
      },
      "geometry": {
        "type": "Point",
        "coordinates": [
          103.8467662,
          1.3267783
        ]
      },
      "id": "node/6816894318"
    },
    {
      "type": "Feature",
      "properties": {
        "@id": "node/6816902303",
        "addr:city": "Singapore",
        "addr:housenumber": "#01-01/02",
        "addr:postcode": "129588",
        "addr:street": "3155 Commonwealth Ave West, Clementi Mall",
        "amenity": "cafe",
        "brand": "Toast Box",
        "brand:wikidata": "Q100285490",
        "cuisine": "coffee_shop",
        "name": "Toast Box",
        "name:zh": "土司工坊",
        "takeaway": "yes"
      },
      "geometry": {
        "type": "Point",
        "coordinates": [
          103.7646477,
          1.3148966
        ]
      },
      "id": "node/6816902303"
    },
    {
      "type": "Feature",
      "properties": {
        "@id": "node/6816915856",
        "addr:city": "Singapore",
        "addr:housenumber": "#01-44/46",
        "addr:postcode": "629117",
        "addr:street": "1 Joo Koon Circle, Fairprice Hub",
        "amenity": "cafe",
        "brand": "Toast Box",
        "brand:wikidata": "Q100285490",
        "cuisine": "coffee_shop",
        "name": "Toast Box",
        "takeaway": "yes"
      },
      "geometry": {
        "type": "Point",
        "coordinates": [
          103.6785394,
          1.3263833
        ]
      },
      "id": "node/6816915856"
    },
    {
      "type": "Feature",
      "properties": {
        "@id": "node/6816919172",
        "addr:city": "Singapore",
        "addr:housenumber": "#01-14",
        "addr:postcode": "078883",
        "addr:street": "5 Wallich Street, Guoco Tower",
        "amenity": "cafe",
        "brand": "Toast Box",
        "brand:wikidata": "Q100285490",
        "cuisine": "coffee_shop",
        "level": "0",
        "name": "Toast Box",
        "takeaway": "yes"
      },
      "geometry": {
        "type": "Point",
        "coordinates": [
          103.8461344,
          1.2765458
        ]
      },
      "id": "node/6816919172"
    },
    {
      "type": "Feature",
      "properties": {
        "@id": "node/6816924256",
        "addr:city": "Singapore",
        "addr:housenumber": "#B1-70/71",
        "addr:postcode": "648331",
        "addr:street": "63 Jurong West Central 3, Jurong Point",
        "amenity": "cafe",
        "brand": "Toast Box",
        "brand:wikidata": "Q100285490",
        "cuisine": "coffee_shop",
        "name": "Toast Box",
        "takeaway": "yes"
      },
      "geometry": {
        "type": "Point",
        "coordinates": [
          103.7059753,
          1.339026
        ]
      },
      "id": "node/6816924256"
    },
    {
      "type": "Feature",
      "properties": {
        "@id": "node/6816932810",
        "addr:city": "Singapore",
        "addr:housenumber": "#B1-01/02",
        "addr:postcode": "127371",
        "addr:street": "154 West Coast Rd, West Coast Plaza",
        "amenity": "cafe",
        "name": "Toast Box",
        "name:zh": "土司工坊"
      },
      "geometry": {
        "type": "Point",
        "coordinates": [
          103.7655789,
          1.3034987
        ]
      },
      "id": "node/6816932810"
    },
    {
      "type": "Feature",
      "properties": {
        "@id": "node/6816936319",
        "addr:city": "Singapore",
        "addr:housenumber": "#02-02",
        "addr:postcode": "608532",
        "addr:street": "3 Gateway Drive, Westgate",
        "amenity": "cafe",
        "brand": "Toast Box",
        "brand:wikidata": "Q100285490",
        "cuisine": "coffee_shop",
        "name": "Toast Box",
        "takeaway": "yes"
      },
      "geometry": {
        "type": "Point",
        "coordinates": [
          103.7427298,
          1.3341693
        ]
      },
      "id": "node/6816936319"
    },
    {
      "type": "Feature",
      "properties": {
        "@id": "node/6816944472",
        "addr:city": "Singapore",
        "addr:housenumber": "#B2-18",
        "addr:postcode": "018984",
        "addr:street": "8A Marina Boulevard, Marina Bay Link Mall",
        "amenity": "cafe",
        "brand": "Toast Box",
        "brand:wikidata": "Q100285490",
        "cuisine": "coffee_shop",
        "name": "Toast Box",
        "takeaway": "yes"
      },
      "geometry": {
        "type": "Point",
        "coordinates": [
          103.8529248,
          1.2798237
        ]
      },
      "id": "node/6816944472"
    },
    {
      "type": "Feature",
      "properties": {
        "@id": "node/6816945805",
        "addr:city": "Singapore",
        "addr:housenumber": "#01-03",
        "addr:postcode": "689578",
        "addr:street": "21 Choa Chu Kang North 6, Yew Tee Point",
        "amenity": "cafe",
        "brand": "Toast Box",
        "brand:wikidata": "Q100285490",
        "cuisine": "coffee_shop",
        "name": "Toast Box",
        "opening_hours": "Mo-Fr 07:30-21:30",
        "takeaway": "yes"
      },
      "geometry": {
        "type": "Point",
        "coordinates": [
          103.7468302,
          1.3971989
        ]
      },
      "id": "node/6816945805"
    },
    {
      "type": "Feature",
      "properties": {
        "@id": "node/6816956624",
        "addr:city": "Singapore",
        "addr:postcode": "098138",
        "amenity": "cafe",
        "level": "0",
        "name": "Little Hokkaido"
      },
      "geometry": {
        "type": "Point",
        "coordinates": [
          103.8210276,
          1.2561587
        ]
      },
      "id": "node/6816956624"
    },
    {
      "type": "Feature",
      "properties": {
        "@id": "node/6816956628",
        "addr:city": "Singapore",
        "addr:housenumber": "#02-27",
        "addr:postcode": "099253",
        "addr:street": "1 Maritime Square, Singapore Cruise Centre",
        "amenity": "cafe",
        "brand": "Toast Box",
        "brand:wikidata": "Q100285490",
        "cuisine": "coffee_shop",
        "name": "Toast Box",
        "name:zh": "土司工坊",
        "takeaway": "yes"
      },
      "geometry": {
        "type": "Point",
        "coordinates": [
          103.820574,
          1.2635135
        ]
      },
      "id": "node/6816956628"
    },
    {
      "type": "Feature",
      "properties": {
        "@id": "node/6816964071",
        "addr:city": "Singapore",
        "addr:housenumber": "#03-01 Stall 22",
        "addr:postcode": "098585",
        "addr:street": "1 Harbourfront Walk, Vivocity",
        "amenity": "cafe",
        "brand": "Toast Box",
        "brand:wikidata": "Q100285490",
        "cuisine": "coffee_shop",
        "name": "Toast Box",
        "name:zh": "土司工坊",
        "takeaway": "yes",
        "wheelchair": "yes"
      },
      "geometry": {
        "type": "Point",
        "coordinates": [
          103.8216796,
          1.2644793
        ]
      },
      "id": "node/6816964071"
    },
    {
      "type": "Feature",
      "properties": {
        "@id": "node/6816990631",
        "addr:city": "Singapore",
        "addr:housenumber": "#01-02",
        "addr:postcode": "069118",
        "addr:street": "45 Maxwell Road, URA Centre",
        "amenity": "cafe",
        "brand": "Toast Box",
        "brand:wikidata": "Q100285490",
        "cuisine": "coffee_shop",
        "name": "Toast Box",
        "takeaway": "yes"
      },
      "geometry": {
        "type": "Point",
        "coordinates": [
          103.8450614,
          1.279811
        ]
      },
      "id": "node/6816990631"
    },
    {
      "type": "Feature",
      "properties": {
        "@id": "node/6816997682",
        "addr:city": "Singapore",
        "addr:housenumber": "#B2-34",
        "addr:postcode": "098585",
        "addr:street": "1 Harbourfront Walk, Vivocity",
        "amenity": "cafe",
        "brand": "Toast Box",
        "brand:wikidata": "Q100285490",
        "cuisine": "coffee_shop",
        "name": "Toast Box",
        "name:zh": "土司工坊",
        "takeaway": "yes",
        "wheelchair": "yes"
      },
      "geometry": {
        "type": "Point",
        "coordinates": [
          103.8218834,
          1.2650907
        ]
      },
      "id": "node/6816997682"
    },
    {
      "type": "Feature",
      "properties": {
        "@id": "node/6817747479",
        "amenity": "cafe",
        "name": "Cafe Coco",
        "wheelchair": "yes"
      },
      "geometry": {
        "type": "Point",
        "coordinates": [
          103.8643465,
          1.2814112
        ]
      },
      "id": "node/6817747479"
    },
    {
      "type": "Feature",
      "properties": {
        "@id": "node/6829897002",
        "addr:housenumber": "56",
        "amenity": "cafe",
        "cuisine": "local",
        "description": "Local food and beverages",
        "name": "Got Luck"
      },
      "geometry": {
        "type": "Point",
        "coordinates": [
          103.8600994,
          1.3016975
        ]
      },
      "id": "node/6829897002"
    },
    {
      "type": "Feature",
      "properties": {
        "@id": "node/6832566755",
        "addr:city": "Singapore",
        "addr:housenumber": "1",
        "addr:postcode": "138632",
        "addr:street": "Fusionopolis Way",
        "amenity": "cafe",
        "cuisine": "salad",
        "internet_access": "no",
        "level": "0",
        "name": "SaladStop!",
        "opening_hours": "Mo-Su 11:00-20:00",
        "outdoor_seating": "no",
        "phone": "+65 69573348",
        "website": "https://saladstop.com.sg/",
        "wheelchair": "yes"
      },
      "geometry": {
        "type": "Point",
        "coordinates": [
          103.7876602,
          1.2991215
        ]
      },
      "id": "node/6832566755"
    },
    {
      "type": "Feature",
      "properties": {
        "@id": "node/6832566767",
        "amenity": "cafe",
        "level": "0",
        "name": "Dutch Colony",
        "wheelchair": "yes"
      },
      "geometry": {
        "type": "Point",
        "coordinates": [
          103.7874717,
          1.2993119
        ]
      },
      "id": "node/6832566767"
    },
    {
      "type": "Feature",
      "properties": {
        "@id": "node/6833582285",
        "amenity": "cafe",
        "name": "Gastronomia"
      },
      "geometry": {
        "type": "Point",
        "coordinates": [
          103.8534113,
          1.2934257
        ]
      },
      "id": "node/6833582285"
    },
    {
      "type": "Feature",
      "properties": {
        "@id": "node/6837973308",
        "amenity": "cafe",
        "brand": "Ya Kun Kaya Toast",
        "brand:wikidata": "Q8046237",
        "brand:wikipedia": "en:Ya Kun Kaya Toast",
        "cuisine": "coffee_shop",
        "name": "Ya Kun Kaya Toast",
        "takeaway": "yes"
      },
      "geometry": {
        "type": "Point",
        "coordinates": [
          103.8510086,
          1.2814387
        ]
      },
      "id": "node/6837973308"
    },
    {
      "type": "Feature",
      "properties": {
        "@id": "node/6881018000",
        "amenity": "cafe",
        "name": "Safari Cafe"
      },
      "geometry": {
        "type": "Point",
        "coordinates": [
          103.858687,
          1.3012577
        ]
      },
      "id": "node/6881018000"
    },
    {
      "type": "Feature",
      "properties": {
        "@id": "node/6888275585",
        "amenity": "cafe",
        "brand": "Gong Cha",
        "brand:wikidata": "Q5581670",
        "brand:zh": "貢茶",
        "cuisine": "bubble_tea",
        "int_name": "Gong Cha",
        "level": "0",
        "name": "Gong Cha",
        "name:zh": "貢茶",
        "takeaway": "only",
        "wheelchair": "yes"
      },
      "geometry": {
        "type": "Point",
        "coordinates": [
          103.90314,
          1.3198057
        ]
      },
      "id": "node/6888275585"
    },
    {
      "type": "Feature",
      "properties": {
        "@id": "node/6895128921",
        "amenity": "cafe",
        "name": "Antoinette"
      },
      "geometry": {
        "type": "Point",
        "coordinates": [
          103.86,
          1.29279
        ]
      },
      "id": "node/6895128921"
    },
    {
      "type": "Feature",
      "properties": {
        "@id": "node/6895215107",
        "amenity": "cafe",
        "name": "Par Tea"
      },
      "geometry": {
        "type": "Point",
        "coordinates": [
          103.8583062,
          1.2960232
        ]
      },
      "id": "node/6895215107"
    },
    {
      "type": "Feature",
      "properties": {
        "@id": "node/6907482685",
        "addr:housenumber": "12",
        "addr:postcode": "018982",
        "amenity": "cafe",
        "name": "The Sandwich Shop",
        "wheelchair": "yes"
      },
      "geometry": {
        "type": "Point",
        "coordinates": [
          103.8546055,
          1.2791391
        ]
      },
      "id": "node/6907482685"
    },
    {
      "type": "Feature",
      "properties": {
        "@id": "node/6929802086",
        "addr:housenumber": "3bis",
        "addr:postcode": "208248",
        "addr:street": "Norris Road",
        "amenity": "cafe",
        "indoor_seating": "yes",
        "name": "The Expat Club",
        "outdoor_seating": "no"
      },
      "geometry": {
        "type": "Point",
        "coordinates": [
          103.853366,
          1.3081764
        ]
      },
      "id": "node/6929802086"
    },
    {
      "type": "Feature",
      "properties": {
        "@id": "node/6935689733",
        "addr:city": "Singapore",
        "addr:housenumber": "5",
        "addr:postcode": "130005",
        "addr:street": "Dover Crescent",
        "amenity": "cafe",
        "bar": "yes",
        "cuisine": "Kopitiam",
        "internet_access": "no",
        "name": "Drink Stall"
      },
      "geometry": {
        "type": "Point",
        "coordinates": [
          103.7823578,
          1.3042173
        ]
      },
      "id": "node/6935689733"
    },
    {
      "type": "Feature",
      "properties": {
        "@id": "node/6938838857",
        "amenity": "cafe",
        "cuisine": "bubble_tea",
        "level": "1",
        "level:ref": "2",
        "name": "LiHO",
        "name:en": "LiHO",
        "name:nan": "汝好茶",
        "name:zh": "里喝茶"
      },
      "geometry": {
        "type": "Point",
        "coordinates": [
          103.771437,
          1.298126
        ]
      },
      "id": "node/6938838857"
    },
    {
      "type": "Feature",
      "properties": {
        "@id": "node/6939018370",
        "amenity": "cafe",
        "level": "1",
        "name": "Neko no Niwa"
      },
      "geometry": {
        "type": "Point",
        "coordinates": [
          103.8492719,
          1.2871626
        ]
      },
      "id": "node/6939018370"
    },
    {
      "type": "Feature",
      "properties": {
        "@id": "node/6961336584",
        "amenity": "cafe",
        "level": "1",
        "name": "Zeppelin & Co."
      },
      "geometry": {
        "type": "Point",
        "coordinates": [
          103.8532464,
          1.3030692
        ]
      },
      "id": "node/6961336584"
    },
    {
      "type": "Feature",
      "properties": {
        "@id": "node/6961370788",
        "amenity": "cafe",
        "level": "1",
        "name": "Kiliney Café"
      },
      "geometry": {
        "type": "Point",
        "coordinates": [
          103.8532561,
          1.3031453
        ]
      },
      "id": "node/6961370788"
    },
    {
      "type": "Feature",
      "properties": {
        "@id": "node/6970840786",
        "amenity": "cafe",
        "level": "1",
        "name": "Irvin's Salted Egg"
      },
      "geometry": {
        "type": "Point",
        "coordinates": [
          103.9890584,
          1.3627877
        ]
      },
      "id": "node/6970840786"
    },
    {
      "type": "Feature",
      "properties": {
        "@id": "node/6975908102",
        "addr:city": "Singapore",
        "addr:housenumber": "#B1-83H",
        "addr:postcode": "449269",
        "addr:street": "80 Marine Parade Road, Parkway Parade",
        "amenity": "cafe",
        "brand": "The Coffee Bean & Tea Leaf",
        "brand:wikidata": "Q1141384",
        "brand:wikipedia": "en:The Coffee Bean & Tea Leaf",
        "cuisine": "coffee_shop",
        "level": "2",
        "name": "The Coffee Bean & Tea Leaf",
        "takeaway": "yes",
        "wheelchair": "yes"
      },
      "geometry": {
        "type": "Point",
        "coordinates": [
          103.905565,
          1.3013829
        ]
      },
      "id": "node/6975908102"
    },
    {
      "type": "Feature",
      "properties": {
        "@id": "node/6975908105",
        "addr:city": "Singapore",
        "addr:housenumber": "#01-14B",
        "addr:postcode": "449269",
        "addr:street": "80 Marine Parade Rd, Parkway Parade",
        "amenity": "cafe",
        "level": "2",
        "name": "Ya Kun Family Cafe",
        "wheelchair": "yes"
      },
      "geometry": {
        "type": "Point",
        "coordinates": [
          103.9055982,
          1.3014767
        ]
      },
      "id": "node/6975908105"
    },
    {
      "type": "Feature",
      "properties": {
        "@id": "node/6975908599",
        "addr:city": "Singapore",
        "addr:housenumber": "#B1-112/146",
        "addr:postcode": "449269",
        "addr:street": "80 Marine Parade Road, Parkway Parade",
        "amenity": "cafe",
        "level": "2",
        "name": "Toast Box"
      },
      "geometry": {
        "type": "Point",
        "coordinates": [
          103.9051965,
          1.3011719
        ]
      },
      "id": "node/6975908599"
    },
    {
      "type": "Feature",
      "properties": {
        "@id": "node/6975908688",
        "addr:city": "Singapore",
        "addr:housenumber": "80",
        "addr:postcode": "449269",
        "addr:street": "Marine Parade Road #01-10A/B Parkway Parade",
        "amenity": "cafe",
        "brand": "Starbucks",
        "brand:wikidata": "Q37158",
        "brand:wikipedia": "en:Starbucks",
        "cuisine": "coffee_shop",
        "level": "2",
        "name": "Starbucks",
        "official_name": "Starbucks Coffee",
        "takeaway": "yes",
        "wheelchair": "yes"
      },
      "geometry": {
        "type": "Point",
        "coordinates": [
          103.9052702,
          1.3020216
        ]
      },
      "id": "node/6975908688"
    },
    {
      "type": "Feature",
      "properties": {
        "@id": "node/6976881386",
        "addr:city": "Singapore",
        "addr:housenumber": "#B1-83H",
        "addr:postcode": "449269",
        "addr:street": "80 Marine Parade Road, Parkway Parade",
        "amenity": "cafe",
        "brand": "The Coffee Bean & Tea Leaf",
        "brand:wikidata": "Q1141384",
        "brand:wikipedia": "en:The Coffee Bean & Tea Leaf",
        "cuisine": "coffee_shop",
        "level": "3",
        "name": "The Coffee Bean & Tea Leaf",
        "takeaway": "yes",
        "wheelchair": "yes"
      },
      "geometry": {
        "type": "Point",
        "coordinates": [
          103.905565,
          1.3013829
        ]
      },
      "id": "node/6976881386"
    },
    {
      "type": "Feature",
      "properties": {
        "@id": "node/6976881485",
        "addr:city": "Singapore",
        "addr:housenumber": "#01-14B",
        "addr:postcode": "449269",
        "addr:street": "80 Marine Parade Rd, Parkway Parade",
        "amenity": "cafe",
        "level": "3",
        "name": "Ya Kun Family Cafe",
        "wheelchair": "yes"
      },
      "geometry": {
        "type": "Point",
        "coordinates": [
          103.9055982,
          1.3014767
        ]
      },
      "id": "node/6976881485"
    },
    {
      "type": "Feature",
      "properties": {
        "@id": "node/6976881586",
        "addr:city": "Singapore",
        "addr:housenumber": "#B1-112/146",
        "addr:postcode": "449269",
        "addr:street": "80 Marine Parade Road, Parkway Parade",
        "amenity": "cafe",
        "level": "3",
        "name": "Toast Box"
      },
      "geometry": {
        "type": "Point",
        "coordinates": [
          103.9051965,
          1.3011719
        ]
      },
      "id": "node/6976881586"
    },
    {
      "type": "Feature",
      "properties": {
        "@id": "node/6976881688",
        "addr:city": "Singapore",
        "addr:housenumber": "80",
        "addr:postcode": "449269",
        "addr:street": "Marine Parade Road #01-10A/B Parkway Parade",
        "amenity": "cafe",
        "brand": "Starbucks",
        "brand:wikidata": "Q37158",
        "brand:wikipedia": "en:Starbucks",
        "cuisine": "coffee_shop",
        "level": "3",
        "name": "Starbucks",
        "official_name": "Starbucks Coffee",
        "takeaway": "yes",
        "wheelchair": "yes"
      },
      "geometry": {
        "type": "Point",
        "coordinates": [
          103.9052702,
          1.3020216
        ]
      },
      "id": "node/6976881688"
    },
    {
      "type": "Feature",
      "properties": {
        "@id": "node/6981846723",
        "amenity": "cafe",
        "brand": "Flash Coffee",
        "brand:wikidata": "Q118627777",
        "cuisine": "coffee_shop",
        "name": "Flash Coffee",
        "takeaway": "only",
        "wheelchair": "yes"
      },
      "geometry": {
        "type": "Point",
        "coordinates": [
          103.83345,
          1.3042811
        ]
      },
      "id": "node/6981846723"
    },
    {
      "type": "Feature",
      "properties": {
        "@id": "node/6982877653",
        "amenity": "cafe",
        "brand": "Starbucks",
        "brand:wikidata": "Q37158",
        "brand:wikipedia": "en:Starbucks",
        "cuisine": "coffee_shop",
        "name": "Starbucks",
        "name:zh": "星巴克",
        "official_name": "Starbucks Coffee",
        "takeaway": "yes"
      },
      "geometry": {
        "type": "Point",
        "coordinates": [
          103.8217332,
          1.2559332
        ]
      },
      "id": "node/6982877653"
    },
    {
      "type": "Feature",
      "properties": {
        "@id": "node/6988855400",
        "amenity": "cafe",
        "level": "1",
        "name": "Dessert Story",
        "name:zh": "甜品物语"
      },
      "geometry": {
        "type": "Point",
        "coordinates": [
          103.893913,
          1.3723487
        ]
      },
      "id": "node/6988855400"
    },
    {
      "type": "Feature",
      "properties": {
        "@id": "node/7001514291",
        "air_conditioning": "yes",
        "amenity": "cafe",
        "brand": "McCafé",
        "brand:wikidata": "Q3114287",
        "brand:wikipedia": "en:McCafé",
        "cuisine": "coffee_shop",
        "name": "McCafé",
        "outdoor_seating": "yes",
        "takeaway": "yes"
      },
      "geometry": {
        "type": "Point",
        "coordinates": [
          103.7469349,
          1.3975421
        ]
      },
      "id": "node/7001514291"
    },
    {
      "type": "Feature",
      "properties": {
        "@id": "node/7019695293",
        "addr:unit": "#01-31",
        "amenity": "cafe",
        "indoor": "yes",
        "level": "1",
        "name": "Wonder Juice"
      },
      "geometry": {
        "type": "Point",
        "coordinates": [
          103.8639136,
          1.3102006
        ]
      },
      "id": "node/7019695293"
    },
    {
      "type": "Feature",
      "properties": {
        "@id": "node/7019699488",
        "amenity": "cafe",
        "brand": "Jollibean",
        "cuisine": "soymilk",
        "level": "1",
        "name": "Jollibean"
      },
      "geometry": {
        "type": "Point",
        "coordinates": [
          103.8639839,
          1.3100941
        ]
      },
      "id": "node/7019699488"
    },
    {
      "type": "Feature",
      "properties": {
        "@id": "node/7049646262",
        "addr:housenumber": "185",
        "addr:street": "Thomson Road",
        "amenity": "cafe",
        "check_date": "2022-12-14",
        "cuisine": "malaysian",
        "name": "Sedap! Nasi Lemak",
        "wheelchair": "no"
      },
      "geometry": {
        "type": "Point",
        "coordinates": [
          103.8435494,
          1.3185653
        ]
      },
      "id": "node/7049646262"
    },
    {
      "type": "Feature",
      "properties": {
        "@id": "node/7049674102",
        "addr:housenumber": "88",
        "addr:postcode": "320088",
        "addr:street": "Whampoa Drive",
        "addr:unit": "01-857",
        "amenity": "cafe",
        "brand": "iTea",
        "check_date": "2023-07-04",
        "contact:facebook": "https://www.facebook.com/itea.sg",
        "contact:instagram": "https://www.instagram.com/itea.sg",
        "cuisine": "bubble_tea",
        "level": "0",
        "name": "i·tea",
        "opening_hours": "Mo-Fr 10:30-21:15; Sa-Su,PH 09:30-21:15",
        "phone": "+65 6721 9023",
        "survey:date": "2020-11-29",
        "takeaway": "only",
        "website": "https://www.itea.sg/"
      },
      "geometry": {
        "type": "Point",
        "coordinates": [
          103.8552719,
          1.3231546
        ]
      },
      "id": "node/7049674102"
    },
    {
      "type": "Feature",
      "properties": {
        "@id": "node/7049678872",
        "amenity": "cafe",
        "cuisine": "juice",
        "name": "Fruity Express"
      },
      "geometry": {
        "type": "Point",
        "coordinates": [
          103.8823827,
          1.3129913
        ]
      },
      "id": "node/7049678872"
    },
    {
      "type": "Feature",
      "properties": {
        "@id": "node/7049680596",
        "addr:housenumber": "29",
        "addr:postcode": "387791",
        "addr:street": "Lorong Bachok",
        "amenity": "cafe",
        "name": "Tan Ser Seng Herbal Soup 陳生成山瑞补品"
      },
      "geometry": {
        "type": "Point",
        "coordinates": [
          103.8799322,
          1.3140899
        ]
      },
      "id": "node/7049680596"
    },
    {
      "type": "Feature",
      "properties": {
        "@id": "node/7053710455",
        "addr:housenumber": "452",
        "addr:street": "Seah Street",
        "amenity": "cafe",
        "check_date": "2026-02-16",
        "cuisine": "bubble_tea",
        "level": "0",
        "name": "Dakotea",
        "wheelchair": "no"
      },
      "geometry": {
        "type": "Point",
        "coordinates": [
          103.8549938,
          1.2974549
        ]
      },
      "id": "node/7053710455"
    },
    {
      "type": "Feature",
      "properties": {
        "@id": "node/7079430421",
        "air_conditioning": "yes",
        "amenity": "cafe",
        "brand": "Starbucks",
        "brand:wikidata": "Q37158",
        "brand:wikipedia": "en:Starbucks",
        "cuisine": "coffee_shop",
        "internet_access": "wlan",
        "level": "0",
        "name": "Starbucks",
        "official_name": "Starbucks Coffee",
        "opening_hours": "Su-Th 08:00-23:00; Fr-Sa 08:00-00:00; PH eve 08:00-23:00",
        "phone": "+65 69101153",
        "takeaway": "yes",
        "wheelchair": "yes"
      },
      "geometry": {
        "type": "Point",
        "coordinates": [
          103.8450289,
          1.2998912
        ]
      },
      "id": "node/7079430421"
    },
    {
      "type": "Feature",
      "properties": {
        "@id": "node/7082575621",
        "addr:city": "Singapore",
        "addr:country": "SG",
        "addr:housenumber": "1202",
        "addr:postcode": "449881",
        "addr:street": "East Coast Parkway",
        "addr:unit": "#01-01",
        "amenity": "cafe",
        "email": "enquiry@enakenak.sg",
        "name": "Enak Enak Hong Kong Teahouse",
        "opening_hours": "24/7",
        "phone": "+65 6876 5911",
        "website": "https://www.enakenak.sg/"
      },
      "geometry": {
        "type": "Point",
        "coordinates": [
          103.9295433,
          1.3049908
        ]
      },
      "id": "node/7082575621"
    },
    {
      "type": "Feature",
      "properties": {
        "@id": "node/7082575998",
        "addr:city": "Singapore",
        "addr:country": "SG",
        "addr:housenumber": "1110",
        "addr:postcode": "449880",
        "addr:street": "East Coast Parkway",
        "addr:unit": "#01-05/06/07",
        "amenity": "cafe",
        "email": "concierge@pscafe.com",
        "name": "PS. Cafe by the Sea",
        "opening_hours": "09:30-23:00",
        "phone": "+65 6708 9288",
        "website": "https://www.pscafe.com/"
      },
      "geometry": {
        "type": "Point",
        "coordinates": [
          103.9243314,
          1.3041866
        ]
      },
      "id": "node/7082575998"
    },
    {
      "type": "Feature",
      "properties": {
        "@id": "node/7096023528",
        "addr:floor": "1",
        "addr:housenumber": "88",
        "addr:postcode": "218374",
        "addr:street": "Rangoon Road",
        "addr:unit": "#01-04",
        "air_conditioning": "yes",
        "amenity": "cafe",
        "branch": "The Fairytales Garden",
        "brand": "Mosanco Cafe",
        "check_date": "2023-07-22",
        "cuisine": "brunch;coffee_shop",
        "level": "0",
        "name": "Mosanco Enchanted Cafe",
        "opening_hours": "24/7",
        "outdoor_seating": "yes",
        "payment:cards": "no",
        "payment:cash": "yes",
        "payment:credit_cards": "no",
        "payment:debit_cards": "no",
        "payment:paynow": "yes",
        "website": "https://www.mosancocafe.com/"
      },
      "geometry": {
        "type": "Point",
        "coordinates": [
          103.8541177,
          1.3144604
        ]
      },
      "id": "node/7096023528"
    },
    {
      "type": "Feature",
      "properties": {
        "@id": "node/7099721485",
        "amenity": "cafe",
        "name": "Cafe B"
      },
      "geometry": {
        "type": "Point",
        "coordinates": [
          103.8460503,
          1.2816001
        ]
      },
      "id": "node/7099721485"
    },
    {
      "type": "Feature",
      "properties": {
        "@id": "node/7099721486",
        "amenity": "cafe",
        "name": "PS Cafe"
      },
      "geometry": {
        "type": "Point",
        "coordinates": [
          103.8463241,
          1.2805074
        ]
      },
      "id": "node/7099721486"
    },
    {
      "type": "Feature",
      "properties": {
        "@id": "node/7121522400",
        "amenity": "cafe",
        "level": "-1",
        "name": "Mk Levure Naturelle",
        "shop": "bakery"
      },
      "geometry": {
        "type": "Point",
        "coordinates": [
          103.7845921,
          1.2940969
        ]
      },
      "id": "node/7121522400"
    },
    {
      "type": "Feature",
      "properties": {
        "@id": "node/7125408687",
        "amenity": "cafe",
        "check_date": "2023-07-22",
        "name": "Old Hen Kitchen",
        "opening_hours": "Mo-Su 09:30-18:30"
      },
      "geometry": {
        "type": "Point",
        "coordinates": [
          103.8541761,
          1.3143651
        ]
      },
      "id": "node/7125408687"
    },
    {
      "type": "Feature",
      "properties": {
        "@id": "node/7130380985",
        "amenity": "cafe",
        "name:ru": "Selfie cafe в арабском квартале Сингапура"
      },
      "geometry": {
        "type": "Point",
        "coordinates": [
          103.8592366,
          1.3005046
        ]
      },
      "id": "node/7130380985"
    },
    {
      "type": "Feature",
      "properties": {
        "@id": "node/7130380987",
        "amenity": "cafe",
        "name": "Hawker chang",
        "name:ru": "Кафе в чайнатауне с мишленовской курицей"
      },
      "geometry": {
        "type": "Point",
        "coordinates": [
          103.8430922,
          1.2832448
        ]
      },
      "id": "node/7130380987"
    },
    {
      "type": "Feature",
      "properties": {
        "@id": "node/7140334378",
        "addr:city": "Singapore",
        "addr:country": "SG",
        "addr:housenumber": "920",
        "addr:postcode": "449875",
        "addr:street": "East Coast Parkway",
        "addr:unit": "#01-17",
        "amenity": "cafe",
        "brand": "Starbucks",
        "brand:wikidata": "Q37158",
        "brand:wikipedia": "en:Starbucks",
        "cuisine": "coffee_shop",
        "email": "customer@starbucks.com.sg",
        "name": "Starbucks",
        "official_name": "Starbucks Coffee",
        "opening_hours": "Mo-Th,Su 07:30-23:00;Fr,Sa 07:30-24:00",
        "phone": "+65 6910 1211",
        "takeaway": "yes",
        "website": "http://www.starbucks.com.sg/",
        "wheelchair": "yes"
      },
      "geometry": {
        "type": "Point",
        "coordinates": [
          103.9067174,
          1.298907
        ]
      },
      "id": "node/7140334378"
    },
    {
      "type": "Feature",
      "properties": {
        "@id": "node/7140421893",
        "addr:city": "Singapore",
        "addr:country": "SG",
        "addr:housenumber": "920",
        "addr:postcode": "449875",
        "addr:street": "East Coast Parkway",
        "addr:unit": "#01-09/10",
        "amenity": "cafe",
        "email": "bakeryandbar.stmarc@gmail.com",
        "name": "St. Marc",
        "opening_hours": "Tu-Fr 11:00-22:00;Sa,Su,Ph 09:00-22:00",
        "phone": "+65 6342 1786",
        "shop": "bakery",
        "website": "http://saint-marc-sg.com/",
        "wheelchair": "yes"
      },
      "geometry": {
        "type": "Point",
        "coordinates": [
          103.9071006,
          1.2996459
        ]
      },
      "id": "node/7140421893"
    },
    {
      "type": "Feature",
      "properties": {
        "@id": "node/7143820714",
        "amenity": "cafe"
      },
      "geometry": {
        "type": "Point",
        "coordinates": [
          103.7646215,
          1.3151738
        ]
      },
      "id": "node/7143820714"
    },
    {
      "type": "Feature",
      "properties": {
        "@id": "node/7162281485",
        "amenity": "cafe",
        "level": "0",
        "name": "Kong Cafe"
      },
      "geometry": {
        "type": "Point",
        "coordinates": [
          103.7835732,
          1.3364926
        ]
      },
      "id": "node/7162281485"
    },
    {
      "type": "Feature",
      "properties": {
        "@id": "node/7176662686",
        "amenity": "cafe",
        "cuisine": "local",
        "diet:vegan": "yes",
        "diet:vegetarian": "only",
        "name": "Cheryls cones",
        "website": "https://www.cherylscones.com/"
      },
      "geometry": {
        "type": "Point",
        "coordinates": [
          103.8627561,
          1.3048651
        ]
      },
      "id": "node/7176662686"
    },
    {
      "type": "Feature",
      "properties": {
        "@id": "node/7179142027",
        "addr:housenumber": "116",
        "addr:postcode": "228710",
        "addr:street": "MacKenzie Road",
        "amenity": "cafe",
        "internet_access": "yes",
        "name": "MEME Bistro Bar",
        "opening_hours": "Mo-Su 10:00-22:30"
      },
      "geometry": {
        "type": "Point",
        "coordinates": [
          103.8472295,
          1.3066129
        ]
      },
      "id": "node/7179142027"
    },
    {
      "type": "Feature",
      "properties": {
        "@id": "node/7180388860",
        "addr:city": "Singapore",
        "addr:country": "SG",
        "addr:housenumber": "9 King Albert Park",
        "addr:postcode": "598332",
        "addr:street": "Bukit Timah Road",
        "addr:unit": "35",
        "amenity": "cafe",
        "cuisine": "bubble_tea",
        "level": "0-1",
        "name": "LiHO"
      },
      "geometry": {
        "type": "Point",
        "coordinates": [
          103.7793285,
          1.3370416
        ]
      },
      "id": "node/7180388860"
    },
    {
      "type": "Feature",
      "properties": {
        "@id": "node/7184158718",
        "addr:floor": "1",
        "addr:housenumber": "161",
        "addr:postcode": "338750",
        "addr:street": "Lavender Street",
        "addr:unit": "#01-08",
        "amenity": "cafe",
        "check_date": "2023-04-19",
        "contact:instagram": "https://www.instagram.com/keryicoffee/",
        "cuisine": "coffee_shop",
        "email": "hola@keryicoffee.com",
        "name": "KerYi Coffee",
        "opening_hours": "Mo-Th,Sa-Su 08:00-17:30",
        "outdoor_seating": "no",
        "website": "https://www.keryicoffee.com/",
        "wheelchair": "no"
      },
      "geometry": {
        "type": "Point",
        "coordinates": [
          103.8610517,
          1.3127523
        ]
      },
      "id": "node/7184158718"
    },
    {
      "type": "Feature",
      "properties": {
        "@id": "node/7184158722",
        "addr:city": "Singapore",
        "addr:country": "SG",
        "addr:housenumber": "131",
        "addr:postcode": "207553",
        "addr:street": "Tyrwhitt Road",
        "amenity": "cafe",
        "name": "Black Fairy Coffee",
        "opening_hours": "Su-Th 09:00-22:00;Fr-Sa 09:00-00:00",
        "phone": "+65 69093518",
        "website": "https://www.blackfairycoffee.com/"
      },
      "geometry": {
        "type": "Point",
        "coordinates": [
          103.8598823,
          1.3113381
        ]
      },
      "id": "node/7184158722"
    },
    {
      "type": "Feature",
      "properties": {
        "@id": "node/7184158757",
        "addr:city": "Singapore",
        "addr:country": "SG",
        "addr:housenumber": "33",
        "addr:street": "Hamilton Road",
        "amenity": "cafe",
        "indoor_seating": "yes",
        "name": "Careshop de Cafe",
        "outdoor_seating": "no"
      },
      "geometry": {
        "type": "Point",
        "coordinates": [
          103.8612304,
          1.3116731
        ]
      },
      "id": "node/7184158757"
    },
    {
      "type": "Feature",
      "properties": {
        "@id": "node/7184649882",
        "amenity": "cafe",
        "name": "Golden Cafe"
      },
      "geometry": {
        "type": "Point",
        "coordinates": [
          103.8431014,
          1.2775601
        ]
      },
      "id": "node/7184649882"
    },
    {
      "type": "Feature",
      "properties": {
        "@id": "node/7196776998",
        "amenity": "cafe",
        "name": "Tropical Drinks Station"
      },
      "geometry": {
        "type": "Point",
        "coordinates": [
          103.9191279,
          1.3272609
        ]
      },
      "id": "node/7196776998"
    },
    {
      "type": "Feature",
      "properties": {
        "@id": "node/7252074968",
        "addr:city": "Singapore",
        "addr:housenumber": "4",
        "addr:postcode": "138635",
        "addr:street": "Fusionopolis Way",
        "air_conditioning": "yes",
        "amenity": "cafe",
        "cuisine": "coffee_shop",
        "level": "1",
        "name": "One Man Coffee",
        "opening_hours": "Mo-Fr 08:00-17:00",
        "outdoor_seating": "yes",
        "wheelchair": "yes"
      },
      "geometry": {
        "type": "Point",
        "coordinates": [
          103.7891696,
          1.2984772
        ]
      },
      "id": "node/7252074968"
    },
    {
      "type": "Feature",
      "properties": {
        "@id": "node/7260364316",
        "addr:city": "Singapore",
        "addr:housenumber": "2",
        "addr:postcode": "798386",
        "addr:street": "Park Lane",
        "amenity": "cafe",
        "email": "info@wheelersestate.com",
        "name": "Wheelers Market",
        "opening_hours": "Tu-Fr 11:30-15:00,18:00-22:30; Sa-Su 11:00-15:00,18:00-22:30",
        "phone": "+65 6262 0001",
        "website": "https://www.wheelersestate.com/",
        "wheelchair": "limited"
      },
      "geometry": {
        "type": "Point",
        "coordinates": [
          103.867917,
          1.4093996
        ]
      },
      "id": "node/7260364316"
    },
    {
      "type": "Feature",
      "properties": {
        "@id": "node/7263759554",
        "addr:housenumber": "91",
        "addr:street": "Whampoa Drive",
        "addr:unit": "01-52",
        "amenity": "cafe",
        "check_date": "2023-06-28",
        "cuisine": "dessert",
        "name": "Whampoa Soya Bean & Grass Jelly Drinks",
        "street_vendor": "yes"
      },
      "geometry": {
        "type": "Point",
        "coordinates": [
          103.8543186,
          1.3231685
        ]
      },
      "id": "node/7263759554"
    },
    {
      "type": "Feature",
      "properties": {
        "@id": "node/7291439332",
        "addr:city": "Singapore",
        "addr:housenumber": "26 #B1-225",
        "addr:postcode": "098138",
        "addr:street": "Sentosa Gateway RWS",
        "amenity": "cafe",
        "cuisine": "hongkong",
        "level": "-1",
        "name": "Central Hong Kong Café",
        "name:en": "Central Hong Kong Café",
        "name:yue-Hant": "中環正宗香港茶餐廳",
        "name:zh-Hans": "中环正宗香港茶餐厅",
        "opening_hours": "Mo-Su 10:00-22:00",
        "outdoor_seating": "no",
        "phone": "+65 66862285",
        "website": "https://www.centralhkcafe.com.sg/"
      },
      "geometry": {
        "type": "Point",
        "coordinates": [
          103.820126,
          1.256263
        ]
      },
      "id": "node/7291439332"
    },
    {
      "type": "Feature",
      "properties": {
        "@id": "node/7291439333",
        "amenity": "cafe",
        "brand": "Toast Box",
        "brand:wikidata": "Q100285490",
        "cuisine": "coffee_shop",
        "level": "-1",
        "name": "Toast Box",
        "name:zh": "土司工坊",
        "takeaway": "yes"
      },
      "geometry": {
        "type": "Point",
        "coordinates": [
          103.8200638,
          1.2567483
        ]
      },
      "id": "node/7291439333"
    },
    {
      "type": "Feature",
      "properties": {
        "@id": "node/7302279097",
        "addr:housenumber": "318",
        "addr:street": "Joo Chiat Road",
        "amenity": "cafe",
        "check_date": "2024-04-21",
        "level": "0",
        "name": "Breakfast at Fluffy's"
      },
      "geometry": {
        "type": "Point",
        "coordinates": [
          103.9023127,
          1.3093729
        ]
      },
      "id": "node/7302279097"
    },
    {
      "type": "Feature",
      "properties": {
        "@id": "node/7302314215",
        "addr:city": "Singapore",
        "addr:country": "SG",
        "addr:housenumber": "920",
        "addr:postcode": "449875",
        "addr:street": "East Coast Parkway",
        "addr:unit": "#01-01/02",
        "alt_name": "Kebah Station",
        "amenity": "cafe",
        "email": "kebabstation@yahoo.com",
        "name": "Turkish Cafe",
        "phone": "+65 96978227",
        "website": "http://www.kebabstation.sg/",
        "wheelchair": "yes"
      },
      "geometry": {
        "type": "Point",
        "coordinates": [
          103.9075257,
          1.2999711
        ]
      },
      "id": "node/7302314215"
    },
    {
      "type": "Feature",
      "properties": {
        "@id": "node/7306117063",
        "amenity": "cafe",
        "cuisine": "bubble_tea",
        "level": "0",
        "name": "Yunique",
        "name:zh": "御黑堂"
      },
      "geometry": {
        "type": "Point",
        "coordinates": [
          103.849547,
          1.3319357
        ]
      },
      "id": "node/7306117063"
    },
    {
      "type": "Feature",
      "properties": {
        "@id": "node/7328103097",
        "addr:floor": "2",
        "addr:housenumber": "501",
        "addr:street": "Bukit Timah Road",
        "addr:unit": "02-07",
        "air_conditioning": "yes",
        "amenity": "cafe",
        "capacity": "40",
        "check_date": "2024-12-01",
        "contact:instagram": "https://www.instagram.com/simplybread",
        "cuisine": "coffee_shop",
        "delivery": "yes",
        "level": "1",
        "name": "Simply Bread",
        "opening_hours": "08:00-19:00",
        "outdoor_seating": "no",
        "payment:cards": "no",
        "payment:cash": "no",
        "payment:credit_cards": "no",
        "payment:debit_cards": "no",
        "payment:paylah": "yes",
        "payment:paynow": "yes",
        "phone": "+65 6763 2628",
        "shop": "bakery",
        "takeaway": "yes",
        "website": "https://simplybread.com.sg/",
        "wheelchair": "yes"
      },
      "geometry": {
        "type": "Point",
        "coordinates": [
          103.8143945,
          1.3225176
        ]
      },
      "id": "node/7328103097"
    },
    {
      "type": "Feature",
      "properties": {
        "@id": "node/7451039353",
        "amenity": "cafe",
        "cuisine": "coffee_shop",
        "name": "Seletar Coffee",
        "street_vendor": "yes"
      },
      "geometry": {
        "type": "Point",
        "coordinates": [
          103.854826,
          1.3231406
        ]
      },
      "id": "node/7451039353"
    },
    {
      "type": "Feature",
      "properties": {
        "@id": "node/7451054601",
        "amenity": "cafe",
        "cuisine": "local",
        "wheelchair": "yes"
      },
      "geometry": {
        "type": "Point",
        "coordinates": [
          103.8204429,
          1.4491785
        ]
      },
      "id": "node/7451054601"
    },
    {
      "type": "Feature",
      "properties": {
        "@id": "node/7457571855",
        "addr:city": "Singapore",
        "addr:floor": "1",
        "addr:housenumber": "930",
        "addr:postcode": "769098",
        "addr:street": "Yishun Ave 2 #01-07/08 Northpoint",
        "amenity": "cafe",
        "branch": "Northpoint City",
        "brand": "Starbucks",
        "brand:wikidata": "Q37158",
        "brand:wikipedia": "en:Starbucks",
        "cuisine": "coffee_shop",
        "internet_access": "wlan",
        "level": "0",
        "level:ref": "1",
        "name": "Starbucks",
        "official_name": "Starbucks Coffee",
        "opening_hours": "Mo-Fr 07:30-24:00; Sa-Su,PH 00:00-24:00",
        "phone": "+65 69102217",
        "takeaway": "yes",
        "website": "https://www.starbucks.com.sg/",
        "wheelchair": "yes"
      },
      "geometry": {
        "type": "Point",
        "coordinates": [
          103.8357397,
          1.4294131
        ]
      },
      "id": "node/7457571855"
    },
    {
      "type": "Feature",
      "properties": {
        "@id": "node/7486075708",
        "amenity": "cafe",
        "description": "juice bar",
        "level": "-2",
        "name": "Ega Juice Clinic",
        "takeaway": "yes"
      },
      "geometry": {
        "type": "Point",
        "coordinates": [
          103.8525137,
          1.2777259
        ]
      },
      "id": "node/7486075708"
    },
    {
      "type": "Feature",
      "properties": {
        "@id": "node/7486075715",
        "amenity": "cafe",
        "level": "-2",
        "name": "Fun Toast",
        "takeaway": "yes"
      },
      "geometry": {
        "type": "Point",
        "coordinates": [
          103.852723,
          1.2779519
        ]
      },
      "id": "node/7486075715"
    },
    {
      "type": "Feature",
      "properties": {
        "@id": "node/7486075721",
        "amenity": "cafe",
        "level": "-2",
        "name": "Jewel Coffee",
        "takeaway": "yes"
      },
      "geometry": {
        "type": "Point",
        "coordinates": [
          103.8528678,
          1.2781574
        ]
      },
      "id": "node/7486075721"
    },
    {
      "type": "Feature",
      "properties": {
        "@id": "node/7502374285",
        "addr:housenumber": "7-13",
        "addr:street": "Amoy Street",
        "amenity": "cafe",
        "name": "Genius Central"
      },
      "geometry": {
        "type": "Point",
        "coordinates": [
          103.8484992,
          1.2830895
        ]
      },
      "id": "node/7502374285"
    },
    {
      "type": "Feature",
      "properties": {
        "@id": "node/7528481580",
        "addr:city": "Singapore",
        "addr:housenumber": "744",
        "addr:postcode": "470744",
        "addr:street": "Bedok Reservoir Road",
        "amenity": "cafe",
        "name": "Refuel Cafe",
        "outdoor_seating": "no"
      },
      "geometry": {
        "type": "Point",
        "coordinates": [
          103.9212563,
          1.3374219
        ]
      },
      "id": "node/7528481580"
    },
    {
      "type": "Feature",
      "properties": {
        "@id": "node/7617869392",
        "amenity": "cafe",
        "check_date": "2023-10-26",
        "name": "Uptown"
      },
      "geometry": {
        "type": "Point",
        "coordinates": [
          103.8311585,
          1.2928177
        ]
      },
      "id": "node/7617869392"
    },
    {
      "type": "Feature",
      "properties": {
        "@id": "node/7637579955",
        "addr:city": "Singapore",
        "addr:country": "SG",
        "addr:housenumber": "285",
        "addr:postcode": "419764",
        "addr:street": "Changi Road",
        "amenity": "cafe",
        "name": "Hei Kim Cafe",
        "name:zh": "黑金",
        "opening_hours": "Mo-Tu 09:00-16:00; Th-Su 09:00-16:00",
        "phone": "+65 83681707",
        "website": "https://www.heikim.sg/"
      },
      "geometry": {
        "type": "Point",
        "coordinates": [
          103.9068124,
          1.3181093
        ]
      },
      "id": "node/7637579955"
    },
    {
      "type": "Feature",
      "properties": {
        "@id": "node/7669799116",
        "amenity": "cafe",
        "name": "Mind Cafe",
        "website": "https://www.themindcafe.sg/"
      },
      "geometry": {
        "type": "Point",
        "coordinates": [
          103.8498252,
          1.2997018
        ]
      },
      "id": "node/7669799116"
    },
    {
      "type": "Feature",
      "properties": {
        "@id": "node/7669834409",
        "addr:street": "Pinsep Street",
        "amenity": "cafe",
        "name": "Batter batter"
      },
      "geometry": {
        "type": "Point",
        "coordinates": [
          103.8501056,
          1.2999194
        ]
      },
      "id": "node/7669834409"
    },
    {
      "type": "Feature",
      "properties": {
        "@id": "node/7682130778",
        "amenity": "cafe",
        "name": "South Union Park",
        "wheelchair": "no"
      },
      "geometry": {
        "type": "Point",
        "coordinates": [
          103.9132559,
          1.325048
        ]
      },
      "id": "node/7682130778"
    },
    {
      "type": "Feature",
      "properties": {
        "@id": "node/7750360800",
        "amenity": "cafe",
        "cuisine": "bubble_tea",
        "name": "Koi The"
      },
      "geometry": {
        "type": "Point",
        "coordinates": [
          103.7063103,
          1.3403122
        ]
      },
      "id": "node/7750360800"
    },
    {
      "type": "Feature",
      "properties": {
        "@id": "node/7750360801",
        "amenity": "cafe",
        "cuisine": "bubble_tea",
        "name": "LiHO",
        "name:en": "LiHO"
      },
      "geometry": {
        "type": "Point",
        "coordinates": [
          103.7061931,
          1.3401385
        ]
      },
      "id": "node/7750360801"
    },
    {
      "type": "Feature",
      "properties": {
        "@id": "node/7765670599",
        "amenity": "cafe",
        "brand": "Starbucks",
        "brand:wikidata": "Q37158",
        "check_date": "2024-12-11",
        "cuisine": "coffee_shop",
        "level": "0",
        "name": "Starbucks",
        "official_name": "Starbucks Coffee",
        "takeaway": "yes"
      },
      "geometry": {
        "type": "Point",
        "coordinates": [
          103.8511766,
          1.3051487
        ]
      },
      "id": "node/7765670599"
    },
    {
      "type": "Feature",
      "properties": {
        "@id": "node/7821676635",
        "amenity": "cafe",
        "name": "Fairway Cafe"
      },
      "geometry": {
        "type": "Point",
        "coordinates": [
          103.7288374,
          1.4246704
        ]
      },
      "id": "node/7821676635"
    },
    {
      "type": "Feature",
      "properties": {
        "@id": "node/7821677176",
        "amenity": "cafe",
        "cuisine": "dessert",
        "name": "Kim Lotus",
        "wheelchair": "limited"
      },
      "geometry": {
        "type": "Point",
        "coordinates": [
          103.723437,
          1.3505826
        ]
      },
      "id": "node/7821677176"
    },
    {
      "type": "Feature",
      "properties": {
        "@id": "node/7851528246",
        "addr:floor": "1",
        "addr:housenumber": "207",
        "addr:street": "Balestier Road",
        "air_conditioning": "yes",
        "amenity": "cafe",
        "check_date": "2024-05-17",
        "cuisine": "coffee_shop",
        "indoor_seating": "yes",
        "internet_access": "wlan",
        "internet_access:fee": "customers",
        "level": "0;0",
        "name": "Balance Coffee",
        "opening_hours": "Mo-Fr 07:30-20:00; Sa-Su 08:00-20:00",
        "outdoor_seating": "no",
        "payment:cash": "yes",
        "payment:credit_cards": "yes",
        "payment:debit_cards": "yes",
        "takeaway": "yes",
        "wheelchair": "yes"
      },
      "geometry": {
        "type": "Point",
        "coordinates": [
          103.8527268,
          1.3211032
        ]
      },
      "id": "node/7851528246"
    },
    {
      "type": "Feature",
      "properties": {
        "@id": "node/7877075603",
        "amenity": "cafe",
        "level": "0",
        "name": "Mellower Expresso",
        "opening_hours": "Mo-Fr 08:30-16:30"
      },
      "geometry": {
        "type": "Point",
        "coordinates": [
          103.849426,
          1.277564
        ]
      },
      "id": "node/7877075603"
    },
    {
      "type": "Feature",
      "properties": {
        "@id": "node/7886527608",
        "addr:city": "Singapore",
        "addr:housenumber": "3",
        "addr:postcode": "117579",
        "addr:street": "Engineering Drive 2",
        "amenity": "cafe",
        "cuisine": "coffee_shop",
        "name": "Humble Origins",
        "outdoor_seating": "yes"
      },
      "geometry": {
        "type": "Point",
        "coordinates": [
          103.7713584,
          1.2987584
        ]
      },
      "id": "node/7886527608"
    },
    {
      "type": "Feature",
      "properties": {
        "@id": "node/7897167837",
        "addr:street": "Race Course Road",
        "amenity": "cafe",
        "cuisine": "indonesian;cake",
        "delivery": "yes",
        "facebook": "https://www.facebook.com/olella",
        "name": "Olella Makan House",
        "phone": "+65 6917 7273"
      },
      "geometry": {
        "type": "Point",
        "coordinates": [
          103.858052,
          1.3159676
        ]
      },
      "id": "node/7897167837"
    },
    {
      "type": "Feature",
      "properties": {
        "@id": "node/7899660765",
        "addr:city": "Singapore",
        "addr:country": "SG",
        "addr:housenumber": "14",
        "addr:place": "LTC Building C",
        "addr:postcode": "409959",
        "addr:street": "Arumugam Road",
        "addr:suburb": "MacPherson",
        "addr:unit": "#01-05",
        "air_conditioning": "yes",
        "amenity": "cafe",
        "cuisine": "coffee_shop;pastry",
        "drink:coffee": "served",
        "facebook": "https://www.facebook.com/20grams/",
        "instagram": "https://www.instagram.com/20grams.coffee/",
        "internet_access": "wlan",
        "internet_access:fee": "no",
        "name": "20grams Roastery & Coffee Bar",
        "opening_hours": "Tu-Fr 08:30-16:00; Sa,Su 09:30-17:00",
        "outdoor_seating": "no",
        "phone": "+6567474665",
        "smoking": "no",
        "website": "https://20gramscoffeeroastery.com/"
      },
      "geometry": {
        "type": "Point",
        "coordinates": [
          103.8917439,
          1.3247686
        ]
      },
      "id": "node/7899660765"
    },
    {
      "type": "Feature",
      "properties": {
        "@id": "node/7920551385",
        "addr:housenumber": "230",
        "addr:postcode": "128415",
        "addr:street": "Pandan Loop",
        "amenity": "cafe",
        "internet_access": "wlan",
        "name": "One Kueh At A Time Cafe",
        "opening_hours": "Tu-Su 10:00-18:00",
        "phone": "+65 9795 6119"
      },
      "geometry": {
        "type": "Point",
        "coordinates": [
          103.7493332,
          1.3145044
        ]
      },
      "id": "node/7920551385"
    },
    {
      "type": "Feature",
      "properties": {
        "@id": "node/7951594658",
        "addr:city": "Singapore",
        "addr:country": "SG",
        "addr:housenumber": "56",
        "addr:postcode": "199753",
        "addr:street": "Arab Street",
        "amenity": "cafe",
        "branch": "Arab Street",
        "brand": "% Arabica",
        "brand:wikidata": "Q107639197",
        "contact:instagram": "arabicasg",
        "cuisine": "coffee_shop",
        "name": "% Arabica",
        "opening_hours": "Mo-Su 08:30-20:00",
        "operator": "% Arabica",
        "outdoor_seating": "yes",
        "phone": "+65 6291 3887",
        "takeaway": "yes",
        "website": "https://arabica.coffee/"
      },
      "geometry": {
        "type": "Point",
        "coordinates": [
          103.859501,
          1.3009808
        ]
      },
      "id": "node/7951594658"
    },
    {
      "type": "Feature",
      "properties": {
        "@id": "node/7968739774",
        "amenity": "cafe",
        "name": "San Lou Mee Hoon三楼米粉"
      },
      "geometry": {
        "type": "Point",
        "coordinates": [
          103.953767,
          1.3528233
        ]
      },
      "id": "node/7968739774"
    },
    {
      "type": "Feature",
      "properties": {
        "@id": "node/7979306285",
        "amenity": "cafe",
        "name": "Hiang Ji Roasted Meat"
      },
      "geometry": {
        "type": "Point",
        "coordinates": [
          103.886723,
          1.3745434
        ]
      },
      "id": "node/7979306285"
    },
    {
      "type": "Feature",
      "properties": {
        "@id": "node/8002821814",
        "amenity": "cafe",
        "brand": "Chagee",
        "brand:wikidata": "Q125052867",
        "construction:amenity": "cafe",
        "cuisine": "bubble_tea",
        "name": "Chagee",
        "takeaway": "yes"
      },
      "geometry": {
        "type": "Point",
        "coordinates": [
          103.7747763,
          1.2986524
        ]
      },
      "id": "node/8002821814"
    },
    {
      "type": "Feature",
      "properties": {
        "@id": "node/8004873586",
        "addr:housenumber": "215R",
        "addr:street": "Upper Thomson Road",
        "amenity": "cafe",
        "name": "One Man Coffee"
      },
      "geometry": {
        "type": "Point",
        "coordinates": [
          103.8347488,
          1.352544
        ]
      },
      "id": "node/8004873586"
    },
    {
      "type": "Feature",
      "properties": {
        "@id": "node/8004875785",
        "addr:housenumber": "220",
        "addr:street": "Upper Thomson Road",
        "amenity": "cafe",
        "name": "Columbus Coffee Co."
      },
      "geometry": {
        "type": "Point",
        "coordinates": [
          103.8354886,
          1.3529312
        ]
      },
      "id": "node/8004875785"
    },
    {
      "type": "Feature",
      "properties": {
        "@id": "node/8008419032",
        "addr:city": "Singapore",
        "addr:housenumber": "60",
        "addr:postcode": "819643",
        "addr:street": "Airport Boulevard",
        "amenity": "cafe",
        "name": "Hub & Spoke Cafe",
        "opening_hours": "Mo-Su 07:30-21:30",
        "outdoor_seating": "yes",
        "website": "https://www.facebook.com/hubandspokecafe/"
      },
      "geometry": {
        "type": "Point",
        "coordinates": [
          103.9874084,
          1.3507939
        ]
      },
      "id": "node/8008419032"
    },
    {
      "type": "Feature",
      "properties": {
        "@id": "node/8011480305",
        "amenity": "cafe",
        "cuisine": "grill",
        "name": "Yan Roaster",
        "phone": "+65 6747 2623"
      },
      "geometry": {
        "type": "Point",
        "coordinates": [
          103.8933729,
          1.3279617
        ]
      },
      "id": "node/8011480305"
    },
    {
      "type": "Feature",
      "properties": {
        "@id": "node/8011485485",
        "amenity": "cafe",
        "name": "MEI MEI Roast",
        "phone": "+65 98208391"
      },
      "geometry": {
        "type": "Point",
        "coordinates": [
          103.8940396,
          1.3305231
        ]
      },
      "id": "node/8011485485"
    },
    {
      "type": "Feature",
      "properties": {
        "@id": "node/8013677985",
        "addr:housenumber": "237",
        "addr:street": "Serangoon Avenue 3",
        "amenity": "cafe",
        "name": "Li Fa Yun Tun Noodles"
      },
      "geometry": {
        "type": "Point",
        "coordinates": [
          103.8702273,
          1.3538942
        ]
      },
      "id": "node/8013677985"
    },
    {
      "type": "Feature",
      "properties": {
        "@id": "node/8022178108",
        "addr:unit": "#01-05",
        "amenity": "cafe",
        "contact:facebook": "https://www.facebook.com/narrativecoffeestandsg/",
        "contact:instagram": "https://www.instagram.com/narrativecoffeestand",
        "cuisine": "coffee_shop",
        "level": "0",
        "name": "Narrative Coffee Stand",
        "opening_hours": "Mo-Fr 09:00-16:00; Sa, Su 10:00-17:00",
        "website": "https://narrativecoffeestand.com/"
      },
      "geometry": {
        "type": "Point",
        "coordinates": [
          103.854093,
          1.2968512
        ]
      },
      "id": "node/8022178108"
    },
    {
      "type": "Feature",
      "properties": {
        "@id": "node/8022178109",
        "addr:housenumber": "160",
        "addr:street": "Pays Lebar Road",
        "amenity": "cafe",
        "name": "Knots Cafe and Living"
      },
      "geometry": {
        "type": "Point",
        "coordinates": [
          103.8901123,
          1.3293161
        ]
      },
      "id": "node/8022178109"
    },
    {
      "type": "Feature",
      "properties": {
        "@id": "node/8050340599",
        "amenity": "cafe",
        "level": "0",
        "name": "Two Cranes",
        "opening_hours": "Mo-Su 09:00-22:00"
      },
      "geometry": {
        "type": "Point",
        "coordinates": [
          103.8875445,
          1.3594045
        ]
      },
      "id": "node/8050340599"
    },
    {
      "type": "Feature",
      "properties": {
        "@id": "node/8090442267",
        "addr:street": "Tebing Lane",
        "amenity": "cafe",
        "name": "Fat Po",
        "name:en": "Fat Po",
        "wheelchair": "limited"
      },
      "geometry": {
        "type": "Point",
        "coordinates": [
          103.9172403,
          1.393035
        ]
      },
      "id": "node/8090442267"
    },
    {
      "type": "Feature",
      "properties": {
        "@id": "node/8110113481",
        "addr:city": "Singapore",
        "addr:housenumber": "10",
        "addr:postcode": "828836",
        "addr:street": "Tebing Lane",
        "amenity": "cafe",
        "name": "Frienzie Bar & Bistro",
        "opening_hours": "Mo-Th, Su 16:00-01:00, Fr,Sa 16:00-02:00"
      },
      "geometry": {
        "type": "Point",
        "coordinates": [
          103.9171976,
          1.39275
        ]
      },
      "id": "node/8110113481"
    },
    {
      "type": "Feature",
      "properties": {
        "@id": "node/8110113486",
        "addr:city": "Singapore",
        "addr:housenumber": "10",
        "addr:postcode": "828836",
        "addr:street": "Tebing Lane",
        "amenity": "cafe",
        "name": "D’Rubinah @ Punggol",
        "opening_hours": "Mo-Th,Su 17:00-01:00; Fr-Sa 17:00-03:00",
        "wheelchair": "limited"
      },
      "geometry": {
        "type": "Point",
        "coordinates": [
          103.9170625,
          1.3928622
        ]
      },
      "id": "node/8110113486"
    },
    {
      "type": "Feature",
      "properties": {
        "@id": "node/8150799293",
        "addr:city": "Singapore",
        "addr:housenumber": "4",
        "addr:postcode": "577723",
        "addr:street": "Jalan Kuras",
        "amenity": "cafe",
        "contact:facebook": "https://www.facebook.com/pg/thuscoffeesg/",
        "contact:instagram": "https://www.instagram.com/thuscoffee/",
        "cuisine": "coffee_shop",
        "delivery": "yes",
        "email": "thuscoffee@gmail.com",
        "name": "Thus Coffee",
        "opening_hours": "Mo-Fr 09:00-20:00; Sa-Su 08:00-20:00",
        "phone": "+6593636380",
        "website": "https://www.thuscoffee.com/"
      },
      "geometry": {
        "type": "Point",
        "coordinates": [
          103.8295882,
          1.3726514
        ]
      },
      "id": "node/8150799293"
    },
    {
      "type": "Feature",
      "properties": {
        "@id": "node/8158474016",
        "addr:housenumber": "129",
        "addr:postcode": "218407",
        "addr:street": "Rangoon Road",
        "amenity": "cafe",
        "contact:instagram": "@daizu.cafe",
        "contact:website": "https://www.daizucafe.com/",
        "contact:whatsapp": "+65 8815 8233",
        "cuisine": "japanese",
        "name": "Daizu Café",
        "opening_hours": "Mo-Su 10:00-22:00"
      },
      "geometry": {
        "type": "Point",
        "coordinates": [
          103.8534274,
          1.3153383
        ]
      },
      "id": "node/8158474016"
    },
    {
      "type": "Feature",
      "properties": {
        "@id": "node/8158504617",
        "addr:housenumber": "2",
        "addr:postcode": "368078",
        "addr:street": "MacTaggart Road",
        "air_conditioning": "yes",
        "amenity": "cafe",
        "bar": "no",
        "capacity": "30",
        "check_date": "2023-07-16",
        "cuisine": "coffee_shop",
        "indoor_seating": "yes",
        "internet_access": "wlan",
        "internet_access:fee": "customers",
        "level": "0",
        "name": "Alchemist",
        "opening_hours": "Mo-Fr 08:00-17:00; Sa-Su 09:00-18:00; PH 09:00-17:00",
        "outdoor_seating": "no",
        "payment:cash": "yes",
        "payment:mastercard": "yes",
        "payment:visa": "yes",
        "reservation": "yes",
        "shop": "coffee",
        "takeaway": "yes",
        "wheelchair": "no"
      },
      "geometry": {
        "type": "Point",
        "coordinates": [
          103.885973,
          1.3350013
        ]
      },
      "id": "node/8158504617"
    },
    {
      "type": "Feature",
      "properties": {
        "@id": "node/8164278889",
        "amenity": "cafe",
        "brand": "Starbucks",
        "brand:wikidata": "Q37158",
        "brand:wikipedia": "en:Starbucks",
        "cuisine": "coffee_shop",
        "name": "Starbucks",
        "name:zh": "星巴克",
        "official_name": "Starbucks Coffee",
        "takeaway": "yes"
      },
      "geometry": {
        "type": "Point",
        "coordinates": [
          103.8376402,
          1.3015345
        ]
      },
      "id": "node/8164278889"
    },
    {
      "type": "Feature",
      "properties": {
        "@id": "node/8182543269",
        "addr:city": "Singapore",
        "addr:country": "SG",
        "addr:housenumber": "391 #B2-37C",
        "addr:postcode": "238872",
        "addr:street": "Orchard Road Takashimaya S.C.",
        "air_conditioning": "yes",
        "amenity": "cafe",
        "cuisine": "tea;bubble_tea",
        "level": "-2",
        "name": "KOI Thé Express",
        "opening_hours": "Mo-Su 11:00-21:00",
        "outdoor_seating": "no",
        "payment:nets": "yes",
        "payment:notes": "yes",
        "phone": "+65 6815 5488",
        "takeaway": "only",
        "website": "https://www.koithe.com/"
      },
      "geometry": {
        "type": "Point",
        "coordinates": [
          103.8341406,
          1.3032619
        ]
      },
      "id": "node/8182543269"
    },
    {
      "type": "Feature",
      "properties": {
        "@id": "node/8199073843",
        "addr:unit": "01",
        "amenity": "cafe",
        "indoor_seating": "yes",
        "level": "0",
        "name": "Old Chang Kee",
        "note": "this is an actual cafe, not just a snack takeaway like most of the franchise outlets",
        "opening_hours": "Mo-Su 10:00-21:00",
        "outdoor_seating": "yes",
        "takeaway": "yes"
      },
      "geometry": {
        "type": "Point",
        "coordinates": [
          103.8544608,
          1.2972997
        ]
      },
      "id": "node/8199073843"
    },
    {
      "type": "Feature",
      "properties": {
        "@id": "node/8199110865",
        "amenity": "cafe",
        "cuisine": "crepe",
        "name": "Gather"
      },
      "geometry": {
        "type": "Point",
        "coordinates": [
          103.8533814,
          1.2951618
        ]
      },
      "id": "node/8199110865"
    },
    {
      "type": "Feature",
      "properties": {
        "@id": "node/8208583195",
        "amenity": "cafe",
        "name": "The Culinary Institute of America"
      },
      "geometry": {
        "type": "Point",
        "coordinates": [
          103.9290071,
          1.3467204
        ]
      },
      "id": "node/8208583195"
    },
    {
      "type": "Feature",
      "properties": {
        "@id": "node/8208583196",
        "amenity": "cafe",
        "name": "Sugarloaf"
      },
      "geometry": {
        "type": "Point",
        "coordinates": [
          103.9291124,
          1.3466292
        ]
      },
      "id": "node/8208583196"
    },
    {
      "type": "Feature",
      "properties": {
        "@id": "node/8208583197",
        "amenity": "cafe",
        "name": "TripletS"
      },
      "geometry": {
        "type": "Point",
        "coordinates": [
          103.9323445,
          1.3444258
        ]
      },
      "id": "node/8208583197"
    },
    {
      "type": "Feature",
      "properties": {
        "@id": "node/8208583204",
        "amenity": "cafe",
        "name": "Canopy Coffee Club Café"
      },
      "geometry": {
        "type": "Point",
        "coordinates": [
          103.9292733,
          1.3465783
        ]
      },
      "id": "node/8208583204"
    },
    {
      "type": "Feature",
      "properties": {
        "@id": "node/8208599036",
        "amenity": "cafe",
        "name": "Darts Legend"
      },
      "geometry": {
        "type": "Point",
        "coordinates": [
          103.7901726,
          1.2953403
        ]
      },
      "id": "node/8208599036"
    },
    {
      "type": "Feature",
      "properties": {
        "@id": "node/8239143158",
        "amenity": "cafe",
        "branch": "Changi City Point",
        "cuisine": "bubble_tea",
        "level": "0",
        "name": "Hey Long Cha"
      },
      "geometry": {
        "type": "Point",
        "coordinates": [
          103.9625066,
          1.3342516
        ]
      },
      "id": "node/8239143158"
    },
    {
      "type": "Feature",
      "properties": {
        "@id": "node/8261812713",
        "addr:city": "Singapore",
        "addr:country": "SG",
        "addr:housename": "The Rail Mall",
        "addr:housenumber": "392",
        "addr:postcode": "678072",
        "addr:street": "Upper Bukit Timah Road",
        "amenity": "cafe",
        "check_date": "2024-09-27",
        "name": "The Cat Cafe",
        "pet": "yes",
        "phone": "+65 6977 9579",
        "wheelchair": "no"
      },
      "geometry": {
        "type": "Point",
        "coordinates": [
          103.7679244,
          1.357945
        ]
      },
      "id": "node/8261812713"
    },
    {
      "type": "Feature",
      "properties": {
        "@id": "node/8264025124",
        "amenity": "cafe",
        "cuisine": "regional",
        "internet_access": "no",
        "opening_hours": "Mo-Su 07:00-23:30",
        "outdoor_seating": "yes"
      },
      "geometry": {
        "type": "Point",
        "coordinates": [
          103.763525,
          1.3028039
        ]
      },
      "id": "node/8264025124"
    },
    {
      "type": "Feature",
      "properties": {
        "@id": "node/8266906132",
        "amenity": "cafe",
        "name": "The Old Straits Cafe"
      },
      "geometry": {
        "type": "Point",
        "coordinates": [
          103.8497999,
          1.3000749
        ]
      },
      "id": "node/8266906132"
    },
    {
      "type": "Feature",
      "properties": {
        "@id": "node/8277411857",
        "addr:city": "Singapore",
        "addr:housenumber": "1",
        "addr:postcode": "237994",
        "addr:street": "Kim Seng Promenade",
        "air_conditioning": "yes",
        "amenity": "cafe",
        "branch": "Great World",
        "cuisine": "tea;bubble_tea",
        "level": "0",
        "name": "KOI Thé",
        "outdoor_seating": "no",
        "payment:cash": "yes",
        "payment:coins": "yes",
        "payment:debit_cards": "yes",
        "payment:notes": "yes",
        "takeaway": "yes",
        "website": "https://www.koithe.com/"
      },
      "geometry": {
        "type": "Point",
        "coordinates": [
          103.8321463,
          1.2932285
        ]
      },
      "id": "node/8277411857"
    },
    {
      "type": "Feature",
      "properties": {
        "@id": "node/8301485017",
        "amenity": "cafe",
        "name": "Porcelain Cafe"
      },
      "geometry": {
        "type": "Point",
        "coordinates": [
          103.8357121,
          1.3035101
        ]
      },
      "id": "node/8301485017"
    },
    {
      "type": "Feature",
      "properties": {
        "@id": "node/8301488217",
        "addr:housenumber": "383",
        "addr:street": "Bukit Timah Road",
        "amenity": "cafe",
        "name": "The Ritual"
      },
      "geometry": {
        "type": "Point",
        "coordinates": [
          103.8273856,
          1.3195578
        ]
      },
      "id": "node/8301488217"
    },
    {
      "type": "Feature",
      "properties": {
        "@id": "node/8308624319",
        "addr:city": "Singapore",
        "addr:housenumber": "1",
        "addr:postcode": "658713",
        "addr:street": "Bukit Batok Central Link",
        "addr:unit": "#01-32",
        "amenity": "cafe",
        "branch": "West Mall",
        "brand": "Starbucks",
        "brand:wikidata": "Q37158",
        "brand:wikipedia": "en:Starbucks",
        "cuisine": "coffee_shop",
        "internet_access": "wlan",
        "level": "0",
        "name": "Starbucks",
        "official_name": "Starbucks Coffee",
        "opening_hours": "Mo-Su 08:00-22:00",
        "phone": "+65 6974 7161",
        "takeaway": "yes",
        "website": "https://www.starbucks.com.sg/"
      },
      "geometry": {
        "type": "Point",
        "coordinates": [
          103.7492933,
          1.3499505
        ]
      },
      "id": "node/8308624319"
    },
    {
      "type": "Feature",
      "properties": {
        "@id": "node/8362841948",
        "addr:housenumber": "1",
        "addr:street": "Jalan Dusun",
        "amenity": "cafe",
        "brand": "Hey Long Cha",
        "capacity": "0",
        "check_date": "2023-12-09",
        "cuisine": "bubble_tea",
        "delivery": "yes",
        "facebook": "heylongchasg",
        "internet_access": "no",
        "level": "0",
        "name": "Hey Long Cha",
        "name:zh": "黑龍茶",
        "opening_hours": "11:00-23:00",
        "outdoor_seating": "no",
        "payment:cash": "yes",
        "payment:credit_cards": "yes",
        "payment:debit_cards": "yes",
        "payment:grabpay": "yes",
        "payment:mastercard": "yes",
        "payment:paynow": "yes",
        "payment:visa": "yes",
        "takeaway": "only",
        "toilets": "no",
        "wheelchair": "yes"
      },
      "geometry": {
        "type": "Point",
        "coordinates": [
          103.8435921,
          1.3267614
        ]
      },
      "id": "node/8362841948"
    },
    {
      "type": "Feature",
      "properties": {
        "@id": "node/8374648706",
        "addr:housenumber": "40",
        "addr:postcode": "098996",
        "addr:street": "Siloso Beach Walk",
        "amenity": "cafe",
        "cuisine": "coffee_shop",
        "name": "Baristart Coffee",
        "opening_hours": "10:00-17:00",
        "outdoor_seating": "yes",
        "phone": "+65 6970 0625"
      },
      "geometry": {
        "type": "Point",
        "coordinates": [
          103.8145433,
          1.2541679
        ]
      },
      "id": "node/8374648706"
    },
    {
      "type": "Feature",
      "properties": {
        "@id": "node/8409228118",
        "amenity": "cafe",
        "name": "Zhen Xin Vegetarian 真心素食"
      },
      "geometry": {
        "type": "Point",
        "coordinates": [
          103.8410896,
          1.3805691
        ]
      },
      "id": "node/8409228118"
    },
    {
      "type": "Feature",
      "properties": {
        "@id": "node/8413737717",
        "amenity": "cafe",
        "name": "Foy Yin Vegetarian",
        "wheelchair": "yes"
      },
      "geometry": {
        "type": "Point",
        "coordinates": [
          103.8406301,
          1.3810202
        ]
      },
      "id": "node/8413737717"
    },
    {
      "type": "Feature",
      "properties": {
        "@id": "node/8415404623",
        "addr:city": "Singapore",
        "addr:housenumber": "12",
        "addr:postcode": "119275",
        "addr:street": "Kent Ridge Crescent",
        "air_conditioning": "yes",
        "amenity": "cafe",
        "name": "Anna’s x Union The SoupSpoon",
        "opening_hours": "Mo-Fr 08:30-18:00; Sa 08:30-17:00",
        "outdoor_seating": "yes"
      },
      "geometry": {
        "type": "Point",
        "coordinates": [
          103.7733894,
          1.2965587
        ]
      },
      "id": "node/8415404623"
    },
    {
      "type": "Feature",
      "properties": {
        "@id": "node/8423125761",
        "addr:city": "Singapore",
        "addr:housenumber": "65",
        "addr:postcode": "819663",
        "addr:street": "Airport Boulevard",
        "addr:unit": "#B2-12",
        "amenity": "cafe",
        "branch": "Changi Airport T3",
        "name": "KOI Express",
        "opening_hours": "Mo-Su 10:30-23:00",
        "phone": "+65 6543 2080",
        "website": "https://koithe.com/en"
      },
      "geometry": {
        "type": "Point",
        "coordinates": [
          103.9866141,
          1.3563168
        ]
      },
      "id": "node/8423125761"
    },
    {
      "type": "Feature",
      "properties": {
        "@id": "node/8430419192",
        "amenity": "cafe",
        "level": "0",
        "name": "Coffee Hive",
        "name:zh": "咖啡喔",
        "wheelchair": "yes"
      },
      "geometry": {
        "type": "Point",
        "coordinates": [
          103.9046634,
          1.3922099
        ]
      },
      "id": "node/8430419192"
    },
    {
      "type": "Feature",
      "properties": {
        "@id": "node/8441982763",
        "amenity": "cafe",
        "wheelchair": "yes"
      },
      "geometry": {
        "type": "Point",
        "coordinates": [
          103.8181671,
          1.2651668
        ]
      },
      "id": "node/8441982763"
    },
    {
      "type": "Feature",
      "properties": {
        "@id": "node/8448240720",
        "amenity": "cafe",
        "cuisine": "bubble_tea",
        "level": "0",
        "name": "R&B巡茶",
        "takeaway": "only"
      },
      "geometry": {
        "type": "Point",
        "coordinates": [
          103.9020071,
          1.3857491
        ]
      },
      "id": "node/8448240720"
    },
    {
      "type": "Feature",
      "properties": {
        "@id": "node/8448240727",
        "amenity": "cafe",
        "cuisine": "bubble_tea",
        "level": "0",
        "name": "LiHO Tea",
        "name:zh": "里喝",
        "takeaway": "only"
      },
      "geometry": {
        "type": "Point",
        "coordinates": [
          103.9022376,
          1.3857613
        ]
      },
      "id": "node/8448240727"
    },
    {
      "type": "Feature",
      "properties": {
        "@id": "node/8460359363",
        "amenity": "cafe",
        "cuisine": "bubble_tea",
        "level": "0",
        "name": "S-Pearl Tea",
        "takeaway": "only"
      },
      "geometry": {
        "type": "Point",
        "coordinates": [
          103.8269847,
          1.2854189
        ]
      },
      "id": "node/8460359363"
    },
    {
      "type": "Feature",
      "properties": {
        "@id": "node/8474529307",
        "amenity": "cafe",
        "cuisine": "bubble_tea",
        "level": "1",
        "name": "Ice Talk Xpress",
        "takeaway": "only"
      },
      "geometry": {
        "type": "Point",
        "coordinates": [
          103.9129371,
          1.3944339
        ]
      },
      "id": "node/8474529307"
    },
    {
      "type": "Feature",
      "properties": {
        "@id": "node/8496654296",
        "amenity": "cafe",
        "cuisine": "bubble_tea",
        "name": "LiHO",
        "takeaway": "only",
        "wheelchair": "no"
      },
      "geometry": {
        "type": "Point",
        "coordinates": [
          103.9023701,
          1.3197562
        ]
      },
      "id": "node/8496654296"
    },
    {
      "type": "Feature",
      "properties": {
        "@id": "node/8498985166",
        "addr:floor": "1",
        "addr:housename": "Bishan Library",
        "addr:housenumber": "5",
        "addr:postcode": "579841",
        "addr:street": "Bishan Place",
        "air_conditioning": "yes",
        "amenity": "cafe",
        "branch": "Bishan",
        "check_date": "2023-07-21",
        "contact:facebook": "https://www.facebook.com/kingscartcoffeesg",
        "contact:instagram": "https://www.instagram.com/kingscartcoffeesg",
        "cuisine": "coffee_shop",
        "level": "0",
        "name": "Kings Cart Coffee",
        "opening_hours": "Mo-Su 10:00-20:00; PH closed",
        "outdoor_seating": "no",
        "short_name": "DIG",
        "website": "https://www.kingscartcoffee.com/",
        "wheelchair": "yes"
      },
      "geometry": {
        "type": "Point",
        "coordinates": [
          103.8488243,
          1.3498099
        ]
      },
      "id": "node/8498985166"
    },
    {
      "type": "Feature",
      "properties": {
        "@id": "node/8499503072",
        "amenity": "cafe",
        "brand": "Tiger Sugar",
        "brand:wikidata": "Q76099070",
        "cuisine": "bubble_tea",
        "level": "0",
        "name": "Tiger Sugar",
        "name:zh": "老虎堂",
        "takeaway": "only"
      },
      "geometry": {
        "type": "Point",
        "coordinates": [
          103.8498144,
          1.3489103
        ]
      },
      "id": "node/8499503072"
    },
    {
      "type": "Feature",
      "properties": {
        "@id": "node/8500822017",
        "amenity": "cafe",
        "name": "Fu Kang 富康素食轩 - Yishun",
        "name:en": "Fu Kang vegetarian",
        "name:zh": "富康素食轩"
      },
      "geometry": {
        "type": "Point",
        "coordinates": [
          103.8351625,
          1.4162457
        ]
      },
      "id": "node/8500822017"
    },
    {
      "type": "Feature",
      "properties": {
        "@id": "node/8500823317",
        "amenity": "cafe",
        "name": "Keat Lim vegetarian"
      },
      "geometry": {
        "type": "Point",
        "coordinates": [
          103.8346804,
          1.4167155
        ]
      },
      "id": "node/8500823317"
    },
    {
      "type": "Feature",
      "properties": {
        "@id": "node/8500823318",
        "amenity": "cafe",
        "name": "Ju Fu Yuan vegetarian",
        "name:zh": "聚福缘 素食"
      },
      "geometry": {
        "type": "Point",
        "coordinates": [
          103.8327911,
          1.4193723
        ]
      },
      "id": "node/8500823318"
    },
    {
      "type": "Feature",
      "properties": {
        "@id": "node/8500843017",
        "amenity": "cafe",
        "diet:vegan": "yes",
        "name": "e Veg - Northpoint Kopitiam Foodcourt",
        "name:zh": "益素食",
        "wheelchair": "yes"
      },
      "geometry": {
        "type": "Point",
        "coordinates": [
          103.8357208,
          1.4297234
        ]
      },
      "id": "node/8500843017"
    },
    {
      "type": "Feature",
      "properties": {
        "@id": "node/8500845218",
        "amenity": "cafe",
        "name": "Econ Vegetarian Delights"
      },
      "geometry": {
        "type": "Point",
        "coordinates": [
          103.8879986,
          1.379691
        ]
      },
      "id": "node/8500845218"
    },
    {
      "type": "Feature",
      "properties": {
        "@id": "node/8500848517",
        "amenity": "cafe",
        "name": "San De Vegetarian 三德",
        "name:en": "San De Vegetarian",
        "name:zh": "三德素食"
      },
      "geometry": {
        "type": "Point",
        "coordinates": [
          103.833426,
          1.4282433
        ]
      },
      "id": "node/8500848517"
    },
    {
      "type": "Feature",
      "properties": {
        "@id": "node/8500859518",
        "amenity": "cafe",
        "name": "Li Wei Vegetarian 笠维素食",
        "name:en": "Li Wei Vegetarian",
        "name:zh": "笠维素食"
      },
      "geometry": {
        "type": "Point",
        "coordinates": [
          103.8744111,
          1.369237
        ]
      },
      "id": "node/8500859518"
    },
    {
      "type": "Feature",
      "properties": {
        "@id": "node/8500859717",
        "amenity": "cafe",
        "name": "Veggie House 一芳 - Hougang Green"
      },
      "geometry": {
        "type": "Point",
        "coordinates": [
          103.8881336,
          1.3795853
        ]
      },
      "id": "node/8500859717"
    },
    {
      "type": "Feature",
      "properties": {
        "@id": "node/8500890217",
        "amenity": "cafe",
        "name": "SuManYuan 素满园 - Sengkang Square",
        "name:en": "SuManYuan vegetarian",
        "name:zh": "素满园素食"
      },
      "geometry": {
        "type": "Point",
        "coordinates": [
          103.893453,
          1.3915416
        ]
      },
      "id": "node/8500890217"
    },
    {
      "type": "Feature",
      "properties": {
        "@id": "node/8500893117",
        "amenity": "cafe",
        "name": "Guang Yuan 广缘 - Sengkang",
        "name:en": "Guang Yuan vegetarian",
        "name:zh": "广缘素食"
      },
      "geometry": {
        "type": "Point",
        "coordinates": [
          103.8935855,
          1.39148
        ]
      },
      "id": "node/8500893117"
    },
    {
      "type": "Feature",
      "properties": {
        "@id": "node/8500894717",
        "amenity": "cafe",
        "name": "Green Leaf Cuisine Indian vegetarian"
      },
      "geometry": {
        "type": "Point",
        "coordinates": [
          103.8935645,
          1.3916334
        ]
      },
      "id": "node/8500894717"
    },
    {
      "type": "Feature",
      "properties": {
        "@id": "node/8505795934",
        "amenity": "cafe",
        "level": "0",
        "name": "Maison Sucrée",
        "shop": "bakery"
      },
      "geometry": {
        "type": "Point",
        "coordinates": [
          103.815619,
          1.2894188
        ]
      },
      "id": "node/8505795934"
    },
    {
      "type": "Feature",
      "properties": {
        "@id": "node/8505795939",
        "amenity": "cafe",
        "name": "The Living Room Eating House"
      },
      "geometry": {
        "type": "Point",
        "coordinates": [
          103.8148365,
          1.2894957
        ]
      },
      "id": "node/8505795939"
    },
    {
      "type": "Feature",
      "properties": {
        "@id": "node/8505795941",
        "air_conditioning": "yes",
        "amenity": "cafe",
        "cuisine": "ice_cream;coffee_shop;dessert",
        "internet_access": "wlan",
        "internet_access:fee": "no",
        "level": "1",
        "name": "Desert Dessert",
        "opening_hours": "Mo-Su 11:00-23:00",
        "outdoor_seating": "no"
      },
      "geometry": {
        "type": "Point",
        "coordinates": [
          103.8155146,
          1.2890382
        ]
      },
      "id": "node/8505795941"
    },
    {
      "type": "Feature",
      "properties": {
        "@id": "node/8520102605",
        "amenity": "cafe",
        "cuisine": "bubble_tea",
        "level": "0",
        "name": "yùng yùng",
        "takeaway": "only",
        "wheelchair": "limited"
      },
      "geometry": {
        "type": "Point",
        "coordinates": [
          103.8495708,
          1.3485286
        ]
      },
      "id": "node/8520102605"
    },
    {
      "type": "Feature",
      "properties": {
        "@id": "node/8520114132",
        "amenity": "cafe",
        "level": "0",
        "name": "Denzy"
      },
      "geometry": {
        "type": "Point",
        "coordinates": [
          103.8491489,
          1.3491822
        ]
      },
      "id": "node/8520114132"
    },
    {
      "type": "Feature",
      "properties": {
        "@id": "node/8520188279",
        "amenity": "cafe",
        "cuisine": "bubble_tea",
        "level": "1",
        "name": "LiHO",
        "takeaway": "only"
      },
      "geometry": {
        "type": "Point",
        "coordinates": [
          103.848319,
          1.3501399
        ]
      },
      "id": "node/8520188279"
    },
    {
      "type": "Feature",
      "properties": {
        "@id": "node/8526792782",
        "amenity": "cafe",
        "brand": "Luckin Coffee",
        "brand:wikidata": "Q56811344",
        "cuisine": "coffee_shop",
        "level": "0",
        "name": "Luckin Coffee",
        "takeaway": "yes",
        "wheelchair": "yes"
      },
      "geometry": {
        "type": "Point",
        "coordinates": [
          103.8451851,
          1.2979762
        ]
      },
      "id": "node/8526792782"
    },
    {
      "type": "Feature",
      "properties": {
        "@id": "node/8526792783",
        "amenity": "cafe",
        "level": "0",
        "name": "Killiney Bagus",
        "wheelchair": "yes"
      },
      "geometry": {
        "type": "Point",
        "coordinates": [
          103.84507,
          1.2980803
        ]
      },
      "id": "node/8526792783"
    },
    {
      "type": "Feature",
      "properties": {
        "@id": "node/8526971992",
        "addr:city": "Singapore",
        "addr:housenumber": "30",
        "addr:postcode": "409006",
        "addr:street": "Paya Lebar Road",
        "addr:unit": "#01-04",
        "amenity": "cafe",
        "branch": "Paya Lebar",
        "cuisine": "bubble_tea",
        "level": "0",
        "name": "KOI Thé",
        "opening_hours": "Mo-Su 10:00-22:00",
        "phone": "+65 6743 1200",
        "takeaway": "only",
        "website": "https://www.koithe.com/en/global/koi-singapore"
      },
      "geometry": {
        "type": "Point",
        "coordinates": [
          103.8923611,
          1.3181631
        ]
      },
      "id": "node/8526971992"
    },
    {
      "type": "Feature",
      "properties": {
        "@id": "node/8526971993",
        "addr:city": "Singapore",
        "addr:housenumber": "10",
        "addr:postcode": "409057",
        "addr:street": "Paya Lebar Road",
        "addr:unit": "#B1-02",
        "amenity": "cafe",
        "branch": "Paya Lebar Quarter",
        "cuisine": "bubble_tea",
        "level": "-1",
        "name": "KOI Thé",
        "opening_hours": "Mo-Su 10:00-22:00",
        "phone": "+65 6974 3428",
        "takeaway": "only",
        "website": "https://www.koithe.com/en/global/koi-singapore"
      },
      "geometry": {
        "type": "Point",
        "coordinates": [
          103.8926187,
          1.31773
        ]
      },
      "id": "node/8526971993"
    },
    {
      "type": "Feature",
      "properties": {
        "@id": "node/8527191286",
        "amenity": "cafe",
        "cuisine": "bubble_tea",
        "level": "1",
        "level:ref": "2",
        "name": "amps tea",
        "takeaway": "yes"
      },
      "geometry": {
        "type": "Point",
        "coordinates": [
          103.8496567,
          1.2913665
        ]
      },
      "id": "node/8527191286"
    },
    {
      "type": "Feature",
      "properties": {
        "@id": "node/8527367899",
        "amenity": "cafe",
        "level": "-1",
        "name": "M2 Cafe"
      },
      "geometry": {
        "type": "Point",
        "coordinates": [
          103.8511159,
          1.2912861
        ]
      },
      "id": "node/8527367899"
    },
    {
      "type": "Feature",
      "properties": {
        "@id": "node/8527367910",
        "amenity": "cafe",
        "level": "-1",
        "name": "Coffee Hive"
      },
      "geometry": {
        "type": "Point",
        "coordinates": [
          103.8513033,
          1.2910299
        ]
      },
      "id": "node/8527367910"
    },
    {
      "type": "Feature",
      "properties": {
        "@id": "node/8527380217",
        "amenity": "cafe",
        "level": "0",
        "name": "Fruits Cafe"
      },
      "geometry": {
        "type": "Point",
        "coordinates": [
          103.8512534,
          1.2913326
        ]
      },
      "id": "node/8527380217"
    },
    {
      "type": "Feature",
      "properties": {
        "@id": "node/8527380230",
        "amenity": "cafe",
        "level": "-1",
        "name": "WhiteElephant"
      },
      "geometry": {
        "type": "Point",
        "coordinates": [
          103.8510266,
          1.2913298
        ]
      },
      "id": "node/8527380230"
    },
    {
      "type": "Feature",
      "properties": {
        "@id": "node/8527380231",
        "amenity": "cafe",
        "name": "Chef Lai's Cafe"
      },
      "geometry": {
        "type": "Point",
        "coordinates": [
          103.851049,
          1.2913702
        ]
      },
      "id": "node/8527380231"
    },
    {
      "type": "Feature",
      "properties": {
        "@id": "node/8539678301",
        "amenity": "cafe",
        "cuisine": "bubble_tea",
        "level": "-3",
        "name": "LiHO TEA",
        "takeaway": "only"
      },
      "geometry": {
        "type": "Point",
        "coordinates": [
          103.8452066,
          1.2998292
        ]
      },
      "id": "node/8539678301"
    },
    {
      "type": "Feature",
      "properties": {
        "@id": "node/8548350140",
        "amenity": "cafe",
        "cuisine": "bubble_tea",
        "level": "0",
        "name": "爱茶",
        "takeaway": "only"
      },
      "geometry": {
        "type": "Point",
        "coordinates": [
          103.8859499,
          1.3739838
        ]
      },
      "id": "node/8548350140"
    },
    {
      "type": "Feature",
      "properties": {
        "@id": "node/8556122308",
        "amenity": "cafe",
        "cuisine": "bubble_tea",
        "name": "KOI Express",
        "takeaway": "only"
      },
      "geometry": {
        "type": "Point",
        "coordinates": [
          103.8497628,
          1.3694984
        ]
      },
      "id": "node/8556122308"
    },
    {
      "type": "Feature",
      "properties": {
        "@id": "node/8556122309",
        "amenity": "cafe",
        "brand": "The Coffee Bean & Tea Leaf",
        "brand:wikidata": "Q1141384",
        "cuisine": "coffee_shop",
        "level": "-1",
        "name": "The Coffee Bean & Tea Leaf",
        "takeaway": "yes"
      },
      "geometry": {
        "type": "Point",
        "coordinates": [
          103.8481625,
          1.3691039
        ]
      },
      "id": "node/8556122309"
    },
    {
      "type": "Feature",
      "properties": {
        "@id": "node/8556164731",
        "addr:housenumber": "B1F",
        "addr:street": "AMK Hub",
        "amenity": "cafe",
        "cuisine": "bubble_tea",
        "level": "-1",
        "name": "吃茶三千 CHICHA San Chen",
        "takeaway": "only"
      },
      "geometry": {
        "type": "Point",
        "coordinates": [
          103.8484335,
          1.3693926
        ]
      },
      "id": "node/8556164731"
    },
    {
      "type": "Feature",
      "properties": {
        "@id": "node/8556164734",
        "amenity": "cafe",
        "brand": "Toast Box",
        "brand:wikidata": "Q100285490",
        "cuisine": "coffee_shop",
        "level": "0",
        "name": "Toast Box",
        "takeaway": "yes"
      },
      "geometry": {
        "type": "Point",
        "coordinates": [
          103.8489952,
          1.3691912
        ]
      },
      "id": "node/8556164734"
    },
    {
      "type": "Feature",
      "properties": {
        "@id": "node/8556164737",
        "amenity": "cafe",
        "level": "1",
        "name": "Heavenly Wang"
      },
      "geometry": {
        "type": "Point",
        "coordinates": [
          103.8485452,
          1.3692458
        ]
      },
      "id": "node/8556164737"
    },
    {
      "type": "Feature",
      "properties": {
        "@id": "node/8556213045",
        "amenity": "cafe",
        "brand": "Gong Cha",
        "brand:wikidata": "Q5581670",
        "brand:zh": "貢茶",
        "cuisine": "bubble_tea",
        "int_name": "Gong Cha",
        "level": "0",
        "name": "Gong Cha",
        "name:zh": "貢茶",
        "takeaway": "only"
      },
      "geometry": {
        "type": "Point",
        "coordinates": [
          103.8473865,
          1.3696918
        ]
      },
      "id": "node/8556213045"
    },
    {
      "type": "Feature",
      "properties": {
        "@id": "node/8556213053",
        "amenity": "cafe",
        "cuisine": "bubble_tea",
        "level": "0",
        "name": "KOI Thé",
        "takeaway": "only"
      },
      "geometry": {
        "type": "Point",
        "coordinates": [
          103.8475575,
          1.3691293
        ]
      },
      "id": "node/8556213053"
    },
    {
      "type": "Feature",
      "properties": {
        "@id": "node/8556213062",
        "amenity": "cafe",
        "cuisine": "ice_cream",
        "name": "Ji De Chi Dessert"
      },
      "geometry": {
        "type": "Point",
        "coordinates": [
          103.8471154,
          1.3691823
        ]
      },
      "id": "node/8556213062"
    },
    {
      "type": "Feature",
      "properties": {
        "@id": "node/8556333486",
        "amenity": "cafe",
        "cuisine": "bubble_tea",
        "level": "0",
        "name": "Yan Xi Tang",
        "name:zh": "延禧堂",
        "takeaway": "only"
      },
      "geometry": {
        "type": "Point",
        "coordinates": [
          103.8470748,
          1.371565
        ]
      },
      "id": "node/8556333486"
    },
    {
      "type": "Feature",
      "properties": {
        "@id": "node/8556333494",
        "amenity": "cafe",
        "level": "0",
        "name": "Veggie House & Max See"
      },
      "geometry": {
        "type": "Point",
        "coordinates": [
          103.8476464,
          1.371768
        ]
      },
      "id": "node/8556333494"
    },
    {
      "type": "Feature",
      "properties": {
        "@id": "node/8556405253",
        "amenity": "cafe",
        "cuisine": "bubble_tea",
        "level": "0",
        "name": "LiHO",
        "takeaway": "only"
      },
      "geometry": {
        "type": "Point",
        "coordinates": [
          103.8478763,
          1.3716957
        ]
      },
      "id": "node/8556405253"
    },
    {
      "type": "Feature",
      "properties": {
        "@id": "node/8556405255",
        "amenity": "cafe",
        "level": "0",
        "name": "82 Bunsik"
      },
      "geometry": {
        "type": "Point",
        "coordinates": [
          103.8478274,
          1.3716905
        ]
      },
      "id": "node/8556405255"
    },
    {
      "type": "Feature",
      "properties": {
        "@id": "node/8566305127",
        "amenity": "cafe",
        "cuisine": "bubble_tea",
        "level": "-1",
        "name": "R&B Tea",
        "takeaway": "only"
      },
      "geometry": {
        "type": "Point",
        "coordinates": [
          103.9133559,
          1.4029417
        ]
      },
      "id": "node/8566305127"
    },
    {
      "type": "Feature",
      "properties": {
        "@id": "node/8566305137",
        "amenity": "cafe",
        "level": "0",
        "name": "Rise & Grind"
      },
      "geometry": {
        "type": "Point",
        "coordinates": [
          103.9130687,
          1.4030237
        ]
      },
      "id": "node/8566305137"
    },
    {
      "type": "Feature",
      "properties": {
        "@id": "node/8566305140",
        "amenity": "cafe",
        "brand": "Châteraisé",
        "brand:en": "Chateraise",
        "brand:ja": "シャトレーゼ",
        "brand:wikidata": "Q11307696",
        "level": "1",
        "name": "Châteraisé",
        "name:en": "Chateraise",
        "name:ja": "シャトレーゼ",
        "shop": "confectionery"
      },
      "geometry": {
        "type": "Point",
        "coordinates": [
          103.9133763,
          1.4029103
        ]
      },
      "id": "node/8566305140"
    },
    {
      "type": "Feature",
      "properties": {
        "@id": "node/8566355850",
        "amenity": "cafe",
        "level": "0",
        "name": "Fun Toast"
      },
      "geometry": {
        "type": "Point",
        "coordinates": [
          103.832805,
          1.3039057
        ]
      },
      "id": "node/8566355850"
    },
    {
      "type": "Feature",
      "properties": {
        "@id": "node/8566472175",
        "amenity": "cafe",
        "brand": "Délifrance",
        "brand:wikidata": "Q5320229",
        "level": "1",
        "name": "Délifrance",
        "shop": "bakery"
      },
      "geometry": {
        "type": "Point",
        "coordinates": [
          103.830756,
          1.3044469
        ]
      },
      "id": "node/8566472175"
    },
    {
      "type": "Feature",
      "properties": {
        "@id": "node/8566472185",
        "amenity": "cafe",
        "level": "2",
        "name": "Cedele"
      },
      "geometry": {
        "type": "Point",
        "coordinates": [
          103.8309328,
          1.3045475
        ]
      },
      "id": "node/8566472185"
    },
    {
      "type": "Feature",
      "properties": {
        "@id": "node/8566472188",
        "amenity": "cafe",
        "level": "0",
        "name": "M&S Café",
        "operator": "Marks & Spencer",
        "takeaway": "yes"
      },
      "geometry": {
        "type": "Point",
        "coordinates": [
          103.8303345,
          1.3047843
        ]
      },
      "id": "node/8566472188"
    },
    {
      "type": "Feature",
      "properties": {
        "@id": "node/8566518439",
        "amenity": "cafe",
        "level": "4",
        "name": "Mia Fast Food Service"
      },
      "geometry": {
        "type": "Point",
        "coordinates": [
          103.8301049,
          1.3056273
        ]
      },
      "id": "node/8566518439"
    },
    {
      "type": "Feature",
      "properties": {
        "@id": "node/8566518445",
        "amenity": "cafe",
        "level": "4",
        "name": "Fishery Pot"
      },
      "geometry": {
        "type": "Point",
        "coordinates": [
          103.8300857,
          1.3056855
        ]
      },
      "id": "node/8566518445"
    },
    {
      "type": "Feature",
      "properties": {
        "@id": "node/8566518472",
        "amenity": "cafe",
        "fixme": "name",
        "level": "-1"
      },
      "geometry": {
        "type": "Point",
        "coordinates": [
          103.8302162,
          1.3055335
        ]
      },
      "id": "node/8566518472"
    },
    {
      "type": "Feature",
      "properties": {
        "@id": "node/8566563477",
        "amenity": "cafe",
        "level": "0",
        "name": "Brown Butter Cafe"
      },
      "geometry": {
        "type": "Point",
        "coordinates": [
          103.8285313,
          1.3061431
        ]
      },
      "id": "node/8566563477"
    },
    {
      "type": "Feature",
      "properties": {
        "@id": "node/8566563483",
        "amenity": "cafe",
        "level": "0",
        "name": "The Benjamins Cafe"
      },
      "geometry": {
        "type": "Point",
        "coordinates": [
          103.8284709,
          1.3061929
        ]
      },
      "id": "node/8566563483"
    },
    {
      "type": "Feature",
      "properties": {
        "@id": "node/8568749527",
        "amenity": "cafe",
        "name": "SOD Cafe",
        "wheelchair": "yes"
      },
      "geometry": {
        "type": "Point",
        "coordinates": [
          103.8355419,
          1.3510716
        ]
      },
      "id": "node/8568749527"
    },
    {
      "type": "Feature",
      "properties": {
        "@id": "node/8577798762",
        "amenity": "cafe",
        "cuisine": "bubble_tea",
        "level": "1",
        "name": "LiHO Tea",
        "takeaway": "only"
      },
      "geometry": {
        "type": "Point",
        "coordinates": [
          103.8849724,
          1.35947
        ]
      },
      "id": "node/8577798762"
    },
    {
      "type": "Feature",
      "properties": {
        "@id": "node/8577798765",
        "amenity": "cafe",
        "cuisine": "bubble_tea",
        "level": "0",
        "name": "Tea Tree Cafe",
        "takeaway": "only"
      },
      "geometry": {
        "type": "Point",
        "coordinates": [
          103.8850426,
          1.3595772
        ]
      },
      "id": "node/8577798765"
    },
    {
      "type": "Feature",
      "properties": {
        "@id": "node/8577798768",
        "amenity": "cafe",
        "brand": "Ya Kun Kaya Toast",
        "brand:wikidata": "Q8046237",
        "brand:wikipedia": "en:Ya Kun Kaya Toast",
        "cuisine": "coffee_shop",
        "level": "1",
        "name": "Ya Kun Kaya Toast",
        "takeaway": "yes"
      },
      "geometry": {
        "type": "Point",
        "coordinates": [
          103.8848714,
          1.3593787
        ]
      },
      "id": "node/8577798768"
    },
    {
      "type": "Feature",
      "properties": {
        "@id": "node/8577798781",
        "amenity": "cafe",
        "cuisine": "bubble_tea",
        "level": "1",
        "name": "Cup Walker",
        "takeaway": "only"
      },
      "geometry": {
        "type": "Point",
        "coordinates": [
          103.8854419,
          1.3594347
        ]
      },
      "id": "node/8577798781"
    },
    {
      "type": "Feature",
      "properties": {
        "@id": "node/8578225064",
        "amenity": "cafe",
        "level": "0",
        "name": "Hatter Street"
      },
      "geometry": {
        "type": "Point",
        "coordinates": [
          103.8881582,
          1.3594179
        ]
      },
      "id": "node/8578225064"
    },
    {
      "type": "Feature",
      "properties": {
        "@id": "node/8578225076",
        "amenity": "cafe",
        "level": "0",
        "name": "Sweet Thoughts",
        "name:zh": "思甜"
      },
      "geometry": {
        "type": "Point",
        "coordinates": [
          103.8880499,
          1.36053
        ]
      },
      "id": "node/8578225076"
    },
    {
      "type": "Feature",
      "properties": {
        "@id": "node/8578225079",
        "amenity": "cafe",
        "name": "Dat Little Cafe"
      },
      "geometry": {
        "type": "Point",
        "coordinates": [
          103.8849728,
          1.3580887
        ]
      },
      "id": "node/8578225079"
    },
    {
      "type": "Feature",
      "properties": {
        "@id": "node/8578225081",
        "amenity": "cafe",
        "level": "0",
        "name": "Knuckles"
      },
      "geometry": {
        "type": "Point",
        "coordinates": [
          103.8882788,
          1.3595113
        ]
      },
      "id": "node/8578225081"
    },
    {
      "type": "Feature",
      "properties": {
        "@id": "node/8582266730",
        "amenity": "cafe",
        "brand": "Kung Fu Tea",
        "brand:wikidata": "Q66023886",
        "cuisine": "bubble_tea",
        "level": "-1",
        "name": "Kung Fu Tea",
        "takeaway": "only"
      },
      "geometry": {
        "type": "Point",
        "coordinates": [
          103.8514391,
          1.3051639
        ]
      },
      "id": "node/8582266730"
    },
    {
      "type": "Feature",
      "properties": {
        "@id": "node/8596287051",
        "amenity": "cafe",
        "name": "Anglo Indian Cafe & Bar",
        "phone": "+6562842990",
        "website": "https://www.angloindian.com.sg/"
      },
      "geometry": {
        "type": "Point",
        "coordinates": [
          103.8523806,
          1.2767768
        ]
      },
      "id": "node/8596287051"
    },
    {
      "type": "Feature",
      "properties": {
        "@id": "node/8597312102",
        "amenity": "cafe",
        "cuisine": "bubble_tea",
        "level": "1",
        "name": "Chicha San Chen",
        "name:zh": "吃茶三千",
        "takeaway": "only"
      },
      "geometry": {
        "type": "Point",
        "coordinates": [
          103.8928851,
          1.3176296
        ]
      },
      "id": "node/8597312102"
    },
    {
      "type": "Feature",
      "properties": {
        "@id": "node/8597312103",
        "amenity": "cafe",
        "level": "1",
        "name": "Attap House"
      },
      "geometry": {
        "type": "Point",
        "coordinates": [
          103.8929704,
          1.3176436
        ]
      },
      "id": "node/8597312103"
    },
    {
      "type": "Feature",
      "properties": {
        "@id": "node/8597349722",
        "amenity": "cafe",
        "level": "1",
        "name": "Joe & Dough"
      },
      "geometry": {
        "type": "Point",
        "coordinates": [
          103.8927943,
          1.3175711
        ]
      },
      "id": "node/8597349722"
    },
    {
      "type": "Feature",
      "properties": {
        "@id": "node/8597539840",
        "amenity": "cafe",
        "level": "0",
        "name": "Tuk Tuk Cha",
        "outdoor_seating": "yes",
        "takeaway": "yes"
      },
      "geometry": {
        "type": "Point",
        "coordinates": [
          103.8934475,
          1.3178672
        ]
      },
      "id": "node/8597539840"
    },
    {
      "type": "Feature",
      "properties": {
        "@id": "node/8597539847",
        "amenity": "cafe",
        "name": "Smol",
        "outdoor_seating": "yes",
        "takeaway": "yes"
      },
      "geometry": {
        "type": "Point",
        "coordinates": [
          103.8933481,
          1.3178486
        ]
      },
      "id": "node/8597539847"
    },
    {
      "type": "Feature",
      "properties": {
        "@id": "node/8597884843",
        "amenity": "cafe",
        "cuisine": "bubble_tea",
        "level": "-1",
        "name": "LiHO Tea",
        "name:zh": "里喝茶"
      },
      "geometry": {
        "type": "Point",
        "coordinates": [
          103.8947436,
          1.3147579
        ]
      },
      "id": "node/8597884843"
    },
    {
      "type": "Feature",
      "properties": {
        "@id": "node/8597884885",
        "amenity": "cafe",
        "level": "-1",
        "name": "My First Choice"
      },
      "geometry": {
        "type": "Point",
        "coordinates": [
          103.8945895,
          1.3146086
        ]
      },
      "id": "node/8597884885"
    },
    {
      "type": "Feature",
      "properties": {
        "@id": "node/8597980440",
        "addr:city": "Singapore",
        "addr:country": "SG",
        "addr:housenumber": "902",
        "addr:postcode": "449874",
        "addr:street": "East Coast Park Service Road",
        "addr:unit": "#01-03",
        "amenity": "cafe",
        "branch": "East Coast Park Coastal PlayGrove",
        "email": "otsenquiry@oldtown.com.my",
        "level": "1",
        "name": "Old Town White Coffee",
        "opening_hours": "Mo-Fr 11:00-21:30; Sa, Su, Ph 09:30-21:30",
        "phone": "+65 6592 6276",
        "website": "https://oldtown.com.my/"
      },
      "geometry": {
        "type": "Point",
        "coordinates": [
          103.8993204,
          1.2965103
        ]
      },
      "id": "node/8597980440"
    },
    {
      "type": "Feature",
      "properties": {
        "@id": "node/8598143338",
        "amenity": "cafe",
        "level": "3",
        "name": "SK Cafe"
      },
      "geometry": {
        "type": "Point",
        "coordinates": [
          103.8938085,
          1.3146903
        ]
      },
      "id": "node/8598143338"
    },
    {
      "type": "Feature",
      "properties": {
        "@id": "node/8598143353",
        "amenity": "cafe",
        "level": "1",
        "name": "Citi Snack House"
      },
      "geometry": {
        "type": "Point",
        "coordinates": [
          103.8937803,
          1.3149184
        ]
      },
      "id": "node/8598143353"
    },
    {
      "type": "Feature",
      "properties": {
        "@id": "node/8598400969",
        "amenity": "cafe",
        "level": "-1",
        "name": "Kaffe & Toast Thai Noodle Bar"
      },
      "geometry": {
        "type": "Point",
        "coordinates": [
          103.8943626,
          1.3189077
        ]
      },
      "id": "node/8598400969"
    },
    {
      "type": "Feature",
      "properties": {
        "@id": "node/8598400977",
        "amenity": "cafe",
        "level": "0",
        "name": "Old Chang Kee",
        "note": "actually a cafe serving meals + the usual snacks"
      },
      "geometry": {
        "type": "Point",
        "coordinates": [
          103.8943238,
          1.3189696
        ]
      },
      "id": "node/8598400977"
    },
    {
      "type": "Feature",
      "properties": {
        "@id": "node/8598400990",
        "amenity": "cafe",
        "level": "0",
        "name": "Kopi & Tarts"
      },
      "geometry": {
        "type": "Point",
        "coordinates": [
          103.8943797,
          1.3187087
        ]
      },
      "id": "node/8598400990"
    },
    {
      "type": "Feature",
      "properties": {
        "@id": "node/8598400994",
        "amenity": "cafe",
        "level": "-1",
        "name": "Swee Heng 1989 Bakery Cafe",
        "name:zh": "瑞兴1989面包店",
        "shop": "bakery"
      },
      "geometry": {
        "type": "Point",
        "coordinates": [
          103.8944733,
          1.3190016
        ]
      },
      "id": "node/8598400994"
    },
    {
      "type": "Feature",
      "properties": {
        "@id": "node/8598401007",
        "amenity": "cafe",
        "brand": "Gong Cha",
        "brand:zh": "貢茶",
        "cuisine": "bubble_tea",
        "int_name": "Gong Cha",
        "level": "0",
        "name": "Gong Cha",
        "name:zh": "貢茶",
        "takeaway": "yes"
      },
      "geometry": {
        "type": "Point",
        "coordinates": [
          103.8937966,
          1.3185035
        ]
      },
      "id": "node/8598401007"
    },
    {
      "type": "Feature",
      "properties": {
        "@id": "node/8613927479",
        "amenity": "cafe",
        "cuisine": "bubble_tea",
        "level": "1",
        "name": "KOI Thé",
        "takeaway": "only"
      },
      "geometry": {
        "type": "Point",
        "coordinates": [
          103.848426,
          1.3503761
        ]
      },
      "id": "node/8613927479"
    },
    {
      "type": "Feature",
      "properties": {
        "@id": "node/8613927494",
        "amenity": "cafe",
        "fixme": "resurvey",
        "level": "1",
        "name": "Joe & Dough",
        "wheelchair": "yes"
      },
      "geometry": {
        "type": "Point",
        "coordinates": [
          103.8486879,
          1.3507228
        ]
      },
      "id": "node/8613927494"
    },
    {
      "type": "Feature",
      "properties": {
        "@id": "node/8613927504",
        "amenity": "cafe",
        "cuisine": "bubble_tea",
        "level": "0",
        "name": "KOI Express",
        "takeaway": "only"
      },
      "geometry": {
        "type": "Point",
        "coordinates": [
          103.8483066,
          1.3510327
        ]
      },
      "id": "node/8613927504"
    },
    {
      "type": "Feature",
      "properties": {
        "@id": "node/8613927505",
        "amenity": "cafe",
        "cuisine": "bubble_tea",
        "level": "0",
        "name": "Bober Tea",
        "takeaway": "only"
      },
      "geometry": {
        "type": "Point",
        "coordinates": [
          103.8480618,
          1.3505733
        ]
      },
      "id": "node/8613927505"
    },
    {
      "type": "Feature",
      "properties": {
        "@id": "node/8615039651",
        "addr:city": "Singapore",
        "addr:housenumber": "23",
        "addr:postcode": "556083",
        "addr:street": "Serangoon Central",
        "amenity": "cafe",
        "brand": "Gong Cha",
        "brand:wikidata": "Q5581670",
        "brand:wikipedia": "en:Gong Cha",
        "brand:zh": "貢茶",
        "cuisine": "bubble_tea",
        "int_name": "Gong Cha",
        "level": "-1",
        "name": "Gong Cha",
        "name:en": "Gong cha",
        "name:zh": "貢茶",
        "takeaway": "yes"
      },
      "geometry": {
        "type": "Point",
        "coordinates": [
          103.8730795,
          1.3499657
        ]
      },
      "id": "node/8615039651"
    },
    {
      "type": "Feature",
      "properties": {
        "@id": "node/8620920494",
        "amenity": "cafe",
        "level": "2",
        "name": "Playground By Playmade",
        "operator": "Playmade",
        "wheelchair": "yes"
      },
      "geometry": {
        "type": "Point",
        "coordinates": [
          103.8762258,
          1.3913009
        ]
      },
      "id": "node/8620920494"
    },
    {
      "type": "Feature",
      "properties": {
        "@id": "node/8620920508",
        "amenity": "cafe",
        "cuisine": "bubble_tea",
        "level": "-1",
        "name": "KOI Express",
        "takeaway": "only",
        "wheelchair": "yes"
      },
      "geometry": {
        "type": "Point",
        "coordinates": [
          103.8759372,
          1.3912811
        ]
      },
      "id": "node/8620920508"
    },
    {
      "type": "Feature",
      "properties": {
        "@id": "node/8620921618",
        "amenity": "cafe",
        "cuisine": "bubble_tea",
        "level": "-1",
        "name": "LiHO - Seletar Mall",
        "name:zh": "里喝",
        "takeaway": "yes",
        "wheelchair": "yes"
      },
      "geometry": {
        "type": "Point",
        "coordinates": [
          103.8760914,
          1.3912101
        ]
      },
      "id": "node/8620921618"
    },
    {
      "type": "Feature",
      "properties": {
        "@id": "node/8627744370",
        "amenity": "cafe",
        "level": "0",
        "name": "Kakak Café",
        "takeaway": "yes"
      },
      "geometry": {
        "type": "Point",
        "coordinates": [
          103.8470868,
          1.3323071
        ]
      },
      "id": "node/8627744370"
    },
    {
      "type": "Feature",
      "properties": {
        "@id": "node/8627880710",
        "amenity": "cafe",
        "cuisine": "bubble_tea",
        "level": "0",
        "name": "The Whale Tea",
        "takeaway": "only"
      },
      "geometry": {
        "type": "Point",
        "coordinates": [
          103.8483329,
          1.3328714
        ]
      },
      "id": "node/8627880710"
    },
    {
      "type": "Feature",
      "properties": {
        "@id": "node/8627880711",
        "amenity": "cafe",
        "cuisine": "bubble_tea",
        "level": "0",
        "name": "Hoki",
        "name:zh": "福气",
        "takeaway": "yes"
      },
      "geometry": {
        "type": "Point",
        "coordinates": [
          103.8492229,
          1.3317515
        ]
      },
      "id": "node/8627880711"
    },
    {
      "type": "Feature",
      "properties": {
        "@id": "node/8627880715",
        "amenity": "cafe",
        "cuisine": "bubble_tea",
        "level": "0",
        "name": "LiHO Tea",
        "takeaway": "only"
      },
      "geometry": {
        "type": "Point",
        "coordinates": [
          103.8483871,
          1.3328667
        ]
      },
      "id": "node/8627880715"
    },
    {
      "type": "Feature",
      "properties": {
        "@id": "node/8627880716",
        "amenity": "cafe",
        "cuisine": "bubble_tea",
        "level": "0",
        "name": "R&B巡茶",
        "takeaway": "only"
      },
      "geometry": {
        "type": "Point",
        "coordinates": [
          103.8496162,
          1.3320208
        ]
      },
      "id": "node/8627880716"
    },
    {
      "type": "Feature",
      "properties": {
        "@id": "node/8639399919",
        "addr:housenumber": "28",
        "addr:street": "Bali Lane",
        "amenity": "cafe",
        "check_date": "2025-04-16",
        "cuisine": "coffee_shop",
        "name": "Rumifolks",
        "opening_hours": "11:00-24:00",
        "payment:cash": "yes",
        "payment:credit_cards": "yes",
        "payment:debit_cards": "yes",
        "payment:mastercard": "yes",
        "payment:nets": "yes",
        "payment:visa": "yes",
        "takeaway": "yes",
        "wheelchair": "no"
      },
      "geometry": {
        "type": "Point",
        "coordinates": [
          103.8584495,
          1.3012072
        ]
      },
      "id": "node/8639399919"
    },
    {
      "type": "Feature",
      "properties": {
        "@id": "node/8642382002",
        "amenity": "cafe",
        "cuisine": "bubble_tea",
        "level": "-2",
        "name": "LiHO",
        "takeaway": "only"
      },
      "geometry": {
        "type": "Point",
        "coordinates": [
          103.845252,
          1.2768723
        ]
      },
      "id": "node/8642382002"
    },
    {
      "type": "Feature",
      "properties": {
        "@id": "node/8642382003",
        "amenity": "cafe",
        "level": "-1",
        "name": "Jewel"
      },
      "geometry": {
        "type": "Point",
        "coordinates": [
          103.8455183,
          1.2768839
        ]
      },
      "id": "node/8642382003"
    },
    {
      "type": "Feature",
      "properties": {
        "@id": "node/8642382004",
        "amenity": "cafe",
        "level": "-2",
        "name": "Cedele",
        "shop": "bakery"
      },
      "geometry": {
        "type": "Point",
        "coordinates": [
          103.8457348,
          1.2768776
        ]
      },
      "id": "node/8642382004"
    },
    {
      "type": "Feature",
      "properties": {
        "@id": "node/8642382008",
        "amenity": "cafe",
        "level": "-2",
        "name": "Qin Ji Rougamo",
        "name:zh": "秦记肉夹馍"
      },
      "geometry": {
        "type": "Point",
        "coordinates": [
          103.8456829,
          1.2768656
        ]
      },
      "id": "node/8642382008"
    },
    {
      "type": "Feature",
      "properties": {
        "@id": "node/8642382010",
        "amenity": "cafe",
        "cuisine": "bubble_tea",
        "level": "-2",
        "name": "Milksha",
        "takeaway": "yes"
      },
      "geometry": {
        "type": "Point",
        "coordinates": [
          103.8450029,
          1.2769164
        ]
      },
      "id": "node/8642382010"
    },
    {
      "type": "Feature",
      "properties": {
        "@id": "node/8642382016",
        "amenity": "cafe",
        "level": "0",
        "name": "Dimbulah"
      },
      "geometry": {
        "type": "Point",
        "coordinates": [
          103.8459501,
          1.2768471
        ]
      },
      "id": "node/8642382016"
    },
    {
      "type": "Feature",
      "properties": {
        "@id": "node/8642389119",
        "amenity": "cafe",
        "level": "0",
        "name": "Workspace"
      },
      "geometry": {
        "type": "Point",
        "coordinates": [
          103.8456648,
          1.2768125
        ]
      },
      "id": "node/8642389119"
    },
    {
      "type": "Feature",
      "properties": {
        "@id": "node/8642389132",
        "amenity": "cafe",
        "level": "-2",
        "name": "Fun Toast"
      },
      "geometry": {
        "type": "Point",
        "coordinates": [
          103.8452746,
          1.2769507
        ]
      },
      "id": "node/8642389132"
    },
    {
      "type": "Feature",
      "properties": {
        "@id": "node/8642389134",
        "amenity": "cafe",
        "level": "-1",
        "name": "Old Tea House",
        "takeaway": "yes"
      },
      "geometry": {
        "type": "Point",
        "coordinates": [
          103.8453791,
          1.2768062
        ]
      },
      "id": "node/8642389134"
    },
    {
      "type": "Feature",
      "properties": {
        "@id": "node/8642464777",
        "amenity": "cafe",
        "level": "0",
        "name": "Local Coffee People"
      },
      "geometry": {
        "type": "Point",
        "coordinates": [
          103.845677,
          1.2758801
        ]
      },
      "id": "node/8642464777"
    },
    {
      "type": "Feature",
      "properties": {
        "@id": "node/8642464779",
        "amenity": "cafe",
        "level": "0",
        "name": "Coffee to Go",
        "takeaway": "only"
      },
      "geometry": {
        "type": "Point",
        "coordinates": [
          103.8458128,
          1.2759586
        ]
      },
      "id": "node/8642464779"
    },
    {
      "type": "Feature",
      "properties": {
        "@id": "node/8642464786",
        "amenity": "cafe",
        "cuisine": "bubble_tea",
        "level": "0",
        "name": "Hey Long Cha"
      },
      "geometry": {
        "type": "Point",
        "coordinates": [
          103.8459903,
          1.2761441
        ]
      },
      "id": "node/8642464786"
    },
    {
      "type": "Feature",
      "properties": {
        "@id": "node/8642464791",
        "amenity": "cafe",
        "name": "Fun Toast"
      },
      "geometry": {
        "type": "Point",
        "coordinates": [
          103.8462096,
          1.2759628
        ]
      },
      "id": "node/8642464791"
    },
    {
      "type": "Feature",
      "properties": {
        "@id": "node/8642464792",
        "amenity": "cafe",
        "level": "0",
        "name": "Alchemist",
        "shop": "coffee"
      },
      "geometry": {
        "type": "Point",
        "coordinates": [
          103.8461636,
          1.2759582
        ]
      },
      "id": "node/8642464792"
    },
    {
      "type": "Feature",
      "properties": {
        "@id": "node/8642464796",
        "amenity": "cafe",
        "level": "0",
        "name": "The New and Old Café"
      },
      "geometry": {
        "type": "Point",
        "coordinates": [
          103.8459518,
          1.2761334
        ]
      },
      "id": "node/8642464796"
    },
    {
      "type": "Feature",
      "properties": {
        "@id": "node/8642464799",
        "amenity": "cafe",
        "level": "0",
        "name": "Cafe Belle Vie"
      },
      "geometry": {
        "type": "Point",
        "coordinates": [
          103.8457378,
          1.2756901
        ]
      },
      "id": "node/8642464799"
    },
    {
      "type": "Feature",
      "properties": {
        "@id": "node/8642464802",
        "amenity": "cafe",
        "level": "0",
        "name": "Trung Nguyen Coffee"
      },
      "geometry": {
        "type": "Point",
        "coordinates": [
          103.8461242,
          1.2757808
        ]
      },
      "id": "node/8642464802"
    },
    {
      "type": "Feature",
      "properties": {
        "@id": "node/8642464808",
        "amenity": "cafe",
        "cuisine": "bubble_tea",
        "level": "0",
        "name": "Miss Tea"
      },
      "geometry": {
        "type": "Point",
        "coordinates": [
          103.84589,
          1.2757282
        ]
      },
      "id": "node/8642464808"
    },
    {
      "type": "Feature",
      "properties": {
        "@id": "node/8642592333",
        "amenity": "cafe",
        "level": "0",
        "name": "Fun Toast"
      },
      "geometry": {
        "type": "Point",
        "coordinates": [
          103.8504058,
          1.2790114
        ]
      },
      "id": "node/8642592333"
    },
    {
      "type": "Feature",
      "properties": {
        "@id": "node/8642719432",
        "amenity": "cafe",
        "indoor_seating": "yes",
        "level": "-2",
        "name": "Angelina",
        "outdoor_seating": "no"
      },
      "geometry": {
        "type": "Point",
        "coordinates": [
          103.8590389,
          1.2833291
        ]
      },
      "id": "node/8642719432"
    },
    {
      "type": "Feature",
      "properties": {
        "@id": "node/8647292451",
        "amenity": "cafe",
        "name": "Hilltop Cafe"
      },
      "geometry": {
        "type": "Point",
        "coordinates": [
          103.7743565,
          1.3114105
        ]
      },
      "id": "node/8647292451"
    },
    {
      "type": "Feature",
      "properties": {
        "@id": "node/8647883402",
        "addr:housenumber": "261",
        "addr:street": "Waterloo Street",
        "addr:unit": "#01-24",
        "air_conditioning": "yes",
        "amenity": "cafe",
        "changing_table": "no",
        "check_date": "2024-12-21",
        "cuisine": "coffee_shop",
        "internet_access": "no",
        "level": "0",
        "name": "Kurasu",
        "opening_hours": "Mo-Su 10:00-18:30",
        "outdoor_seating": "no",
        "payment:cash": "yes",
        "payment:credit_cards": "yes",
        "payment:debit_cards": "yes",
        "smoking": "no",
        "takeaway": "yes",
        "toilets": "yes",
        "toilets:access": "customers",
        "toilets:disposal": "flush",
        "toilets:position": "seated",
        "toilets:wheelchair": "no",
        "website": "https://kurasu.sg/",
        "wheelchair": "no"
      },
      "geometry": {
        "type": "Point",
        "coordinates": [
          103.8519374,
          1.2984367
        ]
      },
      "id": "node/8647883402"
    },
    {
      "type": "Feature",
      "properties": {
        "@id": "node/8647890970",
        "amenity": "cafe",
        "level": "0",
        "name": "Olivia & Co."
      },
      "geometry": {
        "type": "Point",
        "coordinates": [
          103.8584612,
          1.2958505
        ]
      },
      "id": "node/8647890970"
    },
    {
      "type": "Feature",
      "properties": {
        "@id": "node/8658614275",
        "amenity": "cafe",
        "cuisine": "bubble_tea",
        "level": "0",
        "name": "爱茶",
        "name:en": "i.tea",
        "takeaway": "only"
      },
      "geometry": {
        "type": "Point",
        "coordinates": [
          103.9492761,
          1.3726955
        ]
      },
      "id": "node/8658614275"
    },
    {
      "type": "Feature",
      "properties": {
        "@id": "node/8658614277",
        "addr:city": "Singapore",
        "addr:housenumber": "1",
        "addr:postcode": "518457",
        "addr:street": "Pasir Ris Central Street 3",
        "air_conditioning": "no",
        "amenity": "cafe",
        "cuisine": "bubble_tea",
        "delivery": "yes",
        "level": "0",
        "name": "Koi Thé",
        "opening_hours": "Mo-Su 10:00-22:00",
        "outdoor_seating": "no",
        "phone": "+65 6384 5016",
        "takeaway": "only",
        "website": "https://www.koithe.com/"
      },
      "geometry": {
        "type": "Point",
        "coordinates": [
          103.9493422,
          1.3724372
        ]
      },
      "id": "node/8658614277"
    },
    {
      "type": "Feature",
      "properties": {
        "@id": "node/8658614281",
        "addr:city": "Singapore",
        "addr:housenumber": "1",
        "addr:postcode": "518457",
        "addr:street": "Pasir Ris Central Street 3",
        "amenity": "cafe",
        "brand": "Kopi & Tarts",
        "cuisine": "coffee_shop",
        "level": "0",
        "name": "Kopi & Tarts",
        "opening_hours": "Mo-Su 07:00-20:30",
        "outdoor_seating": "no",
        "phone": "+6588056054",
        "website": "https://www.kopiandtarts.com.sg/"
      },
      "geometry": {
        "type": "Point",
        "coordinates": [
          103.9493923,
          1.37254
        ]
      },
      "id": "node/8658614281"
    },
    {
      "type": "Feature",
      "properties": {
        "@id": "node/8658809920",
        "addr:city": "Singapore",
        "addr:housenumber": "1",
        "addr:postcode": "518457",
        "addr:street": "Pasir Ris Central Street 3",
        "air_conditioning": "yes",
        "amenity": "cafe",
        "cuisine": "coffee_shop",
        "level": "2",
        "name": "Fun Toast",
        "opening_hours": "Mo-Su 08:00-20:30",
        "outdoor_seating": "no",
        "takeaway": "yes",
        "website": "https://www.funtoast.com.sg/"
      },
      "geometry": {
        "type": "Point",
        "coordinates": [
          103.9496162,
          1.3723846
        ]
      },
      "id": "node/8658809920"
    },
    {
      "type": "Feature",
      "properties": {
        "@id": "node/8658867052",
        "addr:city": "Singapore",
        "addr:housenumber": "1",
        "addr:postcode": "518457",
        "addr:street": "Pasir Ris Central Street 3",
        "air_conditioning": "yes",
        "amenity": "cafe",
        "cuisine": "bubble_tea",
        "delivery": "yes",
        "level": "0",
        "name": "LiHO TEA",
        "opening_hours": "Mo-Fr 10:30-22:00; Sa-Sun,PH 10:15-22:00",
        "outdoor_seating": "no",
        "phone": "+65 65854812",
        "takeaway": "only",
        "website": "https://www.facebook.com/lihosg/"
      },
      "geometry": {
        "type": "Point",
        "coordinates": [
          103.9500058,
          1.3723537
        ]
      },
      "id": "node/8658867052"
    },
    {
      "type": "Feature",
      "properties": {
        "@id": "node/8658883203",
        "amenity": "cafe",
        "level": "0",
        "name": "Cottage Pies Cafe",
        "takeaway": "only"
      },
      "geometry": {
        "type": "Point",
        "coordinates": [
          103.9500821,
          1.3734129
        ]
      },
      "id": "node/8658883203"
    },
    {
      "type": "Feature",
      "properties": {
        "@id": "node/8666521241",
        "amenity": "cafe",
        "brand": "Starbucks",
        "brand:wikidata": "Q37158",
        "brand:wikipedia": "en:Starbucks",
        "cuisine": "coffee_shop",
        "level:ref": "3",
        "name": "Starbucks",
        "name:zh": "星巴克",
        "official_name": "Starbucks Coffee",
        "takeaway": "yes"
      },
      "geometry": {
        "type": "Point",
        "coordinates": [
          103.7715256,
          1.2978334
        ]
      },
      "id": "node/8666521241"
    },
    {
      "type": "Feature",
      "properties": {
        "@id": "node/8666521694",
        "amenity": "cafe",
        "brand": "Gong Cha",
        "brand:wikidata": "Q5581670",
        "brand:wikipedia": "en:Gong Cha",
        "brand:zh": "貢茶",
        "cuisine": "bubble_tea",
        "int_name": "Gong Cha",
        "name": "Gong Cha",
        "name:zh": "貢茶",
        "takeaway": "yes"
      },
      "geometry": {
        "type": "Point",
        "coordinates": [
          103.7807725,
          1.2965441
        ]
      },
      "id": "node/8666521694"
    },
    {
      "type": "Feature",
      "properties": {
        "@id": "node/8742755366",
        "addr:housenumber": "109",
        "addr:postcode": "120109",
        "addr:street": "Clementi Street 11",
        "addr:unit": "#01-03",
        "amenity": "cafe",
        "check_date": "2024-02-17",
        "cuisine": "coffee_shop",
        "name": "Coffee Friends",
        "opening_hours": "Mo-Su 08:00-17:00",
        "wheelchair": "no"
      },
      "geometry": {
        "type": "Point",
        "coordinates": [
          103.7702958,
          1.3224011
        ]
      },
      "id": "node/8742755366"
    },
    {
      "type": "Feature",
      "properties": {
        "@id": "node/8760679206",
        "amenity": "cafe",
        "name": "The Larder Cafe"
      },
      "geometry": {
        "type": "Point",
        "coordinates": [
          103.8480824,
          1.333942
        ]
      },
      "id": "node/8760679206"
    },
    {
      "type": "Feature",
      "properties": {
        "@id": "node/8772915018",
        "addr:housenumber": "221",
        "addr:street": "Balestier Road",
        "amenity": "cafe",
        "check_date": "2024-04-06",
        "cuisine": "vietnamese;coffee_shop",
        "level": "0",
        "name": "Tiny’s Cafe",
        "outdoor_seating": "yes"
      },
      "geometry": {
        "type": "Point",
        "coordinates": [
          103.85268,
          1.3212626
        ]
      },
      "id": "node/8772915018"
    },
    {
      "type": "Feature",
      "properties": {
        "@id": "node/8863052808",
        "addr:city": "Singapore",
        "addr:housenumber": "#01-874, 632",
        "addr:postcode": "470632",
        "addr:street": "Bedok Reservoir Road",
        "amenity": "cafe",
        "cuisine": "bubble_tea",
        "name": "Each A Cup",
        "opening_hours": "10:00-21:45",
        "outdoor_seating": "no"
      },
      "geometry": {
        "type": "Point",
        "coordinates": [
          103.9136996,
          1.332857
        ]
      },
      "id": "node/8863052808"
    },
    {
      "type": "Feature",
      "properties": {
        "@id": "node/8895494554",
        "amenity": "cafe",
        "branch": "Canberra Plaza",
        "brand": "Starbucks",
        "brand:wikidata": "Q37158",
        "brand:wikipedia": "en:Starbucks",
        "internet_access": "yes",
        "internet_access:fee": "no",
        "level": "0",
        "name": "Starbucks",
        "opening_hours": "Su-Th,PH 07:30-22:00; Fr-Sa 07:30-23:00",
        "phone": "+65 6910 0962",
        "takeaway": "yes",
        "website": "https://www.starbucks.com.sg/",
        "wheelchair": "yes"
      },
      "geometry": {
        "type": "Point",
        "coordinates": [
          103.8303872,
          1.4433644
        ]
      },
      "id": "node/8895494554"
    },
    {
      "type": "Feature",
      "properties": {
        "@id": "node/8900325553",
        "addr:city": "Singapore",
        "addr:housenumber": "128",
        "addr:postcode": "188655",
        "addr:street": "Prinsep Street",
        "air_conditioning": "yes",
        "amenity": "cafe",
        "check_date": "2024-09-15",
        "cuisine": "coffee;cocktails",
        "indoor_seating": "yes",
        "internet_access": "yes",
        "internet_access:fee": "no",
        "level": "0",
        "name": "Alchemy",
        "opening_hours": "Mo-Fr 08:30-18:00",
        "outdoor_seating": "no",
        "phone": "+65 9457 0070",
        "smoking": "no",
        "takeaway": "yes",
        "website": "Https://Shake.Coffee",
        "wheelchair": "yes"
      },
      "geometry": {
        "type": "Point",
        "coordinates": [
          103.8517478,
          1.3018944
        ]
      },
      "id": "node/8900325553"
    },
    {
      "type": "Feature",
      "properties": {
        "@id": "node/8912431217",
        "amenity": "cafe",
        "name": "Smoocht Pantry",
        "opening_hours": "Mo-Su 12:00-09:00"
      },
      "geometry": {
        "type": "Point",
        "coordinates": [
          103.7306058,
          1.347994
        ]
      },
      "id": "node/8912431217"
    },
    {
      "type": "Feature",
      "properties": {
        "@id": "node/8941731746",
        "addr:housename": "Amoy Street Food Centre",
        "addr:unit": "#02-107",
        "amenity": "cafe",
        "cuisine": "coffee_shop",
        "name": "Mad Roaster"
      },
      "geometry": {
        "type": "Point",
        "coordinates": [
          103.8466011,
          1.2794177
        ]
      },
      "id": "node/8941731746"
    },
    {
      "type": "Feature",
      "properties": {
        "@id": "node/8941731747",
        "addr:street": "Victoria Street",
        "amenity": "cafe",
        "check_date": "2024-02-14",
        "cuisine": "steak",
        "diet:halal": "only",
        "level": "0",
        "name": "Old Street Victoria Cafe"
      },
      "geometry": {
        "type": "Point",
        "coordinates": [
          103.8524833,
          1.2970186
        ]
      },
      "id": "node/8941731747"
    },
    {
      "type": "Feature",
      "properties": {
        "@id": "node/8972124259",
        "amenity": "cafe",
        "check_date": "2024-09-15",
        "name": "Very Nice Curry Rice Cafe"
      },
      "geometry": {
        "type": "Point",
        "coordinates": [
          103.8522895,
          1.3025834
        ]
      },
      "id": "node/8972124259"
    },
    {
      "type": "Feature",
      "properties": {
        "@id": "node/8972126506",
        "amenity": "cafe",
        "check_date": "2025-03-12",
        "cuisine": "bubble_tea",
        "name": "LiHo Tea"
      },
      "geometry": {
        "type": "Point",
        "coordinates": [
          103.8523593,
          1.3026673
        ]
      },
      "id": "node/8972126506"
    },
    {
      "type": "Feature",
      "properties": {
        "@id": "node/9043834564",
        "amenity": "cafe",
        "check_date": "2022-12-11",
        "indoor_seating": "yes",
        "name": "Small Batch",
        "opening_hours": "Tu-Su 09:00-17:00",
        "takeaway": "yes",
        "wheelchair": "yes"
      },
      "geometry": {
        "type": "Point",
        "coordinates": [
          103.8177818,
          1.3210709
        ]
      },
      "id": "node/9043834564"
    },
    {
      "type": "Feature",
      "properties": {
        "@id": "node/9050928316",
        "amenity": "cafe",
        "name": "Wee Xiang Cafe"
      },
      "geometry": {
        "type": "Point",
        "coordinates": [
          103.8450286,
          1.3353929
        ]
      },
      "id": "node/9050928316"
    },
    {
      "type": "Feature",
      "properties": {
        "@id": "node/9050945934",
        "amenity": "cafe",
        "name": "Hvala",
        "website": "https://www.hvala.com.sg/",
        "wheelchair": "yes"
      },
      "geometry": {
        "type": "Point",
        "coordinates": [
          103.8379192,
          1.3003291
        ]
      },
      "id": "node/9050945934"
    },
    {
      "type": "Feature",
      "properties": {
        "@id": "node/9050983856",
        "addr:floor": "1",
        "addr:housenumber": "111",
        "addr:street": "Somerset Road",
        "amenity": "cafe",
        "check_date": "2025-10-21",
        "level": "0",
        "name": "Jakarta Ropang Project",
        "wheelchair": "yes"
      },
      "geometry": {
        "type": "Point",
        "coordinates": [
          103.83772,
          1.300363
        ]
      },
      "id": "node/9050983856"
    },
    {
      "type": "Feature",
      "properties": {
        "@id": "node/9050994346",
        "amenity": "cafe",
        "check_date": "2024-04-09",
        "level": "0",
        "name": "Cotti Coffee",
        "outdoor_seating": "no"
      },
      "geometry": {
        "type": "Point",
        "coordinates": [
          103.8511855,
          1.3052382
        ]
      },
      "id": "node/9050994346"
    },
    {
      "type": "Feature",
      "properties": {
        "@id": "node/9056883418",
        "addr:city": "Singapore",
        "addr:country": "SG",
        "addr:housenumber": "290",
        "addr:postcode": "238859",
        "addr:street": "Orchard Road",
        "amenity": "cafe",
        "brand": "Tiger Sugar",
        "brand:wikidata": "Q76099070",
        "cuisine": "bubble_tea",
        "level": "-1",
        "name": "Tiger Sugar",
        "name:en": "Tiger Sugar",
        "name:zh": "老虎堂",
        "shop": "beverages",
        "takeaway": "only",
        "website": "https://en.tigersugar.com/"
      },
      "geometry": {
        "type": "Point",
        "coordinates": [
          103.8357053,
          1.3033073
        ]
      },
      "id": "node/9056883418"
    },
    {
      "type": "Feature",
      "properties": {
        "@id": "node/9061417519",
        "amenity": "cafe",
        "name": "AM:PM Cafe"
      },
      "geometry": {
        "type": "Point",
        "coordinates": [
          103.8556851,
          1.3728325
        ]
      },
      "id": "node/9061417519"
    },
    {
      "type": "Feature",
      "properties": {
        "@id": "node/9061417520",
        "amenity": "cafe",
        "name": "Sweet Cheeks"
      },
      "geometry": {
        "type": "Point",
        "coordinates": [
          103.8557203,
          1.3725385
        ]
      },
      "id": "node/9061417520"
    },
    {
      "type": "Feature",
      "properties": {
        "@id": "node/9061436717",
        "addr:postcode": "560555",
        "amenity": "cafe",
        "name": "The Castel Cafe"
      },
      "geometry": {
        "type": "Point",
        "coordinates": [
          103.8570935,
          1.370738
        ]
      },
      "id": "node/9061436717"
    },
    {
      "type": "Feature",
      "properties": {
        "@id": "node/9061507017",
        "amenity": "cafe",
        "name": "Yellow Cafe"
      },
      "geometry": {
        "type": "Point",
        "coordinates": [
          103.841242,
          1.2756022
        ]
      },
      "id": "node/9061507017"
    },
    {
      "type": "Feature",
      "properties": {
        "@id": "node/9061515417",
        "amenity": "cafe",
        "name": "Cafe 2000"
      },
      "geometry": {
        "type": "Point",
        "coordinates": [
          103.8452218,
          1.2738962
        ]
      },
      "id": "node/9061515417"
    },
    {
      "type": "Feature",
      "properties": {
        "@id": "node/9063526147",
        "addr:city": "Singapore",
        "addr:housenumber": "21",
        "addr:postcode": "689578",
        "addr:street": "Choa Chu Kang North 6",
        "amenity": "cafe",
        "cuisine": "coffee_shop;sandwich",
        "name": "Coffee Bean",
        "opening_hours": "24/7",
        "wheelchair": "yes"
      },
      "geometry": {
        "type": "Point",
        "coordinates": [
          103.7467482,
          1.3968643
        ]
      },
      "id": "node/9063526147"
    },
    {
      "type": "Feature",
      "properties": {
        "@id": "node/9063560951",
        "amenity": "cafe",
        "cuisine": "cafe",
        "name": "Whisk & Paddle"
      },
      "geometry": {
        "type": "Point",
        "coordinates": [
          103.7511064,
          1.3673828
        ]
      },
      "id": "node/9063560951"
    },
    {
      "type": "Feature",
      "properties": {
        "@id": "node/9063633975",
        "addr:city": "Singapore",
        "addr:housenumber": "#01-04",
        "addr:postcode": "138602",
        "addr:street": "Create Way",
        "amenity": "cafe",
        "cuisine": "bubble_tea",
        "internet_access": "yes",
        "internet_access:fee": "customers",
        "internet_access:ssid": "NUS STU",
        "name": "NANO PARTEA",
        "opening_hours": "Mo-Su 11:00-19:00",
        "outdoor_seating": "no",
        "phone": "+6586936372",
        "website": "https://partea.com.sg"
      },
      "geometry": {
        "type": "Point",
        "coordinates": [
          103.7735219,
          1.3040759
        ]
      },
      "id": "node/9063633975"
    },
    {
      "type": "Feature",
      "properties": {
        "@id": "node/9063672917",
        "addr:city": "Singapore",
        "addr:housenumber": "83",
        "addr:postcode": "440083",
        "addr:street": "Marine Parade Central",
        "amenity": "cafe",
        "cuisine": "bubble_tea",
        "internet_access": "no",
        "name": "Koi Cafe",
        "opening_hours": "Mo-Su 09:00-21:00",
        "outdoor_seating": "no",
        "phone": "+65 6440 4869"
      },
      "geometry": {
        "type": "Point",
        "coordinates": [
          103.9058512,
          1.3027655
        ]
      },
      "id": "node/9063672917"
    },
    {
      "type": "Feature",
      "properties": {
        "@id": "node/9063672919",
        "addr:city": "Singapore",
        "addr:housenumber": "1",
        "addr:postcode": "449408",
        "addr:street": "Marine Parade Rd",
        "air_conditioning": "yes",
        "amenity": "cafe",
        "brand": "LiHO TEA",
        "cuisine": "bubble_tea",
        "internet_access": "yes",
        "internet_access:fee": "no",
        "name": "LiHO TEA",
        "opening_hours": "Mo-Su 11:00-22:00",
        "outdoor_seating": "no"
      },
      "geometry": {
        "type": "Point",
        "coordinates": [
          103.9060537,
          1.301731
        ]
      },
      "id": "node/9063672919"
    },
    {
      "type": "Feature",
      "properties": {
        "@id": "node/9082240450",
        "amenity": "cafe",
        "cuisine": "bubble_tea",
        "level": "0",
        "name": "Tea Tree Cafe",
        "name:en": "Tea Tree Cafe"
      },
      "geometry": {
        "type": "Point",
        "coordinates": [
          103.9019248,
          1.4041848
        ]
      },
      "id": "node/9082240450"
    },
    {
      "type": "Feature",
      "properties": {
        "@id": "node/9083738596",
        "addr:housenumber": "70",
        "addr:postcode": "179037",
        "addr:street": "River Valley Road",
        "amenity": "cafe",
        "cuisine": "bakery",
        "name": "Tiong Bahru Bakery",
        "opening_hours": "Mo-Su 07:00-19:30",
        "phone": "+65 6877 4865"
      },
      "geometry": {
        "type": "Point",
        "coordinates": [
          103.8457012,
          1.2923537
        ]
      },
      "id": "node/9083738596"
    },
    {
      "type": "Feature",
      "properties": {
        "@id": "node/9083913508",
        "amenity": "cafe",
        "cuisine": "bubble_tea"
      },
      "geometry": {
        "type": "Point",
        "coordinates": [
          103.7646332,
          1.3132106
        ]
      },
      "id": "node/9083913508"
    },
    {
      "type": "Feature",
      "properties": {
        "@id": "node/9104606105",
        "amenity": "cafe",
        "brand": "Paris Baguette",
        "brand:wikidata": "Q62605260",
        "level": "0",
        "name": "Paris Baguette",
        "shop": "bakery",
        "takeaway": "yes"
      },
      "geometry": {
        "type": "Point",
        "coordinates": [
          103.8728675,
          1.3500919
        ]
      },
      "id": "node/9104606105"
    },
    {
      "type": "Feature",
      "properties": {
        "@id": "node/9118933517",
        "amenity": "cafe",
        "name": "Huggs Coffee"
      },
      "geometry": {
        "type": "Point",
        "coordinates": [
          103.8451719,
          1.2798689
        ]
      },
      "id": "node/9118933517"
    },
    {
      "type": "Feature",
      "properties": {
        "@id": "node/9118961718",
        "amenity": "cafe",
        "contact:facebook": "thecoffeecodesg",
        "contact:instagram": "thecoffeecodesg",
        "email": "thecoffeecodesingapore@gmail.com",
        "name": "Parallel Coffee Roasters",
        "name:en": "The Coffee Code",
        "opening_hours": "Mo-Th 11:00-22:00; Fr-Sa 11:00-23:00; Su 10:00-22:00",
        "opening_hours:kitchen": "Mo-Th 11:00-21:00; Fr-Sa 11:00-22:00; Su 10:00-21:00",
        "website": "https://drive.google.com/drive/mobile/folders/1LZBcQIiWdxVXFwk1VloHhBjb1XtqDTLk?usp=drive_link"
      },
      "geometry": {
        "type": "Point",
        "coordinates": [
          103.8429427,
          1.2798177
        ]
      },
      "id": "node/9118961718"
    },
    {
      "type": "Feature",
      "properties": {
        "@id": "node/9118961822",
        "addr:city": "Singapore",
        "addr:housenumber": "77",
        "addr:postcode": "088903",
        "addr:street": "Neil Road",
        "air_conditioning": "yes",
        "amenity": "cafe",
        "bar": "yes",
        "capacity": "50",
        "contact:facebook": "https://www.facebook.com/profile.php?id=61562113806559",
        "cuisine": "japanese;coffee_shop",
        "internet_access": "yes",
        "internet_access:fee": "no",
        "name": "Caracara",
        "outdoor_seating": "yes",
        "phone": "+6588521677"
      },
      "geometry": {
        "type": "Point",
        "coordinates": [
          103.8421939,
          1.2791644
        ]
      },
      "id": "node/9118961822"
    },
    {
      "type": "Feature",
      "properties": {
        "@id": "node/9122500218",
        "amenity": "cafe",
        "name": "Fun Toast",
        "name:en": "Fun Toast"
      },
      "geometry": {
        "type": "Point",
        "coordinates": [
          103.8478175,
          1.2768857
        ]
      },
      "id": "node/9122500218"
    },
    {
      "type": "Feature",
      "properties": {
        "@id": "node/9122506517",
        "amenity": "cafe",
        "name": "Mellower Coffee"
      },
      "geometry": {
        "type": "Point",
        "coordinates": [
          103.8484405,
          1.2779695
        ]
      },
      "id": "node/9122506517"
    },
    {
      "type": "Feature",
      "properties": {
        "@id": "node/9125470568",
        "amenity": "cafe",
        "level": "0",
        "name": "Mamma Mia",
        "takeaway": "yes"
      },
      "geometry": {
        "type": "Point",
        "coordinates": [
          103.902043,
          1.4065417
        ]
      },
      "id": "node/9125470568"
    },
    {
      "type": "Feature",
      "properties": {
        "@id": "node/9137917108",
        "amenity": "cafe",
        "cuisine": "bubble_tea",
        "level": "0",
        "name": "LiHO",
        "name:en": "LiHO",
        "name:nan": "汝好茶",
        "name:zh": "里喝茶",
        "takeaway": "yes"
      },
      "geometry": {
        "type": "Point",
        "coordinates": [
          103.8034802,
          1.2875646
        ]
      },
      "id": "node/9137917108"
    },
    {
      "type": "Feature",
      "properties": {
        "@id": "node/9166226517",
        "amenity": "cafe",
        "name": "La Fez Bakery and Cafe"
      },
      "geometry": {
        "type": "Point",
        "coordinates": [
          103.9247457,
          1.3128196
        ]
      },
      "id": "node/9166226517"
    },
    {
      "type": "Feature",
      "properties": {
        "@id": "node/9166775235",
        "amenity": "cafe",
        "brand": "Starbucks",
        "brand:wikidata": "Q37158",
        "brand:wikipedia": "en:Starbucks",
        "cuisine": "coffee_shop",
        "name": "Starbucks",
        "name:zh": "星巴克",
        "official_name": "Starbucks Coffee",
        "takeaway": "yes"
      },
      "geometry": {
        "type": "Point",
        "coordinates": [
          103.7799816,
          1.2960529
        ]
      },
      "id": "node/9166775235"
    },
    {
      "type": "Feature",
      "properties": {
        "@id": "node/9196769255",
        "amenity": "cafe",
        "brand": "The Coffee Bean & Tea Leaf",
        "brand:wikidata": "Q1141384",
        "brand:wikipedia": "en:The Coffee Bean & Tea Leaf",
        "check_date": "2026-01-19",
        "cuisine": "coffee_shop",
        "highchair": "yes",
        "level": "2",
        "name": "The Coffee Bean & Tea Leaf",
        "note": "separate outlet from CBTL on level 0",
        "takeaway": "yes"
      },
      "geometry": {
        "type": "Point",
        "coordinates": [
          103.8949016,
          1.3921303
        ]
      },
      "id": "node/9196769255"
    },
    {
      "type": "Feature",
      "properties": {
        "@id": "node/9203674790",
        "amenity": "cafe",
        "cuisine": "ice_cream",
        "level": "0",
        "name": "Birds Of Paradise",
        "takeaway": "yes"
      },
      "geometry": {
        "type": "Point",
        "coordinates": [
          103.7953398,
          1.3108131
        ]
      },
      "id": "node/9203674790"
    },
    {
      "type": "Feature",
      "properties": {
        "@id": "node/9269019947",
        "addr:unit": "37/38",
        "amenity": "cafe",
        "branch": "Northshore",
        "level": "1",
        "name": "Fun Toast"
      },
      "geometry": {
        "type": "Point",
        "coordinates": [
          103.9021034,
          1.4164611
        ]
      },
      "id": "node/9269019947"
    },
    {
      "type": "Feature",
      "properties": {
        "@id": "node/9269072794",
        "amenity": "cafe",
        "cuisine": "bubble_tea",
        "level": "0",
        "name": "KOI Thé",
        "takeaway": "only"
      },
      "geometry": {
        "type": "Point",
        "coordinates": [
          103.9019523,
          1.4166387
        ]
      },
      "id": "node/9269072794"
    },
    {
      "type": "Feature",
      "properties": {
        "@id": "node/9269072800",
        "amenity": "cafe",
        "branch": "Northshore",
        "brand": "The Coffee Bean & Tea Leaf",
        "brand:wikidata": "Q1141384",
        "brand:wikipedia": "en:The Coffee Bean & Tea Leaf",
        "cuisine": "coffee_shop",
        "level": "0",
        "name": "The Coffee Bean & Tea Leaf",
        "opening_hours": "24/7",
        "takeaway": "yes"
      },
      "geometry": {
        "type": "Point",
        "coordinates": [
          103.9019029,
          1.4171163
        ]
      },
      "id": "node/9269072800"
    },
    {
      "type": "Feature",
      "properties": {
        "@id": "node/9271015950",
        "amenity": "cafe",
        "cat": "yes",
        "description": "café specially catering to owners of cats or dogs",
        "dog": "yes",
        "level": "0",
        "name": "Ménage"
      },
      "geometry": {
        "type": "Point",
        "coordinates": [
          103.8359963,
          1.3528639
        ]
      },
      "id": "node/9271015950"
    },
    {
      "type": "Feature",
      "properties": {
        "@id": "node/9271147735",
        "addr:unit": "03",
        "amenity": "cafe",
        "level": "0",
        "name": "Maisone Bowl"
      },
      "geometry": {
        "type": "Point",
        "coordinates": [
          103.8354691,
          1.3532278
        ]
      },
      "id": "node/9271147735"
    },
    {
      "type": "Feature",
      "properties": {
        "@id": "node/9271147740",
        "amenity": "cafe",
        "level": "-1",
        "name": "The Black Sheep Café",
        "opening_hours": "We-Su 11:30-14:30,17:30-22:30; Tu 17:30-22:30; Mo closed"
      },
      "geometry": {
        "type": "Point",
        "coordinates": [
          103.8355333,
          1.3533968
        ]
      },
      "id": "node/9271147740"
    },
    {
      "type": "Feature",
      "properties": {
        "@id": "node/9271147741",
        "addr:unit": "03",
        "amenity": "cafe",
        "level": "0",
        "name": "Wellsmoocht",
        "opening_hours": "12:00-21:30"
      },
      "geometry": {
        "type": "Point",
        "coordinates": [
          103.8360349,
          1.3536412
        ]
      },
      "id": "node/9271147741"
    },
    {
      "type": "Feature",
      "properties": {
        "@id": "node/9271147746",
        "addr:unit": "02",
        "amenity": "cafe",
        "level": "0",
        "name": "Le Café Blanc"
      },
      "geometry": {
        "type": "Point",
        "coordinates": [
          103.8355273,
          1.3531873
        ]
      },
      "id": "node/9271147746"
    },
    {
      "type": "Feature",
      "properties": {
        "@id": "node/9271267303",
        "addr:unit": "43",
        "amenity": "cafe",
        "level": "2",
        "name": "Tingkat PeraMakan"
      },
      "geometry": {
        "type": "Point",
        "coordinates": [
          103.830405,
          1.354504
        ]
      },
      "id": "node/9271267303"
    },
    {
      "type": "Feature",
      "properties": {
        "@id": "node/9271315617",
        "addr:unit": "09",
        "amenity": "cafe",
        "level": "1",
        "name": "Coffee Hive"
      },
      "geometry": {
        "type": "Point",
        "coordinates": [
          103.830805,
          1.3548986
        ]
      },
      "id": "node/9271315617"
    },
    {
      "type": "Feature",
      "properties": {
        "@id": "node/9271315618",
        "addr:unit": "96",
        "amenity": "cafe",
        "level": "0",
        "name": "Kong Cafe"
      },
      "geometry": {
        "type": "Point",
        "coordinates": [
          103.8307309,
          1.3545815
        ]
      },
      "id": "node/9271315618"
    },
    {
      "type": "Feature",
      "properties": {
        "@id": "node/9271315621",
        "amenity": "cafe",
        "level": "0",
        "name": "Patisserie G"
      },
      "geometry": {
        "type": "Point",
        "coordinates": [
          103.8304317,
          1.3546025
        ]
      },
      "id": "node/9271315621"
    },
    {
      "type": "Feature",
      "properties": {
        "@id": "node/9271315622",
        "amenity": "cafe",
        "cuisine": "bubble_tea",
        "level": "0",
        "name": "LiHO Tea",
        "takeaway": "only",
        "wheelchair": "yes"
      },
      "geometry": {
        "type": "Point",
        "coordinates": [
          103.8302962,
          1.3543232
        ]
      },
      "id": "node/9271315622"
    },
    {
      "type": "Feature",
      "properties": {
        "@id": "node/9271315623",
        "amenity": "cafe",
        "level": "0",
        "name": "Rocky Master"
      },
      "geometry": {
        "type": "Point",
        "coordinates": [
          103.8310237,
          1.3549127
        ]
      },
      "id": "node/9271315623"
    },
    {
      "type": "Feature",
      "properties": {
        "@id": "node/9271315635",
        "amenity": "cafe",
        "cuisine": "bubble_tea",
        "level": "0",
        "name": "R&B巡茶",
        "takeaway": "only"
      },
      "geometry": {
        "type": "Point",
        "coordinates": [
          103.8302435,
          1.3541336
        ]
      },
      "id": "node/9271315635"
    },
    {
      "type": "Feature",
      "properties": {
        "@id": "node/9271315649",
        "addr:unit": "08",
        "alt_name": "Coriander Curry & Assam Fish",
        "amenity": "cafe",
        "contact:facebook": "thecoriandercafe",
        "level": "1",
        "name": "The Coriander Cafe"
      },
      "geometry": {
        "type": "Point",
        "coordinates": [
          103.8307504,
          1.3549149
        ]
      },
      "id": "node/9271315649"
    },
    {
      "type": "Feature",
      "properties": {
        "@id": "node/9271315657",
        "amenity": "cafe",
        "level": "2",
        "name": "Heavenly Wang",
        "wheelchair": "yes"
      },
      "geometry": {
        "type": "Point",
        "coordinates": [
          103.8304673,
          1.3544387
        ]
      },
      "id": "node/9271315657"
    },
    {
      "type": "Feature",
      "properties": {
        "@id": "node/9271352209",
        "amenity": "cafe",
        "level": "2",
        "name": "Huggs"
      },
      "geometry": {
        "type": "Point",
        "coordinates": [
          103.8307056,
          1.3547589
        ]
      },
      "id": "node/9271352209"
    },
    {
      "type": "Feature",
      "properties": {
        "@id": "node/9271817273",
        "amenity": "cafe",
        "level": "2",
        "name": "Old Tea Hut"
      },
      "geometry": {
        "type": "Point",
        "coordinates": [
          103.8437414,
          1.3203206
        ]
      },
      "id": "node/9271817273"
    },
    {
      "type": "Feature",
      "properties": {
        "@id": "node/9271817276",
        "amenity": "cafe",
        "cuisine": "bubble_tea",
        "level": "0",
        "name": "KOI Thé",
        "takeaway": "only",
        "wheelchair": "yes"
      },
      "geometry": {
        "type": "Point",
        "coordinates": [
          103.8440738,
          1.3191761
        ]
      },
      "id": "node/9271817276"
    },
    {
      "type": "Feature",
      "properties": {
        "@id": "node/9271817289",
        "amenity": "cafe",
        "cuisine": "bubble_tea",
        "level": "1",
        "name": "Milksha",
        "name:zh": "迷客夏",
        "takeaway": "only"
      },
      "geometry": {
        "type": "Point",
        "coordinates": [
          103.8438861,
          1.3197884
        ]
      },
      "id": "node/9271817289"
    },
    {
      "type": "Feature",
      "properties": {
        "@id": "node/9271817297",
        "addr:housenumber": "238",
        "addr:street": "Thomson Road",
        "amenity": "cafe",
        "check_date": "2023-11-10",
        "cuisine": "bubble_tea",
        "level": "0",
        "name": "Chicha San Chen",
        "name:zh": "吃茶三千",
        "payment:cash": "yes",
        "payment:credit_cards": "yes",
        "payment:mastercard": "yes",
        "payment:visa": "yes",
        "takeaway": "only"
      },
      "geometry": {
        "type": "Point",
        "coordinates": [
          103.8433339,
          1.3199657
        ]
      },
      "id": "node/9271817297"
    },
    {
      "type": "Feature",
      "properties": {
        "@id": "node/9283026794",
        "amenity": "cafe",
        "name": "Tiong Bahru Bakery"
      },
      "geometry": {
        "type": "Point",
        "coordinates": [
          103.8157547,
          1.3057104
        ]
      },
      "id": "node/9283026794"
    },
    {
      "type": "Feature",
      "properties": {
        "@id": "node/9301995000",
        "amenity": "cafe",
        "cuisine": "bubble_tea",
        "name": "R&B Tea",
        "opening_hours": "Mo-Su 11:00-21:00",
        "website": "https://rbtea.com.sg/"
      },
      "geometry": {
        "type": "Point",
        "coordinates": [
          103.79858,
          1.4325963
        ]
      },
      "id": "node/9301995000"
    },
    {
      "type": "Feature",
      "properties": {
        "@id": "node/9307768063",
        "amenity": "cafe",
        "level": "0",
        "name": "Warabi-Mochi Kamakura"
      },
      "geometry": {
        "type": "Point",
        "coordinates": [
          103.9019973,
          1.406215
        ]
      },
      "id": "node/9307768063"
    },
    {
      "type": "Feature",
      "properties": {
        "@id": "node/9331307741",
        "amenity": "cafe",
        "level": "0-1",
        "name": "MoMiJi Cafe"
      },
      "geometry": {
        "type": "Point",
        "coordinates": [
          103.7796584,
          1.336826
        ]
      },
      "id": "node/9331307741"
    },
    {
      "type": "Feature",
      "properties": {
        "@id": "node/9331307749",
        "amenity": "cafe",
        "level": "0",
        "name": "Camaca"
      },
      "geometry": {
        "type": "Point",
        "coordinates": [
          103.7791523,
          1.336976
        ]
      },
      "id": "node/9331307749"
    },
    {
      "type": "Feature",
      "properties": {
        "@id": "node/9331307752",
        "amenity": "cafe",
        "name": "Kindred Folk"
      },
      "geometry": {
        "type": "Point",
        "coordinates": [
          103.7789887,
          1.3367892
        ]
      },
      "id": "node/9331307752"
    },
    {
      "type": "Feature",
      "properties": {
        "@id": "node/9331307757",
        "amenity": "cafe",
        "level": "0",
        "name": "The M Plot",
        "shop": "pastry"
      },
      "geometry": {
        "type": "Point",
        "coordinates": [
          103.7789554,
          1.3368952
        ]
      },
      "id": "node/9331307757"
    },
    {
      "type": "Feature",
      "properties": {
        "@id": "node/9331327380",
        "amenity": "cafe",
        "level": "0",
        "name": "Cedele",
        "shop": "bakery"
      },
      "geometry": {
        "type": "Point",
        "coordinates": [
          103.7834357,
          1.336872
        ]
      },
      "id": "node/9331327380"
    },
    {
      "type": "Feature",
      "properties": {
        "@id": "node/9331475287",
        "addr:street": "Orchard Promenade",
        "amenity": "cafe",
        "brand": "The Coffee Bean & Tea Leaf",
        "brand:wikidata": "Q1141384",
        "cuisine": "coffee_shop",
        "level": "0",
        "name": "The Coffee Bean & Tea Leaf",
        "takeaway": "only"
      },
      "geometry": {
        "type": "Point",
        "coordinates": [
          103.8325447,
          1.3048966
        ]
      },
      "id": "node/9331475287"
    },
    {
      "type": "Feature",
      "properties": {
        "@id": "node/9331507345",
        "amenity": "cafe",
        "brand": "Toast Box",
        "brand:wikidata": "Q100285490",
        "cuisine": "coffee_shop",
        "level": "-1",
        "name": "Toast Box",
        "name:zh": "土司工坊",
        "takeaway": "yes"
      },
      "geometry": {
        "type": "Point",
        "coordinates": [
          103.8329272,
          1.305848
        ]
      },
      "id": "node/9331507345"
    },
    {
      "type": "Feature",
      "properties": {
        "@id": "node/9331507349",
        "amenity": "cafe",
        "level": "0",
        "name": "Tiong Bahru Bakery",
        "shop": "bakery"
      },
      "geometry": {
        "type": "Point",
        "coordinates": [
          103.8329435,
          1.3058885
        ]
      },
      "id": "node/9331507349"
    },
    {
      "type": "Feature",
      "properties": {
        "@id": "node/9331507351",
        "amenity": "cafe",
        "level": "-1",
        "name": "Maison Kayser",
        "shop": "bakery"
      },
      "geometry": {
        "type": "Point",
        "coordinates": [
          103.832796,
          1.3059047
        ]
      },
      "id": "node/9331507351"
    },
    {
      "type": "Feature",
      "properties": {
        "@id": "node/9331507357",
        "addr:street": "Scotts Road",
        "amenity": "cafe",
        "cuisine": "breakfast",
        "diet:vegan": "yes",
        "diet:vegetarian": "yes",
        "level": "-1",
        "name": "Oatberry Cafe"
      },
      "geometry": {
        "type": "Point",
        "coordinates": [
          103.832922,
          1.305797
        ]
      },
      "id": "node/9331507357"
    },
    {
      "type": "Feature",
      "properties": {
        "@id": "node/9331544307",
        "amenity": "cafe",
        "name": "Little Grain Coffee",
        "takeaway": "only"
      },
      "geometry": {
        "type": "Point",
        "coordinates": [
          103.834198,
          1.3038766
        ]
      },
      "id": "node/9331544307"
    },
    {
      "type": "Feature",
      "properties": {
        "@id": "node/9331544308",
        "amenity": "cafe",
        "brand": "Sharetea",
        "brand:wikidata": "Q64827032",
        "cuisine": "bubble_tea",
        "name": "Sharetea",
        "name:en": "Sharetea",
        "name:zh": "歇腳亭",
        "takeaway": "only"
      },
      "geometry": {
        "type": "Point",
        "coordinates": [
          103.8336938,
          1.3041494
        ]
      },
      "id": "node/9331544308"
    },
    {
      "type": "Feature",
      "properties": {
        "@id": "node/9331824669",
        "amenity": "cafe",
        "level": "4",
        "name": "Bakers Brew"
      },
      "geometry": {
        "type": "Point",
        "coordinates": [
          103.8357209,
          1.3035908
        ]
      },
      "id": "node/9331824669"
    },
    {
      "type": "Feature",
      "properties": {
        "@id": "node/9333295717",
        "amenity": "cafe",
        "name": "New Century Food House"
      },
      "geometry": {
        "type": "Point",
        "coordinates": [
          103.8675564,
          1.3173426
        ]
      },
      "id": "node/9333295717"
    },
    {
      "type": "Feature",
      "properties": {
        "@id": "node/9350077517",
        "amenity": "cafe",
        "name": "The Forage Cafe"
      },
      "geometry": {
        "type": "Point",
        "coordinates": [
          103.8524349,
          1.3016083
        ]
      },
      "id": "node/9350077517"
    },
    {
      "type": "Feature",
      "properties": {
        "@id": "node/9357946986",
        "addr:city": "Singapore",
        "addr:postcode": "120721",
        "addr:street": "Clementi West Street 2",
        "amenity": "cafe",
        "cuisine": "ice_cream",
        "name": "Cafe 134",
        "outdoor_seating": "yes"
      },
      "geometry": {
        "type": "Point",
        "coordinates": [
          103.7642557,
          1.3024231
        ]
      },
      "id": "node/9357946986"
    },
    {
      "type": "Feature",
      "properties": {
        "@id": "node/9371385118",
        "amenity": "cafe",
        "cuisine": "bubble_tea",
        "name": "Liho Tea"
      },
      "geometry": {
        "type": "Point",
        "coordinates": [
          103.8025644,
          1.4391251
        ]
      },
      "id": "node/9371385118"
    },
    {
      "type": "Feature",
      "properties": {
        "@id": "node/9375732117",
        "amenity": "cafe",
        "name": "Ya Kun",
        "wheelchair": "yes"
      },
      "geometry": {
        "type": "Point",
        "coordinates": [
          103.8306038,
          1.4431024
        ]
      },
      "id": "node/9375732117"
    },
    {
      "type": "Feature",
      "properties": {
        "@id": "node/9392680751",
        "addr:housenumber": "#B2-30",
        "addr:street": "Takashimaya S.C.",
        "amenity": "cafe",
        "cuisine": "singaporean",
        "level": "-2",
        "name": "Heavenly Wang",
        "phone": "+65 65506500",
        "website": "https://www.wangcafe.com/"
      },
      "geometry": {
        "type": "Point",
        "coordinates": [
          103.8341246,
          1.3033166
        ]
      },
      "id": "node/9392680751"
    },
    {
      "type": "Feature",
      "properties": {
        "@id": "node/9396011699",
        "addr:housenumber": "#B2-13/14",
        "addr:street": "VivoCity",
        "amenity": "cafe",
        "cuisine": "hongkong",
        "name": "Central Hong Kong Café",
        "name:en": "Central Hong Kong Café",
        "name:yue-Hant": "中環正宗香港茶餐廳",
        "name:zh-Hans": "中环正宗香港茶餐厅",
        "opening_hours": "Mo-Fr 10:30-22:00; Sa,Su,PH 10:30-22:00",
        "outdoor_seating": "no",
        "phone": "+65 63768270",
        "website": "https://www.centralhkcafe.com.sg/",
        "wheelchair": "yes"
      },
      "geometry": {
        "type": "Point",
        "coordinates": [
          103.8226738,
          1.2649566
        ]
      },
      "id": "node/9396011699"
    },
    {
      "type": "Feature",
      "properties": {
        "@id": "node/9398676414",
        "addr:city": "Singapore",
        "addr:country": "SG",
        "addr:housenumber": "26",
        "addr:postcode": "573971",
        "addr:street": "Sin Ming Lane",
        "amenity": "cafe",
        "cuisine": "hong_kong",
        "level": "0",
        "name": "So Good Char Chan Tang",
        "opening_hours": "Mo-Su 08:00-20:30",
        "phone": "+65 65702266",
        "takeaway": "yes"
      },
      "geometry": {
        "type": "Point",
        "coordinates": [
          103.8338424,
          1.359643
        ]
      },
      "id": "node/9398676414"
    },
    {
      "type": "Feature",
      "properties": {
        "@id": "node/9402035837",
        "amenity": "cafe",
        "indoor_seating": "yes",
        "name": "Taj Authentic Indian Cuisine",
        "outdoor_seating": "yes",
        "website": "https://tajauthenticindiancuisine.oddle.me/en_SG/"
      },
      "geometry": {
        "type": "Point",
        "coordinates": [
          103.8457466,
          1.2832042
        ]
      },
      "id": "node/9402035837"
    },
    {
      "type": "Feature",
      "properties": {
        "@id": "node/9430617117",
        "amenity": "cafe",
        "name": "Coffee Hive"
      },
      "geometry": {
        "type": "Point",
        "coordinates": [
          103.8487845,
          1.2807197
        ]
      },
      "id": "node/9430617117"
    },
    {
      "type": "Feature",
      "properties": {
        "@id": "node/9457431862",
        "amenity": "cafe",
        "name": "Professor Brawn Cafe"
      },
      "geometry": {
        "type": "Point",
        "coordinates": [
          103.8542903,
          1.3590412
        ]
      },
      "id": "node/9457431862"
    },
    {
      "type": "Feature",
      "properties": {
        "@id": "node/9480668517",
        "amenity": "cafe",
        "name": "Mylo’s"
      },
      "geometry": {
        "type": "Point",
        "coordinates": [
          103.8618995,
          1.2854723
        ]
      },
      "id": "node/9480668517"
    },
    {
      "type": "Feature",
      "properties": {
        "@id": "node/9482669260",
        "amenity": "cafe",
        "cuisine": "turkish",
        "name": "Ottoman Turkish Delights"
      },
      "geometry": {
        "type": "Point",
        "coordinates": [
          103.859536,
          1.3016301
        ]
      },
      "id": "node/9482669260"
    },
    {
      "type": "Feature",
      "properties": {
        "@id": "node/9574586543",
        "addr:unit": "42",
        "amenity": "cafe",
        "level": "1",
        "name": "Botanica",
        "wheelchair": "yes"
      },
      "geometry": {
        "type": "Point",
        "coordinates": [
          103.8622909,
          1.3020982
        ]
      },
      "id": "node/9574586543"
    },
    {
      "type": "Feature",
      "properties": {
        "@id": "node/9574586551",
        "addr:unit": "49",
        "amenity": "cafe",
        "level": "0",
        "name": "Synergy",
        "wheelchair": "yes"
      },
      "geometry": {
        "type": "Point",
        "coordinates": [
          103.8623536,
          1.302102
        ]
      },
      "id": "node/9574586551"
    },
    {
      "type": "Feature",
      "properties": {
        "@id": "node/9574589615",
        "amenity": "cafe",
        "brand": "Luckin Coffee",
        "cuisine": "coffee_shop",
        "level": "0",
        "name": "Luckin Coffee",
        "opening_hours": "Mo-Fr 07:30-21:00; Sa-Su 09:00-21:00",
        "smoking": "no",
        "takeaway": "yes"
      },
      "geometry": {
        "type": "Point",
        "coordinates": [
          103.8494906,
          1.3001534
        ]
      },
      "id": "node/9574589615"
    },
    {
      "type": "Feature",
      "properties": {
        "@id": "node/9574682419",
        "addr:unit": "10",
        "amenity": "cafe",
        "cuisine": "vietnamese",
        "indoor_seating": "yes",
        "level": "-1",
        "name": "Tre Chafé"
      },
      "geometry": {
        "type": "Point",
        "coordinates": [
          103.8491976,
          1.3001976
        ]
      },
      "id": "node/9574682419"
    },
    {
      "type": "Feature",
      "properties": {
        "@id": "node/9602732451",
        "amenity": "cafe",
        "name": "Bhai Sarbat Teh Tarik"
      },
      "geometry": {
        "type": "Point",
        "coordinates": [
          103.859986,
          1.3014399
        ]
      },
      "id": "node/9602732451"
    },
    {
      "type": "Feature",
      "properties": {
        "@id": "node/9603453714",
        "addr:housenumber": "1218",
        "addr:postcode": "787136",
        "addr:street": "Upper Thomson Road",
        "air_conditioning": "no",
        "amenity": "cafe",
        "bar": "no",
        "check_date": "2024-01-02",
        "contact:facebook": "https://www.facebook.com/lowef.co",
        "contact:instagram": "https://www.instagram.com/lowef.co/",
        "contact:website": "https://www.lowef.co/",
        "cuisine": "coffee_shop",
        "diet:vegetarian": "yes",
        "email": "hello@lowef.co",
        "internet_access": "wlan",
        "internet_access:fee": "customers",
        "location": "Springleaf Nature Park",
        "name": "The Löwe'f Shack",
        "opening_hours": "Mo off; Tu-Su,PH 08:00-18:00",
        "opening_hours:kitchen": "Tu-Su,PH 09:00-18:00",
        "outdoor_seating": "only",
        "payment:cash": "yes",
        "payment:grabpay": "yes",
        "payment:paynow": "yes",
        "payment:sgqr": "yes",
        "pet": "yes",
        "smoking": "no",
        "wheelchair": "yes"
      },
      "geometry": {
        "type": "Point",
        "coordinates": [
          103.8176151,
          1.40099
        ]
      },
      "id": "node/9603453714"
    },
    {
      "type": "Feature",
      "properties": {
        "@id": "node/9613455413",
        "amenity": "cafe",
        "name": "MK Cafe"
      },
      "geometry": {
        "type": "Point",
        "coordinates": [
          103.8890857,
          1.3243699
        ]
      },
      "id": "node/9613455413"
    },
    {
      "type": "Feature",
      "properties": {
        "@id": "node/9621280533",
        "addr:city": "Singapore",
        "addr:housename": "Vanguard Campus",
        "addr:housenumber": "1",
        "addr:postcode": "339263",
        "addr:street": "Kallang Junction",
        "addr:unit": "01-02",
        "air_conditioning": "no",
        "amenity": "cafe",
        "bar": "no",
        "check_date": "2024-05-10",
        "contact:instagram": "https://www.instagram.com/@banchong.sg",
        "cuisine": "malaysian",
        "delivery": "yes",
        "diet:halal": "yes",
        "email": "hello@peranakanplace.com",
        "highchair": "yes",
        "indoor_seating": "no",
        "internet_access": "wlan",
        "internet_access:fee": "no",
        "level": "0",
        "name": "Banchong Cafe",
        "opening_hours": "Mo-Fr 08:30-18:00; PH off",
        "outdoor_seating": "yes",
        "payment:cash": "no",
        "payment:credit_cards": "yes",
        "payment:debit_cards": "yes",
        "payment:mastercard": "yes",
        "payment:nets": "yes",
        "payment:paynow": "yes",
        "payment:visa": "yes",
        "pet": "no",
        "smoking": "no",
        "takeaway": "yes",
        "toilets": "no",
        "website": "https://www.banchong.sg/",
        "wheelchair": "yes"
      },
      "geometry": {
        "type": "Point",
        "coordinates": [
          103.8643917,
          1.3122393
        ]
      },
      "id": "node/9621280533"
    },
    {
      "type": "Feature",
      "properties": {
        "@id": "node/9621284728",
        "addr:housenumber": "803",
        "addr:postcode": "200803",
        "addr:street": "King George's Avenue",
        "amenity": "cafe",
        "cuisine": "coffee_shop",
        "name": "Habitat",
        "phone": "+65 8750 5258",
        "website": "https://habitatcoffee.com.sg/"
      },
      "geometry": {
        "type": "Point",
        "coordinates": [
          103.8611527,
          1.309146
        ]
      },
      "id": "node/9621284728"
    },
    {
      "type": "Feature",
      "properties": {
        "@id": "node/9630795128",
        "addr:city": "Singapore",
        "addr:floor": "Level 5",
        "addr:housenumber": "333",
        "addr:postcode": "238867",
        "addr:street": "Orchard Road",
        "amenity": "cafe",
        "contact:facebook": "https://www.facebook.com/ginger.lilysingapore",
        "contact:instagram": "https://www.instagram.com/ginger.lilysingapore/",
        "email": "Ginger.Lily@hilton.com",
        "internet_access": "wlan",
        "internet_access:fee": "no",
        "name": "Ginger.Lily",
        "opening_hours": "Mo-Su 08:00-01:00",
        "phone": "+65 6831 6273",
        "website": "http://www.hiltonsingaporeorchard.com/ginger.lily"
      },
      "geometry": {
        "type": "Point",
        "coordinates": [
          103.8357926,
          1.3018363
        ]
      },
      "id": "node/9630795128"
    },
    {
      "type": "Feature",
      "properties": {
        "@id": "node/9642057217",
        "amenity": "cafe",
        "name": "Killiney"
      },
      "geometry": {
        "type": "Point",
        "coordinates": [
          103.8918835,
          1.3274291
        ]
      },
      "id": "node/9642057217"
    },
    {
      "type": "Feature",
      "properties": {
        "@id": "node/9642057218",
        "amenity": "cafe",
        "name": "Killiney"
      },
      "geometry": {
        "type": "Point",
        "coordinates": [
          103.8927333,
          1.3269104
        ]
      },
      "id": "node/9642057218"
    },
    {
      "type": "Feature",
      "properties": {
        "@id": "node/9649202195",
        "addr:housenumber": "Block 35 #02-12",
        "addr:postcode": "138639",
        "addr:street": "35 Rochester Drive",
        "amenity": "cafe",
        "name": "Orange and Teal",
        "opening_hours": "Tu-Th, Su 11:00-21:00; Fr, Sa 11:00-22:00",
        "phone": "+65 6993 1006",
        "website": "https://orangeandteal.sg"
      },
      "geometry": {
        "type": "Point",
        "coordinates": [
          103.7886196,
          1.3052396
        ]
      },
      "id": "node/9649202195"
    },
    {
      "type": "Feature",
      "properties": {
        "@id": "node/9671017517",
        "amenity": "cafe",
        "name": "Yellow Cafe"
      },
      "geometry": {
        "type": "Point",
        "coordinates": [
          103.8412078,
          1.2752094
        ]
      },
      "id": "node/9671017517"
    },
    {
      "type": "Feature",
      "properties": {
        "@id": "node/9671017623",
        "addr:housenumber": "28",
        "addr:postcode": "058337",
        "addr:street": "Upper Cross Street",
        "amenity": "cafe",
        "check_date": "2024-06-11",
        "cuisine": "dessert",
        "name": "Gong He Guan",
        "name:zh": "恭和馆",
        "opening_hours": "10:30-22:30",
        "phone": "+65 6223 0562"
      },
      "geometry": {
        "type": "Point",
        "coordinates": [
          103.8451625,
          1.2840256
        ]
      },
      "id": "node/9671017623"
    },
    {
      "type": "Feature",
      "properties": {
        "@id": "node/9671017630",
        "addr:housenumber": "465",
        "addr:street": "Joo Chiat Road",
        "amenity": "cafe",
        "name": "The communal place"
      },
      "geometry": {
        "type": "Point",
        "coordinates": [
          103.9046243,
          1.3066884
        ]
      },
      "id": "node/9671017630"
    },
    {
      "type": "Feature",
      "properties": {
        "@id": "node/9671017631",
        "amenity": "cafe",
        "name": "Dolç Patisserie"
      },
      "geometry": {
        "type": "Point",
        "coordinates": [
          103.8358641,
          1.2764754
        ]
      },
      "id": "node/9671017631"
    },
    {
      "type": "Feature",
      "properties": {
        "@id": "node/9674875023",
        "addr:housenumber": "465",
        "addr:street": "Joo Chiat Road",
        "amenity": "cafe",
        "name": "The Communal Place"
      },
      "geometry": {
        "type": "Point",
        "coordinates": [
          103.9046349,
          1.3066838
        ]
      },
      "id": "node/9674875023"
    },
    {
      "type": "Feature",
      "properties": {
        "@id": "node/9674875818",
        "amenity": "cafe",
        "name": "Dolc Patisserie"
      },
      "geometry": {
        "type": "Point",
        "coordinates": [
          103.8358479,
          1.276477
        ]
      },
      "id": "node/9674875818"
    },
    {
      "type": "Feature",
      "properties": {
        "@id": "node/9710656506",
        "addr:unit": "92",
        "amenity": "cafe",
        "cuisine": "ice_cream",
        "level": "-1",
        "name": "The Humble Scoop",
        "opening_hours": "Tu-Th 12:00-20:30; PH,PH -1 day,Fr-Su 12:00-21:30; Mo closed"
      },
      "geometry": {
        "type": "Point",
        "coordinates": [
          103.9006987,
          1.303715
        ]
      },
      "id": "node/9710656506"
    },
    {
      "type": "Feature",
      "properties": {
        "@id": "node/9710704321",
        "addr:unit": "12",
        "amenity": "cafe",
        "level": "0",
        "name": "Le Le Zhan",
        "name:zh": "乐乐站"
      },
      "geometry": {
        "type": "Point",
        "coordinates": [
          103.900986,
          1.3036991
        ]
      },
      "id": "node/9710704321"
    },
    {
      "type": "Feature",
      "properties": {
        "@id": "node/9710736626",
        "addr:unit": "11",
        "amenity": "cafe",
        "level": "0",
        "name": "Group Therapy Cafe"
      },
      "geometry": {
        "type": "Point",
        "coordinates": [
          103.9030812,
          1.3033615
        ]
      },
      "id": "node/9710736626"
    },
    {
      "type": "Feature",
      "properties": {
        "@id": "node/9710736632",
        "addr:housenumber": "25",
        "addr:street": "Marine Parade Road",
        "air_conditioning": "yes",
        "amenity": "cafe",
        "check_date": "2023-05-07",
        "cuisine": "coffee_shop;bakery",
        "level": "1",
        "name": "Bread & Hearth",
        "opening_hours": "08:30-18:30",
        "outdoor_seating": "no",
        "wheelchair": "yes"
      },
      "geometry": {
        "type": "Point",
        "coordinates": [
          103.9028381,
          1.3039154
        ]
      },
      "id": "node/9710736632"
    },
    {
      "type": "Feature",
      "properties": {
        "@id": "node/9710784632",
        "amenity": "cafe",
        "level": "0",
        "name": "Camellia Tea Bar"
      },
      "geometry": {
        "type": "Point",
        "coordinates": [
          103.9046618,
          1.3048951
        ]
      },
      "id": "node/9710784632"
    },
    {
      "type": "Feature",
      "properties": {
        "@id": "node/9710784636",
        "amenity": "cafe",
        "level": "0",
        "name": "Killiney"
      },
      "geometry": {
        "type": "Point",
        "coordinates": [
          103.9046021,
          1.3047286
        ]
      },
      "id": "node/9710784636"
    },
    {
      "type": "Feature",
      "properties": {
        "@id": "node/9710784637",
        "amenity": "cafe",
        "level": "0",
        "name": "2Six"
      },
      "geometry": {
        "type": "Point",
        "coordinates": [
          103.9045937,
          1.3048281
        ]
      },
      "id": "node/9710784637"
    },
    {
      "type": "Feature",
      "properties": {
        "@id": "node/9710784641",
        "amenity": "cafe",
        "brand": "Starbucks",
        "cuisine": "coffee_shop",
        "name": "Starbucks",
        "official_name": "Starbucks Coffee",
        "takeaway": "yes"
      },
      "geometry": {
        "type": "Point",
        "coordinates": [
          103.9043997,
          1.3051395
        ]
      },
      "id": "node/9710784641"
    },
    {
      "type": "Feature",
      "properties": {
        "@id": "node/9710801517",
        "addr:unit": "01",
        "amenity": "cafe",
        "level": "0",
        "name": "Ambling Turtle"
      },
      "geometry": {
        "type": "Point",
        "coordinates": [
          103.904044,
          1.3049455
        ]
      },
      "id": "node/9710801517"
    },
    {
      "type": "Feature",
      "properties": {
        "@id": "node/9710870160",
        "amenity": "cafe",
        "cuisine": "ice_cream",
        "level": "1",
        "name": "Kind Kones"
      },
      "geometry": {
        "type": "Point",
        "coordinates": [
          103.9051013,
          1.3050652
        ]
      },
      "id": "node/9710870160"
    },
    {
      "type": "Feature",
      "properties": {
        "@id": "node/9710870161",
        "amenity": "cafe",
        "level": "0",
        "name": "Huggs Collective"
      },
      "geometry": {
        "type": "Point",
        "coordinates": [
          103.9050136,
          1.3050423
        ]
      },
      "id": "node/9710870161"
    },
    {
      "type": "Feature",
      "properties": {
        "@id": "node/9710870162",
        "addr:unit": "49",
        "amenity": "cafe",
        "level": "-1",
        "name": "Fun Toast"
      },
      "geometry": {
        "type": "Point",
        "coordinates": [
          103.9051228,
          1.3052316
        ]
      },
      "id": "node/9710870162"
    },
    {
      "type": "Feature",
      "properties": {
        "@id": "node/9710870169",
        "addr:city": "Singapore",
        "addr:country": "SG",
        "addr:housenumber": "112",
        "addr:postcode": "428802",
        "addr:street": "East Coast Road",
        "addr:unit": "#01-21",
        "amenity": "cafe",
        "level": "0",
        "name": "Totoi Toast"
      },
      "geometry": {
        "type": "Point",
        "coordinates": [
          103.9049711,
          1.305106
        ]
      },
      "id": "node/9710870169"
    },
    {
      "type": "Feature",
      "properties": {
        "@id": "node/9710870177",
        "amenity": "cafe",
        "cuisine": "bubble_tea",
        "level": "-1",
        "name": "Tea Pulse",
        "takeaway": "only"
      },
      "geometry": {
        "type": "Point",
        "coordinates": [
          103.9050524,
          1.30537
        ]
      },
      "id": "node/9710870177"
    },
    {
      "type": "Feature",
      "properties": {
        "@id": "node/9710870193",
        "amenity": "cafe",
        "brand": "Gong Cha",
        "brand:zh": "貢茶",
        "cuisine": "bubble_tea",
        "int_name": "Gong Cha",
        "level": "-1",
        "name": "Gong Cha",
        "name:zh": "貢茶",
        "takeaway": "only"
      },
      "geometry": {
        "type": "Point",
        "coordinates": [
          103.9049531,
          1.3052629
        ]
      },
      "id": "node/9710870193"
    },
    {
      "type": "Feature",
      "properties": {
        "@id": "node/9711387550",
        "addr:city": "Singapore",
        "addr:housenumber": "409",
        "addr:postcode": "248307",
        "addr:street": "River Valley Road",
        "air_conditioning": "yes",
        "amenity": "cafe",
        "brand": "The Coffee Bean & Tea Leaf",
        "brand:wikidata": "Q1141384",
        "check_date": "2024-06",
        "cuisine": "coffee_shop",
        "name": "The Coffee Bean & Tea Leaf",
        "opening_hours": "Mo-Su 08:00-22:00",
        "outdoor_seating": "no",
        "phone": "+65 65133286",
        "takeaway": "yes",
        "website": "https://www.coffeebean.com.sg/"
      },
      "geometry": {
        "type": "Point",
        "coordinates": [
          103.8299189,
          1.2953283
        ]
      },
      "id": "node/9711387550"
    },
    {
      "type": "Feature",
      "properties": {
        "@id": "node/9722348626",
        "amenity": "cafe",
        "name": "Wine & Kitchen"
      },
      "geometry": {
        "type": "Point",
        "coordinates": [
          103.837285,
          1.3004667
        ]
      },
      "id": "node/9722348626"
    },
    {
      "type": "Feature",
      "properties": {
        "@id": "node/9729557374",
        "amenity": "cafe"
      },
      "geometry": {
        "type": "Point",
        "coordinates": [
          103.9882648,
          1.3136478
        ]
      },
      "id": "node/9729557374"
    },
    {
      "type": "Feature",
      "properties": {
        "@id": "node/9736277417",
        "amenity": "cafe",
        "name": "Coffee Hive"
      },
      "geometry": {
        "type": "Point",
        "coordinates": [
          103.8536187,
          1.3021313
        ]
      },
      "id": "node/9736277417"
    },
    {
      "type": "Feature",
      "properties": {
        "@id": "node/9737542442",
        "amenity": "cafe",
        "branch": "Northshore Plaza",
        "cuisine": "ice_cream",
        "level": "0",
        "name": "Creamier"
      },
      "geometry": {
        "type": "Point",
        "coordinates": [
          103.9013311,
          1.417779
        ]
      },
      "id": "node/9737542442"
    },
    {
      "type": "Feature",
      "properties": {
        "@id": "node/9738975676",
        "amenity": "cafe",
        "level": "0",
        "name": "Ai Cafe"
      },
      "geometry": {
        "type": "Point",
        "coordinates": [
          103.8608404,
          1.3106198
        ]
      },
      "id": "node/9738975676"
    },
    {
      "type": "Feature",
      "properties": {
        "@id": "node/9739046631",
        "alt_name": "99 Coffee and Gelato",
        "amenity": "cafe",
        "level": "2",
        "name": "99 Cafe"
      },
      "geometry": {
        "type": "Point",
        "coordinates": [
          103.8621953,
          1.3084126
        ]
      },
      "id": "node/9739046631"
    },
    {
      "type": "Feature",
      "properties": {
        "@id": "node/9739150118",
        "amenity": "cafe",
        "brand": "Fun Toast",
        "check_date": "2024-10-18",
        "level": "0",
        "name": "Fun Toast",
        "opening_hours": "Mo-Fr 07:00-19:00; Sa 07:00-18:00; Su,PH off"
      },
      "geometry": {
        "type": "Point",
        "coordinates": [
          103.8570758,
          1.3016623
        ]
      },
      "id": "node/9739150118"
    },
    {
      "type": "Feature",
      "properties": {
        "@id": "node/9739240722",
        "amenity": "cafe",
        "name": "Pancake Place"
      },
      "geometry": {
        "type": "Point",
        "coordinates": [
          103.8600831,
          1.3015976
        ]
      },
      "id": "node/9739240722"
    },
    {
      "type": "Feature",
      "properties": {
        "@id": "node/9754372713",
        "amenity": "cafe"
      },
      "geometry": {
        "type": "Point",
        "coordinates": [
          103.7397424,
          1.3326177
        ]
      },
      "id": "node/9754372713"
    },
    {
      "type": "Feature",
      "properties": {
        "@id": "node/9757506517",
        "amenity": "cafe",
        "name": "Monochrome"
      },
      "geometry": {
        "type": "Point",
        "coordinates": [
          103.8577241,
          1.3077846
        ]
      },
      "id": "node/9757506517"
    },
    {
      "type": "Feature",
      "properties": {
        "@id": "node/9757545917",
        "amenity": "cafe",
        "name": "Pyroast"
      },
      "geometry": {
        "type": "Point",
        "coordinates": [
          103.7847483,
          1.2912728
        ]
      },
      "id": "node/9757545917"
    },
    {
      "type": "Feature",
      "properties": {
        "@id": "node/9759059978",
        "addr:housename": "DUO Galleria",
        "addr:housenumber": "7",
        "addr:postcode": "189356",
        "addr:street": "Fraser Street",
        "addr:unit": "#01-34/35",
        "amenity": "cafe",
        "check_date": "2025-01-28",
        "level": "0",
        "name": "Joe & Dough",
        "opening_hours": "Mo-Fr 08:00-17:30; Sa-Su,PH 09:00-17:30",
        "phone": "+65 9880 4202"
      },
      "geometry": {
        "type": "Point",
        "coordinates": [
          103.8583694,
          1.2993966
        ]
      },
      "id": "node/9759059978"
    },
    {
      "type": "Feature",
      "properties": {
        "@id": "node/9760783011",
        "amenity": "cafe",
        "cuisine": "coffee_shop",
        "name": "Round Boy Roasters"
      },
      "geometry": {
        "type": "Point",
        "coordinates": [
          103.8303621,
          1.2777496
        ]
      },
      "id": "node/9760783011"
    },
    {
      "type": "Feature",
      "properties": {
        "@id": "node/9771166617",
        "amenity": "cafe",
        "brand": "Starbucks",
        "brand:wikidata": "Q37158",
        "cuisine": "coffee_shop",
        "name": "Starbucks",
        "name:zh": "星巴克",
        "official_name": "Starbucks Coffee",
        "takeaway": "yes"
      },
      "geometry": {
        "type": "Point",
        "coordinates": [
          103.8354616,
          1.2779054
        ]
      },
      "id": "node/9771166617"
    },
    {
      "type": "Feature",
      "properties": {
        "@id": "node/9772174879",
        "amenity": "cafe",
        "cuisine": "bubble_tea",
        "level": "-1",
        "name": "BaWangChaJi"
      },
      "geometry": {
        "type": "Point",
        "coordinates": [
          103.9626313,
          1.3347548
        ]
      },
      "id": "node/9772174879"
    },
    {
      "type": "Feature",
      "properties": {
        "@id": "node/9772174884",
        "amenity": "cafe",
        "brand": "Starbucks",
        "brand:wikidata": "Q37158",
        "cuisine": "coffee_shop",
        "level": "0",
        "name": "Starbucks",
        "official_name": "Starbucks Coffee",
        "takeaway": "yes"
      },
      "geometry": {
        "type": "Point",
        "coordinates": [
          103.9628834,
          1.3342567
        ]
      },
      "id": "node/9772174884"
    },
    {
      "type": "Feature",
      "properties": {
        "@id": "node/9772367031",
        "amenity": "cafe",
        "cuisine": "bubble_tea",
        "level": "0",
        "name": "Milksha"
      },
      "geometry": {
        "type": "Point",
        "coordinates": [
          103.962744,
          1.3343926
        ]
      },
      "id": "node/9772367031"
    },
    {
      "type": "Feature",
      "properties": {
        "@id": "node/9772367046",
        "amenity": "cafe",
        "level": "0",
        "name": "Huggs Coffee"
      },
      "geometry": {
        "type": "Point",
        "coordinates": [
          103.962928,
          1.3345447
        ]
      },
      "id": "node/9772367046"
    },
    {
      "type": "Feature",
      "properties": {
        "@id": "node/9772458717",
        "addr:city": "Singapore",
        "addr:country": "SG",
        "addr:housenumber": "5",
        "addr:postcode": "169609",
        "addr:street": "Hospital Drive",
        "addr:unit": "#02-02",
        "amenity": "cafe",
        "email": "feedback@coffeeandtoast.com.sg",
        "name": "Kaffe & Toast",
        "opening_hours": "Mo-Fr 07:00-18:00;Sa 07:30-13:00",
        "website": "https://www.coffeeandtoast.com.sg/"
      },
      "geometry": {
        "type": "Point",
        "coordinates": [
          103.8359854,
          1.2788501
        ]
      },
      "id": "node/9772458717"
    },
    {
      "type": "Feature",
      "properties": {
        "@id": "node/9774769917",
        "amenity": "cafe",
        "name": "O Coffee Club Xpress"
      },
      "geometry": {
        "type": "Point",
        "coordinates": [
          103.835466,
          1.2813077
        ]
      },
      "id": "node/9774769917"
    },
    {
      "type": "Feature",
      "properties": {
        "@id": "node/9776505297",
        "amenity": "cafe",
        "name": "Vibes Cafe",
        "opening_hours": "Mo-Th 11:00-21:30; Fr-Sa 10:30-22:30; Su 10:00-22:00",
        "outdoor_seating": "yes"
      },
      "geometry": {
        "type": "Point",
        "coordinates": [
          103.9032951,
          1.4074406
        ]
      },
      "id": "node/9776505297"
    },
    {
      "type": "Feature",
      "properties": {
        "@id": "node/9781243796",
        "addr:city": "Singapore",
        "addr:housenumber": "3",
        "addr:postcode": "117602",
        "addr:street": "Research Link",
        "amenity": "cafe",
        "check_date:opening_hours": "2024-07-13",
        "cuisine": "japanese;coffee_shop",
        "name": "Nami Café",
        "opening_hours": "Mo-Fr 08:30-17:00",
        "outdoor_seating": "no",
        "website": "https://nami.sg/"
      },
      "geometry": {
        "type": "Point",
        "coordinates": [
          103.775718,
          1.2943392
        ]
      },
      "id": "node/9781243796"
    },
    {
      "type": "Feature",
      "properties": {
        "@id": "node/9787662767",
        "amenity": "cafe"
      },
      "geometry": {
        "type": "Point",
        "coordinates": [
          103.8345578,
          1.2786357
        ]
      },
      "id": "node/9787662767"
    },
    {
      "type": "Feature",
      "properties": {
        "@id": "node/9787669581",
        "amenity": "cafe",
        "contact:facebook": "tripletSBC",
        "email": "juzbread@hotmail.com",
        "name": "Triplets",
        "shop": "bakery",
        "website": "https://www.bakerycuisine.com.sg/"
      },
      "geometry": {
        "type": "Point",
        "coordinates": [
          103.8352364,
          1.2795501
        ]
      },
      "id": "node/9787669581"
    },
    {
      "type": "Feature",
      "properties": {
        "@id": "node/9807932824",
        "amenity": "cafe",
        "cuisine": "bubble_tea"
      },
      "geometry": {
        "type": "Point",
        "coordinates": [
          103.8651089,
          1.3649955
        ]
      },
      "id": "node/9807932824"
    },
    {
      "type": "Feature",
      "properties": {
        "@id": "node/9810363811",
        "amenity": "cafe",
        "level": "-1",
        "name": "Deliz Cafe"
      },
      "geometry": {
        "type": "Point",
        "coordinates": [
          103.9528909,
          1.3426548
        ]
      },
      "id": "node/9810363811"
    },
    {
      "type": "Feature",
      "properties": {
        "@id": "node/9810396723",
        "amenity": "cafe",
        "brand": "Ya Kun Kaya Toast",
        "brand:wikidata": "Q8046237",
        "cuisine": "coffee_shop",
        "level": "1",
        "name": "Ya Kun Kaya Toast",
        "takeaway": "yes"
      },
      "geometry": {
        "type": "Point",
        "coordinates": [
          103.9529363,
          1.3427208
        ]
      },
      "id": "node/9810396723"
    },
    {
      "type": "Feature",
      "properties": {
        "@id": "node/9810396734",
        "amenity": "cafe",
        "level": "-1",
        "name": "Heavenly Wang"
      },
      "geometry": {
        "type": "Point",
        "coordinates": [
          103.9529887,
          1.3426172
        ]
      },
      "id": "node/9810396734"
    },
    {
      "type": "Feature",
      "properties": {
        "@id": "node/9810396751",
        "amenity": "cafe",
        "cuisine": "bubble_tea",
        "level": "0",
        "name": "KOI The",
        "takeaway": "only"
      },
      "geometry": {
        "type": "Point",
        "coordinates": [
          103.9531931,
          1.3423546
        ]
      },
      "id": "node/9810396751"
    },
    {
      "type": "Feature",
      "properties": {
        "@id": "node/9810563669",
        "amenity": "cafe",
        "brand": "Gong Cha",
        "brand:wikidata": "Q5581670",
        "brand:zh": "貢茶",
        "cuisine": "bubble_tea",
        "int_name": "Gong Cha",
        "level": "0",
        "name": "Gong Cha",
        "name:zh": "貢茶",
        "takeaway": "only"
      },
      "geometry": {
        "type": "Point",
        "coordinates": [
          103.9537524,
          1.3426472
        ]
      },
      "id": "node/9810563669"
    },
    {
      "type": "Feature",
      "properties": {
        "@id": "node/9810591359",
        "amenity": "cafe",
        "cuisine": "bubble_tea",
        "level": "0",
        "name": "KOI The",
        "takeaway": "only"
      },
      "geometry": {
        "type": "Point",
        "coordinates": [
          103.9442283,
          1.3548397
        ]
      },
      "id": "node/9810591359"
    },
    {
      "type": "Feature",
      "properties": {
        "@id": "node/9810591365",
        "amenity": "cafe",
        "cuisine": "bubble_tea",
        "level": "0",
        "name": "R&B巡茶",
        "takeaway": "only"
      },
      "geometry": {
        "type": "Point",
        "coordinates": [
          103.9448914,
          1.3537209
        ]
      },
      "id": "node/9810591365"
    },
    {
      "type": "Feature",
      "properties": {
        "@id": "node/9810686285",
        "amenity": "cafe",
        "level": "0",
        "name": "Dutch Colony Coffee Co."
      },
      "geometry": {
        "type": "Point",
        "coordinates": [
          103.9410898,
          1.3524393
        ]
      },
      "id": "node/9810686285"
    },
    {
      "type": "Feature",
      "properties": {
        "@id": "node/9827708288",
        "amenity": "cafe",
        "level": "0",
        "name": "Island Vintage Cafe"
      },
      "geometry": {
        "type": "Point",
        "coordinates": [
          103.845118,
          1.286913
        ]
      },
      "id": "node/9827708288"
    },
    {
      "type": "Feature",
      "properties": {
        "@id": "node/9828203730",
        "amenity": "cafe",
        "level": "-1",
        "name": "L'Atelier"
      },
      "geometry": {
        "type": "Point",
        "coordinates": [
          103.8470595,
          1.2894026
        ]
      },
      "id": "node/9828203730"
    },
    {
      "type": "Feature",
      "properties": {
        "@id": "node/9837614948",
        "amenity": "cafe",
        "brand": "% Arabica",
        "brand:wikidata": "Q107639197",
        "check_date": "2024-05-23",
        "cuisine": "coffee_shop",
        "level": "0",
        "name": "% Arabica",
        "takeaway": "only"
      },
      "geometry": {
        "type": "Point",
        "coordinates": [
          103.8501996,
          1.2836323
        ]
      },
      "id": "node/9837614948"
    },
    {
      "type": "Feature",
      "properties": {
        "@id": "node/9837614951",
        "amenity": "cafe",
        "level": "0",
        "name": "Bee's Knees Urban"
      },
      "geometry": {
        "type": "Point",
        "coordinates": [
          103.850273,
          1.2842139
        ]
      },
      "id": "node/9837614951"
    },
    {
      "type": "Feature",
      "properties": {
        "@id": "node/9858404603",
        "addr:housenumber": "261",
        "addr:postcode": "180261",
        "addr:street": "Waterloo Street",
        "addr:unit": "#01-28",
        "amenity": "cafe",
        "check_date": "2023-09-02",
        "contact:facebook": "https://www.facebook.com/Clapcafe.sg",
        "contact:instagram": "https://www.instagram.com/clapcafe.sg",
        "cuisine": "coffee_shop",
        "internet_access": "wlan",
        "internet_access:fee": "no",
        "level": "0",
        "name": "Clap Cafe",
        "opening_hours": "08:30-19:00",
        "outdoor_seating": "no",
        "smoking": "no",
        "toilets": "no",
        "wheelchair": "no"
      },
      "geometry": {
        "type": "Point",
        "coordinates": [
          103.8518484,
          1.298511
        ]
      },
      "id": "node/9858404603"
    },
    {
      "type": "Feature",
      "properties": {
        "@id": "node/9858416411",
        "addr:floor": "1",
        "addr:housenumber": "12",
        "addr:street": "Kallang Avenue",
        "amenity": "cafe",
        "check_date": "2024-05-28",
        "level": "0",
        "name": "Au Croissant"
      },
      "geometry": {
        "type": "Point",
        "coordinates": [
          103.863984,
          1.3102708
        ]
      },
      "id": "node/9858416411"
    },
    {
      "type": "Feature",
      "properties": {
        "@id": "node/9858427266",
        "amenity": "cafe",
        "diet:vegan": "yes",
        "diet:vegetarian": "only",
        "name": "Red Apple Veggie Cafe"
      },
      "geometry": {
        "type": "Point",
        "coordinates": [
          103.8522299,
          1.3003613
        ]
      },
      "id": "node/9858427266"
    },
    {
      "type": "Feature",
      "properties": {
        "@id": "node/9858438344",
        "addr:housenumber": "6",
        "addr:street": "Ann Siang Hill",
        "amenity": "cafe",
        "cuisine": "coffee_shop",
        "name": "Maxi Coffee Bar"
      },
      "geometry": {
        "type": "Point",
        "coordinates": [
          103.8453728,
          1.2814584
        ]
      },
      "id": "node/9858438344"
    },
    {
      "type": "Feature",
      "properties": {
        "@id": "node/9871498359",
        "amenity": "cafe",
        "name": "Blue Balls Bike Cafe",
        "wheelchair": "no"
      },
      "geometry": {
        "type": "Point",
        "coordinates": [
          103.7945393,
          1.2751078
        ]
      },
      "id": "node/9871498359"
    },
    {
      "type": "Feature",
      "properties": {
        "@id": "node/9878830134",
        "amenity": "cafe",
        "delivery": "yes",
        "name": "matchaya",
        "opening_hours": "Mo-Su 10:00-22:00",
        "takeaway": "yes",
        "website": "https://matchaya.sg/"
      },
      "geometry": {
        "type": "Point",
        "coordinates": [
          103.8598732,
          1.2949726
        ]
      },
      "id": "node/9878830134"
    },
    {
      "type": "Feature",
      "properties": {
        "@id": "node/9881906300",
        "amenity": "cafe",
        "changing_table": "no",
        "cuisine": "coffee_shop",
        "level": "0",
        "name": "Community Coffee",
        "opening_hours": "Mo-Sa 08:30-17:30, Su 11:30-17:30",
        "outdoor_seating": "no",
        "smoking": "no",
        "takeaway": "yes",
        "toilets": "yes",
        "toilets:access": "customers",
        "toilets:disposal": "flush",
        "toilets:position": "seated",
        "toilets:wheelchair": "no",
        "wheelchair": "no"
      },
      "geometry": {
        "type": "Point",
        "coordinates": [
          103.8455104,
          1.2838443
        ]
      },
      "id": "node/9881906300"
    },
    {
      "type": "Feature",
      "properties": {
        "@id": "node/9885134561",
        "amenity": "cafe",
        "cuisine": "ice_cream",
        "name": "Sugartown",
        "website": "https://sugartown.sg/"
      },
      "geometry": {
        "type": "Point",
        "coordinates": [
          103.9189808,
          1.4000745
        ]
      },
      "id": "node/9885134561"
    },
    {
      "type": "Feature",
      "properties": {
        "@id": "node/9887532401",
        "amenity": "cafe",
        "check_date": "2024-05-10",
        "name": "Yuungo",
        "opening_hours": "07:00-16:00"
      },
      "geometry": {
        "type": "Point",
        "coordinates": [
          103.8507697,
          1.2990875
        ]
      },
      "id": "node/9887532401"
    },
    {
      "type": "Feature",
      "properties": {
        "@id": "node/9890011474",
        "amenity": "cafe",
        "brand": "Starbucks",
        "brand:wikidata": "Q37158",
        "check_date": "2024-03-12",
        "cuisine": "coffee_shop",
        "level": "0",
        "name": "Starbucks",
        "official_name": "Starbucks Coffee",
        "opening_hours": "Mo-Su 07:30-21:00",
        "smoking": "no",
        "takeaway": "yes",
        "wheelchair": "yes"
      },
      "geometry": {
        "type": "Point",
        "coordinates": [
          103.8500357,
          1.2977972
        ]
      },
      "id": "node/9890011474"
    },
    {
      "type": "Feature",
      "properties": {
        "@id": "node/9890011478",
        "air_conditioning": "yes",
        "amenity": "cafe",
        "indoor_seating": "yes",
        "level": "0",
        "name": "Huggs Collective",
        "outdoor_seating": "yes",
        "takeaway": "yes"
      },
      "geometry": {
        "type": "Point",
        "coordinates": [
          103.8502921,
          1.2975577
        ]
      },
      "id": "node/9890011478"
    },
    {
      "type": "Feature",
      "properties": {
        "@id": "node/9891032417",
        "addr:housenumber": "79",
        "amenity": "cafe",
        "name": "Sun Ray Cafe (pet friendly)"
      },
      "geometry": {
        "type": "Point",
        "coordinates": [
          103.8712939,
          1.3630575
        ]
      },
      "id": "node/9891032417"
    },
    {
      "type": "Feature",
      "properties": {
        "@id": "node/9891652091",
        "amenity": "cafe",
        "level": "1",
        "name": "Cupping Room Coffee Roasters",
        "operator": "Mo-Su 10:00-20:00"
      },
      "geometry": {
        "type": "Point",
        "coordinates": [
          103.8342918,
          1.3026984
        ]
      },
      "id": "node/9891652091"
    },
    {
      "type": "Feature",
      "properties": {
        "@id": "node/9891652092",
        "amenity": "cafe",
        "brand": "Starbucks",
        "brand:wikidata": "Q37158",
        "cuisine": "coffee_shop",
        "level": "-1",
        "name": "Starbucks",
        "name:zh": "星巴克",
        "official_name": "Starbucks Coffee",
        "opening_hours": "Mo-Su 08:30-21:30",
        "takeaway": "yes"
      },
      "geometry": {
        "type": "Point",
        "coordinates": [
          103.8348838,
          1.3021938
        ]
      },
      "id": "node/9891652092"
    },
    {
      "type": "Feature",
      "properties": {
        "@id": "node/9893218550",
        "amenity": "cafe",
        "brand": "The Coffee Bean & Tea Leaf",
        "brand:wikidata": "Q1141384",
        "cuisine": "coffee_shop",
        "internet_access": "wlan",
        "level": "0",
        "name": "The Coffee Bean & Tea Leaf",
        "opening_hours": "24/7",
        "outdoor_seating": "yes",
        "power_supply": "no",
        "takeaway": "yes",
        "wheelchair": "limited"
      },
      "geometry": {
        "type": "Point",
        "coordinates": [
          103.8528136,
          1.2935161
        ]
      },
      "id": "node/9893218550"
    },
    {
      "type": "Feature",
      "properties": {
        "@id": "node/9893218552",
        "amenity": "cafe",
        "cuisine": "coffee_shop",
        "level": "0",
        "name": "Glass Roasters",
        "outdoor_seating": "yes",
        "takeaway": "yes",
        "toilets": "no",
        "wheelchair": "no"
      },
      "geometry": {
        "type": "Point",
        "coordinates": [
          103.7565463,
          1.32049
        ]
      },
      "id": "node/9893218552"
    },
    {
      "type": "Feature",
      "properties": {
        "@id": "node/9903312500",
        "amenity": "cafe",
        "brand": "Tiger Sugar",
        "brand:wikidata": "Q76099070",
        "cuisine": "bubble_tea",
        "level": "-1",
        "name": "Tiger Sugar",
        "takeaway": "only"
      },
      "geometry": {
        "type": "Point",
        "coordinates": [
          103.8725303,
          1.3510267
        ]
      },
      "id": "node/9903312500"
    },
    {
      "type": "Feature",
      "properties": {
        "@id": "node/9907357618",
        "amenity": "cafe",
        "name": "Shen’s Tea & Coffee"
      },
      "geometry": {
        "type": "Point",
        "coordinates": [
          103.8472281,
          1.2843054
        ]
      },
      "id": "node/9907357618"
    },
    {
      "type": "Feature",
      "properties": {
        "@id": "node/9914495025",
        "amenity": "cafe",
        "level": "0",
        "name": "Signature KOI"
      },
      "geometry": {
        "type": "Point",
        "coordinates": [
          103.8769495,
          1.3916352
        ]
      },
      "id": "node/9914495025"
    },
    {
      "type": "Feature",
      "properties": {
        "@id": "node/9916977401",
        "amenity": "cafe",
        "cuisine": "bubble_tea",
        "level": "0",
        "name": "TeaGIF",
        "takeaway": "only",
        "wheelchair": "yes"
      },
      "geometry": {
        "type": "Point",
        "coordinates": [
          103.8936667,
          1.3826556
        ]
      },
      "id": "node/9916977401"
    },
    {
      "type": "Feature",
      "properties": {
        "@id": "node/9918939099",
        "addr:city": "Singapore",
        "addr:floor": "1",
        "addr:housenumber": "6 #01-60",
        "addr:postcode": "059817",
        "addr:street": "Eu Tong Sen Street Clarke Quay Central",
        "amenity": "cafe",
        "check_date": "2026-02",
        "cuisine": "coffee_shop",
        "level": "0",
        "level:ref": "1",
        "name": "Huggs Coffee",
        "opening_hours": "Mo-Fr 07:30-21:00; Sa-Su 08:30-21:00",
        "outdoor_seating": "no",
        "phone": "+65 62839288",
        "website": "https://www.huggscoffee.com/",
        "wheelchair": "yes"
      },
      "geometry": {
        "type": "Point",
        "coordinates": [
          103.8465192,
          1.2888851
        ]
      },
      "id": "node/9918939099"
    },
    {
      "type": "Feature",
      "properties": {
        "@id": "node/9929710772",
        "amenity": "cafe",
        "name": "The Coffee Bean & Tea Leaf",
        "takeaway": "yes"
      },
      "geometry": {
        "type": "Point",
        "coordinates": [
          103.8411963,
          1.4181724
        ]
      },
      "id": "node/9929710772"
    },
    {
      "type": "Feature",
      "properties": {
        "@id": "node/9937597753",
        "amenity": "cafe",
        "check_date": "2023-09-02",
        "cuisine": "singaporean",
        "level": "0",
        "name": "Singapore Coffee",
        "opening_hours": "Mo-Su 09:00-18:00",
        "website": "https://www.singaporecoffee.sg/"
      },
      "geometry": {
        "type": "Point",
        "coordinates": [
          103.8534629,
          1.2952929
        ]
      },
      "id": "node/9937597753"
    },
    {
      "type": "Feature",
      "properties": {
        "@id": "node/9942071349",
        "addr:unit": "53",
        "amenity": "cafe",
        "level": "0",
        "name": "Fun Toast"
      },
      "geometry": {
        "type": "Point",
        "coordinates": [
          103.8729371,
          1.3033871
        ]
      },
      "id": "node/9942071349"
    },
    {
      "type": "Feature",
      "properties": {
        "@id": "node/9942071355",
        "amenity": "cafe",
        "level": "0",
        "name": "Typhoon",
        "name:zh": "台风"
      },
      "geometry": {
        "type": "Point",
        "coordinates": [
          103.8726126,
          1.3034476
        ]
      },
      "id": "node/9942071355"
    },
    {
      "type": "Feature",
      "properties": {
        "@id": "node/9942071364",
        "amenity": "cafe",
        "level": "0",
        "name": "Joe & Dough"
      },
      "geometry": {
        "type": "Point",
        "coordinates": [
          103.872963,
          1.3032285
        ]
      },
      "id": "node/9942071364"
    },
    {
      "type": "Feature",
      "properties": {
        "@id": "node/9942071370",
        "amenity": "cafe",
        "cuisine": "bubble_tea",
        "level": "0",
        "name": "ChiCha San Chen",
        "name:zh": "吃茶三千",
        "takeaway": "yes"
      },
      "geometry": {
        "type": "Point",
        "coordinates": [
          103.8734842,
          1.3026533
        ]
      },
      "id": "node/9942071370"
    },
    {
      "type": "Feature",
      "properties": {
        "@id": "node/9942903946",
        "addr:city": "Singapore",
        "addr:country": "SG",
        "addr:housenumber": "252 #02-34",
        "addr:postcode": "179103",
        "addr:street": "North Bridge Road Raffles City",
        "amenity": "cafe",
        "brand": "Starbucks",
        "brand:wikidata": "Q37158",
        "brand:wikipedia": "en:Starbucks",
        "cuisine": "coffee_shop",
        "level": "1",
        "name": "Starbucks",
        "official_name": "Starbucks Coffee",
        "takeaway": "yes",
        "wheelchair": "yes"
      },
      "geometry": {
        "type": "Point",
        "coordinates": [
          103.8534409,
          1.2935431
        ]
      },
      "id": "node/9942903946"
    },
    {
      "type": "Feature",
      "properties": {
        "@id": "node/9950624419",
        "air_conditioning": "yes",
        "amenity": "cafe",
        "bar": "no",
        "changing_table": "no",
        "check_date": "2024-11-06",
        "delivery": "no",
        "drive_through": "no",
        "highchair": "no",
        "internet_access": "no",
        "name": "Killiney",
        "organic": "no",
        "outdoor_seating": "no",
        "payment:cash": "yes",
        "payment:credit_cards": "yes",
        "payment:debit_cards": "yes",
        "reservation": "no",
        "smoking": "no",
        "source": "local knowledge",
        "takeaway": "yes",
        "toilets": "no",
        "toilets:menstrual_products": "no",
        "toilets:wheelchair": "no",
        "wheelchair": "no"
      },
      "geometry": {
        "type": "Point",
        "coordinates": [
          103.9635319,
          1.3352188
        ]
      },
      "id": "node/9950624419"
    },
    {
      "type": "Feature",
      "properties": {
        "@id": "node/9950628218",
        "amenity": "cafe",
        "check_date": "2024-11-06",
        "internet_access": "no",
        "name": "Fun Toast",
        "payment:cash": "yes",
        "payment:credit_cards": "yes",
        "payment:debit_cards": "yes",
        "wheelchair": "yes"
      },
      "geometry": {
        "type": "Point",
        "coordinates": [
          103.9639658,
          1.3351735
        ]
      },
      "id": "node/9950628218"
    },
    {
      "type": "Feature",
      "properties": {
        "@id": "node/9950628617",
        "amenity": "cafe",
        "name": "Manchurian Club"
      },
      "geometry": {
        "type": "Point",
        "coordinates": [
          103.9630429,
          1.3357651
        ]
      },
      "id": "node/9950628617"
    },
    {
      "type": "Feature",
      "properties": {
        "@id": "node/9950631617",
        "amenity": "cafe",
        "name": "Mr Sushi"
      },
      "geometry": {
        "type": "Point",
        "coordinates": [
          103.963528,
          1.3350923
        ]
      },
      "id": "node/9950631617"
    },
    {
      "type": "Feature",
      "properties": {
        "@id": "node/9956523136",
        "addr:city": "Singapore",
        "addr:housenumber": "27",
        "addr:postcode": "117541",
        "addr:street": "Science Drive 1",
        "amenity": "cafe",
        "cuisine": "dessert",
        "email": "hello@ninefresh.com",
        "name": "Nine Fresh Desserts Taiwan",
        "name:zh": "九鲜台湾甜品店",
        "opening_hours": "Mo-Fr 11:00-18:30, Sa 11:00-15:00",
        "outdoor_seating": "yes",
        "website": "https://ninefresh.com/"
      },
      "geometry": {
        "type": "Point",
        "coordinates": [
          103.7809593,
          1.2965347
        ]
      },
      "id": "node/9956523136"
    },
    {
      "type": "Feature",
      "properties": {
        "@id": "node/9967126459",
        "amenity": "cafe",
        "level": "0",
        "name": "Delifrance",
        "wheelchair": "yes"
      },
      "geometry": {
        "type": "Point",
        "coordinates": [
          103.9016037,
          1.4064411
        ]
      },
      "id": "node/9967126459"
    },
    {
      "type": "Feature",
      "properties": {
        "@id": "node/9969532560",
        "addr:city": "Singapore",
        "addr:housenumber": "941",
        "addr:postcode": "534709",
        "addr:street": "Upper Serangoon Road",
        "amenity": "cafe",
        "cuisine": "dessert",
        "name": "冰多多 BingDorDor"
      },
      "geometry": {
        "type": "Point",
        "coordinates": [
          103.886106,
          1.3613794
        ]
      },
      "id": "node/9969532560"
    },
    {
      "type": "Feature",
      "properties": {
        "@id": "node/9977001859",
        "addr:housenumber": "1 #B1-39",
        "addr:street": "Raffles Place",
        "amenity": "cafe",
        "cuisine": "bubble_tea",
        "level": "-1",
        "name": "Gong cha 貢茶"
      },
      "geometry": {
        "type": "Point",
        "coordinates": [
          103.8511021,
          1.2842831
        ]
      },
      "id": "node/9977001859"
    },
    {
      "type": "Feature",
      "properties": {
        "@id": "node/9999601871",
        "air_conditioning": "yes",
        "amenity": "cafe",
        "brand": "Mixue",
        "brand:en": "MIXUEBINGCHENG",
        "brand:wikidata": "Q107406476",
        "brand:wikipedia": "zh:蜜雪冰城",
        "brand:zh": "蜜雪冰城",
        "cuisine": "ice_cream;bubble_tea",
        "name": "Mixue",
        "name:en": "Mixue",
        "name:zh": "蜜雪冰城",
        "smoking": "no",
        "takeaway": "yes"
      },
      "geometry": {
        "type": "Point",
        "coordinates": [
          103.7652457,
          1.3143282
        ]
      },
      "id": "node/9999601871"
    },
    {
      "type": "Feature",
      "properties": {
        "@id": "node/10005439091",
        "addr:housenumber": "181",
        "addr:street": "South Bridge Road",
        "amenity": "cafe",
        "name": "Group therapy",
        "opening_hours": "Mo, Tu, Su 08:00-17:00; We, Th 08:00-21:00; Fr, Sa 08:00-22:00",
        "website": "https://www.gtcoffee.com/"
      },
      "geometry": {
        "type": "Point",
        "coordinates": [
          103.8471823,
          1.2837294
        ]
      },
      "id": "node/10005439091"
    },
    {
      "type": "Feature",
      "properties": {
        "@id": "node/10005594437",
        "amenity": "cafe",
        "brand": "Yi Fang Tea",
        "brand:en": "Yi Fang Tea",
        "brand:zh": "一芳水果茶",
        "cuisine": "bubble_tea",
        "description": "cafe within the Shell store",
        "name": "Yi Fang Tea",
        "name:en": "Yi Fang Tea",
        "name:zh": "一芳水果茶",
        "opening_hours": "11:00-23:00",
        "takeaway": "only"
      },
      "geometry": {
        "type": "Point",
        "coordinates": [
          103.8927582,
          1.3915919
        ]
      },
      "id": "node/10005594437"
    },
    {
      "type": "Feature",
      "properties": {
        "@id": "node/10015169415",
        "amenity": "cafe",
        "cuisine": "bubble_tea",
        "level": "1",
        "name": "Chun Fun How",
        "takeaway": "only"
      },
      "geometry": {
        "type": "Point",
        "coordinates": [
          103.8558079,
          1.2897329
        ]
      },
      "id": "node/10015169415"
    },
    {
      "type": "Feature",
      "properties": {
        "@id": "node/10015221218",
        "amenity": "cafe",
        "brand": "Gloria Jean's",
        "brand:wikidata": "Q2666365",
        "cuisine": "coffee_shop",
        "level": "0",
        "name": "Gloria Jean's",
        "official_name": "Gloria Jean's Coffees",
        "takeaway": "yes"
      },
      "geometry": {
        "type": "Point",
        "coordinates": [
          103.8565687,
          1.2891736
        ]
      },
      "id": "node/10015221218"
    },
    {
      "type": "Feature",
      "properties": {
        "@id": "node/10015221221",
        "amenity": "cafe",
        "level": "0",
        "name": "Aniplus",
        "opening_hours": "Mo-Su 11:30-21:30",
        "shop": "anime"
      },
      "geometry": {
        "type": "Point",
        "coordinates": [
          103.8564186,
          1.2893805
        ]
      },
      "id": "node/10015221221"
    },
    {
      "type": "Feature",
      "properties": {
        "@id": "node/10015705814",
        "addr:city": "Singapore",
        "addr:housenumber": "16",
        "addr:postcode": "189037",
        "addr:street": "Liang Seah Street",
        "amenity": "cafe",
        "cuisine": "dessert",
        "name": "味香園甜品 Mei Heong Yuen Dessert",
        "opening_hours": "Su-Th 12:00-00:00; Fr-Sa 12:00-01:00",
        "phone": "+65 63778227",
        "website": "https://www.meiheongyuendessert.com.sg/"
      },
      "geometry": {
        "type": "Point",
        "coordinates": [
          103.8564471,
          1.2981121
        ]
      },
      "id": "node/10015705814"
    },
    {
      "type": "Feature",
      "properties": {
        "@id": "node/10032712914",
        "addr:city": "Singapore",
        "addr:housename": "ArtScience Museum",
        "addr:housenumber": "10",
        "addr:street": "Bayfront Avenue",
        "amenity": "cafe",
        "cuisine": "western",
        "level": "0",
        "name": "SweetSpot Cafe",
        "opening_hours": "10:00-18:30",
        "outdoor_seating": "no",
        "phone": "+65 6688 5555",
        "website": "https://www.marinabaysands.com/restaurants/sweetspot.html"
      },
      "geometry": {
        "type": "Point",
        "coordinates": [
          103.8595009,
          1.2863674
        ]
      },
      "id": "node/10032712914"
    },
    {
      "type": "Feature",
      "properties": {
        "@id": "node/10033940861",
        "amenity": "cafe"
      },
      "geometry": {
        "type": "Point",
        "coordinates": [
          103.8327078,
          1.4175998
        ]
      },
      "id": "node/10033940861"
    },
    {
      "type": "Feature",
      "properties": {
        "@id": "node/10036409058",
        "addr:housenumber": "103",
        "addr:street": "Irrawaddy Road",
        "addr:unit": "01-11",
        "amenity": "cafe",
        "brand": "Luckin Coffee",
        "brand:wikidata": "Q56811344",
        "check_date": "2025-04-14",
        "cuisine": "coffee_shop",
        "level": "0",
        "name": "Luckin Coffee",
        "takeaway": "yes"
      },
      "geometry": {
        "type": "Point",
        "coordinates": [
          103.8431033,
          1.3202553
        ]
      },
      "id": "node/10036409058"
    },
    {
      "type": "Feature",
      "properties": {
        "@id": "node/10039772746",
        "amenity": "cafe",
        "name": "Ciclo e Caffé"
      },
      "geometry": {
        "type": "Point",
        "coordinates": [
          103.9883807,
          1.3887271
        ]
      },
      "id": "node/10039772746"
    },
    {
      "type": "Feature",
      "properties": {
        "@id": "node/10039783354",
        "access": "customers",
        "amenity": "cafe"
      },
      "geometry": {
        "type": "Point",
        "coordinates": [
          103.8910551,
          1.3302112
        ]
      },
      "id": "node/10039783354"
    },
    {
      "type": "Feature",
      "properties": {
        "@id": "node/10052925642",
        "addr:city": "Singapore",
        "addr:housenumber": "1 #B1-15",
        "addr:postcode": "048616",
        "addr:street": "Raffles Place",
        "amenity": "cafe",
        "name": "Old Tea Hut",
        "opening_hours": "Mo-Fr 07:30-19:00; Sa 07:30-16:00; Su off",
        "phone": "+65 92703749",
        "takeaway": "only",
        "website": "https://www.oldteahut.com/"
      },
      "geometry": {
        "type": "Point",
        "coordinates": [
          103.8512304,
          1.2844106
        ]
      },
      "id": "node/10052925642"
    },
    {
      "type": "Feature",
      "properties": {
        "@id": "node/10053457363",
        "amenity": "cafe",
        "level": "0",
        "name": "Tiong Bahru Bakery"
      },
      "geometry": {
        "type": "Point",
        "coordinates": [
          103.9019856,
          1.4065633
        ]
      },
      "id": "node/10053457363"
    },
    {
      "type": "Feature",
      "properties": {
        "@id": "node/10061011454",
        "amenity": "cafe",
        "cuisine": "coffee_shop",
        "name": "La Saigon Viet Specialty Coffee",
        "pet": "no",
        "smoking": "no"
      },
      "geometry": {
        "type": "Point",
        "coordinates": [
          103.9244102,
          1.3121888
        ]
      },
      "id": "node/10061011454"
    },
    {
      "type": "Feature",
      "properties": {
        "@id": "node/10065637042",
        "addr:unit": "24",
        "amenity": "cafe",
        "cuisine": "bubble_tea",
        "level": "0",
        "name": "KOI Thé",
        "takeaway": "only",
        "wheelchair": "yes"
      },
      "geometry": {
        "type": "Point",
        "coordinates": [
          103.8919298,
          1.3958415
        ]
      },
      "id": "node/10065637042"
    },
    {
      "type": "Feature",
      "properties": {
        "@id": "node/10068959440",
        "addr:city": "Singapore",
        "addr:housenumber": "36",
        "addr:postcode": "058581",
        "addr:street": "Temple Street",
        "amenity": "cafe",
        "cuisine": "dessert",
        "level": "0",
        "name": "OnlyCreamery Gelato",
        "opening_hours": "Mo-Su 12:00-23:00"
      },
      "geometry": {
        "type": "Point",
        "coordinates": [
          103.8438376,
          1.2831405
        ]
      },
      "id": "node/10068959440"
    },
    {
      "type": "Feature",
      "properties": {
        "@id": "node/10081147185",
        "addr:unit": "43",
        "amenity": "cafe",
        "level": "0",
        "name": "Cedele Bakery Cafe",
        "opening_hours": "09:00-21:00",
        "opening_hours:kitchen": "09:00-20:30",
        "shop": "bakery",
        "takeaway": "yes"
      },
      "geometry": {
        "type": "Point",
        "coordinates": [
          103.8948636,
          1.3919114
        ]
      },
      "id": "node/10081147185"
    },
    {
      "type": "Feature",
      "properties": {
        "@id": "node/10083229817",
        "amenity": "cafe",
        "name": "Nassim Hill"
      },
      "geometry": {
        "type": "Point",
        "coordinates": [
          103.8229566,
          1.3057193
        ]
      },
      "id": "node/10083229817"
    },
    {
      "type": "Feature",
      "properties": {
        "@id": "node/10095179604",
        "amenity": "cafe",
        "level": "0",
        "name": "Heavenly Wang",
        "wheelchair": "yes"
      },
      "geometry": {
        "type": "Point",
        "coordinates": [
          103.8796424,
          1.3757081
        ]
      },
      "id": "node/10095179604"
    },
    {
      "type": "Feature",
      "properties": {
        "@id": "node/10095244439",
        "amenity": "cafe",
        "cuisine": "bubble_tea",
        "level": "0",
        "name": "i-tea",
        "takeaway": "only"
      },
      "geometry": {
        "type": "Point",
        "coordinates": [
          103.8792731,
          1.3755841
        ]
      },
      "id": "node/10095244439"
    },
    {
      "type": "Feature",
      "properties": {
        "@id": "node/10102513965",
        "amenity": "cafe",
        "level": "2",
        "name": "Heavenly Wang"
      },
      "geometry": {
        "type": "Point",
        "coordinates": [
          103.9058171,
          1.4100829
        ]
      },
      "id": "node/10102513965"
    },
    {
      "type": "Feature",
      "properties": {
        "@id": "node/10106164305",
        "amenity": "cafe",
        "check_date": "2024-11-24",
        "level": "0",
        "name": "Guerilla Coffee"
      },
      "geometry": {
        "type": "Point",
        "coordinates": [
          103.8587311,
          1.2957093
        ]
      },
      "id": "node/10106164305"
    },
    {
      "type": "Feature",
      "properties": {
        "@id": "node/10106175511",
        "amenity": "cafe",
        "cuisine": "bubble_tea",
        "level": "1",
        "name": "Milksha",
        "name:zh": "迷客夏"
      },
      "geometry": {
        "type": "Point",
        "coordinates": [
          103.8573637,
          1.2929931
        ]
      },
      "id": "node/10106175511"
    },
    {
      "type": "Feature",
      "properties": {
        "@id": "node/10106223466",
        "amenity": "cafe",
        "cuisine": "bubble_tea",
        "level": "1",
        "name": "ParTea",
        "name:zh": "茶派"
      },
      "geometry": {
        "type": "Point",
        "coordinates": [
          103.858456,
          1.2960474
        ]
      },
      "id": "node/10106223466"
    },
    {
      "type": "Feature",
      "properties": {
        "@id": "node/10135277419",
        "amenity": "cafe",
        "name": "Bamboo Bowls"
      },
      "geometry": {
        "type": "Point",
        "coordinates": [
          103.8482938,
          1.2833352
        ]
      },
      "id": "node/10135277419"
    },
    {
      "type": "Feature",
      "properties": {
        "@id": "node/10135477917",
        "amenity": "cafe",
        "name": "5thelement"
      },
      "geometry": {
        "type": "Point",
        "coordinates": [
          103.843067,
          1.2782602
        ]
      },
      "id": "node/10135477917"
    },
    {
      "type": "Feature",
      "properties": {
        "@id": "node/10140057894",
        "addr:floor": "1",
        "addr:housenumber": "111",
        "addr:street": "Somerset Road",
        "amenity": "cafe",
        "check_date": "2025-10-21",
        "level": "0",
        "name": "Verandah @Rael's",
        "wheelchair": "yes"
      },
      "geometry": {
        "type": "Point",
        "coordinates": [
          103.8376665,
          1.3003763
        ]
      },
      "id": "node/10140057894"
    },
    {
      "type": "Feature",
      "properties": {
        "@id": "node/10140057895",
        "addr:floor": "1",
        "addr:housenumber": "111",
        "addr:street": "Somerset Road",
        "air_conditioning": "yes",
        "amenity": "cafe",
        "check_date": "2025-10-21",
        "cuisine": "coffee_shop",
        "level": "0",
        "name": "Lucine by Luna",
        "outdoor_seating": "no",
        "payment:cash": "yes",
        "payment:mastercard": "yes",
        "payment:visa": "yes",
        "takeaway": "yes",
        "wheelchair": "yes"
      },
      "geometry": {
        "type": "Point",
        "coordinates": [
          103.8375879,
          1.3003974
        ]
      },
      "id": "node/10140057895"
    },
    {
      "type": "Feature",
      "properties": {
        "@id": "node/10160930661",
        "amenity": "cafe"
      },
      "geometry": {
        "type": "Point",
        "coordinates": [
          103.8208898,
          1.2526815
        ]
      },
      "id": "node/10160930661"
    },
    {
      "type": "Feature",
      "properties": {
        "@id": "node/10200872477",
        "amenity": "cafe",
        "name": "Ciclo E Cafe"
      },
      "geometry": {
        "type": "Point",
        "coordinates": [
          103.8140122,
          1.2697253
        ]
      },
      "id": "node/10200872477"
    },
    {
      "type": "Feature",
      "properties": {
        "@id": "node/10201243893",
        "addr:city": "Singapore",
        "addr:housenumber": "93A",
        "addr:postcode": "129781",
        "addr:street": "Clementi Road",
        "amenity": "cafe",
        "contact:facebook": "https://www.facebook.com/benchescafe/",
        "cuisine": "coffee_shop;dessert;sandwich",
        "name": "Benches Cafe",
        "opening_hours": "Mo-Fr 08:00-16:30",
        "outdoor_seating": "yes",
        "phone": "+65 6977 7096"
      },
      "geometry": {
        "type": "Point",
        "coordinates": [
          103.768143,
          1.2998197
        ]
      },
      "id": "node/10201243893"
    },
    {
      "type": "Feature",
      "properties": {
        "@id": "node/10202062918",
        "amenity": "cafe",
        "name": "Coffee Club"
      },
      "geometry": {
        "type": "Point",
        "coordinates": [
          103.9826434,
          1.3375898
        ]
      },
      "id": "node/10202062918"
    },
    {
      "type": "Feature",
      "properties": {
        "@id": "node/10208839168",
        "addr:housenumber": "139",
        "addr:postcode": "188309",
        "addr:street": "Selegie Road",
        "amenity": "cafe",
        "contact:instagram": "https://instagram.com/apartmentcoffee",
        "cuisine": "coffee_shop",
        "name": "Apartment",
        "opening_hours": "Sa-Th 10:00-18:00",
        "website": "https://apartmentcoffee.co/"
      },
      "geometry": {
        "type": "Point",
        "coordinates": [
          103.8499002,
          1.3027571
        ]
      },
      "id": "node/10208839168"
    },
    {
      "type": "Feature",
      "properties": {
        "@id": "node/10225570288",
        "addr:unit": "08",
        "amenity": "cafe",
        "cuisine": "bubble_tea",
        "level": "1",
        "name": "LiHO Tea",
        "takeaway": "only"
      },
      "geometry": {
        "type": "Point",
        "coordinates": [
          103.8940127,
          1.3723878
        ]
      },
      "id": "node/10225570288"
    },
    {
      "type": "Feature",
      "properties": {
        "@id": "node/10225581005",
        "addr:unit": "210",
        "amenity": "cafe",
        "cuisine": "bubble_tea",
        "level": "0",
        "name": "I.Tea",
        "name:zh": "爱茶",
        "takeaway": "only"
      },
      "geometry": {
        "type": "Point",
        "coordinates": [
          103.8935528,
          1.3718083
        ]
      },
      "id": "node/10225581005"
    },
    {
      "type": "Feature",
      "properties": {
        "@id": "node/10229733258",
        "amenity": "cafe"
      },
      "geometry": {
        "type": "Point",
        "coordinates": [
          103.7863013,
          1.292243
        ]
      },
      "id": "node/10229733258"
    },
    {
      "type": "Feature",
      "properties": {
        "@id": "node/10242060472",
        "air_conditioning": "yes",
        "amenity": "cafe",
        "check_date": "2023-01-20",
        "level": "0",
        "name": "Soujourn Cafe",
        "outdoor_seating": "no"
      },
      "geometry": {
        "type": "Point",
        "coordinates": [
          103.8573216,
          1.3121916
        ]
      },
      "id": "node/10242060472"
    },
    {
      "type": "Feature",
      "properties": {
        "@id": "node/10242087193",
        "amenity": "cafe",
        "check_date": "2022-12-03",
        "name": "Baba Chews"
      },
      "geometry": {
        "type": "Point",
        "coordinates": [
          103.9042519,
          1.3050379
        ]
      },
      "id": "node/10242087193"
    },
    {
      "type": "Feature",
      "properties": {
        "@id": "node/10243972155",
        "amenity": "cafe",
        "name": "The Whole Kitchen",
        "pet": "no"
      },
      "geometry": {
        "type": "Point",
        "coordinates": [
          103.9020445,
          1.3046351
        ]
      },
      "id": "node/10243972155"
    },
    {
      "type": "Feature",
      "properties": {
        "@id": "node/10243977307",
        "addr:housename": "Odeon Katong",
        "addr:housenumber": "11",
        "addr:postcode": "428722",
        "addr:street": "East Coast Road",
        "addr:unit": "01-14",
        "amenity": "cafe",
        "cuisine": "dessert",
        "name": "Wan Mei 碗美",
        "opening_hours": "Mo, We-Su 12:00-22:30",
        "outdoor_seating": "yes",
        "payment:paynow": "yes",
        "pet": "yes"
      },
      "geometry": {
        "type": "Point",
        "coordinates": [
          103.9019974,
          1.3047017
        ]
      },
      "id": "node/10243977307"
    },
    {
      "type": "Feature",
      "properties": {
        "@id": "node/10269353705",
        "amenity": "cafe",
        "name": "Knots"
      },
      "geometry": {
        "type": "Point",
        "coordinates": [
          103.795392,
          1.2761144
        ]
      },
      "id": "node/10269353705"
    },
    {
      "type": "Feature",
      "properties": {
        "@id": "node/10277272713",
        "amenity": "cafe",
        "name": "Cafe & Bar Gaurocre"
      },
      "geometry": {
        "type": "Point",
        "coordinates": [
          103.8443706,
          1.2776266
        ]
      },
      "id": "node/10277272713"
    },
    {
      "type": "Feature",
      "properties": {
        "@id": "node/10280576593",
        "addr:city": "Singapore",
        "addr:country": "SG",
        "addr:housenumber": "#01-01C",
        "addr:postcode": "259760",
        "addr:street": "Cluny Court",
        "amenity": "cafe",
        "check_date": "2024-01-24",
        "level": "0",
        "name": "brill.",
        "opening_hours": "Mo-Su 07:30-16:30",
        "phone": "+65 6763 2864",
        "takeaway": "only",
        "website": "https://brill.com.sg/"
      },
      "geometry": {
        "type": "Point",
        "coordinates": [
          103.8144828,
          1.3225302
        ]
      },
      "id": "node/10280576593"
    },
    {
      "type": "Feature",
      "properties": {
        "@id": "node/10287172734",
        "amenity": "cafe",
        "check_date": "2024-02-26",
        "name": "Gobi",
        "website": "https://gobi.com.sg",
        "wheelchair": "yes"
      },
      "geometry": {
        "type": "Point",
        "coordinates": [
          103.8573188,
          1.3127456
        ]
      },
      "id": "node/10287172734"
    },
    {
      "type": "Feature",
      "properties": {
        "@id": "node/10287172751",
        "addr:housenumber": "10",
        "addr:street": "Jalan Serene",
        "amenity": "cafe",
        "check_date": "2022-12-11",
        "cuisine": "korean",
        "name": "Han Bing Korean Cafe"
      },
      "geometry": {
        "type": "Point",
        "coordinates": [
          103.8137976,
          1.3226573
        ]
      },
      "id": "node/10287172751"
    },
    {
      "type": "Feature",
      "properties": {
        "@id": "node/10300438488",
        "amenity": "cafe",
        "cuisine": "bubble_tea",
        "name": "iTea"
      },
      "geometry": {
        "type": "Point",
        "coordinates": [
          103.8446529,
          1.3583242
        ]
      },
      "id": "node/10300438488"
    },
    {
      "type": "Feature",
      "properties": {
        "@id": "node/10301583163",
        "amenity": "cafe",
        "name": "Runes Cafe"
      },
      "geometry": {
        "type": "Point",
        "coordinates": [
          103.7915191,
          1.3009534
        ]
      },
      "id": "node/10301583163"
    },
    {
      "type": "Feature",
      "properties": {
        "@id": "node/10301654011",
        "amenity": "cafe",
        "cuisine": "breakfast;coffee_shop",
        "name": "Cafe de Muse"
      },
      "geometry": {
        "type": "Point",
        "coordinates": [
          103.8321582,
          1.3061433
        ]
      },
      "id": "node/10301654011"
    },
    {
      "type": "Feature",
      "properties": {
        "@id": "node/10303927709",
        "amenity": "cafe",
        "cuisine": "breakfast;coffee_shop;tea",
        "internet_access": "wlan",
        "name": "TCC"
      },
      "geometry": {
        "type": "Point",
        "coordinates": [
          103.8318882,
          1.3055924
        ]
      },
      "id": "node/10303927709"
    },
    {
      "type": "Feature",
      "properties": {
        "@id": "node/10313011680",
        "amenity": "cafe",
        "brand": "Starbucks",
        "brand:wikidata": "Q37158",
        "cuisine": "coffee_shop",
        "name": "Starbucks",
        "name:zh": "星巴克",
        "official_name": "Starbucks Coffee",
        "takeaway": "yes",
        "wheelchair": "yes"
      },
      "geometry": {
        "type": "Point",
        "coordinates": [
          103.7219904,
          1.3434456
        ]
      },
      "id": "node/10313011680"
    },
    {
      "type": "Feature",
      "properties": {
        "@id": "node/10538317524",
        "addr:city": "Singapore",
        "addr:housenumber": "65",
        "addr:postcode": "699000",
        "addr:street": "Sungei Tengah Road",
        "amenity": "cafe",
        "name": "Ten+",
        "opening_hours": "Mo-Fr 11:00-23:00, Sa-Su 10:00-23:00"
      },
      "geometry": {
        "type": "Point",
        "coordinates": [
          103.726643,
          1.3838489
        ]
      },
      "id": "node/10538317524"
    },
    {
      "type": "Feature",
      "properties": {
        "@id": "node/10538483464",
        "amenity": "cafe",
        "check_date": "2023-01-11",
        "level": "-1",
        "name": "Morning Grind",
        "outdoor_seating": "no",
        "payment:contactless": "yes",
        "payment:credit_cards": "yes",
        "payment:mastercard": "yes",
        "payment:visa": "yes"
      },
      "geometry": {
        "type": "Point",
        "coordinates": [
          103.8535583,
          1.2775987
        ]
      },
      "id": "node/10538483464"
    },
    {
      "type": "Feature",
      "properties": {
        "@id": "node/10567714531",
        "amenity": "cafe"
      },
      "geometry": {
        "type": "Point",
        "coordinates": [
          103.7911496,
          1.2760729
        ]
      },
      "id": "node/10567714531"
    },
    {
      "type": "Feature",
      "properties": {
        "@id": "node/10567714532",
        "amenity": "cafe"
      },
      "geometry": {
        "type": "Point",
        "coordinates": [
          103.7916307,
          1.275928
        ]
      },
      "id": "node/10567714532"
    },
    {
      "type": "Feature",
      "properties": {
        "@id": "node/10605376605",
        "addr:postcode": "437047",
        "amenity": "cafe",
        "name": "6 Letter Coffee"
      },
      "geometry": {
        "type": "Point",
        "coordinates": [
          103.8953974,
          1.3079629
        ]
      },
      "id": "node/10605376605"
    },
    {
      "type": "Feature",
      "properties": {
        "@id": "node/10629508506",
        "amenity": "cafe",
        "name": "The Cat Cafe"
      },
      "geometry": {
        "type": "Point",
        "coordinates": [
          103.8552037,
          1.3003463
        ]
      },
      "id": "node/10629508506"
    },
    {
      "type": "Feature",
      "properties": {
        "@id": "node/10653538806",
        "amenity": "cafe"
      },
      "geometry": {
        "type": "Point",
        "coordinates": [
          103.6336673,
          1.2719348
        ]
      },
      "id": "node/10653538806"
    },
    {
      "type": "Feature",
      "properties": {
        "@id": "node/10677635803",
        "amenity": "cafe"
      },
      "geometry": {
        "type": "Point",
        "coordinates": [
          103.7912607,
          1.2759395
        ]
      },
      "id": "node/10677635803"
    },
    {
      "type": "Feature",
      "properties": {
        "@id": "node/10687611434",
        "addr:city": "Singapore",
        "addr:housenumber": "50",
        "addr:postcode": "639798",
        "addr:street": "Nanyang Avenue",
        "amenity": "cafe",
        "cuisine": "coffee_shop",
        "name": "Venture Drive Coffee",
        "opening_hours": "Mo-Fr 08:00-18:00; Sa 09:00-15:00",
        "wheelchair": "yes"
      },
      "geometry": {
        "type": "Point",
        "coordinates": [
          103.6805214,
          1.3469781
        ]
      },
      "id": "node/10687611434"
    },
    {
      "type": "Feature",
      "properties": {
        "@id": "node/10687611435",
        "addr:city": "Singapore",
        "addr:housenumber": "50",
        "addr:postcode": "639798",
        "addr:street": "Nanyang Avenue",
        "amenity": "cafe",
        "brand": "Boost Juice",
        "brand:wikidata": "Q4943789",
        "cuisine": "juice",
        "name": "Boost Juice",
        "opening_hours": "Mo-Fr 10:00-21:00; Sa 10:00-18:00",
        "takeaway": "yes",
        "wheelchair": "yes"
      },
      "geometry": {
        "type": "Point",
        "coordinates": [
          103.6805164,
          1.3471611
        ]
      },
      "id": "node/10687611435"
    },
    {
      "type": "Feature",
      "properties": {
        "@id": "node/10687611436",
        "addr:city": "Singapore",
        "addr:housenumber": "71",
        "addr:postcode": "638075",
        "addr:street": "Nanyang Drive",
        "addr:unit": "#03-23",
        "amenity": "cafe",
        "name": "Connect 71 Cafe",
        "opening_hours": "Mo-Fr 09:00-21:00"
      },
      "geometry": {
        "type": "Point",
        "coordinates": [
          103.6816276,
          1.3482745
        ]
      },
      "id": "node/10687611436"
    },
    {
      "type": "Feature",
      "properties": {
        "@id": "node/10692469784",
        "amenity": "cafe",
        "cuisine": "bubble_tea",
        "level": "-1",
        "name": "R&B巡茶",
        "takeaway": "only"
      },
      "geometry": {
        "type": "Point",
        "coordinates": [
          103.8949447,
          1.3628432
        ]
      },
      "id": "node/10692469784"
    },
    {
      "type": "Feature",
      "properties": {
        "@id": "node/10692469791",
        "amenity": "cafe",
        "level": "-1",
        "name": "Overscoop"
      },
      "geometry": {
        "type": "Point",
        "coordinates": [
          103.8950173,
          1.3628502
        ]
      },
      "id": "node/10692469791"
    },
    {
      "type": "Feature",
      "properties": {
        "@id": "node/10692469794",
        "amenity": "cafe",
        "level": "0",
        "name": "Lotus Cafe"
      },
      "geometry": {
        "type": "Point",
        "coordinates": [
          103.8951969,
          1.3629106
        ]
      },
      "id": "node/10692469794"
    },
    {
      "type": "Feature",
      "properties": {
        "@id": "node/10692469795",
        "amenity": "cafe",
        "level": "0",
        "name": "Sweedy"
      },
      "geometry": {
        "type": "Point",
        "coordinates": [
          103.8950775,
          1.3624186
        ]
      },
      "id": "node/10692469795"
    },
    {
      "type": "Feature",
      "properties": {
        "@id": "node/10692469799",
        "amenity": "cafe",
        "level": "-1",
        "name": "The Fed Giraffe"
      },
      "geometry": {
        "type": "Point",
        "coordinates": [
          103.8950866,
          1.3625717
        ]
      },
      "id": "node/10692469799"
    },
    {
      "type": "Feature",
      "properties": {
        "@id": "node/10692477687",
        "amenity": "cafe",
        "cuisine": "bubble_tea",
        "name": "Sweettalk"
      },
      "geometry": {
        "type": "Point",
        "coordinates": [
          103.8926967,
          1.3704905
        ]
      },
      "id": "node/10692477687"
    },
    {
      "type": "Feature",
      "properties": {
        "@id": "node/10692484305",
        "amenity": "cafe",
        "level": "-1",
        "name": "Fun Toast"
      },
      "geometry": {
        "type": "Point",
        "coordinates": [
          103.8951345,
          1.3631384
        ]
      },
      "id": "node/10692484305"
    },
    {
      "type": "Feature",
      "properties": {
        "@id": "node/10692484306",
        "amenity": "cafe",
        "level": "0",
        "name": "Flash Coffee"
      },
      "geometry": {
        "type": "Point",
        "coordinates": [
          103.8953267,
          1.3631342
        ]
      },
      "id": "node/10692484306"
    },
    {
      "type": "Feature",
      "properties": {
        "@id": "node/10718876437",
        "amenity": "cafe",
        "cuisine": "bubble_tea",
        "level": "0",
        "name": "The Alley",
        "wheelchair": "yes"
      },
      "geometry": {
        "type": "Point",
        "coordinates": [
          103.8926339,
          1.383237
        ]
      },
      "id": "node/10718876437"
    },
    {
      "type": "Feature",
      "properties": {
        "@id": "node/10718876441",
        "addr:unit": "01-71;01-72",
        "air_conditioning": "yes",
        "amenity": "cafe",
        "brand": "The Coffee Bean & Tea Leaf",
        "cuisine": "coffee_shop",
        "highchair": "yes",
        "indoor_seating": "yes",
        "internet_access": "wlan",
        "internet_access:fee": "no",
        "level": "0",
        "name": "The Coffee Bean & Tea Leaf",
        "outdoor_seating": "no",
        "smoking": "no",
        "takeaway": "yes"
      },
      "geometry": {
        "type": "Point",
        "coordinates": [
          103.892436,
          1.3827805
        ]
      },
      "id": "node/10718876441"
    },
    {
      "type": "Feature",
      "properties": {
        "@id": "node/10740681481",
        "amenity": "cafe",
        "description": "cafe located inside the Punggol Regional Library; no unborrowed items allowed inside",
        "level": "1",
        "name": "Artease"
      },
      "geometry": {
        "type": "Point",
        "coordinates": [
          103.9056,
          1.4088372
        ]
      },
      "id": "node/10740681481"
    },
    {
      "type": "Feature",
      "properties": {
        "@id": "node/10742863258",
        "amenity": "cafe",
        "description": "donors of the blood bank can claim complimentary meals from this cafe",
        "name": "The Food Platelets"
      },
      "geometry": {
        "type": "Point",
        "coordinates": [
          103.8385406,
          1.2805174
        ]
      },
      "id": "node/10742863258"
    },
    {
      "type": "Feature",
      "properties": {
        "@id": "node/10744574224",
        "amenity": "cafe",
        "cuisine": "bubble_tea",
        "level": "-1",
        "name": "Koi Express",
        "wheelchair": "yes"
      },
      "geometry": {
        "type": "Point",
        "coordinates": [
          103.8923426,
          1.3823758
        ]
      },
      "id": "node/10744574224"
    },
    {
      "type": "Feature",
      "properties": {
        "@id": "node/10750656838",
        "amenity": "cafe"
      },
      "geometry": {
        "type": "Point",
        "coordinates": [
          103.8429716,
          1.3467421
        ]
      },
      "id": "node/10750656838"
    },
    {
      "type": "Feature",
      "properties": {
        "@id": "node/10763920767",
        "amenity": "cafe",
        "check_date": "2023-03-05",
        "name": "Yu Yi Coffee & Tea Stall"
      },
      "geometry": {
        "type": "Point",
        "coordinates": [
          103.8547572,
          1.3232011
        ]
      },
      "id": "node/10763920767"
    },
    {
      "type": "Feature",
      "properties": {
        "@id": "node/10771041135",
        "amenity": "cafe",
        "brand": "% Arabica",
        "check_date:opening_hours": "2026-03-04",
        "cuisine": "coffee_shop",
        "internet_access": "wlan",
        "internet_access:fee": "no",
        "level": "0",
        "name": "% Arabica",
        "opening_hours:signed": "no",
        "outdoor_seating": "yes",
        "smoking": "no",
        "takeaway": "yes",
        "toilets": "yes",
        "toilets:access": "customers",
        "toilets:disposal": "flush",
        "toilets:position": "seated",
        "toilets:wheelchair": "no"
      },
      "geometry": {
        "type": "Point",
        "coordinates": [
          103.7966136,
          1.3114515
        ]
      },
      "id": "node/10771041135"
    },
    {
      "type": "Feature",
      "properties": {
        "@id": "node/10771041145",
        "amenity": "cafe",
        "cuisine": "coffeeshop",
        "level": "0",
        "name": "Craftsmen",
        "outdoor_seating": "yes",
        "smoking": "no",
        "takeaway": "yes"
      },
      "geometry": {
        "type": "Point",
        "coordinates": [
          103.7952808,
          1.3118177
        ]
      },
      "id": "node/10771041145"
    },
    {
      "type": "Feature",
      "properties": {
        "@id": "node/10771041160",
        "amenity": "cafe",
        "level": "0",
        "name": "Fresh Fruits",
        "takeaway": "only",
        "wheelchair": "yes"
      },
      "geometry": {
        "type": "Point",
        "coordinates": [
          103.8504402,
          1.2806005
        ]
      },
      "id": "node/10771041160"
    },
    {
      "type": "Feature",
      "properties": {
        "@id": "node/10777629421",
        "amenity": "cafe",
        "brand": "Starbucks",
        "brand:wikidata": "Q37158",
        "cuisine": "coffee_shop",
        "name": "Starbucks",
        "official_name": "Starbucks Coffee",
        "takeaway": "yes"
      },
      "geometry": {
        "type": "Point",
        "coordinates": [
          103.8504519,
          1.2835624
        ]
      },
      "id": "node/10777629421"
    },
    {
      "type": "Feature",
      "properties": {
        "@id": "node/10779943741",
        "amenity": "cafe",
        "name": "Ride Side Skate Café"
      },
      "geometry": {
        "type": "Point",
        "coordinates": [
          103.7259498,
          1.3440255
        ]
      },
      "id": "node/10779943741"
    },
    {
      "type": "Feature",
      "properties": {
        "@id": "node/10796548381",
        "air_conditioning": "yes",
        "amenity": "cafe",
        "cuisine": "indian",
        "indoor_seating": "yes",
        "level": "-1",
        "name": "Prata Wala",
        "opening_hours": "Mo-Su 09:00-21:00",
        "outdoor_seating": "no",
        "phone": "+65 87744273",
        "takeaway": "yes",
        "website": "https://www.pratawala.com/"
      },
      "geometry": {
        "type": "Point",
        "coordinates": [
          103.844946,
          1.2851009
        ]
      },
      "id": "node/10796548381"
    },
    {
      "type": "Feature",
      "properties": {
        "@id": "node/10804191305",
        "amenity": "cafe",
        "name": "kaffe & toast"
      },
      "geometry": {
        "type": "Point",
        "coordinates": [
          103.896805,
          1.3163008
        ]
      },
      "id": "node/10804191305"
    },
    {
      "type": "Feature",
      "properties": {
        "@id": "node/10804265007",
        "amenity": "cafe",
        "name": "Dendeng"
      },
      "geometry": {
        "type": "Point",
        "coordinates": [
          103.8990444,
          1.3167536
        ]
      },
      "id": "node/10804265007"
    },
    {
      "type": "Feature",
      "properties": {
        "@id": "node/10804265008",
        "amenity": "cafe",
        "name": "Irna’s Taste"
      },
      "geometry": {
        "type": "Point",
        "coordinates": [
          103.8990368,
          1.3168204
        ]
      },
      "id": "node/10804265008"
    },
    {
      "type": "Feature",
      "properties": {
        "@id": "node/10808071664",
        "addr:city": "Singapore",
        "addr:housenumber": "1",
        "addr:postcode": "518457",
        "addr:street": "Pasir Ris Central Street 3",
        "air_conditioning": "no",
        "amenity": "cafe",
        "cuisine": "bubble_tea",
        "delivery": "yes",
        "level": "0",
        "name": "CHICHA San Chen",
        "opening_hours": "Mo-Su 11:00-21:00",
        "outdoor_seating": "no",
        "takeaway": "only",
        "website": "https://www.chichasanchen.com.sg/"
      },
      "geometry": {
        "type": "Point",
        "coordinates": [
          103.9493459,
          1.3724532
        ]
      },
      "id": "node/10808071664"
    },
    {
      "type": "Feature",
      "properties": {
        "@id": "node/10808904644",
        "addr:city": "Singapore",
        "addr:housenumber": "2",
        "addr:postcode": "347836",
        "addr:street": "Tai Thong Crescent",
        "air_conditioning": "yes",
        "amenity": "cafe",
        "cuisine": "coffee_shop",
        "delivery": "yes",
        "level": "0",
        "name": "Fuel X",
        "opening_hours": "Mo 10:00-20:30; Tu 10:00-17:00; We off; Th-Fr 10:00-20:30; Sa-Sun 09:30-20:30",
        "outdoor_seating": "yes",
        "phone": "+65 62467266",
        "takeaway": "yes"
      },
      "geometry": {
        "type": "Point",
        "coordinates": [
          103.8695646,
          1.3284682
        ]
      },
      "id": "node/10808904644"
    },
    {
      "type": "Feature",
      "properties": {
        "@id": "node/10837019613",
        "addr:city": "Singapore",
        "addr:housenumber": "76",
        "addr:postcode": "637331",
        "addr:street": "Nanyang Drive",
        "air_conditioning": "yes",
        "amenity": "cafe",
        "cuisine": "dessert",
        "level": "2",
        "name": "Nine Fresh",
        "opening_hours": "Mo-Fr 11:00-18:30; Sa 11:00-15:00; Su off",
        "outdoor_seating": "yes"
      },
      "geometry": {
        "type": "Point",
        "coordinates": [
          103.6802064,
          1.3470082
        ]
      },
      "id": "node/10837019613"
    },
    {
      "type": "Feature",
      "properties": {
        "@id": "node/10837019614",
        "addr:city": "Singapore",
        "addr:housenumber": "50",
        "addr:postcode": "639798",
        "addr:street": "Nanyang Avenue",
        "amenity": "cafe",
        "cuisine": "bubble_tea",
        "name": "Yilin Likes Tea",
        "opening_hours": "Mo-Sa 10:00-20:00",
        "wheelchair": "yes"
      },
      "geometry": {
        "type": "Point",
        "coordinates": [
          103.6807038,
          1.3472263
        ]
      },
      "id": "node/10837019614"
    },
    {
      "type": "Feature",
      "properties": {
        "@id": "node/10846758080",
        "amenity": "cafe",
        "name": "Egg Splash Cafe",
        "opening_hours": "Mo-Su 09:30-17:30"
      },
      "geometry": {
        "type": "Point",
        "coordinates": [
          103.7804842,
          1.4052098
        ]
      },
      "id": "node/10846758080"
    },
    {
      "type": "Feature",
      "properties": {
        "@id": "node/10846763944",
        "amenity": "cafe",
        "name": "Penguin Cove Cafe",
        "opening_hours": "Mo-Su 09:00-17:30"
      },
      "geometry": {
        "type": "Point",
        "coordinates": [
          103.7826424,
          1.4064442
        ]
      },
      "id": "node/10846763944"
    },
    {
      "type": "Feature",
      "properties": {
        "@id": "node/10855898186",
        "amenity": "cafe",
        "check_date": "2023-04-11",
        "level": "0",
        "name": "Mixue",
        "takeaway": "yes"
      },
      "geometry": {
        "type": "Point",
        "coordinates": [
          103.8495152,
          1.3002023
        ]
      },
      "id": "node/10855898186"
    },
    {
      "type": "Feature",
      "properties": {
        "@id": "node/10859687833",
        "amenity": "cafe"
      },
      "geometry": {
        "type": "Point",
        "coordinates": [
          103.7653231,
          1.3034975
        ]
      },
      "id": "node/10859687833"
    },
    {
      "type": "Feature",
      "properties": {
        "@id": "node/10877063837",
        "addr:housenumber": "185",
        "addr:postcode": "427456",
        "addr:street": "Joo Chiat Road",
        "air_conditioning": "yes",
        "amenity": "cafe",
        "branch": "Joo Chiat Road",
        "check_date": "2023-05-09",
        "contact:facebook": "https://www.facebook.com/commonmancoffeeroasters",
        "cuisine": "coffee_shop;breakfast",
        "email": "info@cmcroasters.com",
        "internet_access": "wlan",
        "internet_access:fee": "no",
        "level": "0",
        "name": "Common Man Coffee Roasters",
        "opening_hours": "07:30-17:00",
        "operator": "Common Mam Coffee Roasters",
        "outdoor_seating": "yes",
        "payment:credit_cards": "yes",
        "payment:debit_cards": "yes",
        "payment:mastercard": "yes",
        "payment:nets": "yes",
        "payment:visa": "yes",
        "phone": "+65 6877 4863",
        "reservation": "no",
        "takeaway": "yes",
        "website": "https://commonmancoffeeroasters.com/",
        "wheelchair": "limited"
      },
      "geometry": {
        "type": "Point",
        "coordinates": [
          103.9006114,
          1.312062
        ]
      },
      "id": "node/10877063837"
    },
    {
      "type": "Feature",
      "properties": {
        "@id": "node/10877220284",
        "amenity": "cafe",
        "brand": "Flash Coffee",
        "brand:wikidata": "Q118627777",
        "cuisine": "coffee_shop",
        "name": "Flash Coffee",
        "opening_hours": "Mo-Fr 07:00-18:00; Sa-Su 08:00-18:00",
        "takeaway": "yes",
        "website": "https://flash-coffee.com/"
      },
      "geometry": {
        "type": "Point",
        "coordinates": [
          103.8485481,
          1.2788714
        ]
      },
      "id": "node/10877220284"
    },
    {
      "type": "Feature",
      "properties": {
        "@id": "node/10883765485",
        "amenity": "cafe",
        "cuisine": "bubble_tea",
        "level": "0",
        "name": "Each A Cup",
        "takeaway": "only"
      },
      "geometry": {
        "type": "Point",
        "coordinates": [
          103.9047588,
          1.3921389
        ]
      },
      "id": "node/10883765485"
    },
    {
      "type": "Feature",
      "properties": {
        "@id": "node/10891356327",
        "amenity": "cafe",
        "cuisine": "bubble_tea",
        "level": "0",
        "name": "Hollin",
        "takeaway": "only"
      },
      "geometry": {
        "type": "Point",
        "coordinates": [
          103.9128803,
          1.3944104
        ]
      },
      "id": "node/10891356327"
    },
    {
      "type": "Feature",
      "properties": {
        "@id": "node/10891405949",
        "addr:unit": "#01-56",
        "amenity": "cafe",
        "branch": "The Woodleigh Mall",
        "cuisine": "bubble_tea",
        "level": "0",
        "name": "Hollin",
        "outdoor_seating": "yes",
        "takeaway": "yes"
      },
      "geometry": {
        "type": "Point",
        "coordinates": [
          103.8722599,
          1.3391681
        ]
      },
      "id": "node/10891405949"
    },
    {
      "type": "Feature",
      "properties": {
        "@id": "node/10891405951",
        "addr:unit": "#02-19",
        "air_conditioning": "yes",
        "amenity": "cafe",
        "branch": "The Woodleigh Mall",
        "cuisine": "breakfast",
        "level": "1",
        "name": "Fun Toast"
      },
      "geometry": {
        "type": "Point",
        "coordinates": [
          103.8722589,
          1.3389225
        ]
      },
      "id": "node/10891405951"
    },
    {
      "type": "Feature",
      "properties": {
        "@id": "node/10891405958",
        "addr:unit": "#01-01",
        "air_conditioning": "yes",
        "amenity": "cafe",
        "branch": "The Woodleigh Mall",
        "brand": "Starbucks",
        "brand:wikidata": "Q37158",
        "cuisine": "coffee_shop",
        "level": "0",
        "name": "Starbucks",
        "official_name": "Starbucks Coffee",
        "takeaway": "yes"
      },
      "geometry": {
        "type": "Point",
        "coordinates": [
          103.8714587,
          1.3385846
        ]
      },
      "id": "node/10891405958"
    },
    {
      "type": "Feature",
      "properties": {
        "@id": "node/10891405961",
        "addr:unit": "#01-36",
        "air_conditioning": "yes",
        "amenity": "cafe",
        "branch": "The Woodleigh Mall",
        "brand": "Toast Box",
        "brand:wikidata": "Q100285490",
        "cuisine": "coffee_shop",
        "level": "0",
        "name": "Toast Box",
        "takeaway": "yes"
      },
      "geometry": {
        "type": "Point",
        "coordinates": [
          103.8719913,
          1.3385718
        ]
      },
      "id": "node/10891405961"
    },
    {
      "type": "Feature",
      "properties": {
        "@id": "node/10891405973",
        "addr:unit": "#01-55",
        "amenity": "cafe",
        "branch": "The Woodleigh Mall",
        "level": "0",
        "name": "OLLA Specialty Coffee"
      },
      "geometry": {
        "type": "Point",
        "coordinates": [
          103.8720701,
          1.3392391
        ]
      },
      "id": "node/10891405973"
    },
    {
      "type": "Feature",
      "properties": {
        "@id": "node/10893520523",
        "addr:unit": "#01-32",
        "air_conditioning": "yes",
        "amenity": "cafe",
        "branch": "The Woodleigh Mall",
        "cuisine": "bubble_tea",
        "level": "0",
        "name": "CHICHA San Chen",
        "takeaway": "yes"
      },
      "geometry": {
        "type": "Point",
        "coordinates": [
          103.8716001,
          1.3385993
        ]
      },
      "id": "node/10893520523"
    },
    {
      "type": "Feature",
      "properties": {
        "@id": "node/10893520528",
        "addr:unit": "#01-38",
        "air_conditioning": "yes",
        "amenity": "cafe",
        "branch": "The Woodleigh Mall",
        "level": "0",
        "name": "Cedele Bakery Kitchen"
      },
      "geometry": {
        "type": "Point",
        "coordinates": [
          103.8721224,
          1.3384604
        ]
      },
      "id": "node/10893520528"
    },
    {
      "type": "Feature",
      "properties": {
        "@id": "node/10893520540",
        "addr:unit": "#B1-K43/K44",
        "air_conditioning": "yes",
        "amenity": "cafe",
        "branch": "The Woodleigh Mall",
        "cuisine": "bubble_tea",
        "level": "-1",
        "name": "KOI Thé"
      },
      "geometry": {
        "type": "Point",
        "coordinates": [
          103.8720929,
          1.3386626
        ]
      },
      "id": "node/10893520540"
    },
    {
      "type": "Feature",
      "properties": {
        "@id": "node/10940122722",
        "addr:floor": "1",
        "addr:housenumber": "360",
        "addr:street": "Balestier Road",
        "air_conditioning": "yes",
        "amenity": "cafe",
        "brand": "Ya Kun Kaya Toast",
        "brand:wikidata": "Q8046237",
        "check_date": "2024-01-07",
        "cuisine": "coffee_shop",
        "level": "0",
        "name": "Ya Kun Kaya Toast",
        "outdoor_seating": "no",
        "takeaway": "yes"
      },
      "geometry": {
        "type": "Point",
        "coordinates": [
          103.8509699,
          1.3250466
        ]
      },
      "id": "node/10940122722"
    },
    {
      "type": "Feature",
      "properties": {
        "@id": "node/10940122723",
        "addr:floor": ";1",
        "addr:housenumber": "360",
        "addr:street": "Balestier Road",
        "amenity": "cafe",
        "brand": "The Coffee Bean & Tea Leaf",
        "brand:wikidata": "Q1141384",
        "check_date": "2024-01-07",
        "cuisine": "coffee_shop",
        "level": "0;0",
        "name": "The Coffee Bean & Tea Leaf",
        "outdoor_seating": "no",
        "takeaway": "yes"
      },
      "geometry": {
        "type": "Point",
        "coordinates": [
          103.8510462,
          1.3249764
        ]
      },
      "id": "node/10940122723"
    },
    {
      "type": "Feature",
      "properties": {
        "@id": "node/10949115596",
        "air_conditioning": "yes",
        "amenity": "cafe",
        "level": "0",
        "name": "Tiong Bahru Bakery",
        "opening_hours": "Mo-Su 07:30-22:00",
        "phone": "+65 68774874",
        "website": "https://www.tiongbahrubakery.com/",
        "wheelchair": "yes"
      },
      "geometry": {
        "type": "Point",
        "coordinates": [
          103.8213881,
          1.2650868
        ]
      },
      "id": "node/10949115596"
    },
    {
      "type": "Feature",
      "properties": {
        "@id": "node/10961779765",
        "addr:city": "Singapore",
        "amenity": "cafe",
        "brand": "The Coffee Bean & Tea Leaf",
        "brand:wikidata": "Q1141384",
        "brand:wikipedia": "en:The Coffee Bean & Tea Leaf",
        "cuisine": "coffee_shop",
        "name": "The Coffee Bean & Tea Leaf",
        "takeaway": "yes"
      },
      "geometry": {
        "type": "Point",
        "coordinates": [
          103.7463024,
          1.3350868
        ]
      },
      "id": "node/10961779765"
    },
    {
      "type": "Feature",
      "properties": {
        "@id": "node/10961779767",
        "amenity": "cafe",
        "brand": "Gong Cha",
        "brand:wikidata": "Q5581670",
        "brand:wikipedia": "en:Gong Cha",
        "brand:zh": "貢茶",
        "cuisine": "bubble_tea",
        "int_name": "Gong Cha",
        "level": "1",
        "name": "Gong Cha 貢茶",
        "name:zh": "貢茶",
        "takeaway": "yes"
      },
      "geometry": {
        "type": "Point",
        "coordinates": [
          103.7427297,
          1.3344848
        ]
      },
      "id": "node/10961779767"
    },
    {
      "type": "Feature",
      "properties": {
        "@id": "node/10992282621",
        "addr:housenumber": "218",
        "addr:postcode": "428916",
        "addr:street": "East Coast Road",
        "amenity": "cafe",
        "check_date": "2023-06-18",
        "contact:facebook": "https://www.facebook.com/brawnandbrainscoffee",
        "cuisine": "coffee_shop",
        "email": "hello@brawnandbrains.sg",
        "name": "Brawns & Brains",
        "opening_hours": "Mo-Tu,Th-Fr 07:30-17:30; We off; Sa-Su,PH 07:30-18:00",
        "outdoor_seating": "no",
        "website": "https://www.brawnandbrains.sg/"
      },
      "geometry": {
        "type": "Point",
        "coordinates": [
          103.9073597,
          1.3074195
        ]
      },
      "id": "node/10992282621"
    },
    {
      "type": "Feature",
      "properties": {
        "@id": "node/10992300829",
        "addr:floor": "1",
        "addr:housenumber": "382",
        "addr:street": "Havelock Road",
        "amenity": "cafe",
        "check_date": "2023-06-19",
        "cuisine": "coffee_shop",
        "level": "0",
        "name": "Starbucks",
        "wheelchair": "yes"
      },
      "geometry": {
        "type": "Point",
        "coordinates": [
          103.8367052,
          1.2893337
        ]
      },
      "id": "node/10992300829"
    },
    {
      "type": "Feature",
      "properties": {
        "@id": "node/10992300830",
        "amenity": "cafe",
        "check_date": "2023-06-19",
        "name": "Indocafé The White House"
      },
      "geometry": {
        "type": "Point",
        "coordinates": [
          103.8355418,
          1.3109515
        ]
      },
      "id": "node/10992300830"
    },
    {
      "type": "Feature",
      "properties": {
        "@id": "node/10997766457",
        "amenity": "cafe",
        "brewery": "yes",
        "check_date": "2024-09-11",
        "level": "0",
        "name": "Chagee"
      },
      "geometry": {
        "type": "Point",
        "coordinates": [
          103.8528112,
          1.2943132
        ]
      },
      "id": "node/10997766457"
    },
    {
      "type": "Feature",
      "properties": {
        "@id": "node/11003093805",
        "amenity": "cafe",
        "name": "King of Braise"
      },
      "geometry": {
        "type": "Point",
        "coordinates": [
          103.7057044,
          1.3385654
        ]
      },
      "id": "node/11003093805"
    },
    {
      "type": "Feature",
      "properties": {
        "@id": "node/11003093906",
        "amenity": "cafe",
        "name": "Mr Bean"
      },
      "geometry": {
        "type": "Point",
        "coordinates": [
          103.7056698,
          1.3385507
        ]
      },
      "id": "node/11003093906"
    },
    {
      "type": "Feature",
      "properties": {
        "@id": "node/11003097305",
        "amenity": "cafe",
        "brand": "Mixue",
        "brand:en": "MIXUEBINGCHENG",
        "brand:wikidata": "Q107406476",
        "brand:wikipedia": "zh:蜜雪冰城",
        "brand:zh": "蜜雪冰城",
        "cuisine": "ice_cream;bubble_tea",
        "name": "Mixue",
        "name:en": "Mixue",
        "name:zh": "蜜雪冰城",
        "takeaway": "yes"
      },
      "geometry": {
        "type": "Point",
        "coordinates": [
          103.7054736,
          1.3387991
        ]
      },
      "id": "node/11003097305"
    },
    {
      "type": "Feature",
      "properties": {
        "@id": "node/11015502652",
        "amenity": "cafe",
        "level": "0",
        "name": "Rocky Masters",
        "wheelchair": "yes"
      },
      "geometry": {
        "type": "Point",
        "coordinates": [
          103.7860602,
          1.4346801
        ]
      },
      "id": "node/11015502652"
    },
    {
      "type": "Feature",
      "properties": {
        "@id": "node/11016345950",
        "air_conditioning": "yes",
        "amenity": "cafe",
        "level": "0",
        "name": "The Coffee Bean & Tea Leaf",
        "opening_hours": "24/7",
        "outdoor": "no"
      },
      "geometry": {
        "type": "Point",
        "coordinates": [
          103.8939855,
          1.3726953
        ]
      },
      "id": "node/11016345950"
    },
    {
      "type": "Feature",
      "properties": {
        "@id": "node/11025729419",
        "amenity": "cafe",
        "cuisine": "coffee_shop",
        "name": "Li Ji Coffee"
      },
      "geometry": {
        "type": "Point",
        "coordinates": [
          103.7800389,
          1.2963034
        ]
      },
      "id": "node/11025729419"
    },
    {
      "type": "Feature",
      "properties": {
        "@id": "node/11026965725",
        "amenity": "cafe",
        "cuisine": "bubble_tea"
      },
      "geometry": {
        "type": "Point",
        "coordinates": [
          103.7736501,
          1.3039188
        ]
      },
      "id": "node/11026965725"
    },
    {
      "type": "Feature",
      "properties": {
        "@id": "node/11029499353",
        "amenity": "cafe"
      },
      "geometry": {
        "type": "Point",
        "coordinates": [
          103.7888738,
          1.3064468
        ]
      },
      "id": "node/11029499353"
    },
    {
      "type": "Feature",
      "properties": {
        "@id": "node/11029499354",
        "amenity": "cafe",
        "cuisine": "bubble_tea"
      },
      "geometry": {
        "type": "Point",
        "coordinates": [
          103.7903778,
          1.3071967
        ]
      },
      "id": "node/11029499354"
    },
    {
      "type": "Feature",
      "properties": {
        "@id": "node/11029540180",
        "amenity": "cafe",
        "name": "Tiong Bahru Bakery"
      },
      "geometry": {
        "type": "Point",
        "coordinates": [
          103.8992001,
          1.3125993
        ]
      },
      "id": "node/11029540180"
    },
    {
      "type": "Feature",
      "properties": {
        "@id": "node/11039879140",
        "addr:housenumber": "27",
        "addr:street": "Seah Street",
        "amenity": "cafe",
        "check_date": "2023-07-09",
        "cuisine": "crepe",
        "level": "0",
        "name": "Entre-Nous Creperie"
      },
      "geometry": {
        "type": "Point",
        "coordinates": [
          103.8546474,
          1.2961846
        ]
      },
      "id": "node/11039879140"
    },
    {
      "type": "Feature",
      "properties": {
        "@id": "node/11039879157",
        "addr:housenumber": "360",
        "addr:street": "Balestier Road",
        "amenity": "cafe",
        "check_date": "2023-07-04",
        "cuisine": "tea",
        "level": "0",
        "name": "The Alley"
      },
      "geometry": {
        "type": "Point",
        "coordinates": [
          103.8511002,
          1.3249372
        ]
      },
      "id": "node/11039879157"
    },
    {
      "type": "Feature",
      "properties": {
        "@id": "node/11039879162",
        "amenity": "cafe",
        "check_date": "2024-03-14",
        "level": "0",
        "name": "Brown Sugar",
        "outdoor_seating": "no",
        "wheelchair": "yes"
      },
      "geometry": {
        "type": "Point",
        "coordinates": [
          103.8531526,
          1.3213012
        ]
      },
      "id": "node/11039879162"
    },
    {
      "type": "Feature",
      "properties": {
        "@id": "node/11047817664",
        "amenity": "cafe",
        "name": "Star Corner",
        "wheelchair": "yes"
      },
      "geometry": {
        "type": "Point",
        "coordinates": [
          103.8935067,
          1.3826232
        ]
      },
      "id": "node/11047817664"
    },
    {
      "type": "Feature",
      "properties": {
        "@id": "node/11048718100",
        "addr:city": "Singapore",
        "addr:housename": "Senja Heights",
        "addr:housenumber": "642",
        "addr:postcode": "670642",
        "addr:street": "Senja Close",
        "addr:unit": "#01-03",
        "air_conditioning": "yes",
        "amenity": "cafe",
        "brand": "The Coffee Bean & Tea Leaf",
        "brand:wikidata": "Q1141384",
        "cuisine": "coffee_shop",
        "name": "The Coffee Bean & Tea Leaf",
        "opening_hours": "07:00-02:00",
        "outdoor_seating": "no",
        "takeaway": "yes"
      },
      "geometry": {
        "type": "Point",
        "coordinates": [
          103.761863,
          1.3869535
        ]
      },
      "id": "node/11048718100"
    },
    {
      "type": "Feature",
      "properties": {
        "@id": "node/11051415801",
        "air_conditioning": "yes",
        "amenity": "cafe",
        "check_date": "2024-01-03",
        "cuisine": "coffee_shop;local",
        "diet:halal": "yes",
        "level": "0",
        "name": "Kopi & Tarts",
        "outdoor_seating": "no"
      },
      "geometry": {
        "type": "Point",
        "coordinates": [
          103.8640632,
          1.3105389
        ]
      },
      "id": "node/11051415801"
    },
    {
      "type": "Feature",
      "properties": {
        "@id": "node/11051415802",
        "addr:housenumber": "1",
        "addr:street": "Irving Place, #08-06;The Commerze@Irving",
        "amenity": "cafe",
        "check_date": "2024-10-05"
      },
      "geometry": {
        "type": "Point",
        "coordinates": [
          103.8861447,
          1.3360896
        ]
      },
      "id": "node/11051415802"
    },
    {
      "type": "Feature",
      "properties": {
        "@id": "node/11051437112",
        "addr:floor": "1",
        "air_conditioning": "yes",
        "amenity": "cafe",
        "check_date": "2024-05-11",
        "cuisine": "coffee_shop",
        "level": "0;0",
        "name": "Fahrenheit Specialty Coffee",
        "opening_hours": "09:00-18:00",
        "outdoor_seating": "yes",
        "payment:cash": "no",
        "payment:credit_cards": "yes",
        "payment:debit_cards": "yes"
      },
      "geometry": {
        "type": "Point",
        "coordinates": [
          103.8564978,
          1.2970701
        ]
      },
      "id": "node/11051437112"
    },
    {
      "type": "Feature",
      "properties": {
        "@id": "node/11052023854",
        "addr:city": "Singapore",
        "addr:postcode": "079118",
        "addr:street": "70 Shenton Way, #01-05",
        "amenity": "cafe",
        "cuisine": "coffee_shop;cafe",
        "name": "Double Shot Coffee Shenton",
        "opening_hours": "Mo-Fr 08:00-17:00",
        "outdoor_seating": "yes",
        "phone": "+65 98216865",
        "website": "https://www.dblshotcoffee.com/"
      },
      "geometry": {
        "type": "Point",
        "coordinates": [
          103.8463266,
          1.2738515
        ]
      },
      "id": "node/11052023854"
    },
    {
      "type": "Feature",
      "properties": {
        "@id": "node/11052051046",
        "addr:city": "Singapore",
        "addr:postcode": "169348",
        "addr:street": "19 Kampongo Bahru, level 1",
        "amenity": "cafe",
        "cuisine": "coffee_shop;cafe",
        "name": "Double Shot Coffee Kampong Bahru",
        "opening_hours": "We-Mo 08:00-17:00",
        "outdoor_seating": "yes",
        "phone": "+65 98216865",
        "website": "https://www.dblshotcoffee.com/"
      },
      "geometry": {
        "type": "Point",
        "coordinates": [
          103.8365584,
          1.2771773
        ]
      },
      "id": "node/11052051046"
    },
    {
      "type": "Feature",
      "properties": {
        "@id": "node/11060853027",
        "amenity": "cafe",
        "name": "Da Paolo Gastronomia",
        "opening_hours": "Mo-Su 08:00-22:00",
        "outdoor_seating": "no",
        "phone": "+65 64751323"
      },
      "geometry": {
        "type": "Point",
        "coordinates": [
          103.7960759,
          1.3104192
        ]
      },
      "id": "node/11060853027"
    },
    {
      "type": "Feature",
      "properties": {
        "@id": "node/11072753505",
        "addr:postcode": "588177",
        "amenity": "cafe",
        "cuisine": "japanese",
        "level": "0",
        "name": "Chirashi-Ai Cafe @ Beauty World Centre | Floor 1",
        "opening_hours": "Mo-Fr 11:30-20:30; Su,Sa 09:30-20:30"
      },
      "geometry": {
        "type": "Point",
        "coordinates": [
          103.7764738,
          1.3423326
        ]
      },
      "id": "node/11072753505"
    },
    {
      "type": "Feature",
      "properties": {
        "@id": "node/11072761505",
        "addr:postcode": "588177",
        "amenity": "cafe",
        "cuisine": "malaysian",
        "level": "-1",
        "name": "May's Kafe",
        "opening_hours": "Su-Sa 08:00-18:00",
        "wheelchair": "yes"
      },
      "geometry": {
        "type": "Point",
        "coordinates": [
          103.7763955,
          1.3423727
        ]
      },
      "id": "node/11072761505"
    },
    {
      "type": "Feature",
      "properties": {
        "@id": "node/11090494233",
        "amenity": "cafe",
        "check_date": "2023-07-23",
        "cuisine": "coffee_shop",
        "fixme:type": "cafw",
        "level": "0",
        "name": "Equate Cafe",
        "outdoor_seating": "no",
        "wheelchair": "yes"
      },
      "geometry": {
        "type": "Point",
        "coordinates": [
          103.8402846,
          1.3006156
        ]
      },
      "id": "node/11090494233"
    },
    {
      "type": "Feature",
      "properties": {
        "@id": "node/11090494243",
        "addr:housenumber": "38",
        "addr:street": "Hamilton Road",
        "air_conditioning": "yes",
        "amenity": "cafe",
        "check_date": "2024-05-30",
        "contact:facebook": "https://www.facebook.com/thecommunityroastery/",
        "cuisine": "coffee_shop",
        "internet_access": "wlan",
        "internet_access:fee": "customers",
        "level": "0",
        "name": "The Community Roastery & Cafe",
        "payment:credit_cards": "yes",
        "payment:debit_cards": "yes",
        "payment:mastercard": "yes",
        "payment:nets": "yes",
        "payment:visa": "yes",
        "takeaway": "yes",
        "website": "https://thecommunitycoffee.com/"
      },
      "geometry": {
        "type": "Point",
        "coordinates": [
          103.8614297,
          1.3115704
        ]
      },
      "id": "node/11090494243"
    },
    {
      "type": "Feature",
      "properties": {
        "@id": "node/11090494250",
        "air_conditioning": "yes",
        "amenity": "cafe",
        "check_date": "2024-04-14",
        "cuisine": "coffee_shop",
        "level": "0",
        "name": "Pinhole Coffee Bar",
        "opening_hours": "08:00-17:00",
        "outdoor_seating": "yes",
        "payment:cash": "no",
        "payment:credit_cards": "yes",
        "payment:debit_cards": "yes",
        "payment:paynow": "yes",
        "takeaway": "yes",
        "wheelchair": "no"
      },
      "geometry": {
        "type": "Point",
        "coordinates": [
          103.8552871,
          1.2963063
        ]
      },
      "id": "node/11090494250"
    },
    {
      "type": "Feature",
      "properties": {
        "@id": "node/11101819313",
        "addr:city": "Singapore",
        "addr:housenumber": "746",
        "addr:postcode": "470746",
        "addr:street": "Bedok Reservoir Road",
        "amenity": "cafe",
        "cuisine": "bubble_tea",
        "name": "Each a Cup"
      },
      "geometry": {
        "type": "Point",
        "coordinates": [
          103.9213072,
          1.3372597
        ]
      },
      "id": "node/11101819313"
    },
    {
      "type": "Feature",
      "properties": {
        "@id": "node/11115314584",
        "addr:city": "Singapore",
        "addr:housenumber": "4",
        "addr:postcode": "360004",
        "addr:street": "Upper Aljunied Lane",
        "amenity": "cafe",
        "contact:facebook": "https://www.facebook.com/YoonsTraditionalTeochewKueh/",
        "cuisine": "chinese",
        "level": "0",
        "mobile": "+65 9666 5134",
        "name": "Yoon's Social Kitchen",
        "opening_hours": "Mo-Fr 07:30-16:00, Sa 07:30-16:30, Su off"
      },
      "geometry": {
        "type": "Point",
        "coordinates": [
          103.8791597,
          1.3335251
        ]
      },
      "id": "node/11115314584"
    },
    {
      "type": "Feature",
      "properties": {
        "@id": "node/11115314603",
        "addr:city": "Singapore",
        "addr:housenumber": "9",
        "addr:postcode": "349354",
        "addr:street": "Jalan Wangi",
        "air_conditioning": "yes",
        "amenity": "cafe",
        "contact:facebook": "https://www.facebook.com/joanbowencafe/",
        "level": "0",
        "name": "Joan Bowen Cafe",
        "opening_hours": "Tu-Fr 11:30-14:30; Sa 11:30-17:00; Su-Mo off",
        "outdoor_seating": "yes",
        "phone": "+65 6530 3628",
        "reservation": "yes",
        "website": "https://www.joanbowen.com/"
      },
      "geometry": {
        "type": "Point",
        "coordinates": [
          103.8742331,
          1.3302348
        ]
      },
      "id": "node/11115314603"
    },
    {
      "type": "Feature",
      "properties": {
        "@id": "node/11115323200",
        "addr:city": "Singapore",
        "addr:housenumber": "548",
        "addr:postcode": "368227",
        "addr:street": "MacPherson Road",
        "air_conditioning": "yes",
        "amenity": "cafe",
        "contact:facebook": "https://www.facebook.com/pestlemortarsociety/",
        "contact:instagram": "https://www.instagram.com/pestlemortarsociety/",
        "level": "0",
        "name": "Pestle & Mortar Society",
        "opening_hours": "Mo-Th 12:00-22:00; Fr-Su 12:00-23:00",
        "outdoor_seating": "no",
        "phone": "+65 6814 8822",
        "reservation": "yes"
      },
      "geometry": {
        "type": "Point",
        "coordinates": [
          103.8848648,
          1.3324831
        ]
      },
      "id": "node/11115323200"
    },
    {
      "type": "Feature",
      "properties": {
        "@id": "node/11135468363",
        "amenity": "cafe",
        "name": "Gentlebros Café"
      },
      "geometry": {
        "type": "Point",
        "coordinates": [
          103.8464249,
          1.2837849
        ]
      },
      "id": "node/11135468363"
    },
    {
      "type": "Feature",
      "properties": {
        "@id": "node/11170436829",
        "amenity": "cafe",
        "check_date": "2023-09-04",
        "level": "0",
        "name": "True Breakfast"
      },
      "geometry": {
        "type": "Point",
        "coordinates": [
          103.8512768,
          1.2926651
        ]
      },
      "id": "node/11170436829"
    },
    {
      "type": "Feature",
      "properties": {
        "@id": "node/11170441038",
        "addr:floor": "2",
        "amenity": "cafe",
        "check_date": "2023-09-03",
        "level": "1;1",
        "name": "Kopi Bar Nitro"
      },
      "geometry": {
        "type": "Point",
        "coordinates": [
          103.8586224,
          1.2960387
        ]
      },
      "id": "node/11170441038"
    },
    {
      "type": "Feature",
      "properties": {
        "@id": "node/11178310826",
        "amenity": "cafe",
        "level": "0",
        "name": "929 Desserts & Bites"
      },
      "geometry": {
        "type": "Point",
        "coordinates": [
          103.9415216,
          1.3445951
        ]
      },
      "id": "node/11178310826"
    },
    {
      "type": "Feature",
      "properties": {
        "@id": "node/11185644971",
        "addr:city": "Singapore",
        "addr:floor": "1",
        "addr:housenumber": "144",
        "addr:postcode": "588177",
        "addr:street": "Upper Bukit Timah Road",
        "amenity": "cafe",
        "brand": "i TEA",
        "check_date": "2025-01-12",
        "cuisine": "bubble_tea",
        "level": "0",
        "name": "iTEA",
        "wheelchair": "yes"
      },
      "geometry": {
        "type": "Point",
        "coordinates": [
          103.7761513,
          1.3424143
        ]
      },
      "id": "node/11185644971"
    },
    {
      "type": "Feature",
      "properties": {
        "@id": "node/11212706837",
        "addr:street": "Yishun Ring Road",
        "amenity": "cafe",
        "cuisine": "bubble_tea",
        "name": "iTea"
      },
      "geometry": {
        "type": "Point",
        "coordinates": [
          103.8349709,
          1.417027
        ]
      },
      "id": "node/11212706837"
    },
    {
      "type": "Feature",
      "properties": {
        "@id": "node/11215128293",
        "amenity": "cafe",
        "cuisine": "bubble_tea",
        "name": "Each-a-Cup",
        "outdoor_seating": "no",
        "wheelchair": "yes"
      },
      "geometry": {
        "type": "Point",
        "coordinates": [
          103.8952956,
          1.4033181
        ]
      },
      "id": "node/11215128293"
    },
    {
      "type": "Feature",
      "properties": {
        "@id": "node/11242938937",
        "addr:postcode": "797509",
        "amenity": "cafe",
        "contact:facebook": "hangar66cafe",
        "name": "Hangar66 Cafe",
        "opening_hours": "Su, Tu-Th 11:30-21:00; Fr-Sa 11:30-23:00",
        "phone": "+65 8711 8677"
      },
      "geometry": {
        "type": "Point",
        "coordinates": [
          103.8696167,
          1.4126318
        ]
      },
      "id": "node/11242938937"
    },
    {
      "type": "Feature",
      "properties": {
        "@id": "node/11252774986",
        "amenity": "cafe",
        "level:ref": "1",
        "name": "The Coffee Bean & Tea Leaf"
      },
      "geometry": {
        "type": "Point",
        "coordinates": [
          103.7746761,
          1.2946824
        ]
      },
      "id": "node/11252774986"
    },
    {
      "type": "Feature",
      "properties": {
        "@id": "node/11279549798",
        "amenity": "cafe",
        "branch": "Le Quest Mall",
        "cuisine": "dessert",
        "name": "Snow Angels",
        "takeaway": "yes"
      },
      "geometry": {
        "type": "Point",
        "coordinates": [
          103.7407006,
          1.3558327
        ]
      },
      "id": "node/11279549798"
    },
    {
      "type": "Feature",
      "properties": {
        "@id": "node/11279549801",
        "amenity": "cafe",
        "branch": "Le Quest Mall",
        "brand": "Cha Yu Fan Hou",
        "cuisine": "bubble_tea",
        "name": "Cha Yu Fan Hou",
        "name:en": "Cha Yu Fan Hou",
        "name:zh": "茶余饭后",
        "takeaway": "yes"
      },
      "geometry": {
        "type": "Point",
        "coordinates": [
          103.7404767,
          1.3560418
        ]
      },
      "id": "node/11279549801"
    },
    {
      "type": "Feature",
      "properties": {
        "@id": "node/11279549804",
        "amenity": "cafe",
        "branch": "Le Quest Mall",
        "brand": "The Coffee Bean & Tea Leaf",
        "brand:wikidata": "Q1141384",
        "cuisine": "coffee_shop",
        "name": "The Coffee Bean & Tea Leaf",
        "takeaway": "yes"
      },
      "geometry": {
        "type": "Point",
        "coordinates": [
          103.7406228,
          1.3559333
        ]
      },
      "id": "node/11279549804"
    },
    {
      "type": "Feature",
      "properties": {
        "@id": "node/11279549805",
        "amenity": "cafe",
        "branch": "Le Quest Mall",
        "brand": "Teabrary",
        "cuisine": "bubble_tea",
        "name": "Teabrary",
        "takeaway": "yes"
      },
      "geometry": {
        "type": "Point",
        "coordinates": [
          103.7413725,
          1.3553313
        ]
      },
      "id": "node/11279549805"
    },
    {
      "type": "Feature",
      "properties": {
        "@id": "node/11279549809",
        "amenity": "cafe",
        "branch": "Le Quest Mall",
        "brand": "R&B Tea",
        "cuisine": "bubble_tea",
        "name": "R&B Tea",
        "takeaway": "yes"
      },
      "geometry": {
        "type": "Point",
        "coordinates": [
          103.7408026,
          1.3557476
        ]
      },
      "id": "node/11279549809"
    },
    {
      "type": "Feature",
      "properties": {
        "@id": "node/11281496360",
        "addr:city": "Singapore",
        "addr:floor": "1",
        "addr:housenumber": "50",
        "addr:street": "Tagore Lane",
        "air_conditioning": "yes",
        "amenity": "cafe",
        "check_date": "2024-04-10",
        "contact:facebook": "https://www.facebook.com/YahavaSG",
        "contact:instagram": "https://www.instagram.com/yahavagramsg/",
        "cuisine": "coffee_shop",
        "internet_access": "wlan",
        "internet_access:fee": "customers",
        "level": "0",
        "name": "Yahava KoffeeWorks",
        "name:en": "Yahava KoffeeWorks",
        "opening_hours": "08:30-17:30",
        "outdoor_seating": "yes",
        "payment:cash": "yes",
        "payment:mastercard": "yes",
        "payment:visa": "yes",
        "toilets": "no",
        "website": "https://www.yahava.sg"
      },
      "geometry": {
        "type": "Point",
        "coordinates": [
          103.8281363,
          1.3835995
        ]
      },
      "id": "node/11281496360"
    },
    {
      "type": "Feature",
      "properties": {
        "@id": "node/11293069961",
        "amenity": "cafe",
        "level": "1",
        "name": "Well Collective"
      },
      "geometry": {
        "type": "Point",
        "coordinates": [
          103.9013857,
          1.4181113
        ]
      },
      "id": "node/11293069961"
    },
    {
      "type": "Feature",
      "properties": {
        "@id": "node/11293069962",
        "amenity": "cafe",
        "level": "0",
        "name": "Slappy Cakes"
      },
      "geometry": {
        "type": "Point",
        "coordinates": [
          103.901055,
          1.4182516
        ]
      },
      "id": "node/11293069962"
    },
    {
      "type": "Feature",
      "properties": {
        "@id": "node/11293429408",
        "amenity": "cafe",
        "cuisine": "coffee_shop",
        "internet_access": "wlan",
        "internet_access:fee": "no",
        "level": "0",
        "name": "Foreword Coffee Roasters",
        "outdoor_seating": "yes",
        "smoking": "no",
        "takeaway": "yes",
        "toilets": "no",
        "wheelchair": "yes"
      },
      "geometry": {
        "type": "Point",
        "coordinates": [
          103.8465059,
          1.2991016
        ]
      },
      "id": "node/11293429408"
    },
    {
      "type": "Feature",
      "properties": {
        "@id": "node/11293429413",
        "addr:city": "Singapore",
        "addr:country": "SG",
        "addr:housenumber": "1",
        "addr:postcode": "069184",
        "addr:street": "Kadayanallur Street",
        "addr:unit": "#88",
        "amenity": "cafe",
        "check_date": "2025-08-10",
        "indoor_seating": "yes",
        "level": "0",
        "name": "Coffee Queen",
        "outdoor_seating": "yes",
        "takeaway": "only",
        "wheelchair": "yes"
      },
      "geometry": {
        "type": "Point",
        "coordinates": [
          103.8445478,
          1.2804064
        ]
      },
      "id": "node/11293429413"
    },
    {
      "type": "Feature",
      "properties": {
        "@id": "node/11293429422",
        "amenity": "cafe",
        "brand": "Starbucks",
        "brand:wikidata": "Q37158",
        "cuisine": "coffee_shop",
        "level": "-1",
        "name": "Starbucks",
        "official_name": "Starbucks Coffee",
        "opening_hours": "Mo-Fr 08:00-19:00, Sa-Su, PH closed",
        "outdoor_seating": "yes",
        "smoking": "no",
        "takeaway": "only",
        "toilets": "no",
        "wheelchair": "yes"
      },
      "geometry": {
        "type": "Point",
        "coordinates": [
          103.8496633,
          1.2974144
        ]
      },
      "id": "node/11293429422"
    },
    {
      "type": "Feature",
      "properties": {
        "@id": "node/11297615950",
        "amenity": "cafe",
        "check_date": "2023-10-26",
        "level": "0",
        "name": "Awfully Chocolate +Cafe"
      },
      "geometry": {
        "type": "Point",
        "coordinates": [
          103.8320677,
          1.2932174
        ]
      },
      "id": "node/11297615950"
    },
    {
      "type": "Feature",
      "properties": {
        "@id": "node/11297615958",
        "amenity": "cafe",
        "check_date": "2023-10-26",
        "level": "0",
        "name": "Kofx"
      },
      "geometry": {
        "type": "Point",
        "coordinates": [
          103.8324589,
          1.2929536
        ]
      },
      "id": "node/11297615958"
    },
    {
      "type": "Feature",
      "properties": {
        "@id": "node/11301184691",
        "amenity": "cafe",
        "brand": "The Coffee Bean & Tea Leaf",
        "brand:wikidata": "Q1141384",
        "cuisine": "coffee_shop",
        "name": "The Coffee Bean & Tea Leaf",
        "takeaway": "yes"
      },
      "geometry": {
        "type": "Point",
        "coordinates": [
          103.7750693,
          1.3657106
        ]
      },
      "id": "node/11301184691"
    },
    {
      "type": "Feature",
      "properties": {
        "@id": "node/11301753390",
        "amenity": "cafe",
        "name": "Art Journey"
      },
      "geometry": {
        "type": "Point",
        "coordinates": [
          103.7813992,
          1.2849746
        ]
      },
      "id": "node/11301753390"
    },
    {
      "type": "Feature",
      "properties": {
        "@id": "node/11323077056",
        "addr:city": "Singapore",
        "addr:housenumber": "#B1-145",
        "addr:place": "Suntec City",
        "addr:postcode": "038983",
        "amenity": "cafe",
        "branch": "Suntec City",
        "cuisine": "singaporean",
        "level": "-1",
        "name": "Han's",
        "opening_hours": "Mo-Su 08:00-21:00"
      },
      "geometry": {
        "type": "Point",
        "coordinates": [
          103.8585222,
          1.2958071
        ]
      },
      "id": "node/11323077056"
    },
    {
      "type": "Feature",
      "properties": {
        "@id": "node/11323077061",
        "amenity": "cafe",
        "branch": "Suntec City",
        "level": "0",
        "name": "Compose Coffee"
      },
      "geometry": {
        "type": "Point",
        "coordinates": [
          103.8602295,
          1.2952215
        ]
      },
      "id": "node/11323077061"
    },
    {
      "type": "Feature",
      "properties": {
        "@id": "node/11323192747",
        "amenity": "cafe",
        "cuisine": "bubble_tea",
        "name": "KOI"
      },
      "geometry": {
        "type": "Point",
        "coordinates": [
          103.8346517,
          1.4164271
        ]
      },
      "id": "node/11323192747"
    },
    {
      "type": "Feature",
      "properties": {
        "@id": "node/11335540705",
        "amenity": "cafe",
        "check_date": "2024-05-05",
        "diet:halal": "yes",
        "level": "0",
        "name": "Good Vibes Cafe"
      },
      "geometry": {
        "type": "Point",
        "coordinates": [
          103.8499811,
          1.303545
        ]
      },
      "id": "node/11335540705"
    },
    {
      "type": "Feature",
      "properties": {
        "@id": "node/11335540713",
        "addr:housename": "Fortune Centre",
        "addr:housenumber": "190",
        "addr:postcode": "188979",
        "addr:street": "Middle Road",
        "addr:unit": "02-08/09",
        "air_conditioning": "yes",
        "amenity": "cafe",
        "check_date": "2024-12-21",
        "contact:facebook": "https://www.facebook.com/yatkayandessert",
        "cuisine": "dessert",
        "description": "Traditional desserts",
        "diet:vegetarian": "yes",
        "level": "1",
        "name": "Yat Ka Yan",
        "name:zh": "一家人",
        "opening_hours": "Mo,We-Th 11:30-22:00; Fr-Su 13:30-23:00",
        "outdoor_seating": "no",
        "payment:cards": "no",
        "payment:cash": "yes",
        "payment:credit_cards": "no",
        "payment:debit_cards": "no",
        "payment:nets": "yes",
        "payment:paynow": "yes",
        "wheelchair": "yes"
      },
      "geometry": {
        "type": "Point",
        "coordinates": [
          103.8519857,
          1.3005271
        ]
      },
      "id": "node/11335540713"
    },
    {
      "type": "Feature",
      "properties": {
        "@id": "node/11335540733",
        "amenity": "cafe",
        "check_date": "2023-11-06",
        "name": "The Tea Party"
      },
      "geometry": {
        "type": "Point",
        "coordinates": [
          103.8488177,
          1.2977346
        ]
      },
      "id": "node/11335540733"
    },
    {
      "type": "Feature",
      "properties": {
        "@id": "node/11343336037",
        "amenity": "cafe",
        "brand": "OldTown White Coffee",
        "brand:wikidata": "Q7085308",
        "check_date": "2023-11-10",
        "cuisine": "coffee_shop;malaysian",
        "level": "0",
        "name": "OldTown White Coffee",
        "takeaway": "yes"
      },
      "geometry": {
        "type": "Point",
        "coordinates": [
          103.8443637,
          1.3209084
        ]
      },
      "id": "node/11343336037"
    },
    {
      "type": "Feature",
      "properties": {
        "@id": "node/11352862203",
        "addr:city": "Singapore",
        "addr:housenumber": "60",
        "addr:postcode": "089524",
        "addr:street": "Duxton Road",
        "amenity": "cafe",
        "name": "Routine Cafe & Bar",
        "phone": "+6597580822"
      },
      "geometry": {
        "type": "Point",
        "coordinates": [
          103.8431713,
          1.2779682
        ]
      },
      "id": "node/11352862203"
    },
    {
      "type": "Feature",
      "properties": {
        "@id": "node/11366744151",
        "addr:unit": "3",
        "amenity": "cafe",
        "cuisine": "juice;dessert",
        "drive_through": "no",
        "level": "0",
        "name": "Three Little Coconut",
        "operator": "Mr. Coconut",
        "wheelchair": "yes"
      },
      "geometry": {
        "type": "Point",
        "coordinates": [
          103.905292,
          1.4082432
        ]
      },
      "id": "node/11366744151"
    },
    {
      "type": "Feature",
      "properties": {
        "@id": "node/11366744153",
        "addr:unit": "7",
        "amenity": "cafe",
        "level": "0",
        "name": "Kaffe & Toast",
        "takeaway": "yes"
      },
      "geometry": {
        "type": "Point",
        "coordinates": [
          103.9049817,
          1.4084236
        ]
      },
      "id": "node/11366744153"
    },
    {
      "type": "Feature",
      "properties": {
        "@id": "node/11374776669",
        "addr:postcode": "058476",
        "addr:unit": "12",
        "air_conditioning": "yes",
        "amenity": "cafe",
        "baby_feeding": "no",
        "level": "0",
        "name": "Café Monochrome",
        "opening_hours": "Mo-Su 10:00-22:00",
        "opening_hours:kitchen": "Mo-Su 10:00-19:50",
        "phone": "+65 8332 5195",
        "website": "https://www.cafemonochrome.sg/"
      },
      "geometry": {
        "type": "Point",
        "coordinates": [
          103.8441553,
          1.2823862
        ]
      },
      "id": "node/11374776669"
    },
    {
      "type": "Feature",
      "properties": {
        "@id": "node/11380902369",
        "amenity": "cafe",
        "cuisine": "mediterranean",
        "internet_access": "wlan",
        "name": "Kreams Café",
        "opening_hours": "Mo-Sa 09:00-22:00; Su 12:00-20:00",
        "website": "https://www.kreams.sg"
      },
      "geometry": {
        "type": "Point",
        "coordinates": [
          103.8462615,
          1.2775669
        ]
      },
      "id": "node/11380902369"
    },
    {
      "type": "Feature",
      "properties": {
        "@id": "node/11381484481",
        "addr:housenumber": "1",
        "addr:postcode": "217701",
        "addr:street": "Tessensohn Road",
        "addr:unit": "#01-10",
        "air_conditioning": "yes",
        "amenity": "cafe",
        "check_date": "2023-12-17",
        "contact:facebook": "https://www.facebook.com/heyslowjoe",
        "contact:instagram": "https://www.instagram.com/heyslowjoe",
        "cuisine": "coffee_shop",
        "diet:halal": "yes",
        "level": "0",
        "name": "Hey Slow Joe",
        "opening_hours": "Mo-Fr 08:00-17:00; Sa-Su 08:00-18:00",
        "outdoor_seating": "yes",
        "payment:cards": "no",
        "payment:cash": "yes",
        "payment:credit_cards": "no",
        "payment:debit_cards": "no",
        "payment:paynow": "yes",
        "takeaway": "yes",
        "toilets": "no"
      },
      "geometry": {
        "type": "Point",
        "coordinates": [
          103.8577406,
          1.3166281
        ]
      },
      "id": "node/11381484481"
    },
    {
      "type": "Feature",
      "properties": {
        "@id": "node/11381484491",
        "amenity": "cafe",
        "level": "0",
        "name": "Cafe Ren"
      },
      "geometry": {
        "type": "Point",
        "coordinates": [
          103.8547843,
          1.3138313
        ]
      },
      "id": "node/11381484491"
    },
    {
      "type": "Feature",
      "properties": {
        "@id": "node/11391932601",
        "amenity": "cafe",
        "cuisine": "dessert",
        "diet:vegetarian": "yes",
        "name": "Selegie Soya Bean"
      },
      "geometry": {
        "type": "Point",
        "coordinates": [
          103.8623608,
          1.3209539
        ]
      },
      "id": "node/11391932601"
    },
    {
      "type": "Feature",
      "properties": {
        "@id": "node/11408710030",
        "addr:floor": "1",
        "addr:housenumber": "130",
        "addr:street": "Beach Road",
        "addr:unit": "01-13/14",
        "amenity": "cafe",
        "check_date": "2024-10-18",
        "level": "0",
        "name": "Louisa Coffee"
      },
      "geometry": {
        "type": "Point",
        "coordinates": [
          103.8578159,
          1.297838
        ]
      },
      "id": "node/11408710030"
    },
    {
      "type": "Feature",
      "properties": {
        "@id": "node/11425781163",
        "amenity": "cafe",
        "cuisine": "dessert",
        "name": "Changi Village Cendol"
      },
      "geometry": {
        "type": "Point",
        "coordinates": [
          103.8583473,
          1.301657
        ]
      },
      "id": "node/11425781163"
    },
    {
      "type": "Feature",
      "properties": {
        "@id": "node/11428033354",
        "amenity": "cafe",
        "cuisine": "bubble_tea",
        "name": "iTea"
      },
      "geometry": {
        "type": "Point",
        "coordinates": [
          103.8416462,
          1.4333469
        ]
      },
      "id": "node/11428033354"
    },
    {
      "type": "Feature",
      "properties": {
        "@id": "node/11434168622",
        "amenity": "cafe",
        "level": "1",
        "name": "Plain Meredith",
        "opening_hours": "Mo-Fr 11:00-21:30; Sa,Su 09:30-21:30",
        "pets": "yes",
        "website": "https://www.plainmeredith.com/"
      },
      "geometry": {
        "type": "Point",
        "coordinates": [
          103.7938227,
          1.3116487
        ]
      },
      "id": "node/11434168622"
    },
    {
      "type": "Feature",
      "properties": {
        "@id": "node/11434168639",
        "amenity": "cafe",
        "brand": "Toast Box",
        "brand:wikidata": "Q100285490",
        "cuisine": "coffee_shop",
        "level": "0",
        "name": "Toast Box",
        "takeaway": "yes"
      },
      "geometry": {
        "type": "Point",
        "coordinates": [
          103.7946447,
          1.3108615
        ]
      },
      "id": "node/11434168639"
    },
    {
      "type": "Feature",
      "properties": {
        "@id": "node/11434168644",
        "amenity": "cafe",
        "brand": "Starbucks",
        "brand:wikidata": "Q37158",
        "cuisine": "coffee_shop",
        "level": "0",
        "name": "Starbucks",
        "official_name": "Starbucks Coffee",
        "takeaway": "yes"
      },
      "geometry": {
        "type": "Point",
        "coordinates": [
          103.7939606,
          1.3111559
        ]
      },
      "id": "node/11434168644"
    },
    {
      "type": "Feature",
      "properties": {
        "@id": "node/11434293501",
        "amenity": "cafe",
        "cuisine": "ice_cream",
        "level": "1",
        "name": "Island Creamery"
      },
      "geometry": {
        "type": "Point",
        "coordinates": [
          103.7955586,
          1.3103935
        ]
      },
      "id": "node/11434293501"
    },
    {
      "type": "Feature",
      "properties": {
        "@id": "node/11451911357",
        "amenity": "cafe",
        "level": "1",
        "name": "Geláre"
      },
      "geometry": {
        "type": "Point",
        "coordinates": [
          103.836622,
          1.301352
        ]
      },
      "id": "node/11451911357"
    },
    {
      "type": "Feature",
      "properties": {
        "@id": "node/11472804045",
        "addr:housenumber": "78",
        "addr:postcode": "058708",
        "addr:street": "South Bridge Road",
        "air_conditioning": "yes",
        "amenity": "cafe",
        "check_date": "2025-05-04",
        "check_date:smoking": "2025-05-04",
        "cuisine": "coffee_shop",
        "indoor_seating": "yes",
        "level": "0",
        "name": "Dawn",
        "opening_hours": "Mo-Fr 08:00-17:00; Sa,PH 09:00-17:00",
        "outdoor_seating": "no",
        "payment:cash": "yes",
        "payment:credit_cards": "yes",
        "payment:debit_cards": "yes",
        "payment:paynow": "yes",
        "smoking": "no",
        "takeaway": "yes",
        "wheelchair": "no"
      },
      "geometry": {
        "type": "Point",
        "coordinates": [
          103.8478323,
          1.2868367
        ]
      },
      "id": "node/11472804045"
    },
    {
      "type": "Feature",
      "properties": {
        "@id": "node/11472804056",
        "amenity": "cafe",
        "brand": "Toast Box",
        "brand:wikidata": "Q100285490",
        "check_date": "2023-12-29",
        "cuisine": "coffee_shop",
        "level": "0",
        "name": "Toast Box",
        "takeaway": "yes"
      },
      "geometry": {
        "type": "Point",
        "coordinates": [
          103.8534894,
          1.2969871
        ]
      },
      "id": "node/11472804056"
    },
    {
      "type": "Feature",
      "properties": {
        "@id": "node/11472847857",
        "addr:floor": "2",
        "addr:housename": "Balestier Plaza",
        "addr:housenumber": "400",
        "addr:postcode": "329802",
        "addr:street": "Balestier Road",
        "addr:unit": "02-01",
        "air_conditioning": "yes",
        "amenity": "cafe",
        "capacity": "50",
        "check_date": "2023-12-31",
        "cuisine": "local;breakfast;noodle;fried_rice",
        "internet_access": "no",
        "level": "1",
        "name": "Bao Er Cafe",
        "opening_hours": "08:00-20:00",
        "outdoor_seating": "no",
        "pet": "no",
        "phone": "+65 8686 9777",
        "smoking": "no",
        "takeaway": "yes",
        "wheelchair": "limited"
      },
      "geometry": {
        "type": "Point",
        "coordinates": [
          103.8503767,
          1.3258195
        ]
      },
      "id": "node/11472847857"
    },
    {
      "type": "Feature",
      "properties": {
        "@id": "node/11478379386",
        "amenity": "cafe",
        "cuisine": "indian",
        "name": "Mihrimah Restaurant"
      },
      "geometry": {
        "type": "Point",
        "coordinates": [
          103.8592412,
          1.303088
        ]
      },
      "id": "node/11478379386"
    },
    {
      "type": "Feature",
      "properties": {
        "@id": "node/11521903325",
        "addr:floor": "2",
        "addr:housenumber": "190",
        "addr:street": "Middle Road",
        "addr:unit": "02-06",
        "air_conditioning": "yes",
        "amenity": "cafe",
        "check_date": "2025-05-27",
        "cuisine": "dessert",
        "diet:vegetarian": "yes",
        "level": "1",
        "name": "Duke Dessert",
        "opening_hours": "Tu-Su 12:00-22:30",
        "outdoor_seating": "no",
        "payment:cards": "no",
        "payment:cash": "yes",
        "payment:credit_cards": "no",
        "payment:debit_cards": "no",
        "payment:paynow": "yes",
        "wheelchair": "yes"
      },
      "geometry": {
        "type": "Point",
        "coordinates": [
          103.8519615,
          1.3004886
        ]
      },
      "id": "node/11521903325"
    },
    {
      "type": "Feature",
      "properties": {
        "@id": "node/11521903338",
        "addr:housenumber": "12",
        "addr:street": "Kallang Avenue",
        "air_conditioning": "yes",
        "amenity": "cafe",
        "brand": "Luckin Coffee",
        "brand:wikidata": "Q56811344",
        "check_date": "2025-03-24",
        "check_date:opening_hours": "2025-03-24",
        "cuisine": "coffee_shop",
        "level": "0",
        "name": "Luckin Coffee",
        "opening_hours": "Mo-Fr 07:30-20:00; Sa,Su 08:30-21:00",
        "outdoor_seating": "no",
        "takeaway": "yes",
        "wheelchair": "yes"
      },
      "geometry": {
        "type": "Point",
        "coordinates": [
          103.864012,
          1.3101652
        ]
      },
      "id": "node/11521903338"
    },
    {
      "type": "Feature",
      "properties": {
        "@id": "node/11521903351",
        "amenity": "cafe",
        "brand": "Coffee Bean",
        "check_date": "2024-01-12",
        "cuisine": "coffee_shop",
        "name": "Coffee Bean & Tea Leaf",
        "takeaway": "yes"
      },
      "geometry": {
        "type": "Point",
        "coordinates": [
          103.8353407,
          1.3166572
        ]
      },
      "id": "node/11521903351"
    },
    {
      "type": "Feature",
      "properties": {
        "@id": "node/11521912783",
        "addr:city": "Singapore",
        "addr:housenumber": "283",
        "addr:postcode": "427537",
        "addr:street": "Joo Chiat Road",
        "amenity": "cafe",
        "check_date": "2024-04-21",
        "cuisine": "japanese",
        "level": "0",
        "name": "Cafe Wabi Sabi",
        "opening_hours": "Mo-Su 08:30-21:30"
      },
      "geometry": {
        "type": "Point",
        "coordinates": [
          103.9020572,
          1.3100472
        ]
      },
      "id": "node/11521912783"
    },
    {
      "type": "Feature",
      "properties": {
        "@id": "node/11536248548",
        "addr:city": "Singapore",
        "addr:housenumber": "91",
        "addr:postcode": "639798",
        "addr:street": "Nanyang Avenue",
        "amenity": "cafe",
        "cuisine": "coffee_shop",
        "name": "Venture Drive Coffee"
      },
      "geometry": {
        "type": "Point",
        "coordinates": [
          103.6832488,
          1.341901
        ]
      },
      "id": "node/11536248548"
    },
    {
      "type": "Feature",
      "properties": {
        "@id": "node/11543880405",
        "addr:city": "Singapore",
        "addr:country": "SG",
        "addr:housenumber": "#01-03B",
        "addr:postcode": "259760",
        "addr:street": "Cluny Court",
        "amenity": "cafe",
        "check_date": "2024-01-24",
        "contact:instagram": "https://www.instagram.com/gelobuna/",
        "level": "0",
        "name": "GeloBuna",
        "opening_hours": "Mo-Su 07:30-21:00",
        "phone": "+65 9028 3716"
      },
      "geometry": {
        "type": "Point",
        "coordinates": [
          103.8142669,
          1.3227733
        ]
      },
      "id": "node/11543880405"
    },
    {
      "type": "Feature",
      "properties": {
        "@id": "node/11543880409",
        "addr:city": "Singapore",
        "addr:country": "SG",
        "addr:housenumber": "#01-05C",
        "addr:postcode": "259760",
        "addr:street": "Cluny Court",
        "amenity": "cafe",
        "branch": "Cluny Court",
        "check_date": "2024-01-25",
        "email": "hi@prairie.sg;events@prairie.sg",
        "level": "0",
        "name": "PRAIRIE by Craftsmen",
        "opening_hours": "Mo-Su 08:00-21:00",
        "phone": "+65 6972 9142",
        "website": "https://prairie.sg/"
      },
      "geometry": {
        "type": "Point",
        "coordinates": [
          103.8140713,
          1.3227096
        ]
      },
      "id": "node/11543880409"
    },
    {
      "type": "Feature",
      "properties": {
        "@id": "node/11559875665",
        "amenity": "cafe",
        "level": "0",
        "name": "The Tea Party"
      },
      "geometry": {
        "type": "Point",
        "coordinates": [
          103.8486319,
          1.298042
        ]
      },
      "id": "node/11559875665"
    },
    {
      "type": "Feature",
      "properties": {
        "@id": "node/11563386260",
        "amenity": "cafe",
        "check_date": "2024-01-28",
        "description": "Cat cafe",
        "name": "Gem Cat Cafe",
        "website": "https://www.gemstonevillages.com/"
      },
      "geometry": {
        "type": "Point",
        "coordinates": [
          103.8562449,
          1.3084164
        ]
      },
      "id": "node/11563386260"
    },
    {
      "type": "Feature",
      "properties": {
        "@id": "node/11563389669",
        "addr:housenumber": "129",
        "addr:street": "Desker Road",
        "amenity": "cafe",
        "check_date": "2024-01-28",
        "name": "C Patisserie"
      },
      "geometry": {
        "type": "Point",
        "coordinates": [
          103.8566566,
          1.3081422
        ]
      },
      "id": "node/11563389669"
    },
    {
      "type": "Feature",
      "properties": {
        "@id": "node/11563389671",
        "addr:housenumber": "123",
        "addr:postcode": "209641",
        "addr:street": "Desker Road",
        "amenity": "cafe",
        "check_date": "2024-01-28",
        "name": "Rae Cafe",
        "phone": "+65 6265 9928",
        "website": "https://raecafe.com/"
      },
      "geometry": {
        "type": "Point",
        "coordinates": [
          103.8565476,
          1.3082275
        ]
      },
      "id": "node/11563389671"
    },
    {
      "type": "Feature",
      "properties": {
        "@id": "node/11584408972",
        "amenity": "cafe",
        "check_date": "2024-02-02",
        "name": "Hotel JJH"
      },
      "geometry": {
        "type": "Point",
        "coordinates": [
          103.8590803,
          1.3031734
        ]
      },
      "id": "node/11584408972"
    },
    {
      "type": "Feature",
      "properties": {
        "@id": "node/11584408974",
        "amenity": "cafe",
        "check_date": "2024-09-11",
        "cuisine": "korean;dessert",
        "name": "Nunsaram"
      },
      "geometry": {
        "type": "Point",
        "coordinates": [
          103.8554884,
          1.2986207
        ]
      },
      "id": "node/11584408974"
    },
    {
      "type": "Feature",
      "properties": {
        "@id": "node/11584408982",
        "air_conditioning": "yes",
        "amenity": "cafe",
        "check_date": "2024-05-09",
        "cuisine": "salad",
        "level": "0",
        "name": "Saladstop!",
        "outdoor_seating": "no",
        "payment:cash": "yes",
        "payment:credit_cards": "yes",
        "payment:debit_cards": "yes"
      },
      "geometry": {
        "type": "Point",
        "coordinates": [
          103.8475145,
          1.285604
        ]
      },
      "id": "node/11584408982"
    },
    {
      "type": "Feature",
      "properties": {
        "@id": "node/11584408983",
        "amenity": "cafe",
        "check_date": "2024-01-30",
        "cuisine": "coffee_shop",
        "name": "Moomoo"
      },
      "geometry": {
        "type": "Point",
        "coordinates": [
          103.8475275,
          1.2856574
        ]
      },
      "id": "node/11584408983"
    },
    {
      "type": "Feature",
      "properties": {
        "@id": "node/11599101974",
        "amenity": "cafe",
        "cuisine": "coffee_shop",
        "name": "Cafe 68"
      },
      "geometry": {
        "type": "Point",
        "coordinates": [
          103.8003503,
          1.3068532
        ]
      },
      "id": "node/11599101974"
    },
    {
      "type": "Feature",
      "properties": {
        "@id": "node/11627229959",
        "amenity": "cafe",
        "brand": "Luckin Coffee",
        "brand:wikidata": "Q56811344",
        "check_date": "2024-05-23",
        "cuisine": "coffee_shop",
        "level": "0",
        "name": "Luckin Coffee",
        "outdoor_seating": "yes",
        "takeaway": "yes",
        "wheelchair": "yes"
      },
      "geometry": {
        "type": "Point",
        "coordinates": [
          103.8499509,
          1.2848005
        ]
      },
      "id": "node/11627229959"
    },
    {
      "type": "Feature",
      "properties": {
        "@id": "node/11630219869",
        "amenity": "cafe",
        "internet_access": "wlan",
        "name": "Penny University",
        "opening_hours": "Sa-Tu 08:00-17:00; We-Fr 08:00-22:00"
      },
      "geometry": {
        "type": "Point",
        "coordinates": [
          103.8597098,
          1.3043759
        ]
      },
      "id": "node/11630219869"
    },
    {
      "type": "Feature",
      "properties": {
        "@id": "node/11640417875",
        "amenity": "cafe",
        "name": "Fun Toast"
      },
      "geometry": {
        "type": "Point",
        "coordinates": [
          103.8431973,
          1.28356
        ]
      },
      "id": "node/11640417875"
    },
    {
      "type": "Feature",
      "properties": {
        "@id": "node/11663229539",
        "amenity": "cafe",
        "check_date": "2024-02-20",
        "level": "0",
        "name": "Stamford Brasserie"
      },
      "geometry": {
        "type": "Point",
        "coordinates": [
          103.8535735,
          1.2931588
        ]
      },
      "id": "node/11663229539"
    },
    {
      "type": "Feature",
      "properties": {
        "@id": "node/11663229544",
        "addr:floor": "2",
        "addr:housenumber": "14",
        "addr:street": "Scotts Road",
        "amenity": "cafe",
        "check_date": "2024-02-24",
        "level": "1",
        "name": "Good Morning Nanyang Cafe"
      },
      "geometry": {
        "type": "Point",
        "coordinates": [
          103.8338507,
          1.3071143
        ]
      },
      "id": "node/11663229544"
    },
    {
      "type": "Feature",
      "properties": {
        "@id": "node/11663229548",
        "addr:floor": "2",
        "addr:housenumber": "#02-94",
        "addr:street": "14 Scotts Rd",
        "air_conditioning": "yes",
        "amenity": "cafe",
        "check_date": "2024-02-24",
        "cuisine": "coffee_shop",
        "level": "1",
        "name": "Community Coffee",
        "outdoor_seating": "no"
      },
      "geometry": {
        "type": "Point",
        "coordinates": [
          103.8337311,
          1.3072663
        ]
      },
      "id": "node/11663229548"
    },
    {
      "type": "Feature",
      "properties": {
        "@id": "node/11668397836",
        "addr:city": "Singapore",
        "addr:housenumber": "9",
        "addr:postcode": "138588",
        "addr:street": "North Buona Vista Drive",
        "air_conditioning": "yes",
        "amenity": "cafe",
        "brand": "Tanamera Coffee",
        "cuisine": "indonesian;coffee_shop",
        "delivery": "yes",
        "internet_access": "wlan",
        "internet_access:fee": "customers",
        "level": "1",
        "name": "Tanamera Coffee",
        "opening_hours": "Mo-Fr 07:30-17:00",
        "payment:alipay": "yes",
        "payment:american_express": "yes",
        "payment:apple_pay": "yes",
        "payment:cash": "no",
        "payment:contactless": "yes",
        "payment:credit_cards": "yes",
        "payment:debit_cards": "yes",
        "payment:google_pay": "yes",
        "payment:jcb": "yes",
        "payment:mastercard": "yes",
        "payment:mastercard_contactless": "yes",
        "payment:unionpay": "yes",
        "payment:visa": "yes",
        "payment:visa_debit": "yes",
        "payment:wechat": "yes",
        "phone": "+6593851613",
        "smoking": "no",
        "takeaway": "yes",
        "website": "https://tanameracoffee.com.sg/"
      },
      "geometry": {
        "type": "Point",
        "coordinates": [
          103.7915874,
          1.3059666
        ]
      },
      "id": "node/11668397836"
    },
    {
      "type": "Feature",
      "properties": {
        "@id": "node/11668402656",
        "addr:city": "Singapore",
        "addr:housenumber": "30",
        "addr:place": "Raffles Place",
        "addr:postcode": "048622",
        "air_conditioning": "yes",
        "amenity": "cafe",
        "brand": "Tanamera Coffee",
        "cuisine": "indonesian;coffee_shop",
        "delivery": "yes",
        "internet_access": "wlan",
        "internet_access:fee": "customers",
        "level": "1",
        "name": "Tanamera Coffee",
        "opening_hours": "mo-fr 07:30-20:00",
        "outdoor_seating": "yes",
        "payment:alipay": "yes",
        "payment:american_express": "yes",
        "payment:apple_pay": "yes",
        "payment:cash": "no",
        "payment:contactless": "yes",
        "payment:credit_cards": "yes",
        "payment:google_pay": "yes",
        "payment:mastercard": "yes",
        "payment:mastercard_contactless": "yes",
        "payment:unionpay": "yes",
        "payment:visa": "yes",
        "payment:visa_debit": "yes",
        "payment:wechat": "yes",
        "phone": "+6581383937",
        "smoking": "no",
        "takeaway": "yes",
        "website": "https://tanameracoffee.com/",
        "wheelchair": "yes"
      },
      "geometry": {
        "type": "Point",
        "coordinates": [
          103.8521009,
          1.2842637
        ]
      },
      "id": "node/11668402656"
    },
    {
      "type": "Feature",
      "properties": {
        "@id": "node/11668402657",
        "addr:city": "Singapore",
        "addr:housenumber": "6",
        "addr:postcode": "039594",
        "addr:street": "Raffles Boulevard",
        "air_conditioning": "yes",
        "amenity": "cafe",
        "brand": "Tanamera Coffee",
        "cuisine": "coffee_shop;indian",
        "delivery": "yes",
        "internet_access": "wlan",
        "internet_access:fee": "customers",
        "level": "2",
        "name": "Tanamera Coffee",
        "opening_hours": "Mo-Su 09:00-21:00",
        "payment:alipay": "yes",
        "payment:american_express": "yes",
        "payment:apple_pay": "yes",
        "payment:cash": "no",
        "payment:contactless": "yes",
        "payment:credit_cards": "yes",
        "payment:debit_cards": "yes",
        "payment:google_pay": "yes",
        "payment:mastercard": "yes",
        "payment:mastercard_contactless": "yes",
        "payment:unionpay": "yes",
        "payment:visa": "yes",
        "payment:visa_debit": "yes",
        "payment:wechat": "yes",
        "phone": "+6582389568",
        "smoking": "no",
        "takeaway": "yes",
        "website": "https://tanameracoffee.com.sg/"
      },
      "geometry": {
        "type": "Point",
        "coordinates": [
          103.8573705,
          1.2912956
        ]
      },
      "id": "node/11668402657"
    },
    {
      "type": "Feature",
      "properties": {
        "@id": "node/11668402658",
        "addr:city": "Singapore",
        "addr:housenumber": "4",
        "addr:place": "Shenton Way",
        "addr:postcode": "068807",
        "air_conditioning": "yes",
        "amenity": "cafe",
        "brand": "Tanamera Coffee",
        "cuisine": "coffee_shop",
        "delivery": "yes",
        "level": "1",
        "name": "Tanamera Coffee",
        "opening_hours": "Mo-Fr 07:30-17:00",
        "payment:alipay": "yes",
        "payment:american_express": "yes",
        "payment:apple_pay": "yes",
        "payment:cash": "no",
        "payment:contactless": "yes",
        "payment:credit_cards": "yes",
        "payment:debit_cards": "yes",
        "payment:google_pay": "yes",
        "payment:jcb": "yes",
        "payment:mastercard": "yes",
        "payment:mastercard_contactless": "yes",
        "payment:unionpay": "yes",
        "payment:visa": "yes",
        "payment:visa_debit": "yes",
        "payment:wechat": "yes",
        "phone": "+6586603812",
        "takeaway": "yes",
        "website": "https://tanameracoffee.com.sg/"
      },
      "geometry": {
        "type": "Point",
        "coordinates": [
          103.8494874,
          1.2786267
        ]
      },
      "id": "node/11668402658"
    },
    {
      "type": "Feature",
      "properties": {
        "@id": "node/11668402659",
        "addr:city": "Singapore",
        "addr:floor": "1",
        "addr:housenumber": "23",
        "addr:postcode": "049481",
        "addr:street": "Church Street",
        "air_conditioning": "yes",
        "amenity": "cafe",
        "brand": "Tanamera Coffee",
        "check_date": "2024-05-23",
        "cuisine": "coffee_shop",
        "delivery": "yes",
        "level": "0",
        "name": "Tanamera Coffee",
        "opening_hours": "Mo-Fr 07:30-17:00",
        "payment:alipay": "yes",
        "payment:american_express": "yes",
        "payment:apple_pay": "yes",
        "payment:cash": "no",
        "payment:contactless": "yes",
        "payment:credit_cards": "yes",
        "payment:debit_cards": "yes",
        "payment:google_pay": "yes",
        "payment:jcb": "yes",
        "payment:mastercard": "yes",
        "payment:mastercard_contactless": "yes",
        "payment:unionpay": "yes",
        "payment:visa": "yes",
        "payment:visa_debit": "yes",
        "payment:wechat": "yes",
        "phone": "+6583320620",
        "takeaway": "yes",
        "website": "https://tanameracoffee.com.sg/"
      },
      "geometry": {
        "type": "Point",
        "coordinates": [
          103.8491468,
          1.2839522
        ]
      },
      "id": "node/11668402659"
    },
    {
      "type": "Feature",
      "properties": {
        "@id": "node/11672821359",
        "amenity": "cafe",
        "brand": "Luckin Coffee",
        "brand:wikidata": "Q56811344",
        "check_date": "2024-02-27",
        "cuisine": "coffee_shop",
        "level": "0",
        "name": "Luckin Coffee",
        "takeaway": "yes"
      },
      "geometry": {
        "type": "Point",
        "coordinates": [
          103.8505794,
          1.2848836
        ]
      },
      "id": "node/11672821359"
    },
    {
      "type": "Feature",
      "properties": {
        "@id": "node/11672857553",
        "addr:housenumber": "594",
        "addr:street": "Serangoon Road",
        "amenity": "cafe",
        "check_date": "2024-02-26",
        "contact:facebook": "https://www.facebook.com/tacommunitysg",
        "contact:instagram": "https://www.instagram.com/tacommunitysg",
        "name": "TA Community",
        "opening_hours": "We-Su 12:00-22:00",
        "operator": "Tied Alliance",
        "website": "https://tacommunity.sg/"
      },
      "geometry": {
        "type": "Point",
        "coordinates": [
          103.8582638,
          1.3152152
        ]
      },
      "id": "node/11672857553"
    },
    {
      "type": "Feature",
      "properties": {
        "@id": "node/11676593593",
        "amenity": "cafe",
        "check_date": "2024-02-29",
        "name": "Jones The Grocer"
      },
      "geometry": {
        "type": "Point",
        "coordinates": [
          103.9889347,
          1.3564752
        ]
      },
      "id": "node/11676593593"
    },
    {
      "type": "Feature",
      "properties": {
        "@id": "node/11724980056",
        "amenity": "cafe",
        "check_date": "2024-03-12",
        "cuisine": "bubble_tea",
        "name": "Hi Tea"
      },
      "geometry": {
        "type": "Point",
        "coordinates": [
          103.8333595,
          1.3074978
        ]
      },
      "id": "node/11724980056"
    },
    {
      "type": "Feature",
      "properties": {
        "@id": "node/11724980065",
        "amenity": "cafe",
        "check_date": "2024-05-10",
        "level": "0",
        "name": "Skosh",
        "wheelchair": "no"
      },
      "geometry": {
        "type": "Point",
        "coordinates": [
          103.8515837,
          1.3000686
        ]
      },
      "id": "node/11724980065"
    },
    {
      "type": "Feature",
      "properties": {
        "@id": "node/11754949193",
        "amenity": "cafe",
        "check_date": "2024-03-16",
        "name": "Killiney"
      },
      "geometry": {
        "type": "Point",
        "coordinates": [
          103.8870266,
          1.3356651
        ]
      },
      "id": "node/11754949193"
    },
    {
      "type": "Feature",
      "properties": {
        "@id": "node/11754949236",
        "amenity": "cafe",
        "check_date": "2024-05-10",
        "level": "0",
        "name": "Hong Kong Dim Sum Shop",
        "wheelchair": "yes"
      },
      "geometry": {
        "type": "Point",
        "coordinates": [
          103.8500401,
          1.2982099
        ]
      },
      "id": "node/11754949236"
    },
    {
      "type": "Feature",
      "properties": {
        "@id": "node/11799587385",
        "amenity": "cafe",
        "name": "Killiney"
      },
      "geometry": {
        "type": "Point",
        "coordinates": [
          103.80144,
          1.2752779
        ]
      },
      "id": "node/11799587385"
    },
    {
      "type": "Feature",
      "properties": {
        "@id": "node/11799972626",
        "addr:city": "Singapore",
        "addr:housenumber": "51",
        "addr:postcode": "179939",
        "addr:street": "Armenian Street",
        "amenity": "cafe",
        "name": "suns Living Room",
        "opening_hours": "Mo-Su 10:00-00:00",
        "phone": "+65 81573581",
        "website": "https://www.instagram.com/sunslivingroom/"
      },
      "geometry": {
        "type": "Point",
        "coordinates": [
          103.8494325,
          1.2945393
        ]
      },
      "id": "node/11799972626"
    },
    {
      "type": "Feature",
      "properties": {
        "@id": "node/11813192670",
        "amenity": "cafe",
        "brand": "Tim Hortons",
        "brand:wikidata": "Q175106",
        "cuisine": "coffee_shop",
        "name": "Tim Hortons",
        "takeaway": "yes"
      },
      "geometry": {
        "type": "Point",
        "coordinates": [
          103.8510202,
          1.2838828
        ]
      },
      "id": "node/11813192670"
    },
    {
      "type": "Feature",
      "properties": {
        "@id": "node/11816826938",
        "addr:floor": "1",
        "addr:housenumber": "87",
        "addr:street": "Science Park Drive",
        "amenity": "cafe",
        "check_date": "2024-04-13",
        "level": "0",
        "name": "Salted Caramel"
      },
      "geometry": {
        "type": "Point",
        "coordinates": [
          103.7905019,
          1.2877037
        ]
      },
      "id": "node/11816826938"
    },
    {
      "type": "Feature",
      "properties": {
        "@id": "node/11819577946",
        "addr:city": "Singapore",
        "addr:floor": "1",
        "addr:housenumber": "43",
        "addr:postcode": "099010",
        "addr:street": "Siloso Beach Walk",
        "addr:unit": "2",
        "amenity": "cafe",
        "cuisine": "indian;western;asian",
        "name": "Toast & Curry"
      },
      "geometry": {
        "type": "Point",
        "coordinates": [
          103.8175731,
          1.2519526
        ]
      },
      "id": "node/11819577946"
    },
    {
      "type": "Feature",
      "properties": {
        "@id": "node/11819577947",
        "addr:city": "Singapore",
        "addr:floor": "1",
        "addr:housenumber": "3",
        "addr:postcode": "098977",
        "addr:street": "Siloso Road",
        "addr:unit": "3/4",
        "amenity": "cafe",
        "branch": "Sensoryscape",
        "brand": "Starbucks",
        "brand:wikidata": "Q37158",
        "cuisine": "coffee_shop",
        "name": "Starbucks",
        "official_name": "Starbucks Coffee",
        "takeaway": "yes"
      },
      "geometry": {
        "type": "Point",
        "coordinates": [
          103.8190757,
          1.2543718
        ]
      },
      "id": "node/11819577947"
    },
    {
      "type": "Feature",
      "properties": {
        "@id": "node/11828532012",
        "amenity": "cafe",
        "level": "0",
        "name": "PY Roast"
      },
      "geometry": {
        "type": "Point",
        "coordinates": [
          103.8482332,
          1.285059
        ]
      },
      "id": "node/11828532012"
    },
    {
      "type": "Feature",
      "properties": {
        "@id": "node/11834999306",
        "addr:floor": "1",
        "addr:housenumber": "196",
        "addr:street": "Joo Chiat Road",
        "air_conditioning": "yes",
        "amenity": "cafe",
        "check_date": "2024-04-21",
        "cuisine": "coffee_shop",
        "internet_access": "wlan",
        "internet_access:fee": "customers",
        "level": "0",
        "name": "Staple Food",
        "outdoor_seating": "no",
        "payment:cash": "no",
        "payment:credit_cards": "yes",
        "payment:debit_cards": "yes",
        "payment:paynow": "yes",
        "pets": "no",
        "smoking": "no",
        "takeaway": "yes",
        "wheelchair": "limited"
      },
      "geometry": {
        "type": "Point",
        "coordinates": [
          103.9002096,
          1.3123362
        ]
      },
      "id": "node/11834999306"
    },
    {
      "type": "Feature",
      "properties": {
        "@id": "node/11841394942",
        "amenity": "cafe",
        "brand": "Coffee Bean",
        "check_date": "2024-04-23",
        "cuisine": "coffee_shop",
        "level": "0",
        "name": "Coffee Bean",
        "takeaway": "yes"
      },
      "geometry": {
        "type": "Point",
        "coordinates": [
          103.8434104,
          1.3174664
        ]
      },
      "id": "node/11841394942"
    },
    {
      "type": "Feature",
      "properties": {
        "@id": "node/11846070653",
        "amenity": "cafe"
      },
      "geometry": {
        "type": "Point",
        "coordinates": [
          103.8002241,
          1.2775267
        ]
      },
      "id": "node/11846070653"
    },
    {
      "type": "Feature",
      "properties": {
        "@id": "node/11850350143",
        "amenity": "cafe",
        "name": "Incredi Bowl"
      },
      "geometry": {
        "type": "Point",
        "coordinates": [
          103.8452411,
          1.2900347
        ]
      },
      "id": "node/11850350143"
    },
    {
      "type": "Feature",
      "properties": {
        "@id": "node/11850350144",
        "amenity": "cafe",
        "cuisine": "ice_cream",
        "level": "0",
        "name": "Overscoop"
      },
      "geometry": {
        "type": "Point",
        "coordinates": [
          103.8451372,
          1.2903754
        ]
      },
      "id": "node/11850350144"
    },
    {
      "type": "Feature",
      "properties": {
        "@id": "node/11850350145",
        "addr:unit": "03",
        "amenity": "cafe",
        "level": "1",
        "name": "Hone"
      },
      "geometry": {
        "type": "Point",
        "coordinates": [
          103.8449124,
          1.2897625
        ]
      },
      "id": "node/11850350145"
    },
    {
      "type": "Feature",
      "properties": {
        "@id": "node/11861562401",
        "amenity": "cafe",
        "level": "0",
        "name": "Fun Toast",
        "opening_hours": "07:30-19:30",
        "toilets:wheelchair": "yes",
        "wheelchair": "yes"
      },
      "geometry": {
        "type": "Point",
        "coordinates": [
          103.919813,
          1.3416718
        ]
      },
      "id": "node/11861562401"
    },
    {
      "type": "Feature",
      "properties": {
        "@id": "node/11898819891",
        "addr:floor": "4",
        "addr:housenumber": "144",
        "addr:street": "Upper Bukit Timah Road",
        "air_conditioning": "yes",
        "amenity": "cafe",
        "check_date": "2024-09-29",
        "cuisine": "coffee_shop",
        "level": "3",
        "name": "Better Days Cafe & Bar",
        "outdoor_seating": "yes",
        "payment:cash": "no",
        "payment:credit_cards": "yes",
        "payment:debit_cards": "yes",
        "payment:paynow": "yes"
      },
      "geometry": {
        "type": "Point",
        "coordinates": [
          103.7767585,
          1.3425
        ]
      },
      "id": "node/11898819891"
    },
    {
      "type": "Feature",
      "properties": {
        "@id": "node/11898833280",
        "amenity": "cafe",
        "check_date": "2024-05-11",
        "level": "0",
        "name": "Vogue Vibe Cafe.",
        "outdoor_seating": "yes"
      },
      "geometry": {
        "type": "Point",
        "coordinates": [
          103.8560907,
          1.2971244
        ]
      },
      "id": "node/11898833280"
    },
    {
      "type": "Feature",
      "properties": {
        "@id": "node/11898833284",
        "amenity": "cafe",
        "check_date": "2024-05-10",
        "level": "0",
        "name": "Practice Tuckshop"
      },
      "geometry": {
        "type": "Point",
        "coordinates": [
          103.8511593,
          1.2985763
        ]
      },
      "id": "node/11898833284"
    },
    {
      "type": "Feature",
      "properties": {
        "@id": "node/11898833286",
        "amenity": "cafe",
        "check_date": "2024-05-10",
        "level": "0",
        "name": "Ameising Memories"
      },
      "geometry": {
        "type": "Point",
        "coordinates": [
          103.8503873,
          1.2976088
        ]
      },
      "id": "node/11898833286"
    },
    {
      "type": "Feature",
      "properties": {
        "@id": "node/11898833287",
        "amenity": "cafe",
        "check_date": "2024-05-10",
        "cuisine": "bubble_tea",
        "level": "0"
      },
      "geometry": {
        "type": "Point",
        "coordinates": [
          103.8502155,
          1.2976263
        ]
      },
      "id": "node/11898833287"
    },
    {
      "type": "Feature",
      "properties": {
        "@id": "node/11898833288",
        "amenity": "cafe",
        "check_date": "2024-05-10",
        "cuisine": "bubble_tea",
        "level": "0",
        "name": "Little"
      },
      "geometry": {
        "type": "Point",
        "coordinates": [
          103.8501775,
          1.2983348
        ]
      },
      "id": "node/11898833288"
    },
    {
      "type": "Feature",
      "properties": {
        "@id": "node/11898833310",
        "addr:floor": "2",
        "addr:housenumber": "18",
        "addr:street": "Circular Road",
        "amenity": "cafe",
        "check_date": "2024-05-06",
        "level": "1",
        "name": "Ceres"
      },
      "geometry": {
        "type": "Point",
        "coordinates": [
          103.8490542,
          1.2874228
        ]
      },
      "id": "node/11898833310"
    },
    {
      "type": "Feature",
      "properties": {
        "@id": "node/11898833311",
        "amenity": "cafe",
        "check_date": "2024-05-05",
        "level": "0",
        "name": "Mind Cafe",
        "website": "https://www.themindcafe.sg/"
      },
      "geometry": {
        "type": "Point",
        "coordinates": [
          103.8494777,
          1.299271
        ]
      },
      "id": "node/11898833311"
    },
    {
      "type": "Feature",
      "properties": {
        "@id": "node/11917937543",
        "addr:city": "Singapore",
        "addr:housename": "Cineleisure",
        "addr:housenumber": "8",
        "addr:postcode": "239695",
        "addr:street": "Grange Road",
        "addr:unit": "#01-03",
        "air_conditioning": "yes",
        "amenity": "cafe",
        "branch": "Cineleisure Orchard",
        "cuisine": "dessert",
        "level": "0",
        "name": "Ah Chew Desserts",
        "opening_hours": "Mo-Su 11:30-23:30",
        "outdoor_seating": "no",
        "phone": "+65 6254 8198",
        "website": "https://www.ahchewdesserts.com/"
      },
      "geometry": {
        "type": "Point",
        "coordinates": [
          103.8362821,
          1.3014187
        ]
      },
      "id": "node/11917937543"
    },
    {
      "type": "Feature",
      "properties": {
        "@id": "node/11918907392",
        "addr:housenumber": "30",
        "addr:street": "Raffles Place",
        "amenity": "cafe",
        "check_date": "2024-05-16",
        "contact:facebook": "https://www.facebook.com/glassroasters",
        "contact:instagram": "https://www.instagram.com/glassroasters",
        "contact:tiktok": "https://www.tiktok.com/@glassroasters",
        "cuisine": "coffee_shop",
        "level": "0",
        "name": "Little Glass Stand",
        "operator": "Glass Roasters",
        "website": "https://www.glassroasters.com/"
      },
      "geometry": {
        "type": "Point",
        "coordinates": [
          103.851847,
          1.2842305
        ]
      },
      "id": "node/11918907392"
    },
    {
      "type": "Feature",
      "properties": {
        "@id": "node/11918907394",
        "amenity": "cafe",
        "check_date": "2024-05-16",
        "cuisine": "coffee_shop",
        "level": "0",
        "name": "6 Oz",
        "outdoor_seating": "yes",
        "takeaway": "yes"
      },
      "geometry": {
        "type": "Point",
        "coordinates": [
          103.8519631,
          1.2842747
        ]
      },
      "id": "node/11918907394"
    },
    {
      "type": "Feature",
      "properties": {
        "@id": "node/11935018650",
        "amenity": "cafe",
        "brand": "The Coffee Bean & Tea Leaf",
        "brand:wikidata": "Q1141384",
        "cuisine": "coffee_shop",
        "level": "0",
        "name": "The Coffee Bean & Tea Leaf",
        "takeaway": "yes"
      },
      "geometry": {
        "type": "Point",
        "coordinates": [
          103.8518942,
          1.2842824
        ]
      },
      "id": "node/11935018650"
    },
    {
      "type": "Feature",
      "properties": {
        "@id": "node/11935120736",
        "amenity": "cafe",
        "check_date": "2024-05-23",
        "cuisine": "tea",
        "name": "Matchaya"
      },
      "geometry": {
        "type": "Point",
        "coordinates": [
          103.8498631,
          1.2839234
        ]
      },
      "id": "node/11935120736"
    },
    {
      "type": "Feature",
      "properties": {
        "@id": "node/11945048521",
        "addr:floor": "2",
        "addr:housenumber": "2",
        "addr:street": "Kallang Avenue",
        "air_conditioning": "yes",
        "amenity": "cafe",
        "check_date": "2024-05-30",
        "cuisine": "local",
        "level": "1",
        "name": "La Teh",
        "outdoor_seating": "no",
        "wheelchair": "yes"
      },
      "geometry": {
        "type": "Point",
        "coordinates": [
          103.8630934,
          1.3121694
        ]
      },
      "id": "node/11945048521"
    },
    {
      "type": "Feature",
      "properties": {
        "@id": "node/11945048525",
        "addr:housenumber": "16",
        "addr:postcode": "209180",
        "addr:street": "Hamilton Road",
        "addr:unit": "01-06",
        "amenity": "cafe",
        "check_date": "2024-05-30",
        "name": "Brawn & Brains Coffee",
        "opening_hours": "Mo-Tu,Th-Fr 09:30-17:30; We off; Sa-Su,PH 09:00-18:00",
        "website": "https://www.brawnandbrains.sg/"
      },
      "geometry": {
        "type": "Point",
        "coordinates": [
          103.8609813,
          1.3112614
        ]
      },
      "id": "node/11945048525"
    },
    {
      "type": "Feature",
      "properties": {
        "@id": "node/11949558323",
        "amenity": "cafe",
        "brand": "Ya Kun Kaya Toast",
        "brand:wikidata": "Q8046237",
        "cuisine": "coffee_shop",
        "level": "-1",
        "name": "Ya Kun Kaya Toast",
        "takeaway": "yes"
      },
      "geometry": {
        "type": "Point",
        "coordinates": [
          103.8881839,
          1.3967495
        ]
      },
      "id": "node/11949558323"
    },
    {
      "type": "Feature",
      "properties": {
        "@id": "node/11949558326",
        "amenity": "cafe",
        "brand": "The Coffee Bean & Tea Leaf",
        "brand:wikidata": "Q1141384",
        "cuisine": "coffee_shop",
        "level": "0",
        "name": "The Coffee Bean & Tea Leaf",
        "takeaway": "yes"
      },
      "geometry": {
        "type": "Point",
        "coordinates": [
          103.8884125,
          1.3969054
        ]
      },
      "id": "node/11949558326"
    },
    {
      "type": "Feature",
      "properties": {
        "@id": "node/11951343237",
        "amenity": "cafe",
        "name": "Kopitiam",
        "operator": "Kopitiam"
      },
      "geometry": {
        "type": "Point",
        "coordinates": [
          103.9089006,
          1.3965201
        ]
      },
      "id": "node/11951343237"
    },
    {
      "type": "Feature",
      "properties": {
        "@id": "node/11973424616",
        "addr:housename": "Luzerne",
        "addr:housenumber": "70",
        "addr:postcode": "339940",
        "addr:street": "Bendemeer Road",
        "addr:unit": "#01-03",
        "amenity": "cafe",
        "delivery": "yes",
        "mobile": "+65 9021 9626",
        "name": "Keong Saik Bakery",
        "opening_hours": "Mo-Su 08:00-18:00",
        "website": "https://www.keongsaikbakery.com/"
      },
      "geometry": {
        "type": "Point",
        "coordinates": [
          103.8627427,
          1.316401
        ]
      },
      "id": "node/11973424616"
    },
    {
      "type": "Feature",
      "properties": {
        "@id": "node/11975347492",
        "amenity": "cafe",
        "brand": "Ya Kun Kaya Toast",
        "brand:wikidata": "Q8046237",
        "check_date": "2024-06-07",
        "cuisine": "coffee_shop",
        "name": "Ya Kun Kaya Toast",
        "takeaway": "yes"
      },
      "geometry": {
        "type": "Point",
        "coordinates": [
          103.9908425,
          1.352535
        ]
      },
      "id": "node/11975347492"
    },
    {
      "type": "Feature",
      "properties": {
        "@id": "node/11975373455",
        "amenity": "cafe",
        "check_date": "2024-06-08",
        "name": "Guo Yogurt & Dessert"
      },
      "geometry": {
        "type": "Point",
        "coordinates": [
          103.8456994,
          1.2827615
        ]
      },
      "id": "node/11975373455"
    },
    {
      "type": "Feature",
      "properties": {
        "@id": "node/11975373461",
        "addr:floor": "2",
        "amenity": "cafe",
        "check_date": "2024-06-11",
        "contact:instagram": "https://www.instagram.com/roughguyscoffee",
        "cuisine": "coffee_shop",
        "diet:vegan": "yes",
        "level": "1",
        "name": "Rough Guys Coffee",
        "outdoor_seating": "no",
        "payment:cash": "yes",
        "payment:credit_cards": "yes",
        "payment:debit_cards": "yes",
        "wheelchair": "no"
      },
      "geometry": {
        "type": "Point",
        "coordinates": [
          103.8457047,
          1.2832075
        ]
      },
      "id": "node/11975373461"
    },
    {
      "type": "Feature",
      "properties": {
        "@id": "node/12015938925",
        "addr:city": "Singapur",
        "addr:housenumber": "81",
        "addr:postcode": "208014",
        "addr:street": "Rowell Rd",
        "air_conditioning": "yes",
        "amenity": "cafe",
        "name": "Main Street Commissary",
        "payment:cards": "yes",
        "payment:contactless": "yes",
        "reservation": "yes",
        "toilets": "yes"
      },
      "geometry": {
        "type": "Point",
        "coordinates": [
          103.8556726,
          1.3081408
        ]
      },
      "id": "node/12015938925"
    },
    {
      "type": "Feature",
      "properties": {
        "@id": "node/12053283535",
        "addr:floor": "1",
        "addr:housenumber": "1",
        "addr:street": "Hillview Rise",
        "amenity": "cafe",
        "check_date": "2024-12-13",
        "cuisine": "bubble_tea",
        "level": "0",
        "name": "Koi",
        "outdoor_seating": "yes"
      },
      "geometry": {
        "type": "Point",
        "coordinates": [
          103.7643765,
          1.3620074
        ]
      },
      "id": "node/12053283535"
    },
    {
      "type": "Feature",
      "properties": {
        "@id": "node/12053284804",
        "amenity": "cafe",
        "check_date": "2024-06-29",
        "name": "Cats & Cafe"
      },
      "geometry": {
        "type": "Point",
        "coordinates": [
          103.8530805,
          1.3221228
        ]
      },
      "id": "node/12053284804"
    },
    {
      "type": "Feature",
      "properties": {
        "@id": "node/12093257639",
        "amenity": "cafe",
        "check_date": "2024-08-04",
        "name": "ĒN Seeds Bowl Of Gratitude"
      },
      "geometry": {
        "type": "Point",
        "coordinates": [
          103.9232414,
          1.3123713
        ]
      },
      "id": "node/12093257639"
    },
    {
      "type": "Feature",
      "properties": {
        "@id": "node/12093257640",
        "addr:housenumber": "6",
        "addr:street": "Jalan Jamal",
        "air_conditioning": "yes",
        "amenity": "cafe",
        "check_date": "2024-08-04",
        "cuisine": "coffee_shop;brunch",
        "name": "Five Oars Coffee Roasters",
        "outdoor_seating": "yes",
        "payment:cash": "no",
        "payment:credit_cards": "yes",
        "payment:debit_cards": "yes",
        "wheelchair": "limited"
      },
      "geometry": {
        "type": "Point",
        "coordinates": [
          103.9255435,
          1.3123785
        ]
      },
      "id": "node/12093257640"
    },
    {
      "type": "Feature",
      "properties": {
        "@id": "node/12093257643",
        "amenity": "cafe",
        "check_date": "2024-08-04",
        "name": "Royals Cafe"
      },
      "geometry": {
        "type": "Point",
        "coordinates": [
          103.9261382,
          1.3130633
        ]
      },
      "id": "node/12093257643"
    },
    {
      "type": "Feature",
      "properties": {
        "@id": "node/12100242201",
        "addr:postcode": "058808",
        "amenity": "cafe",
        "name": "Madame Ooze",
        "opening_hours": "Mo-Su 08:00-23:30"
      },
      "geometry": {
        "type": "Point",
        "coordinates": [
          103.845362,
          1.2821891
        ]
      },
      "id": "node/12100242201"
    },
    {
      "type": "Feature",
      "properties": {
        "@id": "node/12100281301",
        "addr:postcode": "058839",
        "air_conditioning": "yes",
        "amenity": "cafe",
        "brand": "Ya Kun Kaya Toast",
        "brand:wikidata": "Q8046237",
        "cuisine": "coffee_shop",
        "indoor_seating": "yes",
        "name": "Ya Kun Kaya Toast",
        "name:zh": "亞坤",
        "opening_hours": "Mo-Su 07:30-20:30",
        "outdoor_seating": "no",
        "takeaway": "yes"
      },
      "geometry": {
        "type": "Point",
        "coordinates": [
          103.8448952,
          1.2813622
        ]
      },
      "id": "node/12100281301"
    },
    {
      "type": "Feature",
      "properties": {
        "@id": "node/12122165287",
        "addr:city": "Singapore",
        "addr:housenumber": "39",
        "addr:postcode": "198487",
        "addr:street": "Sultan Gate",
        "amenity": "cafe",
        "contact:instagram": "https://www.instagram.com/nshcoffee/",
        "cuisine": "coffee_shop",
        "email": "info@nshcoffee.com",
        "name": "No Strangers Here",
        "opening_hours": "Mo off; Tu-Su 12:00-20:00",
        "outdoor_seating": "no",
        "phone": "+65 8022 9647",
        "short_name": "NSH",
        "website": "https://www.nshcoffee.com/"
      },
      "geometry": {
        "type": "Point",
        "coordinates": [
          103.8606402,
          1.301569
        ]
      },
      "id": "node/12122165287"
    },
    {
      "type": "Feature",
      "properties": {
        "@id": "node/12136676394",
        "addr:housenumber": "665",
        "addr:street": "Buffalo Road",
        "amenity": "cafe",
        "check_date": "2024-11-30",
        "contact:facebook": "https://www.facebook.com/generationcoffeesg/",
        "contact:instagram": "https://www.instagram.com/generationcoffeesg",
        "cuisine": "coffee_shop",
        "level": "0",
        "name": "Generation Coffee",
        "payment:cards": "no",
        "payment:cash": "yes",
        "payment:credit_cards": "no",
        "payment:debit_cards": "no",
        "payment:paynow": "yes"
      },
      "geometry": {
        "type": "Point",
        "coordinates": [
          103.8504026,
          1.3059769
        ]
      },
      "id": "node/12136676394"
    },
    {
      "type": "Feature",
      "properties": {
        "@id": "node/12136676395",
        "addr:floor": "3",
        "addr:housenumber": "8",
        "addr:street": "Raffles Avenue",
        "addr:unit": "03-02",
        "air_conditioning": "yes",
        "amenity": "cafe",
        "check_date": "2024-08-25",
        "contact:facebook": "https://www.facebook.com/forewordcoffeeroasters/",
        "contact:instagram": "https://www.instagram.com/forewordcoffeeroasters",
        "cuisine": "coffee_shop",
        "level": "2",
        "name": "Foreword Coffee",
        "opening_hours": "Mo-Th 10:00-19:00; Fr-Sa 11:00-20:00; Su 09:00-18:00",
        "outdoor_seating": "no",
        "payment:cards": "no",
        "payment:cash": "yes",
        "payment:credit_cards": "no",
        "payment:debit_cards": "no",
        "payment:paynow": "yes",
        "takeaway": "yes",
        "website": "https://forewordcoffee.com/",
        "wheelchair": "yes"
      },
      "geometry": {
        "type": "Point",
        "coordinates": [
          103.8560517,
          1.2896753
        ]
      },
      "id": "node/12136676395"
    },
    {
      "type": "Feature",
      "properties": {
        "@id": "node/12143316814",
        "addr:city": "Singapore",
        "addr:housenumber": "10",
        "addr:postcode": "519634",
        "addr:street": "Pasir Ris Central",
        "amenity": "cafe",
        "cuisine": "coffee_shop",
        "internet_access": "no",
        "name": "Mr Teh Tarik Deli",
        "outdoor_seating": "no",
        "website": "https://www.mrtehtarik.com.sg/"
      },
      "geometry": {
        "type": "Point",
        "coordinates": [
          103.949235,
          1.3725662
        ]
      },
      "id": "node/12143316814"
    },
    {
      "type": "Feature",
      "properties": {
        "@id": "node/12143316816",
        "addr:city": "Singapore",
        "addr:housenumber": "1",
        "addr:postcode": "518457",
        "addr:street": "Pasir Ris Central Street 3",
        "amenity": "cafe",
        "branch": "White Sands",
        "brand": "Luckin Coffee",
        "brand:wikidata": "Q56811344",
        "cuisine": "coffee_shop",
        "level": "0",
        "name": "Luckin Coffee",
        "opening_hours": "Mo-Su 08:00-22:00",
        "outdoor_seating": "no",
        "takeaway": "yes",
        "website": "https://www.luckincoffee.com/",
        "website:menu": "https://www.luckincoffee.com/menu"
      },
      "geometry": {
        "type": "Point",
        "coordinates": [
          103.9499932,
          1.3723666
        ]
      },
      "id": "node/12143316816"
    },
    {
      "type": "Feature",
      "properties": {
        "@id": "node/12143316827",
        "addr:city": "Singapore",
        "addr:housenumber": "1",
        "addr:postcode": "518457",
        "addr:street": "Pasir Ris Central Street 3",
        "amenity": "cafe",
        "branch": "White Sands",
        "cuisine": "bubble_tea",
        "delivery": "yes",
        "level": "1",
        "name": "Yan Xi Tang",
        "name:zh": "延禧堂",
        "opening_hours": "Mo-Su 11:30-20:00",
        "phone": "+65 9044 5970",
        "takeaway": "only",
        "website": "https://www.yanxitang.com.sg/"
      },
      "geometry": {
        "type": "Point",
        "coordinates": [
          103.9496037,
          1.372417
        ]
      },
      "id": "node/12143316827"
    },
    {
      "type": "Feature",
      "properties": {
        "@id": "node/12143316829",
        "addr:city": "Singapore",
        "addr:housenumber": "1",
        "addr:postcode": "518457",
        "addr:street": "Pasir Ris Central Street 3",
        "amenity": "cafe",
        "branch": "White Sands",
        "brand": "Boost Juice",
        "brand:wikidata": "Q4943789",
        "cuisine": "juice",
        "delivery": "yes",
        "drive_through": "no",
        "level": "0",
        "name": "Boost Juice",
        "opening_hours": "Mo-Su 08:00-22:00",
        "takeaway": "only",
        "website": "https://www.boostjuicebars.com.sg/"
      },
      "geometry": {
        "type": "Point",
        "coordinates": [
          103.9493987,
          1.3725698
        ]
      },
      "id": "node/12143316829"
    },
    {
      "type": "Feature",
      "properties": {
        "@id": "node/12143316837",
        "addr:city": "Singapore",
        "addr:housenumber": "7",
        "addr:postcode": "519612",
        "addr:street": "Pasir Ris Central",
        "amenity": "cafe",
        "branch": "Pasir Ris Mall",
        "cuisine": "bubble_tea",
        "name": "AtTea",
        "name:zh": "署茗職茶",
        "opening_hours": "Mo-Su 11:00-22:00",
        "outdoor_seating": "no",
        "takeaway": "only",
        "website": "https://www.attea1987.com.sg/"
      },
      "geometry": {
        "type": "Point",
        "coordinates": [
          103.9484554,
          1.3735607
        ]
      },
      "id": "node/12143316837"
    },
    {
      "type": "Feature",
      "properties": {
        "@id": "node/12143316845",
        "addr:city": "Singapore",
        "addr:housenumber": "7",
        "addr:postcode": "519612",
        "addr:street": "Pasir Ris Central",
        "air_conditioning": "yes",
        "amenity": "cafe",
        "branch": "Pasir Ris Mall",
        "brand": "Toast Box",
        "brand:wikidata": "Q100285490",
        "cuisine": "coffee_shop",
        "delivery": "yes",
        "name": "Toast Box",
        "opening_hours": "Mo-Su 07:30-20:30",
        "outdoor_seating": "no",
        "reservation": "no",
        "takeaway": "yes",
        "website": "https://toastbox.com.sg/"
      },
      "geometry": {
        "type": "Point",
        "coordinates": [
          103.9487966,
          1.3737164
        ]
      },
      "id": "node/12143316845"
    },
    {
      "type": "Feature",
      "properties": {
        "@id": "node/12143613151",
        "addr:city": "Singapore",
        "addr:housenumber": "7",
        "addr:postcode": "519612",
        "addr:street": "Pasir Ris Central",
        "air_conditioning": "yes",
        "amenity": "cafe",
        "branch": "Pasir Ris Mall",
        "cuisine": "cake;coffee_shop;singaporean",
        "level": "-1",
        "name": "Kazo Café",
        "opening_hours": "Mo-Su 10:00-22:00",
        "outdoor_seating": "no",
        "phone": "+65 6970 1721",
        "reservation": "no",
        "website": "https://www.kazo.sg/"
      },
      "geometry": {
        "type": "Point",
        "coordinates": [
          103.9485412,
          1.3736131
        ]
      },
      "id": "node/12143613151"
    },
    {
      "type": "Feature",
      "properties": {
        "@id": "node/12143894981",
        "addr:city": "Singapore",
        "addr:housenumber": "7",
        "addr:postcode": "519612",
        "addr:street": "Pasir Ris Central",
        "air_conditioning": "yes",
        "amenity": "cafe",
        "branch": "Pasir Ris Mall",
        "brand": "Luckin Coffee",
        "brand:wikidata": "Q56811344",
        "cuisine": "coffee_shop",
        "level": "-1",
        "name": "Luckin Coffee",
        "opening_hours": "Mo-Su 08:00-22:00",
        "outdoor_seating": "no",
        "takeaway": "yes",
        "website": "https://www.luckincoffee.com/"
      },
      "geometry": {
        "type": "Point",
        "coordinates": [
          103.9486113,
          1.3737931
        ]
      },
      "id": "node/12143894981"
    },
    {
      "type": "Feature",
      "properties": {
        "@id": "node/12144138742",
        "addr:city": "Singapore",
        "addr:housenumber": "7",
        "addr:postcode": "519612",
        "addr:street": "Pasir Ris Central",
        "air_conditioning": "yes",
        "amenity": "cafe",
        "branch": "Pasir Ris Mall",
        "brand": "Tim Hortons",
        "brand:wikidata": "Q175106",
        "cuisine": "coffee_shop",
        "level": "1",
        "name": "Tim Hortons",
        "opening_hours": "Mo-Su 10:00-21:00",
        "outdoor_seating": "no",
        "takeaway": "yes",
        "website": "https://timhortons.sg/"
      },
      "geometry": {
        "type": "Point",
        "coordinates": [
          103.9486965,
          1.3739806
        ]
      },
      "id": "node/12144138742"
    },
    {
      "type": "Feature",
      "properties": {
        "@id": "node/12144191543",
        "addr:city": "Singapore",
        "addr:housenumber": "7",
        "addr:postcode": "519612",
        "addr:street": "Pasir Ris Central",
        "air_conditioning": "yes",
        "amenity": "cafe",
        "branch": "Pasir Ris Mall",
        "brand": "Yi Fang Tea",
        "brand:en": "Yi Fang Tea",
        "brand:wikidata": "Q66196395",
        "brand:zh": "一芳水果茶",
        "cuisine": "bubble_tea",
        "delivery": "yes",
        "level": "-1",
        "name": "Yi Fang Tea",
        "name:en": "Yi Fang Tea",
        "name:zh": "一芳水果茶",
        "opening_hours": "Mo-Su 10:00-22:00",
        "outdoor_seating": "no",
        "phone": "+65 8900 2624",
        "takeaway": "only",
        "website": "https://www.yifangtea.com.sg/"
      },
      "geometry": {
        "type": "Point",
        "coordinates": [
          103.9486646,
          1.3737439
        ]
      },
      "id": "node/12144191543"
    },
    {
      "type": "Feature",
      "properties": {
        "@id": "node/12144394177",
        "addr:floor": "1",
        "amenity": "cafe",
        "check_date": "2024-08-26",
        "cuisine": "local",
        "diet:halal": "yes",
        "level": "0",
        "name": "Heavenly Wang",
        "outdoor_seating": "no",
        "payment:cash": "yes",
        "payment:credit_cards": "yes",
        "payment:debit_cards": "yes",
        "wheelchair": "yes"
      },
      "geometry": {
        "type": "Point",
        "coordinates": [
          103.7451741,
          1.3340139
        ]
      },
      "id": "node/12144394177"
    },
    {
      "type": "Feature",
      "properties": {
        "@id": "node/12144394178",
        "addr:floor": "2",
        "amenity": "cafe",
        "check_date": "2024-08-26",
        "level": "1",
        "name": "Ma Mum"
      },
      "geometry": {
        "type": "Point",
        "coordinates": [
          103.7450568,
          1.333922
        ]
      },
      "id": "node/12144394178"
    },
    {
      "type": "Feature",
      "properties": {
        "@id": "node/12144394180",
        "addr:floor": "2",
        "amenity": "cafe",
        "check_date": "2024-08-26",
        "level": "1",
        "name": "Mr Bean",
        "takeaway": "only"
      },
      "geometry": {
        "type": "Point",
        "coordinates": [
          103.7450038,
          1.3339756
        ]
      },
      "id": "node/12144394180"
    },
    {
      "type": "Feature",
      "properties": {
        "@id": "node/12144394181",
        "addr:floor": "2",
        "amenity": "cafe",
        "brand": "Ya Kun Kaya Toast",
        "brand:wikidata": "Q8046237",
        "check_date": "2024-08-26",
        "cuisine": "coffee_shop",
        "level": "1",
        "name": "Ya Kun Kaya Toast",
        "takeaway": "yes"
      },
      "geometry": {
        "type": "Point",
        "coordinates": [
          103.7445661,
          1.334346
        ]
      },
      "id": "node/12144394181"
    },
    {
      "type": "Feature",
      "properties": {
        "@id": "node/12144396601",
        "addr:housename": "The Rail Mall",
        "addr:postcode": "678072",
        "addr:street": "Upper Bukit Timah Road",
        "air_conditioning": "yes",
        "amenity": "cafe",
        "brand": "Starbucks",
        "brand:wikidata": "Q37158",
        "check_date": "2024-09-27",
        "cuisine": "coffee_shop",
        "name": "Starbucks",
        "official_name": "Starbucks Coffee",
        "outdoor_seating": "yes",
        "payment:cash": "yes",
        "payment:credit_cards": "yes",
        "payment:debit_cards": "yes",
        "phone": "+65 6910 1171",
        "takeaway": "yes",
        "toilets": "yes",
        "wheelchair": "no"
      },
      "geometry": {
        "type": "Point",
        "coordinates": [
          103.768052,
          1.3577974
        ]
      },
      "id": "node/12144396601"
    },
    {
      "type": "Feature",
      "properties": {
        "@id": "node/12147515561",
        "addr:housenumber": "258",
        "addr:street": "Bukit Panjang Ring Road",
        "amenity": "cafe",
        "check_date": "2024-08-31",
        "cuisine": "bubble_tea",
        "name": "i Tea",
        "takeaway": "only"
      },
      "geometry": {
        "type": "Point",
        "coordinates": [
          103.7731918,
          1.3778213
        ]
      },
      "id": "node/12147515561"
    },
    {
      "type": "Feature",
      "properties": {
        "@id": "node/12165799885",
        "addr:city": "Singapore",
        "addr:housenumber": "642",
        "addr:postcode": "670642",
        "addr:street": "Senja Close",
        "addr:unit": "#01-05",
        "amenity": "cafe",
        "check_date": "2024-09-07",
        "cuisine": "tea",
        "name": "Kaiza"
      },
      "geometry": {
        "type": "Point",
        "coordinates": [
          103.7620077,
          1.3869999
        ]
      },
      "id": "node/12165799885"
    },
    {
      "type": "Feature",
      "properties": {
        "@id": "node/12179539354",
        "addr:floor": "1",
        "addr:housenumber": "176",
        "addr:street": "Orchard Road",
        "amenity": "cafe",
        "check_date": "2024-09-11",
        "level": "0",
        "name": "Kopi & Tarts",
        "wheelchair": "yes"
      },
      "geometry": {
        "type": "Point",
        "coordinates": [
          103.8398351,
          1.3024858
        ]
      },
      "id": "node/12179539354"
    },
    {
      "type": "Feature",
      "properties": {
        "@id": "node/12179539357",
        "addr:floor": "B3",
        "addr:housenumber": "7",
        "addr:street": "Fraser Street",
        "amenity": "cafe",
        "check_date": "2025-01-28",
        "cuisine": "coffee_shop",
        "level": "-3",
        "name": "Kopi Place",
        "payment:cards": "no",
        "payment:cash": "yes",
        "payment:credit_cards": "no",
        "payment:debit_cards": "no",
        "payment:paylah": "yes",
        "payment:paynow": "yes",
        "takeaway": "yes",
        "wheelchair": "yes"
      },
      "geometry": {
        "type": "Point",
        "coordinates": [
          103.8575582,
          1.2993393
        ]
      },
      "id": "node/12179539357"
    },
    {
      "type": "Feature",
      "properties": {
        "@id": "node/12192729084",
        "amenity": "cafe",
        "cuisine": "coffee_shop",
        "level": "0",
        "name": "Each A Cup"
      },
      "geometry": {
        "type": "Point",
        "coordinates": [
          103.7646287,
          1.3818853
        ]
      },
      "id": "node/12192729084"
    },
    {
      "type": "Feature",
      "properties": {
        "@id": "node/12192729086",
        "addr:city": "Singapore",
        "addr:housenumber": "675",
        "addr:postcode": "389602",
        "addr:street": "Geylang Road",
        "amenity": "cafe",
        "cuisine": "coffee_shop",
        "name": "Sloth and Messenger Coffee",
        "opening_hours": "Tu-Su 09:00-17:00"
      },
      "geometry": {
        "type": "Point",
        "coordinates": [
          103.8888087,
          1.3147029
        ]
      },
      "id": "node/12192729086"
    },
    {
      "type": "Feature",
      "properties": {
        "@id": "node/12193701662",
        "addr:floor": "B3",
        "addr:housename": "DUO Galleria",
        "addr:housenumber": "7",
        "addr:street": "Fraser Street",
        "amenity": "cafe",
        "brand": "Luckin Coffee",
        "brand:wikidata": "Q56811344",
        "check_date": "2025-01-28",
        "cuisine": "coffee_shop",
        "level": "-3",
        "name": "Luckin Coffee",
        "takeaway": "yes"
      },
      "geometry": {
        "type": "Point",
        "coordinates": [
          103.8574813,
          1.29936
        ]
      },
      "id": "node/12193701662"
    },
    {
      "type": "Feature",
      "properties": {
        "@id": "node/12206646311",
        "amenity": "cafe",
        "level": "4",
        "name": "Gelaré"
      },
      "geometry": {
        "type": "Point",
        "coordinates": [
          103.8541644,
          1.2996618
        ]
      },
      "id": "node/12206646311"
    },
    {
      "type": "Feature",
      "properties": {
        "@id": "node/12206907453",
        "amenity": "cafe",
        "level": "0",
        "name": "Joe & Dough",
        "outdoor_seating": "no"
      },
      "geometry": {
        "type": "Point",
        "coordinates": [
          103.9611151,
          1.335686
        ]
      },
      "id": "node/12206907453"
    },
    {
      "type": "Feature",
      "properties": {
        "@id": "node/12206907475",
        "air_conditioning": "no",
        "amenity": "cafe",
        "indoor_seating": "no",
        "level": "0",
        "name": "Mr Coconut",
        "outdoor_seating": "no",
        "smoking": "no"
      },
      "geometry": {
        "type": "Point",
        "coordinates": [
          103.8926728,
          1.3835655
        ]
      },
      "id": "node/12206907475"
    },
    {
      "type": "Feature",
      "properties": {
        "@id": "node/12208675292",
        "addr:housenumber": "1",
        "addr:street": "Hillview Rise",
        "amenity": "cafe",
        "check_date": "2024-12-13",
        "cuisine": "local",
        "diet:halal": "yes",
        "name": "Mums’ Coffee House"
      },
      "geometry": {
        "type": "Point",
        "coordinates": [
          103.7643308,
          1.3618791
        ]
      },
      "id": "node/12208675292"
    },
    {
      "type": "Feature",
      "properties": {
        "@id": "node/12210041981",
        "amenity": "cafe",
        "name": "Hattendo Cafe"
      },
      "geometry": {
        "type": "Point",
        "coordinates": [
          103.8454784,
          1.2771367
        ]
      },
      "id": "node/12210041981"
    },
    {
      "type": "Feature",
      "properties": {
        "@id": "node/12210306898",
        "amenity": "cafe",
        "brand": "Luckin Coffee",
        "cuisine": "coffee_shop",
        "level": "0",
        "name": "Luckin Coffee",
        "takeaway": "only"
      },
      "geometry": {
        "type": "Point",
        "coordinates": [
          103.9016276,
          1.4063768
        ]
      },
      "id": "node/12210306898"
    },
    {
      "type": "Feature",
      "properties": {
        "@id": "node/12210500006",
        "amenity": "cafe",
        "indoor_seating": "yes",
        "level": "0",
        "name": "An Açai Affair"
      },
      "geometry": {
        "type": "Point",
        "coordinates": [
          103.9016022,
          1.406395
        ]
      },
      "id": "node/12210500006"
    },
    {
      "type": "Feature",
      "properties": {
        "@id": "node/12232184752",
        "addr:floor": "B3",
        "addr:housename": "DUO Galleria",
        "addr:housenumber": "7",
        "addr:postcode": "189356",
        "addr:street": "Fraser Street",
        "addr:unit": "#B3-01/02",
        "air_conditioning": "yes",
        "amenity": "cafe",
        "branch": "DUO Galleria",
        "brand": "Killiney Kopitiam",
        "check_date": "2025-02-13",
        "cuisine": "local",
        "level": "-3",
        "name": "Killiney Kopitiam",
        "opening_hours": "07:30-20:00",
        "payment:cards": "no",
        "payment:cash": "yes",
        "payment:credit_cards": "no",
        "payment:debit_cards": "no",
        "payment:paynow": "yes",
        "self_service": "yes",
        "website": "http://www.killiney-kopitiam.com/",
        "wheelchair": "yes"
      },
      "geometry": {
        "type": "Point",
        "coordinates": [
          103.8576852,
          1.2991064
        ]
      },
      "id": "node/12232184752"
    },
    {
      "type": "Feature",
      "properties": {
        "@id": "node/12232184755",
        "addr:floor": "1",
        "amenity": "cafe",
        "brand": "Starbucks",
        "brand:wikidata": "Q37158",
        "check_date": "2024-10-07",
        "cuisine": "coffee_shop",
        "level": "0",
        "name": "Starbucks",
        "official_name": "Starbucks Coffee",
        "takeaway": "yes"
      },
      "geometry": {
        "type": "Point",
        "coordinates": [
          103.8588379,
          1.2985259
        ]
      },
      "id": "node/12232184755"
    },
    {
      "type": "Feature",
      "properties": {
        "@id": "node/12232184759",
        "addr:housenumber": "1",
        "addr:postcode": "217701",
        "addr:street": "Tessensohn Road",
        "addr:unit": "#01-09",
        "amenity": "cafe",
        "check_date": "2024-10-04",
        "contact:instagram": "https://www.instagram.com/bakingwithgina",
        "cuisine": "coffee_shop",
        "name": "Sourdough & Brew",
        "opening_hours": "Mo off; Tu-Su 07:30-14:30"
      },
      "geometry": {
        "type": "Point",
        "coordinates": [
          103.8577736,
          1.3166333
        ]
      },
      "id": "node/12232184759"
    },
    {
      "type": "Feature",
      "properties": {
        "@id": "node/12232184761",
        "addr:housenumber": "1",
        "addr:street": "Irving Place",
        "amenity": "cafe",
        "check_date": "2024-10-05",
        "name": "The Good Boys"
      },
      "geometry": {
        "type": "Point",
        "coordinates": [
          103.8863397,
          1.3361758
        ]
      },
      "id": "node/12232184761"
    },
    {
      "type": "Feature",
      "properties": {
        "@id": "node/12232184767",
        "addr:housenumber": "173",
        "addr:postcode": "189642",
        "addr:street": "Bencoolen Street",
        "addr:unit": "01-175",
        "amenity": "cafe",
        "check_date": "2024-10-07",
        "contact:facebook": "https://www.facebook.com/Monochrome/",
        "contact:instagram": "https://www.instagram.com/@cafemonochromesg",
        "contact:whatsapp": "+65 9239 1240",
        "cuisine": "coffee_shop",
        "email": "cafemc2020@gmail.com",
        "name": "Cafe Monochrome",
        "opening_hours": "Tu-Su 10:00-21:00",
        "phone": "+65 9239 1240",
        "website": "https://www.cafemonochrome.sg/"
      },
      "geometry": {
        "type": "Point",
        "coordinates": [
          103.852392,
          1.3015292
        ]
      },
      "id": "node/12232184767"
    },
    {
      "type": "Feature",
      "properties": {
        "@id": "node/12233646731",
        "addr:city": "Singapore",
        "addr:floor": "1",
        "addr:housenumber": "209A",
        "addr:postcode": "121209",
        "addr:street": "Clementi Avenue 6",
        "addr:unit": "#01-02",
        "air_conditioning": "yes",
        "amenity": "cafe",
        "check_date": "2025-09-06",
        "cuisine": "coffee_shop",
        "name": "Mondays Coffee Bar",
        "opening_hours": "Mo-Su 09:00-21:30"
      },
      "geometry": {
        "type": "Point",
        "coordinates": [
          103.763775,
          1.3222735
        ]
      },
      "id": "node/12233646731"
    },
    {
      "type": "Feature",
      "properties": {
        "@id": "node/12238567394",
        "addr:city": "Singapore",
        "addr:country": "SG",
        "addr:housenumber": "381",
        "addr:postcode": "120381",
        "addr:street": "Clementi Avenue 5",
        "addr:unit": "#01-402",
        "amenity": "cafe",
        "cuisine": "coffee_shop",
        "name": "OLLA",
        "opening_hours": "Tu-Su 08:00-16:30",
        "outdoor_seating": "yes",
        "website": "https://ollacoffee.com"
      },
      "geometry": {
        "type": "Point",
        "coordinates": [
          103.7684162,
          1.3184666
        ]
      },
      "id": "node/12238567394"
    },
    {
      "type": "Feature",
      "properties": {
        "@id": "node/12240791873",
        "addr:city": "Singapore",
        "addr:housenumber": "2",
        "addr:postcode": "659003",
        "addr:street": "Bukit Batok West Avenue 7",
        "amenity": "cafe",
        "brand": "Starbucks",
        "brand:wikidata": "Q37158",
        "cuisine": "coffee_shop",
        "internet_access": "yes",
        "internet_access:fee": "customers",
        "name": "Starbucks",
        "official_name": "Starbucks Coffee",
        "outdoor_seating": "no",
        "takeaway": "yes"
      },
      "geometry": {
        "type": "Point",
        "coordinates": [
          103.750049,
          1.3658605
        ]
      },
      "id": "node/12240791873"
    },
    {
      "type": "Feature",
      "properties": {
        "@id": "node/12243964825",
        "addr:floor": "1",
        "addr:housenumber": "5",
        "addr:street": "Hongkong Street",
        "amenity": "cafe",
        "check_date": "2024-10-11",
        "cuisine": "coffee_shop",
        "level": "0",
        "name": "brwd / KINN",
        "name:en": "brwd / KINN",
        "outdoor_seating": "no",
        "wheelchair": "yes"
      },
      "geometry": {
        "type": "Point",
        "coordinates": [
          103.8478419,
          1.2873871
        ]
      },
      "id": "node/12243964825"
    },
    {
      "type": "Feature",
      "properties": {
        "@id": "node/12252691075",
        "addr:housenumber": "148",
        "addr:street": "Arab Street",
        "amenity": "cafe",
        "check_date": "2024-10-15",
        "diet:halal": "yes",
        "name": "Petra Haven",
        "name:en": "Petra Haven"
      },
      "geometry": {
        "type": "Point",
        "coordinates": [
          103.8579145,
          1.3026882
        ]
      },
      "id": "node/12252691075"
    },
    {
      "type": "Feature",
      "properties": {
        "@id": "node/12257169234",
        "amenity": "cafe",
        "check_date": "2024-10-14",
        "name": "Hvala"
      },
      "geometry": {
        "type": "Point",
        "coordinates": [
          103.8536856,
          1.2961595
        ]
      },
      "id": "node/12257169234"
    },
    {
      "type": "Feature",
      "properties": {
        "@id": "node/12257169235",
        "addr:floor": "1",
        "amenity": "cafe",
        "check_date": "2024-10-14",
        "level": "0",
        "name": "1988"
      },
      "geometry": {
        "type": "Point",
        "coordinates": [
          103.8498704,
          1.2962858
        ]
      },
      "id": "node/12257169235"
    },
    {
      "type": "Feature",
      "properties": {
        "@id": "node/12257181178",
        "addr:floor": "2",
        "addr:housenumber": "80",
        "addr:street": "Airport Boulevard, Singapore Changi Airport Terminal 1,  Departure/Transit Lounge West",
        "addr:unit": "#02-03/04",
        "amenity": "cafe",
        "check_date": "2024-10-17",
        "cuisine": "local",
        "diet:halal": "yes",
        "level": "1",
        "name": "Heavenly Wang",
        "payment:cash": "yes",
        "payment:credit_cards": "yes",
        "payment:debit_cards": "yes"
      },
      "geometry": {
        "type": "Point",
        "coordinates": [
          103.9893199,
          1.361812
        ]
      },
      "id": "node/12257181178"
    },
    {
      "type": "Feature",
      "properties": {
        "@id": "node/12260885854",
        "addr:floor": "1",
        "addr:housenumber": "130",
        "addr:street": "Beach Road",
        "addr:unit": "01-08",
        "amenity": "cafe",
        "check_date": "2024-10-18",
        "cuisine": "coffee_shop",
        "name": "Dal.Komm Playground"
      },
      "geometry": {
        "type": "Point",
        "coordinates": [
          103.8574305,
          1.2967994
        ]
      },
      "id": "node/12260885854"
    },
    {
      "type": "Feature",
      "properties": {
        "@id": "node/12260885858",
        "addr:floor": "1",
        "addr:housenumber": "130",
        "addr:street": "Beach Road",
        "addr:unit": "01-11 (Network Hub)",
        "amenity": "cafe",
        "check_date": "2024-10-18",
        "cuisine": "coffee_shop",
        "name": "Workspace Grains + Cafe by Cedele"
      },
      "geometry": {
        "type": "Point",
        "coordinates": [
          103.8577138,
          1.2967652
        ]
      },
      "id": "node/12260885858"
    },
    {
      "type": "Feature",
      "properties": {
        "@id": "node/12349654282",
        "addr:floor": "B2",
        "amenity": "cafe",
        "check_date": "2024-11-11",
        "layer": "-2",
        "level": "-2",
        "name": "Cafe Kook"
      },
      "geometry": {
        "type": "Point",
        "coordinates": [
          103.8568509,
          1.299749
        ]
      },
      "id": "node/12349654282"
    },
    {
      "type": "Feature",
      "properties": {
        "@id": "node/12349670231",
        "addr:housenumber": "1",
        "addr:street": "Woodlands Road",
        "addr:unit": "#01-26",
        "amenity": "cafe",
        "check_date": "2024-11-17",
        "cuisine": "bubble_tea",
        "name": "LiHo Tea",
        "opening_hours": "11:00-22:00",
        "phone": "+65 6465 2130",
        "website": "https://royaltgroup.com/our-brands/liho.html"
      },
      "geometry": {
        "type": "Point",
        "coordinates": [
          103.7604782,
          1.3800254
        ]
      },
      "id": "node/12349670231"
    },
    {
      "type": "Feature",
      "properties": {
        "@id": "node/12353493400",
        "addr:city": "Singapore",
        "addr:housenumber": "285",
        "addr:postcode": "520285",
        "addr:street": "Tampines Street 22",
        "amenity": "cafe",
        "internet_access": "no",
        "name": "Brewprint Coffee",
        "opening_hours": "Mo-Su 07:00-17:00",
        "phone": "+65 87935283",
        "takeaway": "only",
        "website": "https://take.app/brewprintcoffee/"
      },
      "geometry": {
        "type": "Point",
        "coordinates": [
          103.9523443,
          1.3497358
        ]
      },
      "id": "node/12353493400"
    },
    {
      "type": "Feature",
      "properties": {
        "@id": "node/12369015169",
        "addr:city": "Singapore",
        "addr:housenumber": "85",
        "addr:postcode": "208357",
        "addr:street": "Maude Road",
        "amenity": "cafe",
        "name": "Cofreely",
        "opening_hours": "Mo off; Tu-Su 10:00-17:00",
        "outdoor_seating": "no"
      },
      "geometry": {
        "type": "Point",
        "coordinates": [
          103.857845,
          1.3083302
        ]
      },
      "id": "node/12369015169"
    },
    {
      "type": "Feature",
      "properties": {
        "@id": "node/12369154386",
        "amenity": "cafe",
        "cuisine": "bubble_tea",
        "level": "0",
        "name": "LiHO Tea",
        "takeaway": "only"
      },
      "geometry": {
        "type": "Point",
        "coordinates": [
          103.8494772,
          1.3000901
        ]
      },
      "id": "node/12369154386"
    },
    {
      "type": "Feature",
      "properties": {
        "@id": "node/12369243771",
        "amenity": "cafe",
        "level": "0",
        "name": "Oh Some Bowls"
      },
      "geometry": {
        "type": "Point",
        "coordinates": [
          103.8497558,
          1.3021785
        ]
      },
      "id": "node/12369243771"
    },
    {
      "type": "Feature",
      "properties": {
        "@id": "node/12373717401",
        "amenity": "cafe",
        "cuisine": "pizza",
        "internet_access": "wlan",
        "name": "Plank",
        "opening_hours": "Mo-Su 07:30-21:30"
      },
      "geometry": {
        "type": "Point",
        "coordinates": [
          103.7871246,
          1.2807819
        ]
      },
      "id": "node/12373717401"
    },
    {
      "type": "Feature",
      "properties": {
        "@id": "node/12376339748",
        "amenity": "cafe",
        "cuisine": "bubble_tea"
      },
      "geometry": {
        "type": "Point",
        "coordinates": [
          103.7645552,
          1.3148352
        ]
      },
      "id": "node/12376339748"
    },
    {
      "type": "Feature",
      "properties": {
        "@id": "node/12376393311",
        "amenity": "cafe",
        "cuisine": "bubble_tea"
      },
      "geometry": {
        "type": "Point",
        "coordinates": [
          103.7645414,
          1.3145446
        ]
      },
      "id": "node/12376393311"
    },
    {
      "type": "Feature",
      "properties": {
        "@id": "node/12385821601",
        "addr:street": "South Buona Vista Road",
        "amenity": "cafe",
        "cuisine": "korean",
        "name": "The Jip & Lab",
        "opening_hours": "Tu-Sa 11:30-18:00"
      },
      "geometry": {
        "type": "Point",
        "coordinates": [
          103.7860677,
          1.2796755
        ]
      },
      "id": "node/12385821601"
    },
    {
      "type": "Feature",
      "properties": {
        "@id": "node/12385825201",
        "addr:street": "South Buona Vista Road",
        "amenity": "cafe",
        "name": "Xo Cafe",
        "opening_hours": "Mo-We, Fr 08:00-17:00; Sa-Su 09:00-18:00"
      },
      "geometry": {
        "type": "Point",
        "coordinates": [
          103.7860063,
          1.2798098
        ]
      },
      "id": "node/12385825201"
    },
    {
      "type": "Feature",
      "properties": {
        "@id": "node/12385836101",
        "addr:street": "South Buona Vista Road",
        "amenity": "cafe",
        "name": "The Dine & Wine Cafe",
        "opening_hours": "Tu-Su 11:30-00:30",
        "outdoor_seating": "yes"
      },
      "geometry": {
        "type": "Point",
        "coordinates": [
          103.7861137,
          1.2797916
        ]
      },
      "id": "node/12385836101"
    },
    {
      "type": "Feature",
      "properties": {
        "@id": "node/12397137784",
        "amenity": "cafe",
        "cuisine": "bubble_tea",
        "level": "0",
        "name": "Mixue",
        "name:zh": "蜜雪"
      },
      "geometry": {
        "type": "Point",
        "coordinates": [
          103.9047569,
          1.4083517
        ]
      },
      "id": "node/12397137784"
    },
    {
      "type": "Feature",
      "properties": {
        "@id": "node/12399113607",
        "amenity": "cafe",
        "cuisine": "bubble_tea",
        "description": "bubble tea cafe inside the Cow Play Cow Moo arcade",
        "level": "2",
        "name": "Playmade"
      },
      "geometry": {
        "type": "Point",
        "coordinates": [
          103.9011081,
          1.4182277
        ]
      },
      "id": "node/12399113607"
    },
    {
      "type": "Feature",
      "properties": {
        "@id": "node/12401583901",
        "amenity": "cafe",
        "name": "Pantry",
        "opening_hours": "Tu-We, Fr 08:30-17:30; Sa 09:00-15:00; Su 09:00-13:00",
        "outdoor_seating": "no"
      },
      "geometry": {
        "type": "Point",
        "coordinates": [
          103.7857743,
          1.2793202
        ]
      },
      "id": "node/12401583901"
    },
    {
      "type": "Feature",
      "properties": {
        "@id": "node/12421910285",
        "addr:city": "Singapore",
        "addr:housenumber": "148",
        "addr:postcode": "350148",
        "addr:street": "Potong Pasir Avenue 1",
        "amenity": "cafe",
        "fixme": "Location within block",
        "name": "Rise",
        "opening_hours": "Mo,We-Su 11:00-19:00",
        "website": "https://risebakehouse.sg/"
      },
      "geometry": {
        "type": "Point",
        "coordinates": [
          103.8681339,
          1.3325212
        ]
      },
      "id": "node/12421910285"
    },
    {
      "type": "Feature",
      "properties": {
        "@id": "node/12441359989",
        "addr:housenumber": "21",
        "addr:street": "Lorong Kilat",
        "air_conditioning": "yes",
        "amenity": "cafe",
        "check_date": "2025-06-28",
        "contact:facebook": "https://facebook.com/Cowpressocoffeeroasterssingapore",
        "contact:instagram": "https://instagram.com/cowpressocoffeesg",
        "cuisine": "coffee_shop",
        "internet_access": "wlan",
        "internet_access:fee": "customers",
        "name": "Cowpresso",
        "outdoor_seating": "yes",
        "payment:cash": "yes",
        "payment:credit_cards": "yes",
        "payment:debit_cards": "yes",
        "website": "https://cowpressocoffee.sg/",
        "wheelchair": "yes"
      },
      "geometry": {
        "type": "Point",
        "coordinates": [
          103.772954,
          1.3408432
        ]
      },
      "id": "node/12441359989"
    },
    {
      "type": "Feature",
      "properties": {
        "@id": "node/12441359993",
        "addr:city": "Singapore",
        "addr:housenumber": "21",
        "addr:street": "Lorong Kilat",
        "amenity": "cafe",
        "check_date": "2024-12-15",
        "contact:facebook": "https://www.facebook.com/revelrysg/",
        "name": "Revelry",
        "opening_hours": "Su-Th 11:00-22:00; Fr,Sa 11:00-23:00",
        "phone": "+65 9278 0466"
      },
      "geometry": {
        "type": "Point",
        "coordinates": [
          103.773289,
          1.3408518
        ]
      },
      "id": "node/12441359993"
    },
    {
      "type": "Feature",
      "properties": {
        "@id": "node/12441359994",
        "addr:city": "Singapore",
        "addr:housenumber": "21",
        "addr:postcode": "598123",
        "addr:street": "Lorong Kilat",
        "addr:unit": "01-01",
        "amenity": "cafe",
        "check_date": "2024-12-15",
        "contact:facebook": "https://www.facebook.com/thesignaturepatisserie/",
        "name": "The Signature Pattisserie",
        "opening_hours": "Tu-Su 09:00-17:00",
        "phone": "+65 6463 0919",
        "website": "https://thesignaturepatisserie.com/"
      },
      "geometry": {
        "type": "Point",
        "coordinates": [
          103.7733806,
          1.3408442
        ]
      },
      "id": "node/12441359994"
    },
    {
      "type": "Feature",
      "properties": {
        "@id": "node/12442694204",
        "amenity": "cafe",
        "brand": "Toast Box",
        "brand:wikidata": "Q100285490",
        "cuisine": "coffee_shop",
        "name": "Toast Box",
        "takeaway": "yes"
      },
      "geometry": {
        "type": "Point",
        "coordinates": [
          103.8516291,
          1.3001111
        ]
      },
      "id": "node/12442694204"
    },
    {
      "type": "Feature",
      "properties": {
        "@id": "node/12442694208",
        "addr:city": "Singapore",
        "addr:housenumber": "111",
        "addr:postcode": "089665",
        "addr:street": "Somerset Road",
        "addr:unit": "#01-09",
        "amenity": "cafe",
        "check_date": "2025-10-21",
        "contact:instagram": "https://www.instagram.com/greatnanyang/",
        "cuisine": "local",
        "name": "Great Nanyang Heritage Cafe",
        "opening_hours": "07:30-20:30",
        "wheelchair": "yes"
      },
      "geometry": {
        "type": "Point",
        "coordinates": [
          103.8377816,
          1.3003475
        ]
      },
      "id": "node/12442694208"
    },
    {
      "type": "Feature",
      "properties": {
        "@id": "node/12462508387",
        "addr:unit": "03",
        "amenity": "cafe",
        "internet_access": "yes",
        "level": "3",
        "name": "Four Paws",
        "wheelchair": "limited"
      },
      "geometry": {
        "type": "Point",
        "coordinates": [
          103.7767284,
          1.3424904
        ]
      },
      "id": "node/12462508387"
    },
    {
      "type": "Feature",
      "properties": {
        "@id": "node/12464286274",
        "amenity": "cafe",
        "name": "Coffee Bean and Tea Leaf"
      },
      "geometry": {
        "type": "Point",
        "coordinates": [
          103.8562031,
          1.3099213
        ]
      },
      "id": "node/12464286274"
    },
    {
      "type": "Feature",
      "properties": {
        "@id": "node/12468675296",
        "addr:floor": "2",
        "addr:housenumber": "390 #02-32",
        "addr:street": "Victoria Street",
        "air_conditioning": "yes",
        "amenity": "cafe",
        "check_date": "2025-01-02",
        "cuisine": "chinese",
        "level": "1",
        "name": "Goodwill Cafeteria",
        "outdoor_seating": "no",
        "payment:cards": "no",
        "payment:cash": "yes",
        "payment:credit_cards": "no",
        "payment:debit_cards": "no",
        "payment:paynow": "yes",
        "wheelchair": "yes"
      },
      "geometry": {
        "type": "Point",
        "coordinates": [
          103.8575644,
          1.3019899
        ]
      },
      "id": "node/12468675296"
    },
    {
      "type": "Feature",
      "properties": {
        "@id": "node/12470619069",
        "addr:city": "Singapore",
        "addr:housename": "KADA",
        "addr:housenumber": "5",
        "addr:postcode": "069183",
        "addr:street": "Kadayanallur Street",
        "addr:unit": "#01-08",
        "amenity": "cafe",
        "cuisine": "coffee_shop",
        "name": "ECHO House",
        "opening_hours": "Mo-Fr 08:30-18:00; Sa-Su 09:30-17:00"
      },
      "geometry": {
        "type": "Point",
        "coordinates": [
          103.8452748,
          1.2805108
        ]
      },
      "id": "node/12470619069"
    },
    {
      "type": "Feature",
      "properties": {
        "@id": "node/12470619070",
        "addr:city": "Singapore",
        "addr:housenumber": "8",
        "addr:postcode": "138492",
        "addr:street": "Slim Barracks Rise",
        "amenity": "cafe",
        "opening_hours": "We-Su 08:00-14:00; Mo-Tu off"
      },
      "geometry": {
        "type": "Point",
        "coordinates": [
          103.7887675,
          1.3031638
        ]
      },
      "id": "node/12470619070"
    },
    {
      "type": "Feature",
      "properties": {
        "@id": "node/12470619073",
        "addr:city": "Singapore",
        "addr:housename": "KADA",
        "addr:housenumber": "5",
        "addr:postcode": "069183",
        "addr:street": "Kadayanallur Street",
        "addr:unit": "#01-10",
        "amenity": "cafe",
        "cuisine": "coffee_shop",
        "name": "Pacto by Parchmen",
        "opening_hours": "Mo-Su 08:30-16:30"
      },
      "geometry": {
        "type": "Point",
        "coordinates": [
          103.8451784,
          1.2804574
        ]
      },
      "id": "node/12470619073"
    },
    {
      "type": "Feature",
      "properties": {
        "@id": "node/12470619076",
        "addr:city": "Singapore",
        "addr:housename": "KADA",
        "addr:housenumber": "5",
        "addr:postcode": "069183",
        "addr:street": "Kadayanallur Street",
        "addr:unit": "#01-04",
        "amenity": "cafe",
        "cuisine": "coffee_shop",
        "name": "Kyuukei Coffee",
        "opening_hours": "Mo-Sa 07:00-16:00; Su off"
      },
      "geometry": {
        "type": "Point",
        "coordinates": [
          103.8452894,
          1.2803988
        ]
      },
      "id": "node/12470619076"
    },
    {
      "type": "Feature",
      "properties": {
        "@id": "node/12470619078",
        "amenity": "cafe",
        "name": "Mr Bean"
      },
      "geometry": {
        "type": "Point",
        "coordinates": [
          103.8461982,
          1.3237354
        ]
      },
      "id": "node/12470619078"
    },
    {
      "type": "Feature",
      "properties": {
        "@id": "node/12470619079",
        "amenity": "cafe",
        "cuisine": "salad",
        "name": "Good Salads"
      },
      "geometry": {
        "type": "Point",
        "coordinates": [
          103.8461328,
          1.3237369
        ]
      },
      "id": "node/12470619079"
    },
    {
      "type": "Feature",
      "properties": {
        "@id": "node/12486727560",
        "amenity": "cafe",
        "brand": "Chagee",
        "brand:wikipedia": "en:Chagee",
        "cuisine": "bubble_tea",
        "level": "0",
        "name": "Chagee",
        "website": "https://www.chagee.com.sg/"
      },
      "geometry": {
        "type": "Point",
        "coordinates": [
          103.8571227,
          1.3016244
        ]
      },
      "id": "node/12486727560"
    },
    {
      "type": "Feature",
      "properties": {
        "@id": "node/12499291834",
        "addr:floor": "B1",
        "addr:housenumber": "10",
        "addr:street": "Sinaran Drive",
        "amenity": "cafe",
        "capacity": "4",
        "check_date": "2025-01-10",
        "cuisine": "vietnamese;sandwich",
        "level": "-1",
        "name": "Ton Coffee",
        "payment:cash": "no",
        "payment:credit_cards": "yes",
        "payment:debit_cards": "yes",
        "payment:paynow": "yes",
        "takeaway": "yes",
        "wheelchair": "yes"
      },
      "geometry": {
        "type": "Point",
        "coordinates": [
          103.8443651,
          1.3207405
        ]
      },
      "id": "node/12499291834"
    },
    {
      "type": "Feature",
      "properties": {
        "@id": "node/12509455052",
        "addr:housenumber": "B1",
        "addr:street": "Chinatown Point",
        "amenity": "cafe",
        "level": "-1",
        "level:ref": "B1",
        "name": "Mr Bean"
      },
      "geometry": {
        "type": "Point",
        "coordinates": [
          103.8450359,
          1.2852484
        ]
      },
      "id": "node/12509455052"
    },
    {
      "type": "Feature",
      "properties": {
        "@id": "node/12509455057",
        "addr:city": "Singapore",
        "addr:housenumber": "B2",
        "addr:postcode": "059413",
        "addr:street": "Chinatown Point",
        "amenity": "cafe",
        "brand": "Ya Kun Kaya Toast",
        "brand:wikidata": "Q8046237",
        "cuisine": "coffee_shop",
        "level": "-2",
        "level:ref": "B2",
        "name": "Ya Kun Kaya Toast",
        "takeaway": "yes"
      },
      "geometry": {
        "type": "Point",
        "coordinates": [
          103.844666,
          1.2850252
        ]
      },
      "id": "node/12509455057"
    },
    {
      "type": "Feature",
      "properties": {
        "@id": "node/12509455060",
        "addr:city": "Singapore",
        "addr:housenumber": "L2",
        "addr:postcode": "059413",
        "addr:street": "Chinatown Point",
        "amenity": "cafe",
        "level": "1",
        "level:ref": "2",
        "name": "amps tea"
      },
      "geometry": {
        "type": "Point",
        "coordinates": [
          103.8450778,
          1.2854449
        ]
      },
      "id": "node/12509455060"
    },
    {
      "type": "Feature",
      "properties": {
        "@id": "node/12509455063",
        "addr:housenumber": "L1",
        "addr:street": "Clarke Quay Central",
        "amenity": "cafe",
        "level": "0",
        "level:ref": "1",
        "name": "Chia Puddies"
      },
      "geometry": {
        "type": "Point",
        "coordinates": [
          103.8466355,
          1.2890234
        ]
      },
      "id": "node/12509455063"
    },
    {
      "type": "Feature",
      "properties": {
        "@id": "node/12514055701",
        "amenity": "cafe",
        "level": "0",
        "name": "Breakfast Hola",
        "name:zh": "早餐好了"
      },
      "geometry": {
        "type": "Point",
        "coordinates": [
          103.888237,
          1.3967101
        ]
      },
      "id": "node/12514055701"
    },
    {
      "type": "Feature",
      "properties": {
        "@id": "node/12514055702",
        "addr:unit": "05",
        "air_conditioning": "yes",
        "amenity": "cafe",
        "level": "0",
        "name": "Meow Dessert",
        "name:zh": "喵甜品"
      },
      "geometry": {
        "type": "Point",
        "coordinates": [
          103.8885159,
          1.3965155
        ]
      },
      "id": "node/12514055702"
    },
    {
      "type": "Feature",
      "properties": {
        "@id": "node/12526532929",
        "addr:housenumber": "#01-06",
        "addr:street": "Northpoint City",
        "amenity": "cafe",
        "brand": "Gong Cha",
        "brand:wikidata": "Q5581670",
        "brand:zh": "貢茶",
        "cuisine": "bubble_tea",
        "int_name": "Gong Cha",
        "level": "0",
        "name": "Gong Cha",
        "name:en": "Gong Cha",
        "name:zh": "貢茶",
        "phone": "+65 62002288",
        "takeaway": "yes"
      },
      "geometry": {
        "type": "Point",
        "coordinates": [
          103.8357588,
          1.4292528
        ]
      },
      "id": "node/12526532929"
    },
    {
      "type": "Feature",
      "properties": {
        "@id": "node/12533886458",
        "amenity": "cafe",
        "name": "Polar Cafe"
      },
      "geometry": {
        "type": "Point",
        "coordinates": [
          103.8461159,
          1.3212196
        ]
      },
      "id": "node/12533886458"
    },
    {
      "type": "Feature",
      "properties": {
        "@id": "node/12533886463",
        "addr:housenumber": "11",
        "addr:street": "Jalan Tan Tock Seng",
        "amenity": "cafe",
        "check_date": "2025-12-08",
        "name": "Huggs Coffee"
      },
      "geometry": {
        "type": "Point",
        "coordinates": [
          103.8462906,
          1.3215271
        ]
      },
      "id": "node/12533886463"
    },
    {
      "type": "Feature",
      "properties": {
        "@id": "node/12533886470",
        "amenity": "cafe",
        "name": "Mr Bean",
        "name:en": "Mr Bean"
      },
      "geometry": {
        "type": "Point",
        "coordinates": [
          103.8455893,
          1.3213633
        ]
      },
      "id": "node/12533886470"
    },
    {
      "type": "Feature",
      "properties": {
        "@id": "node/12536784745",
        "amenity": "cafe",
        "diet:halal": "only",
        "name": "Minumkopi",
        "opening_hours": "24/7"
      },
      "geometry": {
        "type": "Point",
        "coordinates": [
          103.931992,
          1.3261998
        ]
      },
      "id": "node/12536784745"
    },
    {
      "type": "Feature",
      "properties": {
        "@id": "node/12546605562",
        "addr:housenumber": "267",
        "addr:postcode": "199545",
        "addr:street": "Beach Road",
        "air_conditioning": "yes",
        "amenity": "cafe",
        "check_date": "2025-06-01",
        "cuisine": "coffee_shop",
        "name": "2050 Coffee",
        "opening_hours": "10:00-18:00",
        "outdoor_seating": "no",
        "payment:cash": "yes",
        "payment:credit_cards": "yes",
        "payment:debit_cards": "yes",
        "payment:mastercard": "yes",
        "payment:nets": "yes",
        "payment:visa": "yes"
      },
      "geometry": {
        "type": "Point",
        "coordinates": [
          103.8600991,
          1.3006307
        ]
      },
      "id": "node/12546605562"
    },
    {
      "type": "Feature",
      "properties": {
        "@id": "node/12556244357",
        "addr:city": "Singapore",
        "addr:country": "SG",
        "addr:housenumber": "65",
        "addr:postcode": "088486",
        "addr:street": "Tanjong Pagar Road",
        "amenity": "cafe",
        "cuisine": "coffee_shop",
        "level": "1",
        "name": "Borderless Coffee",
        "opening_hours": "Mo-Fr 10:00-17:00; Sa-Su 10:00-16:00; Ph off"
      },
      "geometry": {
        "type": "Point",
        "coordinates": [
          103.8439245,
          1.2782794
        ]
      },
      "id": "node/12556244357"
    },
    {
      "type": "Feature",
      "properties": {
        "@id": "node/12556292374",
        "addr:floor": "1",
        "air_conditioning": "yes",
        "amenity": "cafe",
        "check_date": "2025-02-13",
        "cuisine": "coffee_shop",
        "level": "0",
        "name": "Caligraph Coffee",
        "opening_hours": "Mo-Fr 07:30-17:00; Sa-Su 09:00-18:00",
        "outdoor_seating": "no",
        "payment:cash": "no",
        "payment:credit_cards": "yes",
        "payment:debit_cards": "yes",
        "payment:mastercard": "yes",
        "payment:nets": "yes",
        "payment:paynow": "yes",
        "payment:visa": "yes",
        "self_service": "yes",
        "takeaway": "yes",
        "website": "https://www.calligraphcoffee.com/",
        "wheelchair": "yes"
      },
      "geometry": {
        "type": "Point",
        "coordinates": [
          103.8578671,
          1.2989402
        ]
      },
      "id": "node/12556292374"
    },
    {
      "type": "Feature",
      "properties": {
        "@id": "node/12565999276",
        "addr:housenumber": "#03-K3/K5",
        "addr:street": "Tampines 1",
        "amenity": "cafe",
        "brand": "Délifrance",
        "brand:wikidata": "Q5320229",
        "diet:halal": "only",
        "name": "Délifrance",
        "shop": "bakery"
      },
      "geometry": {
        "type": "Point",
        "coordinates": [
          103.9450895,
          1.3542643
        ]
      },
      "id": "node/12565999276"
    },
    {
      "type": "Feature",
      "properties": {
        "@id": "node/12565999296",
        "addr:housenumber": "#01-16",
        "addr:street": "Tampines 1",
        "amenity": "cafe",
        "brand": "Heytea",
        "brand:en": "Heytea",
        "brand:wikidata": "Q60875376",
        "brand:zh": "喜茶",
        "cuisine": "bubble_tea",
        "name": "Heytea",
        "name:en": "Heytea",
        "name:zh": "喜茶",
        "takeaway": "yes"
      },
      "geometry": {
        "type": "Point",
        "coordinates": [
          103.9450241,
          1.353886
        ]
      },
      "id": "node/12565999296"
    },
    {
      "type": "Feature",
      "properties": {
        "@id": "node/12573500738",
        "addr:housenumber": "#B1-33",
        "addr:street": "Century Square",
        "amenity": "cafe",
        "brand": "Mixue Ice Cream & Tea",
        "brand:wikidata": "Q107406476",
        "cuisine": "ice_cream;bubble_tea",
        "name": "Mixue",
        "opening_hours": "Mo-Su 11:00-21:00",
        "takeaway": "yes"
      },
      "geometry": {
        "type": "Point",
        "coordinates": [
          103.9438996,
          1.3522346
        ]
      },
      "id": "node/12573500738"
    },
    {
      "type": "Feature",
      "properties": {
        "@id": "node/12612264344",
        "amenity": "cafe",
        "brand": "Luckin Coffee",
        "brand:wikidata": "Q56811344",
        "check_date": "2025-02-21",
        "cuisine": "coffee_shop",
        "name": "Luckin Coffee",
        "takeaway": "yes"
      },
      "geometry": {
        "type": "Point",
        "coordinates": [
          103.7751071,
          1.3663696
        ]
      },
      "id": "node/12612264344"
    },
    {
      "type": "Feature",
      "properties": {
        "@id": "node/12622285042",
        "addr:city": "Singapore",
        "addr:country": "SG",
        "addr:housenumber": "398",
        "addr:postcode": "798368",
        "addr:street": "Piccadilly",
        "amenity": "cafe",
        "cuisine": "malaysian",
        "name": "Boh Geh Uncle Canteen",
        "opening_hours": "Mo-Fr 06:00-13:30"
      },
      "geometry": {
        "type": "Point",
        "coordinates": [
          103.8729202,
          1.4093534
        ]
      },
      "id": "node/12622285042"
    },
    {
      "type": "Feature",
      "properties": {
        "@id": "node/12627925902",
        "amenity": "cafe",
        "contact:instagram": "cheerfulgoatsg",
        "internet_access": "wlan",
        "name": "Cheerful Goat Cafe",
        "website": "http://www.cheerfulgoat.com"
      },
      "geometry": {
        "type": "Point",
        "coordinates": [
          103.8528857,
          1.2999332
        ]
      },
      "id": "node/12627925902"
    },
    {
      "type": "Feature",
      "properties": {
        "@id": "node/12630449678",
        "amenity": "cafe",
        "name": "Rangers Cafe"
      },
      "geometry": {
        "type": "Point",
        "coordinates": [
          103.7802256,
          1.4097732
        ]
      },
      "id": "node/12630449678"
    },
    {
      "type": "Feature",
      "properties": {
        "@id": "node/12630449679",
        "amenity": "cafe",
        "name": "Watering Hole Cafe"
      },
      "geometry": {
        "type": "Point",
        "coordinates": [
          103.7821554,
          1.4086294
        ]
      },
      "id": "node/12630449679"
    },
    {
      "type": "Feature",
      "properties": {
        "@id": "node/12646798394",
        "addr:housenumber": "697",
        "addr:street": "North Bridge Road",
        "amenity": "cafe",
        "cuisine": "coffee_shop",
        "name": "Finally Coffee"
      },
      "geometry": {
        "type": "Point",
        "coordinates": [
          103.8584417,
          1.3022587
        ]
      },
      "id": "node/12646798394"
    },
    {
      "type": "Feature",
      "properties": {
        "@id": "node/12649404301",
        "addr:housenumber": "33 #01-05",
        "addr:postcode": "238977",
        "addr:street": "Mohamed Sultan Road",
        "amenity": "cafe",
        "name": "Craftsmen Coffee",
        "opening_hours": "Mo-Fr 09:00-18:00; Sa-Su 07:30-19:00",
        "website": "http://www craftsmencoffee.com"
      },
      "geometry": {
        "type": "Point",
        "coordinates": [
          103.8407577,
          1.2922981
        ]
      },
      "id": "node/12649404301"
    },
    {
      "type": "Feature",
      "properties": {
        "@id": "node/12663618228",
        "addr:city": "Singapore",
        "addr:housenumber": "7",
        "addr:postcode": "287290",
        "addr:street": "Watten Rise",
        "amenity": "cafe",
        "contact:instagram": "https://www.instagram.com/kneadkopi/",
        "contact:tiktok": "https://www.tiktok.com/@kneadkopi",
        "cuisine": "breakfast",
        "name": "Knead Kopi",
        "opening_hours": "Mo-We,Fr 06:00-17:00; Sa 07:00-19:00; Th,Su off"
      },
      "geometry": {
        "type": "Point",
        "coordinates": [
          103.8083194,
          1.3295219
        ]
      },
      "id": "node/12663618228"
    },
    {
      "type": "Feature",
      "properties": {
        "@id": "node/12666241996",
        "addr:unit": "130",
        "amenity": "cafe",
        "level": "1",
        "name": "Mr. Coconut",
        "takeaway": "only"
      },
      "geometry": {
        "type": "Point",
        "coordinates": [
          103.9100856,
          1.4146915
        ]
      },
      "id": "node/12666241996"
    },
    {
      "type": "Feature",
      "properties": {
        "@id": "node/12666250302",
        "amenity": "cafe",
        "cuisine": "ice_cream",
        "level": "1",
        "name": "The Better Scoop"
      },
      "geometry": {
        "type": "Point",
        "coordinates": [
          103.9110899,
          1.4146772
        ]
      },
      "id": "node/12666250302"
    },
    {
      "type": "Feature",
      "properties": {
        "@id": "node/12666250303",
        "amenity": "cafe",
        "level": "0",
        "name": "Café Meal Muji"
      },
      "geometry": {
        "type": "Point",
        "coordinates": [
          103.909161,
          1.4145439
        ]
      },
      "id": "node/12666250303"
    },
    {
      "type": "Feature",
      "properties": {
        "@id": "node/12666250306",
        "addr:unit": "132",
        "amenity": "cafe",
        "brand": "Yi Fang Tea",
        "brand:en": "Yi Fang Tea",
        "brand:wikidata": "Q66196395",
        "brand:zh": "一芳水果茶",
        "cuisine": "bubble_tea",
        "level": "1",
        "name": "Yi Fang Tea",
        "name:en": "Yi Fang Tea",
        "name:zh": "一芳水果茶",
        "opening_hours": "10:30-22:30",
        "takeaway": "yes"
      },
      "geometry": {
        "type": "Point",
        "coordinates": [
          103.9099503,
          1.4148185
        ]
      },
      "id": "node/12666250306"
    },
    {
      "type": "Feature",
      "properties": {
        "@id": "node/12666250309",
        "amenity": "cafe",
        "level": "1",
        "name": "White Cloud Cafe",
        "opening_hours": "10:00-22:00"
      },
      "geometry": {
        "type": "Point",
        "coordinates": [
          103.9107914,
          1.4146804
        ]
      },
      "id": "node/12666250309"
    },
    {
      "type": "Feature",
      "properties": {
        "@id": "node/12666250310",
        "amenity": "cafe",
        "brand": "Starbucks",
        "brand:wikidata": "Q37158",
        "cuisine": "coffee_shop",
        "level": "0",
        "name": "Starbucks",
        "official_name": "Starbucks Coffee",
        "takeaway": "yes"
      },
      "geometry": {
        "type": "Point",
        "coordinates": [
          103.9102924,
          1.4152421
        ]
      },
      "id": "node/12666250310"
    },
    {
      "type": "Feature",
      "properties": {
        "@id": "node/12666250313",
        "amenity": "cafe",
        "brand": "Luckin Coffee",
        "brand:wikidata": "Q56811344",
        "cuisine": "coffee_shop",
        "level": "1",
        "name": "Luckin Coffee",
        "opening_hours": "Mo-Th,Su 08:00-21:00; Fr-Sa 08:00-22:00",
        "takeaway": "yes"
      },
      "geometry": {
        "type": "Point",
        "coordinates": [
          103.9102915,
          1.4148485
        ]
      },
      "id": "node/12666250313"
    },
    {
      "type": "Feature",
      "properties": {
        "@id": "node/12666413117",
        "amenity": "cafe",
        "name": "Kidworldz Cafe"
      },
      "geometry": {
        "type": "Point",
        "coordinates": [
          103.7959045,
          1.401781
        ]
      },
      "id": "node/12666413117"
    },
    {
      "type": "Feature",
      "properties": {
        "@id": "node/12692523698",
        "addr:city": "Singapore",
        "addr:housename": "Kim Keat Beacon",
        "addr:housenumber": "265A",
        "addr:postcode": "311265",
        "addr:street": "Kim Keat Avenue",
        "amenity": "cafe",
        "contact:instagram": "toi.kofihaus",
        "contact:telegram": "toikofihaus",
        "cuisine": "coffee_shop",
        "description": "Order online, pick up at the drop-off point",
        "name": "toi.kofihaus",
        "opening_hours": "Sa-Su,PH 09:00-13:00 || “by appointment”",
        "takeaway": "only",
        "website": "https://take.app/toikofihaus"
      },
      "geometry": {
        "type": "Point",
        "coordinates": [
          103.859547,
          1.3321785
        ]
      },
      "id": "node/12692523698"
    },
    {
      "type": "Feature",
      "properties": {
        "@id": "node/12692603113",
        "addr:city": "Singapore",
        "addr:floor": "2",
        "addr:housenumber": "935",
        "addr:postcode": "760935",
        "addr:street": "Yishun Central 1",
        "addr:unit": "#02-37",
        "amenity": "cafe",
        "contact:instagram": "https://www.instagram.com/stateofmindcafe/",
        "cuisine": "coffee_shop",
        "level": "1",
        "name": "State Of Mind",
        "opening_hours": "Tu-Fr 09:30-14:30; Sa-Su 11:30-14:30",
        "phone": "+65 8859 8594",
        "takeaway": "only"
      },
      "geometry": {
        "type": "Point",
        "coordinates": [
          103.8366534,
          1.4252902
        ]
      },
      "id": "node/12692603113"
    },
    {
      "type": "Feature",
      "properties": {
        "@id": "node/12692603117",
        "addr:city": "Singapore",
        "addr:housenumber": "20",
        "addr:postcode": "574078",
        "addr:street": "Casuarina Walk",
        "amenity": "cafe",
        "contact:instagram": "https://www.instagram.com/coffeenear.me/",
        "cuisine": "coffee_shop",
        "name": "Coffee Near Me",
        "opening_hours": "Sa-Su 09:00-15:30"
      },
      "geometry": {
        "type": "Point",
        "coordinates": [
          103.82682,
          1.3757642
        ]
      },
      "id": "node/12692603117"
    },
    {
      "type": "Feature",
      "properties": {
        "@id": "node/12692603301",
        "amenity": "cafe",
        "check_date": "2025-03-16",
        "name": "Shen & Co",
        "wheelchair": "no"
      },
      "geometry": {
        "type": "Point",
        "coordinates": [
          103.7760644,
          1.3418929
        ]
      },
      "id": "node/12692603301"
    },
    {
      "type": "Feature",
      "properties": {
        "@id": "node/12692842474",
        "addr:city": "Singapore",
        "addr:housenumber": "8",
        "addr:postcode": "619932",
        "addr:street": "Chin Bee Avenue",
        "amenity": "cafe",
        "name": "Suzuki Cafe and Roastery",
        "website": "https://www.suzukicoffee.com.sg/"
      },
      "geometry": {
        "type": "Point",
        "coordinates": [
          103.7136333,
          1.3340653
        ]
      },
      "id": "node/12692842474"
    },
    {
      "type": "Feature",
      "properties": {
        "@id": "node/12704883640",
        "addr:city": "Singapore",
        "addr:housenumber": "11",
        "addr:postcode": "01-05",
        "addr:street": "Tampines Street 32",
        "amenity": "cafe",
        "cuisine": "coffee_shop",
        "internet_access": "wlan",
        "internet_access:fee": "no",
        "name": "The Coffee Bean and Tea Leaf - Tampines Mart",
        "opening_hours": "24/7",
        "phone": "+65 62231442",
        "website": "https://www.coffeebean.com.sg"
      },
      "geometry": {
        "type": "Point",
        "coordinates": [
          103.9605327,
          1.3545661
        ]
      },
      "id": "node/12704883640"
    },
    {
      "type": "Feature",
      "properties": {
        "@id": "node/12704963622",
        "addr:city": "Singapore",
        "addr:housenumber": "#01-03",
        "addr:postcode": "529341",
        "addr:street": "Tampines Street 23",
        "amenity": "cafe",
        "brand": "The Coffee Bean & Tea Leaf",
        "brand:wikidata": "Q1141384",
        "cuisine": "coffee_shop",
        "internet_access": "yes",
        "internet_access:fee": "no",
        "name": "The Coffee Bean & Tea Leaf",
        "opening_hours": "24/7",
        "phone": "+65 65149256",
        "takeaway": "yes",
        "website": "https://www.coffeebean.com.sg/"
      },
      "geometry": {
        "type": "Point",
        "coordinates": [
          103.9546385,
          1.3532533
        ]
      },
      "id": "node/12704963622"
    },
    {
      "type": "Feature",
      "properties": {
        "@id": "node/12706594312",
        "amenity": "cafe",
        "check_date": "2025-03-27",
        "name": "Papa Cafe"
      },
      "geometry": {
        "type": "Point",
        "coordinates": [
          103.7431235,
          1.3922818
        ]
      },
      "id": "node/12706594312"
    },
    {
      "type": "Feature",
      "properties": {
        "@id": "node/12707492526",
        "addr:city": "Singapore",
        "addr:housenumber": "81",
        "addr:postcode": "320081",
        "addr:street": "Whampoa Drive",
        "amenity": "cafe",
        "contact:facebook": "https://www.facebook.com/douly.sg/",
        "cuisine": "coffee_shop",
        "name": "Douly Coffee",
        "opening_hours": "Tu-Fr 11:00-17:00; Sa 11:00-18:00; Su-Mo off",
        "phone": "+65 86084960"
      },
      "geometry": {
        "type": "Point",
        "coordinates": [
          103.8563983,
          1.3240523
        ]
      },
      "id": "node/12707492526"
    },
    {
      "type": "Feature",
      "properties": {
        "@id": "node/12724605438",
        "addr:city": "Singapore",
        "addr:housenumber": "911",
        "addr:postcode": "589622",
        "addr:street": "Bukit Timah Road",
        "amenity": "cafe",
        "contact:instagram": "https://instagram.com/homeground.coffee",
        "cuisine": "coffee_shop",
        "fixme": "Location",
        "name": "Homeground Coffee",
        "opening_hours": "Mo-Fr 08:00-16:30;Sa-Su 12:00-16:30",
        "website": "https://homegroundcoffeeroasters.com/"
      },
      "geometry": {
        "type": "Point",
        "coordinates": [
          103.7887334,
          1.333524
        ]
      },
      "id": "node/12724605438"
    },
    {
      "type": "Feature",
      "properties": {
        "@id": "node/12752086343",
        "addr:housenumber": "19",
        "addr:postcode": "598120",
        "addr:street": "Lorong Kilat",
        "addr:unit": "#01-02",
        "amenity": "cafe",
        "check_date": "2025-04-11",
        "cuisine": "breakfast",
        "name": "Breakfast Grill",
        "opening_hours": "Mo-We 08:00-18:00; Th-Su 08:00-22:00"
      },
      "geometry": {
        "type": "Point",
        "coordinates": [
          103.7737423,
          1.3408335
        ]
      },
      "id": "node/12752086343"
    },
    {
      "type": "Feature",
      "properties": {
        "@id": "node/12761904065",
        "addr:floor": "1",
        "amenity": "cafe",
        "check_date": "2025-04-14",
        "level": "0",
        "name": "Tomoro Coffee"
      },
      "geometry": {
        "type": "Point",
        "coordinates": [
          103.8443309,
          1.3205627
        ]
      },
      "id": "node/12761904065"
    },
    {
      "type": "Feature",
      "properties": {
        "@id": "node/12769447601",
        "addr:housenumber": "333A #03",
        "addr:postcode": "238897",
        "addr:street": "Orchard Road",
        "amenity": "cafe",
        "cuisine": "breakfast;coffee_shop",
        "diet:vegetarian": "yes",
        "name": "WILD HONEY",
        "phone": "+65 6235 3900",
        "website": "https://www.wildhoney.com.sg/"
      },
      "geometry": {
        "type": "Point",
        "coordinates": [
          103.83669,
          1.302079
        ]
      },
      "id": "node/12769447601"
    },
    {
      "type": "Feature",
      "properties": {
        "@id": "node/12797005509",
        "amenity": "cafe",
        "brand": "Toast Box",
        "brand:wikidata": "Q100285490",
        "cuisine": "coffee_shop",
        "level": "0",
        "name": "Toast Box",
        "takeaway": "yes"
      },
      "geometry": {
        "type": "Point",
        "coordinates": [
          103.9104765,
          1.4152288
        ]
      },
      "id": "node/12797005509"
    },
    {
      "type": "Feature",
      "properties": {
        "@id": "node/12797005511",
        "amenity": "cafe",
        "level": "1",
        "name": "Kopifellas Cafe"
      },
      "geometry": {
        "type": "Point",
        "coordinates": [
          103.9102853,
          1.414923
        ]
      },
      "id": "node/12797005511"
    },
    {
      "type": "Feature",
      "properties": {
        "@id": "node/12797683773",
        "addr:floor": "1",
        "addr:housenumber": "779",
        "addr:street": "Bukit Timah Road",
        "amenity": "cafe",
        "check_date": "2025-04-27",
        "diet:vegan": "yes",
        "level": "0",
        "name": "The Living Cafe"
      },
      "geometry": {
        "type": "Point",
        "coordinates": [
          103.7964485,
          1.3310079
        ]
      },
      "id": "node/12797683773"
    },
    {
      "type": "Feature",
      "properties": {
        "@id": "node/12809442346",
        "addr:floor": "1",
        "addr:housenumber": "38",
        "addr:street": "Irrawaddy Road",
        "amenity": "cafe",
        "check_date": "2025-05-02",
        "level": "0",
        "name": "Kopi & Tarts"
      },
      "geometry": {
        "type": "Point",
        "coordinates": [
          103.8441547,
          1.3222786
        ]
      },
      "id": "node/12809442346"
    },
    {
      "type": "Feature",
      "properties": {
        "@id": "node/12809521462",
        "addr:floor": "1",
        "addr:housenumber": "190",
        "addr:street": "Middle Road",
        "addr:unit": "01-08",
        "amenity": "cafe",
        "check_date": "2025-05-02",
        "diet:halal": "yes",
        "level": "0",
        "name": "Syams Corner"
      },
      "geometry": {
        "type": "Point",
        "coordinates": [
          103.8520791,
          1.3002844
        ]
      },
      "id": "node/12809521462"
    },
    {
      "type": "Feature",
      "properties": {
        "@id": "node/12823412050",
        "addr:housenumber": "16",
        "addr:postcode": "209303",
        "addr:street": "Flanders Square",
        "amenity": "cafe",
        "name": "romme.",
        "opening_hours": "Tu-Su 09:30-16:00; Mo off"
      },
      "geometry": {
        "type": "Point",
        "coordinates": [
          103.8573617,
          1.3122366
        ]
      },
      "id": "node/12823412050"
    },
    {
      "type": "Feature",
      "properties": {
        "@id": "node/12828385630",
        "addr:floor": "1",
        "addr:unit": "#01-067",
        "amenity": "cafe",
        "check_date": "2025-05-10",
        "level": "1",
        "name": "Thatsmybrew",
        "payment:cards": "no",
        "payment:cash": "yes",
        "payment:credit_cards": "no",
        "payment:debit_cards": "no",
        "payment:paynow": "yes"
      },
      "geometry": {
        "type": "Point",
        "coordinates": [
          103.7752316,
          1.3407617
        ]
      },
      "id": "node/12828385630"
    },
    {
      "type": "Feature",
      "properties": {
        "@id": "node/12832512527",
        "addr:housenumber": "89 #01-843",
        "addr:postcode": "320089",
        "addr:street": "Whampoa Drive",
        "amenity": "cafe",
        "check_date": "2025-05-12",
        "name": "Honey and Bean",
        "opening_hours": "Mo,Su off; Tu-Sa 09:30-17:30"
      },
      "geometry": {
        "type": "Point",
        "coordinates": [
          103.8549301,
          1.3235877
        ]
      },
      "id": "node/12832512527"
    },
    {
      "type": "Feature",
      "properties": {
        "@id": "node/12850170656",
        "addr:unit": "13",
        "amenity": "cafe",
        "brand": "Ya Kun Kaya Toast",
        "cuisine": "coffee_shop",
        "level": "-1",
        "name": "Ya Kun Kaya Toast",
        "takeaway": "yes"
      },
      "geometry": {
        "type": "Point",
        "coordinates": [
          103.8479652,
          1.2994648
        ]
      },
      "id": "node/12850170656"
    },
    {
      "type": "Feature",
      "properties": {
        "@id": "node/12850170662",
        "amenity": "cafe",
        "level": "0",
        "name": "Kebuke",
        "opening_hours": "Mo-Th,Su 11:00-21:30; Fr-Sa 11:00-22:00"
      },
      "geometry": {
        "type": "Point",
        "coordinates": [
          103.8478795,
          1.2992316
        ]
      },
      "id": "node/12850170662"
    },
    {
      "type": "Feature",
      "properties": {
        "@id": "node/12862520930",
        "amenity": "cafe",
        "check_date": "2025-05-22",
        "name": "Honey Cafe",
        "operator": "Yummy House"
      },
      "geometry": {
        "type": "Point",
        "coordinates": [
          103.8528102,
          1.3025055
        ]
      },
      "id": "node/12862520930"
    },
    {
      "type": "Feature",
      "properties": {
        "@id": "node/12862520932",
        "addr:floor": "1",
        "amenity": "cafe",
        "check_date": "2025-05-24",
        "cuisine": "coffee_shop",
        "level": "0",
        "name": "Muro"
      },
      "geometry": {
        "type": "Point",
        "coordinates": [
          103.8565833,
          1.2892322
        ]
      },
      "id": "node/12862520932"
    },
    {
      "type": "Feature",
      "properties": {
        "@id": "node/12876887660",
        "addr:unit": "04",
        "amenity": "cafe",
        "level": "0",
        "name": "Isle Cafe"
      },
      "geometry": {
        "type": "Point",
        "coordinates": [
          103.8406004,
          1.3018835
        ]
      },
      "id": "node/12876887660"
    },
    {
      "type": "Feature",
      "properties": {
        "@id": "node/12879174922",
        "amenity": "cafe",
        "check_date": "2025-06-01",
        "cuisine": "coffee_shop",
        "name": "Tag Espresso"
      },
      "geometry": {
        "type": "Point",
        "coordinates": [
          103.8572496,
          1.298474
        ]
      },
      "id": "node/12879174922"
    },
    {
      "type": "Feature",
      "properties": {
        "@id": "node/12879174925",
        "addr:floor": "1",
        "amenity": "cafe",
        "check_date": "2025-07-14",
        "cuisine": "coffee_shop",
        "level": "0",
        "name": "Bullock Cart Coffee",
        "opening_hours": "Mo-Fr 07:30-16:30; Sa-Su 09:00-15:30",
        "outdoor_seating": "yes",
        "payment:cash": "no",
        "payment:credit_cards": "yes",
        "payment:debit_cards": "yes",
        "payment:mastercard": "yes",
        "payment:nets": "yes",
        "payment:paynow": "yes",
        "payment:visa": "yes",
        "website": "https://www.bullockcart.coffee/",
        "wheelchair": "limited"
      },
      "geometry": {
        "type": "Point",
        "coordinates": [
          103.8571466,
          1.2979092
        ]
      },
      "id": "node/12879174925"
    },
    {
      "type": "Feature",
      "properties": {
        "@id": "node/12879174926",
        "addr:floor": "3",
        "addr:housenumber": "100",
        "addr:street": "Victoria Street",
        "addr:unit": "#03-01",
        "amenity": "cafe",
        "check_date": "2025-06-01",
        "contact:facebook": "https://www.facebook.com/otccafe/",
        "contact:instagram": "https://www.instagram.com/otccafe",
        "cuisine": "coffee_shop",
        "level": "2",
        "name": "OTC Cafe",
        "opening_hours": "11:00-21:00",
        "website": "https://www.otccafe.sg/",
        "wheelchair": "yes"
      },
      "geometry": {
        "type": "Point",
        "coordinates": [
          103.8545487,
          1.2976668
        ]
      },
      "id": "node/12879174926"
    },
    {
      "type": "Feature",
      "properties": {
        "@id": "node/12886763065",
        "addr:door": "B1-30",
        "addr:floor": "B1",
        "addr:housenumber": "3",
        "addr:street": "Gateway Drive",
        "amenity": "cafe",
        "check_date": "2025-06-04",
        "internet_access": "no",
        "level": "-1",
        "name": "An Acai Affair",
        "outdoor_seating": "no",
        "payment:cash": "yes",
        "payment:credit_cards": "yes",
        "payment:debit_cards": "yes",
        "wheelchair": "limited"
      },
      "geometry": {
        "type": "Point",
        "coordinates": [
          103.7429235,
          1.3339882
        ]
      },
      "id": "node/12886763065"
    },
    {
      "type": "Feature",
      "properties": {
        "@id": "node/12893854344",
        "addr:postcode": "118136",
        "air_conditioning": "yes",
        "amenity": "cafe",
        "bar": "no",
        "check_date": "2025-06-07",
        "cuisine": "coffee_shop",
        "drive_through": "no",
        "highchair": "no",
        "name": "Ji Yue Specialty Coffee",
        "outdoor_seating": "yes",
        "payment:cash": "yes",
        "payment:credit_cards": "yes",
        "payment:debit_cards": "yes",
        "smoking": "no",
        "source": "local knowledge",
        "takeaway": "yes",
        "toilets": "no",
        "website": "https://www.instagram.com/jiyuecoffee/?hl=en",
        "wheelchair": "limited"
      },
      "geometry": {
        "type": "Point",
        "coordinates": [
          103.7858623,
          1.2795659
        ]
      },
      "id": "node/12893854344"
    },
    {
      "type": "Feature",
      "properties": {
        "@id": "node/12901554156",
        "amenity": "cafe",
        "cuisine": "singaporean",
        "name": "Khong Guan Restaurant",
        "phone": "+6564759333"
      },
      "geometry": {
        "type": "Point",
        "coordinates": [
          103.8023155,
          1.2975395
        ]
      },
      "id": "node/12901554156"
    },
    {
      "type": "Feature",
      "properties": {
        "@id": "node/12908612901",
        "amenity": "cafe",
        "cuisine": "coffee_shop",
        "name": "TWNC - There Was No Coffee"
      },
      "geometry": {
        "type": "Point",
        "coordinates": [
          103.8394469,
          1.3004503
        ]
      },
      "id": "node/12908612901"
    },
    {
      "type": "Feature",
      "properties": {
        "@id": "node/12913876240",
        "addr:city": "Singapore",
        "addr:housenumber": "92",
        "addr:postcode": "310092",
        "addr:street": "Lorong 4 Toa Payoh",
        "amenity": "cafe",
        "cuisine": "local",
        "name": "Wanglee Cafe",
        "opening_hours": "Mo-We,Fr-Su 07:00-17:00; Th off"
      },
      "geometry": {
        "type": "Point",
        "coordinates": [
          103.8494416,
          1.3380436
        ]
      },
      "id": "node/12913876240"
    },
    {
      "type": "Feature",
      "properties": {
        "@id": "node/12942541711",
        "amenity": "cafe",
        "cuisine": "pasta;cake",
        "food:cake": "yes",
        "indoor_seating": "yes",
        "name": "Artease",
        "smoking": "no",
        "wheelchair": "no"
      },
      "geometry": {
        "type": "Point",
        "coordinates": [
          103.7872369,
          1.4349495
        ]
      },
      "id": "node/12942541711"
    },
    {
      "type": "Feature",
      "properties": {
        "@id": "node/12944665042",
        "amenity": "cafe",
        "level": "0",
        "name": "Tomoro Coffee"
      },
      "geometry": {
        "type": "Point",
        "coordinates": [
          103.7762995,
          1.3406531
        ]
      },
      "id": "node/12944665042"
    },
    {
      "type": "Feature",
      "properties": {
        "@id": "node/12946753149",
        "amenity": "cafe",
        "check_date": "2025-06-20",
        "name": "Athisa",
        "takeaway": "only"
      },
      "geometry": {
        "type": "Point",
        "coordinates": [
          103.7795343,
          1.3370417
        ]
      },
      "id": "node/12946753149"
    },
    {
      "type": "Feature",
      "properties": {
        "@id": "node/12979605021",
        "amenity": "cafe",
        "cuisine": "bubble_tea",
        "name": "Each A Cup"
      },
      "geometry": {
        "type": "Point",
        "coordinates": [
          103.7954417,
          1.4381616
        ]
      },
      "id": "node/12979605021"
    },
    {
      "type": "Feature",
      "properties": {
        "@id": "node/12989821859",
        "amenity": "cafe",
        "cuisine": "coffee_shop",
        "level": "1",
        "name": "Ya Kun"
      },
      "geometry": {
        "type": "Point",
        "coordinates": [
          103.9089297,
          1.414446
        ]
      },
      "id": "node/12989821859"
    },
    {
      "type": "Feature",
      "properties": {
        "@id": "node/13001005368",
        "addr:housenumber": "121",
        "addr:street": "Bukit Merah Lane 1",
        "amenity": "cafe",
        "check_date": "2025-07-12",
        "cuisine": "coffee_shop",
        "name": "Kyūkei Coffee",
        "outdoor_seating": "yes",
        "payment:cash": "no",
        "payment:credit_cards": "yes",
        "payment:debit_cards": "yes",
        "payment:mastercard": "yes",
        "payment:nets": "yes",
        "payment:paynow": "yes",
        "payment:visa": "yes",
        "wheelchair": "limited"
      },
      "geometry": {
        "type": "Point",
        "coordinates": [
          103.8048745,
          1.2866732
        ]
      },
      "id": "node/13001005368"
    },
    {
      "type": "Feature",
      "properties": {
        "@id": "node/13003637804",
        "addr:unit": "1210",
        "amenity": "cafe",
        "level": "0",
        "name": "传统甜品"
      },
      "geometry": {
        "type": "Point",
        "coordinates": [
          103.8371637,
          1.3683725
        ]
      },
      "id": "node/13003637804"
    },
    {
      "type": "Feature",
      "properties": {
        "@id": "node/13051666521",
        "amenity": "cafe",
        "level": "0",
        "name": "Kopifellas",
        "takeaway": "yes"
      },
      "geometry": {
        "type": "Point",
        "coordinates": [
          103.8575394,
          1.2983248
        ]
      },
      "id": "node/13051666521"
    },
    {
      "type": "Feature",
      "properties": {
        "@id": "node/13061496138",
        "addr:city": "Singapore",
        "addr:country": "SG",
        "addr:housenumber": "1",
        "addr:postcode": "069184",
        "addr:street": "Kadayanallur Street",
        "addr:unit": "#47",
        "amenity": "cafe",
        "check_date": "2025-08-10",
        "cuisine": "coffee_shop",
        "indoor_seating": "yes",
        "name": "顺美咖啡室 Soon Li Coffee Shop",
        "name:en": "Soon Li Coffee Shop",
        "name:zh-Hans": "顺美咖啡室",
        "name:zh-Hant": "順美咖啡室",
        "outdoor_seating": "yes",
        "takeaway": "only"
      },
      "geometry": {
        "type": "Point",
        "coordinates": [
          103.844601,
          1.2805537
        ]
      },
      "id": "node/13061496138"
    },
    {
      "type": "Feature",
      "properties": {
        "@id": "node/13061552726",
        "addr:city": "Singapore",
        "addr:country": "SG",
        "addr:housenumber": "1",
        "addr:postcode": "069184",
        "addr:street": "Kadayanallur Street",
        "addr:unit": "#90",
        "amenity": "cafe",
        "check_date": "2025-08-10",
        "cuisine": "coffee_shop",
        "indoor_seating": "yes",
        "name": "五十年代 The 1950's Coffee",
        "name:en": "The 1950's Coffee",
        "name:zh-Hans": "五十年代",
        "name:zh-Hant": "五十年代",
        "outdoor_seating": "yes",
        "takeaway": "only"
      },
      "geometry": {
        "type": "Point",
        "coordinates": [
          103.8445829,
          1.280367
        ]
      },
      "id": "node/13061552726"
    },
    {
      "type": "Feature",
      "properties": {
        "@id": "node/13061552728",
        "addr:city": "Singapore",
        "addr:country": "SG",
        "addr:housenumber": "1",
        "addr:postcode": "069184",
        "addr:street": "Kadayanallur Street",
        "addr:unit": "#102",
        "amenity": "cafe",
        "check_date": "2025-08-10",
        "cuisine": "coffee_shop",
        "indoor_seating": "yes",
        "name": "SMH",
        "outdoor_seating": "yes",
        "takeaway": "only"
      },
      "geometry": {
        "type": "Point",
        "coordinates": [
          103.8448272,
          1.2800918
        ]
      },
      "id": "node/13061552728"
    },
    {
      "type": "Feature",
      "properties": {
        "@id": "node/13061600014",
        "addr:city": "Singapore",
        "addr:country": "SG",
        "addr:housenumber": "1",
        "addr:postcode": "069184",
        "addr:street": "Kadayanallur Street",
        "addr:unit": "#21",
        "amenity": "cafe",
        "check_date": "2025-08-10",
        "indoor_seating": "yes",
        "name": "永香茶室 En Hiang Beverages",
        "name:en": "En Hiang Beverages",
        "name:zh-Hans": "永香茶室",
        "name:zh-Hant": "永香茶室",
        "outdoor_seating": "yes",
        "takeaway": "only"
      },
      "geometry": {
        "type": "Point",
        "coordinates": [
          103.8450141,
          1.280243
        ]
      },
      "id": "node/13061600014"
    },
    {
      "type": "Feature",
      "properties": {
        "@id": "node/13061600019",
        "addr:city": "Singapore",
        "addr:country": "SG",
        "addr:housenumber": "1",
        "addr:postcode": "069184",
        "addr:street": "Kadayanallur Street",
        "addr:unit": "#27",
        "amenity": "cafe",
        "check_date": "2025-08-10",
        "indoor_seating": "yes",
        "name": "和平茶室 Ho Peng Coffee Stall",
        "name:en": "Ho Peng Coffee Stall",
        "name:zh-Hans": "和平茶室",
        "name:zh-Hant": "和平茶室",
        "outdoor_seating": "yes",
        "takeaway": "only"
      },
      "geometry": {
        "type": "Point",
        "coordinates": [
          103.844927,
          1.2802932
        ]
      },
      "id": "node/13061600019"
    },
    {
      "type": "Feature",
      "properties": {
        "@id": "node/13061600020",
        "addr:city": "Singapore",
        "addr:country": "SG",
        "addr:housenumber": "1",
        "addr:postcode": "069184",
        "addr:street": "Kadayanallur Street",
        "addr:unit": "#39",
        "amenity": "cafe",
        "check_date": "2025-08-10",
        "indoor_seating": "yes",
        "name": "K3 Cafe",
        "outdoor_seating": "yes",
        "takeaway": "only"
      },
      "geometry": {
        "type": "Point",
        "coordinates": [
          103.84471,
          1.2805492
        ]
      },
      "id": "node/13061600020"
    },
    {
      "type": "Feature",
      "properties": {
        "@id": "node/13061600039",
        "addr:city": "Singapore",
        "addr:country": "SG",
        "addr:housenumber": "1",
        "addr:postcode": "069184",
        "addr:street": "Kadayanallur Street",
        "addr:unit": "#3",
        "amenity": "cafe",
        "check_date": "2025-08-10",
        "indoor_seating": "yes",
        "name": "小妹茶室 Xiao Mei Cafe",
        "name:en": "Xiao Mei Cafe",
        "name:zh-Hans": "小妹茶室",
        "name:zh-Hant": "小妹茶室",
        "outdoor_seating": "yes",
        "takeaway": "only"
      },
      "geometry": {
        "type": "Point",
        "coordinates": [
          103.8446857,
          1.2806267
        ]
      },
      "id": "node/13061600039"
    },
    {
      "type": "Feature",
      "properties": {
        "@id": "node/13075439167",
        "amenity": "cafe",
        "name": "Blue Ocean Kopi & Toast"
      },
      "geometry": {
        "type": "Point",
        "coordinates": [
          103.7427978,
          1.3923869
        ]
      },
      "id": "node/13075439167"
    },
    {
      "type": "Feature",
      "properties": {
        "@id": "node/13075439173",
        "amenity": "cafe",
        "cuisine": "bubble_tea",
        "name": "Koi"
      },
      "geometry": {
        "type": "Point",
        "coordinates": [
          103.743044,
          1.3924209
        ]
      },
      "id": "node/13075439173"
    },
    {
      "type": "Feature",
      "properties": {
        "@id": "node/13076095142",
        "amenity": "cafe",
        "check_date": "2026-02-16",
        "name": "Korio",
        "opening_hours": "Mo-Fr 08:00-16:00; Sa-Su 09:00-16:00"
      },
      "geometry": {
        "type": "Point",
        "coordinates": [
          103.8566095,
          1.2994863
        ]
      },
      "id": "node/13076095142"
    },
    {
      "type": "Feature",
      "properties": {
        "@id": "node/13093985401",
        "addr:housenumber": "73",
        "addr:postcode": "059232",
        "addr:street": "Pagoda Street",
        "amenity": "cafe",
        "cuisine": "bubble_tea;cake;ice_cream;korean",
        "name": "Home Best Dessert",
        "name:zh": "甜品屋",
        "phone": "+6562586668"
      },
      "geometry": {
        "type": "Point",
        "coordinates": [
          103.8437596,
          1.2836524
        ]
      },
      "id": "node/13093985401"
    },
    {
      "type": "Feature",
      "properties": {
        "@id": "node/13096405501",
        "addr:housenumber": "17",
        "addr:postcode": "169767",
        "addr:street": "Eng Hoon Street",
        "amenity": "cafe",
        "cuisine": "coffee_shop;donut;sandwich",
        "name": "Pralet",
        "opening_hours": "Tu-Su 09:00-18:00",
        "website": "https://caffepralet.com/",
        "website:menu": "https://caffepralet.oddle.me/en_SG/"
      },
      "geometry": {
        "type": "Point",
        "coordinates": [
          103.8344133,
          1.2835936
        ]
      },
      "id": "node/13096405501"
    },
    {
      "type": "Feature",
      "properties": {
        "@id": "node/13106035701",
        "addr:housenumber": "168",
        "addr:street": "Robinson Road",
        "amenity": "cafe",
        "cuisine": "coffee_shop",
        "name": "Sojourner Coffee",
        "opening_hours": "Mo-Fr 08:00-17:00; Sa 09:30-13:30",
        "website": "https://sojournercoffee.co"
      },
      "geometry": {
        "type": "Point",
        "coordinates": [
          103.8474682,
          1.27784
        ]
      },
      "id": "node/13106035701"
    },
    {
      "type": "Feature",
      "properties": {
        "@id": "node/13119285079",
        "addr:city": "Singapore",
        "addr:housenumber": "50",
        "addr:postcode": "639798",
        "addr:street": "Nanyang Avenue",
        "amenity": "cafe",
        "brand": "Chicha San Chen",
        "brand:en": "Chicha San Chen",
        "brand:wikidata": "Q133042869",
        "brand:zh": "吃茶三千",
        "cuisine": "bubble_tea",
        "name": "Chicha San Chen",
        "name:en": "Chicha San Chen",
        "name:zh": "吃茶三千",
        "opening_hours": "Mo-Fr 10:00-19:30; Sa 10:00-15:00",
        "takeaway": "yes"
      },
      "geometry": {
        "type": "Point",
        "coordinates": [
          103.6808362,
          1.346735
        ]
      },
      "id": "node/13119285079"
    },
    {
      "type": "Feature",
      "properties": {
        "@id": "node/13122055049",
        "amenity": "cafe",
        "name": "Eden Cafe"
      },
      "geometry": {
        "type": "Point",
        "coordinates": [
          103.7308546,
          1.3397904
        ]
      },
      "id": "node/13122055049"
    },
    {
      "type": "Feature",
      "properties": {
        "@id": "node/13127579438",
        "addr:unit": "132",
        "amenity": "cafe",
        "cuisine": "coffee_shop",
        "level": "0",
        "name": "Fun Toast"
      },
      "geometry": {
        "type": "Point",
        "coordinates": [
          103.9109658,
          1.4145908
        ]
      },
      "id": "node/13127579438"
    },
    {
      "type": "Feature",
      "properties": {
        "@id": "node/13127579441",
        "addr:unit": "127",
        "amenity": "cafe",
        "cuisine": "bubble_tea",
        "level": "0",
        "name": "Playground by PlayMade"
      },
      "geometry": {
        "type": "Point",
        "coordinates": [
          103.9104019,
          1.4147814
        ]
      },
      "id": "node/13127579441"
    },
    {
      "type": "Feature",
      "properties": {
        "@id": "node/13127579458",
        "addr:unit": "64",
        "amenity": "cafe",
        "cuisine": "coffee_shop",
        "level": "0",
        "name": "Huggs Coffee"
      },
      "geometry": {
        "type": "Point",
        "coordinates": [
          103.9082389,
          1.4142946
        ]
      },
      "id": "node/13127579458"
    },
    {
      "type": "Feature",
      "properties": {
        "@id": "node/13133279891",
        "addr:floor": "1",
        "amenity": "cafe",
        "brand": "Tim Hortons",
        "brand:wikidata": "Q175106",
        "check_date": "2025-08-23",
        "cuisine": "coffee_shop",
        "level": "0",
        "name": "Tim Hortons",
        "takeaway": "yes"
      },
      "geometry": {
        "type": "Point",
        "coordinates": [
          103.8565761,
          1.3110156
        ]
      },
      "id": "node/13133279891"
    },
    {
      "type": "Feature",
      "properties": {
        "@id": "node/13133279892",
        "amenity": "cafe",
        "check_date": "2025-08-23",
        "cuisine": "tea;dessert",
        "name": "Lantine",
        "outdoor_seating": "yes"
      },
      "geometry": {
        "type": "Point",
        "coordinates": [
          103.8537225,
          1.314724
        ]
      },
      "id": "node/13133279892"
    },
    {
      "type": "Feature",
      "properties": {
        "@id": "node/13133279897",
        "addr:housenumber": "245",
        "addr:postcode": "338786",
        "addr:street": "Lavender Street",
        "amenity": "cafe",
        "check_date": "2025-08-28",
        "cuisine": "coffee_shop",
        "name": "Drop & Drool",
        "opening_hours": "Mo-Tu,Th,Sa-Su 12:00-18:00; We off; Fr 12:00-17:00,19:00-21:00"
      },
      "geometry": {
        "type": "Point",
        "coordinates": [
          103.8592939,
          1.3151617
        ]
      },
      "id": "node/13133279897"
    },
    {
      "type": "Feature",
      "properties": {
        "@id": "node/13152194769",
        "addr:housenumber": "32",
        "addr:postcode": "188388",
        "addr:street": "Seah Street",
        "amenity": "cafe",
        "check_date": "2025-09-17",
        "cuisine": "coffee_shop",
        "diet:halal": "yes",
        "name": "Ask Coffee Roastery",
        "opening_hours": "Mo-Fr 08:00-16:30; Sa-Su,PH 10:00-16:30",
        "phone": "+65 9768 5448",
        "website": "https://akusukakopi.com/"
      },
      "geometry": {
        "type": "Point",
        "coordinates": [
          103.8548476,
          1.2960243
        ]
      },
      "id": "node/13152194769"
    },
    {
      "type": "Feature",
      "properties": {
        "@id": "node/13227328801",
        "addr:housenumber": "92",
        "addr:street": "Muscat Street",
        "amenity": "cafe",
        "name": "Tarik"
      },
      "geometry": {
        "type": "Point",
        "coordinates": [
          103.8590745,
          1.3017443
        ]
      },
      "id": "node/13227328801"
    },
    {
      "type": "Feature",
      "properties": {
        "@id": "node/13254113203",
        "addr:floor": "8",
        "addr:housenumber": "48",
        "addr:street": "Hillview Terrace",
        "air_conditioning": "yes",
        "amenity": "cafe",
        "check_date": "2025-10-12",
        "cuisine": "coffee_shop",
        "internet_access": "wlan",
        "internet_access:fee": "customers",
        "level": "7",
        "name": "Coexist Coffee Co.",
        "opening_hours": "08:00-18:00",
        "outdoor_seating": "yes",
        "payment:cash": "yes",
        "payment:credit_cards": "yes",
        "payment:debit_cards": "yes",
        "payment:mastercard": "yes",
        "payment:nets": "yes",
        "payment:visa": "yes",
        "reservation": "yes",
        "wheelchair": "no"
      },
      "geometry": {
        "type": "Point",
        "coordinates": [
          103.7578274,
          1.3529598
        ]
      },
      "id": "node/13254113203"
    },
    {
      "type": "Feature",
      "properties": {
        "@id": "node/13254117995",
        "addr:floor": "1",
        "addr:housenumber": "39",
        "addr:street": "Keppel Road",
        "amenity": "cafe",
        "check_date": "2025-10-19",
        "cuisine": "coffee_shop",
        "level": "0",
        "name": "SIP at SAM",
        "wheelchair": "yes"
      },
      "geometry": {
        "type": "Point",
        "coordinates": [
          103.8367899,
          1.2716931
        ]
      },
      "id": "node/13254117995"
    },
    {
      "type": "Feature",
      "properties": {
        "@id": "node/13254117997",
        "addr:floor": "1",
        "amenity": "cafe",
        "check_date": "2025-10-19",
        "cuisine": "bubble_tea",
        "level": "0",
        "name": "alittle 1"
      },
      "geometry": {
        "type": "Point",
        "coordinates": [
          103.8443591,
          1.2752627
        ]
      },
      "id": "node/13254117997"
    },
    {
      "type": "Feature",
      "properties": {
        "@id": "node/13254118105",
        "addr:floor": "1",
        "addr:housenumber": "111",
        "addr:street": "Somerset Road",
        "amenity": "cafe",
        "check_date": "2025-10-21",
        "level": "0",
        "name": "Rise Bakehouse"
      },
      "geometry": {
        "type": "Point",
        "coordinates": [
          103.8374986,
          1.3004138
        ]
      },
      "id": "node/13254118105"
    },
    {
      "type": "Feature",
      "properties": {
        "@id": "node/13271666477",
        "addr:housenumber": "81",
        "addr:street": "Clemenceau Avenue",
        "addr:unit": "#01-14",
        "amenity": "cafe",
        "check_date": "2025-10-31",
        "cuisine": "coffee_shop;bakery",
        "name": "Lean & Rich",
        "opening_hours": "Mo off; Tu-Su 08:30-18:00",
        "outdoor_seating": "yes"
      },
      "geometry": {
        "type": "Point",
        "coordinates": [
          103.8428093,
          1.2919567
        ]
      },
      "id": "node/13271666477"
    },
    {
      "type": "Feature",
      "properties": {
        "@id": "node/13271666479",
        "addr:housenumber": "81",
        "addr:street": "Clemenceau Avenue",
        "addr:unit": "#01-12",
        "amenity": "cafe",
        "check_date": "2025-10-31",
        "name": "GREYBOX COFFEE",
        "opening_hours": "08:00-18:00",
        "outdoor_seating": "yes"
      },
      "geometry": {
        "type": "Point",
        "coordinates": [
          103.8428956,
          1.2920845
        ]
      },
      "id": "node/13271666479"
    },
    {
      "type": "Feature",
      "properties": {
        "@id": "node/13296344201",
        "addr:housenumber": "64",
        "addr:street": "Club Street",
        "amenity": "cafe",
        "name": "Maxi Coffee Bar"
      },
      "geometry": {
        "type": "Point",
        "coordinates": [
          103.845998,
          1.281493
        ]
      },
      "id": "node/13296344201"
    },
    {
      "type": "Feature",
      "properties": {
        "@id": "node/13330116202",
        "amenity": "cafe",
        "brand": "Mixue",
        "brand:wikidata": "Q107406476",
        "level": "0",
        "level:ref": "1",
        "name": "Mixue"
      },
      "geometry": {
        "type": "Point",
        "coordinates": [
          103.8478296,
          1.332862
        ]
      },
      "id": "node/13330116202"
    },
    {
      "type": "Feature",
      "properties": {
        "@id": "node/13330119260",
        "amenity": "cafe",
        "contact:instagram": "yes.dessert.club",
        "cuisine": "dessert",
        "fixme:x:unit-number": "#01-07",
        "level": "0",
        "level:ref": "1",
        "name": "Yes! dessert club",
        "opening_hours": "Mo-Su 12:00-22:00",
        "payment:cards": "no",
        "payment:cash": "yes",
        "payment:qr_code": "yes",
        "payment:sgqr": "yes",
        "tables": "12"
      },
      "geometry": {
        "type": "Point",
        "coordinates": [
          103.8477688,
          1.332594
        ]
      },
      "id": "node/13330119260"
    },
    {
      "type": "Feature",
      "properties": {
        "@id": "node/13341880301",
        "addr:housenumber": "41",
        "addr:street": "Kreta Ayer Road",
        "amenity": "cafe",
        "name": "queic by Olivia",
        "opening_hours": "Mo-Su 10:00-19:00",
        "website": "https://queic.com.sg/",
        "website:menu": "https://queic.com.sg/"
      },
      "geometry": {
        "type": "Point",
        "coordinates": [
          103.8420876,
          1.2808613
        ]
      },
      "id": "node/13341880301"
    },
    {
      "type": "Feature",
      "properties": {
        "@id": "node/13342876001",
        "addr:housenumber": "13",
        "addr:postcode": "178905",
        "addr:street": "Stamford Road",
        "amenity": "cafe",
        "name": "Two Cranes",
        "opening_hours": "Mo-Su 09:30-21:30"
      },
      "geometry": {
        "type": "Point",
        "coordinates": [
          103.85111,
          1.293546
        ]
      },
      "id": "node/13342876001"
    },
    {
      "type": "Feature",
      "properties": {
        "@id": "node/13342901201",
        "addr:housenumber": "302",
        "addr:postcode": "199600",
        "addr:street": "Beach Road",
        "amenity": "cafe",
        "name": "Wakey Wakey",
        "website": "http://wakeywakey.oddle.me"
      },
      "geometry": {
        "type": "Point",
        "coordinates": [
          103.86189,
          1.301016
        ]
      },
      "id": "node/13342901201"
    },
    {
      "type": "Feature",
      "properties": {
        "@id": "node/13342968301",
        "addr:housenumber": "1",
        "addr:postcode": "576151",
        "addr:street": "Pemimpin Drive",
        "amenity": "cafe",
        "name": "COTTAGE by The Straits People Cafe (TSP Coffee)",
        "opening_hours": "Mo-Tu, Th-Fr 08:30-18:00; Sa 08:30-14:30"
      },
      "geometry": {
        "type": "Point",
        "coordinates": [
          103.84299,
          1.3520522
        ]
      },
      "id": "node/13342968301"
    },
    {
      "type": "Feature",
      "properties": {
        "@id": "node/13342982001",
        "addr:housenumber": "430",
        "addr:postcode": "487048",
        "addr:street": "Upper Changi Road East",
        "amenity": "cafe",
        "contact:instagram": "ground_floor_coffee",
        "name": "Ground Floor Coffee",
        "opening_hours": "Tu-Su 11:00-18:00"
      },
      "geometry": {
        "type": "Point",
        "coordinates": [
          103.9459123,
          1.3318838
        ]
      },
      "id": "node/13342982001"
    },
    {
      "type": "Feature",
      "properties": {
        "@id": "node/13344395701",
        "addr:housenumber": "443",
        "addr:postcode": "560443",
        "addr:street": "Ang Mo Kio Avenue 10",
        "amenity": "cafe",
        "name": "Froz Bakery - Cafe",
        "opening_hours": "Mo, Fr 08:15-19:45; Tu-Th 10:15-19:45; Sa-Su 08:15-18:45"
      },
      "geometry": {
        "type": "Point",
        "coordinates": [
          103.8550586,
          1.366183
        ]
      },
      "id": "node/13344395701"
    },
    {
      "type": "Feature",
      "properties": {
        "@id": "node/13346904101",
        "addr:housenumber": "65",
        "addr:street": "Airport Boulevard",
        "amenity": "cafe",
        "cuisine": "oriental",
        "name": "Ya Kun Kaya Toast"
      },
      "geometry": {
        "type": "Point",
        "coordinates": [
          103.9870676,
          1.3557428
        ]
      },
      "id": "node/13346904101"
    },
    {
      "type": "Feature",
      "properties": {
        "@id": "node/13378095333",
        "access": "passengers",
        "addr:floor": "2",
        "amenity": "cafe",
        "check_date": "2025-12-14",
        "level": "1",
        "name": "Voyah La Maison"
      },
      "geometry": {
        "type": "Point",
        "coordinates": [
          103.9838229,
          1.3386675
        ]
      },
      "id": "node/13378095333"
    },
    {
      "type": "Feature",
      "properties": {
        "@id": "node/13378103420",
        "addr:housenumber": "107",
        "addr:street": "North Bridge Road",
        "addr:unit": "B1-25",
        "amenity": "cafe",
        "check_date": "2025-12-06",
        "cuisine": "bubble_tea",
        "level": "-1",
        "name": "Happy Cup",
        "payment:cash": "yes",
        "payment:credit_cards": "yes",
        "payment:debit_cards": "yes",
        "payment:mastercard": "yes",
        "payment:nets": "yes",
        "payment:visa": "yes",
        "takeaway": "only"
      },
      "geometry": {
        "type": "Point",
        "coordinates": [
          103.8495573,
          1.2915527
        ]
      },
      "id": "node/13378103420"
    },
    {
      "type": "Feature",
      "properties": {
        "@id": "node/13390962433",
        "amenity": "cafe",
        "check_date": "2025-12-20",
        "level": "0",
        "name": "Ralph's"
      },
      "geometry": {
        "type": "Point",
        "coordinates": [
          103.8582351,
          1.2826908
        ]
      },
      "id": "node/13390962433"
    },
    {
      "type": "Feature",
      "properties": {
        "@id": "node/13423649112",
        "amenity": "cafe",
        "brand": "Luckin Coffee",
        "brand:wikidata": "Q56811344",
        "cuisine": "coffee_shop",
        "name": "Luckin Coffee",
        "takeaway": "yes"
      },
      "geometry": {
        "type": "Point",
        "coordinates": [
          103.9888787,
          1.3139754
        ]
      },
      "id": "node/13423649112"
    },
    {
      "type": "Feature",
      "properties": {
        "@id": "node/13446187525",
        "amenity": "cafe",
        "cuisine": "bubble_tea",
        "name": "Tea Tree Cafe"
      },
      "geometry": {
        "type": "Point",
        "coordinates": [
          103.8565839,
          1.378153
        ]
      },
      "id": "node/13446187525"
    },
    {
      "type": "Feature",
      "properties": {
        "@id": "node/13446187527",
        "amenity": "cafe",
        "name": "Yakitori Café"
      },
      "geometry": {
        "type": "Point",
        "coordinates": [
          103.8565392,
          1.3775702
        ]
      },
      "id": "node/13446187527"
    },
    {
      "type": "Feature",
      "properties": {
        "@id": "node/13446187530",
        "amenity": "cafe",
        "name": "Delicatessen Café"
      },
      "geometry": {
        "type": "Point",
        "coordinates": [
          103.8558725,
          1.3763805
        ]
      },
      "id": "node/13446187530"
    },
    {
      "type": "Feature",
      "properties": {
        "@id": "node/13476587365",
        "addr:city": "Singapore",
        "addr:housenumber": "91",
        "addr:postcode": "669723",
        "addr:street": "Hillview Link",
        "addr:unit": "#02-03",
        "amenity": "cafe",
        "level": "1",
        "name": "Cafe 4 You",
        "opening_hours": "Mo-Su 07:30-22:00",
        "phone": "+65 8299 9777",
        "website": "https://cafe4you.com.sg/"
      },
      "geometry": {
        "type": "Point",
        "coordinates": [
          103.7641639,
          1.3676807
        ]
      },
      "id": "node/13476587365"
    },
    {
      "type": "Feature",
      "properties": {
        "@id": "node/13541325401",
        "amenity": "cafe",
        "name": "TARIK by Ali Redha"
      },
      "geometry": {
        "type": "Point",
        "coordinates": [
          103.8590763,
          1.3017335
        ]
      },
      "id": "node/13541325401"
    },
    {
      "type": "Feature",
      "properties": {
        "@id": "node/13545175601",
        "addr:housenumber": "1B",
        "addr:street": "Science Park Drive",
        "amenity": "cafe",
        "name": "Fun Toast"
      },
      "geometry": {
        "type": "Point",
        "coordinates": [
          103.785002,
          1.292108
        ]
      },
      "id": "node/13545175601"
    },
    {
      "type": "Feature",
      "properties": {
        "@id": "node/13566198637",
        "amenity": "cafe",
        "brand": "Luckin Coffee",
        "brand:wikidata": "Q56811344",
        "cuisine": "coffee_shop",
        "level": "0",
        "name": "Luckin Coffee",
        "opening_hours": "Su-Th 08:00-22:30; Fr-Sa 08:00-23:00",
        "outdoor_seating": "yes",
        "takeaway": "yes",
        "wheelchair": "yes"
      },
      "geometry": {
        "type": "Point",
        "coordinates": [
          103.8798441,
          1.3755488
        ]
      },
      "id": "node/13566198637"
    },
    {
      "type": "Feature",
      "properties": {
        "@id": "node/13586248831",
        "amenity": "cafe",
        "brand": "Toast Box",
        "brand:wikidata": "Q100285490",
        "cuisine": "coffee_shop",
        "name": "Toast Box",
        "takeaway": "yes"
      },
      "geometry": {
        "type": "Point",
        "coordinates": [
          103.8468034,
          1.2889699
        ]
      },
      "id": "node/13586248831"
    },
    {
      "type": "Feature",
      "properties": {
        "@id": "node/13589627581",
        "amenity": "cafe",
        "check_date": "2026-02-16",
        "cuisine": "dessert",
        "name": "Chow Zan Dessert"
      },
      "geometry": {
        "type": "Point",
        "coordinates": [
          103.8563675,
          1.2991479
        ]
      },
      "id": "node/13589627581"
    },
    {
      "type": "Feature",
      "properties": {
        "@id": "node/13591061238",
        "addr:city": "Singapore",
        "addr:housenumber": "Blk 678A #01-06A",
        "addr:postcode": "731678",
        "addr:street": "Woodlands Avenue 6",
        "amenity": "cafe",
        "branch": "Admiralty",
        "cuisine": "bubble_tea",
        "internet_access": "no",
        "name": "itea - Admiralty",
        "opening_hours": "Mo-Su 10:00-21:45",
        "website": "https://www.itea.sg/"
      },
      "geometry": {
        "type": "Point",
        "coordinates": [
          103.8017922,
          1.4405786
        ]
      },
      "id": "node/13591061238"
    },
    {
      "type": "Feature",
      "properties": {
        "@id": "node/13624600777",
        "addr:city": "Singapore",
        "addr:housenumber": "#01-24",
        "addr:postcode": "556679",
        "addr:street": "1 Maju Avenue",
        "amenity": "cafe",
        "cuisine": "coffee_shop;cake",
        "name": "Edith Patisserie Serangoon Gardens",
        "opening_hours": "Mo-Su 10:00-22:00",
        "outdoor_seating": "no",
        "phone": "+6580903405",
        "website": "https://www.edithpatisserie.com"
      },
      "geometry": {
        "type": "Point",
        "coordinates": [
          103.8653609,
          1.3650134
        ]
      },
      "id": "node/13624600777"
    },
    {
      "type": "Feature",
      "properties": {
        "@id": "node/13624614869",
        "addr:city": "Singapore",
        "addr:housenumber": "5",
        "addr:postcode": "080005",
        "addr:street": "Everton Park, #01-22",
        "amenity": "cafe",
        "cuisine": "coffee_shop;cafe;breakfast;brunch",
        "name": "Tina's Cafe",
        "opening_hours": "08:30-22:00",
        "phone": "+6580903250",
        "website": "https://tinas-cafe.com"
      },
      "geometry": {
        "type": "Point",
        "coordinates": [
          103.8394347,
          1.2766698
        ]
      },
      "id": "node/13624614869"
    },
    {
      "type": "Feature",
      "properties": {
        "@id": "node/13625921401",
        "addr:housenumber": "28",
        "addr:street": "Stevens Road",
        "amenity": "cafe",
        "name": "Killiney Go",
        "opening_hours": "Mo-Su 07:30-19:00"
      },
      "geometry": {
        "type": "Point",
        "coordinates": [
          103.8284024,
          1.3139261
        ]
      },
      "id": "node/13625921401"
    },
    {
      "type": "Feature",
      "properties": {
        "@id": "node/13658759689",
        "amenity": "cafe",
        "brand": "Mixue Ice Cream & Tea",
        "cuisine": "ice_cream;bubble_tea",
        "level": "0",
        "name": "Mixue",
        "takeaway": "only"
      },
      "geometry": {
        "type": "Point",
        "coordinates": [
          103.8934511,
          1.3723099
        ]
      },
      "id": "node/13658759689"
    }
  ]
}