{
  "type": "FeatureCollection",
  "generator": "overpass-turbo",
  "copyright": "The data included in this document is from www.openstreetmap.org. The data is made available under ODbL.",
  "timestamp": "2026-03-26T11:22:44Z",
  "features": [
    {
      "type": "Feature",
      "properties": {
        "@id": "way/45306423",
        "addr:housenumber": "40",
        "addr:street": "Upper East Coast Road",
        "amenity": "fuel",
        "brand": "Shell",
        "brand:wikidata": "Q110716465",
        "brand:wikipedia": "en:Royal Dutch Shell",
        "building": "yes",
        "name": "Shell",
        "name:en": "Shell",
        "name:zh": "壳牌",
        "source": "Kaart Ground Survey 2017",
        "@geometry": "center"
      },
      "geometry": {
        "type": "Point",
        "coordinates": [
          103.926542,
          1.3125644
        ]
      },
      "id": "way/45306423"
    },
    {
      "type": "Feature",
      "properties": {
        "@id": "way/77182393",
        "addr:street": "Clementi Avenue 2",
        "amenity": "fuel",
        "brand": "Caltex",
        "brand:wikidata": "Q277470",
        "brand:wikipedia": "en:Caltex",
        "building": "roof",
        "name": "Caltex",
        "name:zh": "加德士",
        "source": "Kaart Ground Survey 2017",
        "@geometry": "center"
      },
      "geometry": {
        "type": "Point",
        "coordinates": [
          103.7685828,
          1.3146577
        ]
      },
      "id": "way/77182393"
    },
    {
      "type": "Feature",
      "properties": {
        "@id": "way/83697449",
        "addr:country": "SG",
        "amenity": "fuel",
        "brand": "SPC",
        "building": "yes",
        "building:levels": "1",
        "compressed_air": "yes",
        "fuel:diesel": "yes",
        "fuel:octane_100": "yes",
        "fuel:octane_95": "yes",
        "fuel:octane_98": "yes",
        "name": "SPC",
        "opening_hours": "24/7",
        "shop": "convenience",
        "@geometry": "center"
      },
      "geometry": {
        "type": "Point",
        "coordinates": [
          103.9590308,
          1.3575722
        ]
      },
      "id": "way/83697449"
    },
    {
      "type": "Feature",
      "properties": {
        "@id": "way/85552307",
        "amenity": "fuel",
        "brand": "Esso",
        "brand:wikidata": "Q867662",
        "building": "yes",
        "compressed_air": "yes",
        "fuel:diesel": "yes",
        "fuel:octane_100": "yes",
        "fuel:octane_95": "yes",
        "fuel:octane_98": "yes",
        "name": "Esso",
        "name:zh": "埃索",
        "opening_hours": "24/7",
        "shop": "convenience",
        "source": "Kaart Ground Survey 2017",
        "@geometry": "center"
      },
      "geometry": {
        "type": "Point",
        "coordinates": [
          103.9476711,
          1.3605801
        ]
      },
      "id": "way/85552307"
    },
    {
      "type": "Feature",
      "properties": {
        "@id": "way/85584520",
        "addr:city": "Singapore",
        "addr:country": "SG",
        "addr:street": "Tampines Avenue 2",
        "amenity": "fuel",
        "brand": "Shell",
        "brand:wikidata": "Q110716465",
        "building": "yes",
        "building:levels": "1",
        "compressed_air": "yes",
        "fuel:diesel": "yes",
        "fuel:octane_100": "yes",
        "fuel:octane_95": "yes",
        "fuel:octane_98": "yes",
        "name": "Shell",
        "name:zh": "壳牌",
        "opening_hours": "24/7",
        "operator": "Shell",
        "shop": "convenience",
        "@geometry": "center"
      },
      "geometry": {
        "type": "Point",
        "coordinates": [
          103.9477306,
          1.3491978
        ]
      },
      "id": "way/85584520"
    },
    {
      "type": "Feature",
      "properties": {
        "@id": "way/95940461",
        "addr:city": "Singapore",
        "addr:housenumber": "21",
        "addr:street": "Jurong West Street 93",
        "amenity": "fuel",
        "brand": "Caltex",
        "brand:wikidata": "Q277470",
        "brand:wikipedia": "en:Caltex",
        "building": "commercial",
        "fuel:diesel": "yes",
        "fuel:octane_92": "yes",
        "fuel:octane_95": "yes",
        "fuel:octane_98": "yes",
        "layer": "-1",
        "name": "Caltex",
        "name:zh": "加德士",
        "operator": "Caltex",
        "self_service": "yes",
        "@geometry": "center"
      },
      "geometry": {
        "type": "Point",
        "coordinates": [
          103.6927079,
          1.3386709
        ]
      },
      "id": "way/95940461"
    },
    {
      "type": "Feature",
      "properties": {
        "@id": "way/96151942",
        "amenity": "fuel",
        "brand": "Shell",
        "brand:wikidata": "Q110716465",
        "brand:wikipedia": "en:Royal Dutch Shell",
        "name": "Shell",
        "name:zh": "壳牌",
        "operator": "Shell",
        "@geometry": "center"
      },
      "geometry": {
        "type": "Point",
        "coordinates": [
          103.7078736,
          1.3440946
        ]
      },
      "id": "way/96151942"
    },
    {
      "type": "Feature",
      "properties": {
        "@id": "way/100761852",
        "addr:city": "Singapore",
        "addr:country": "SG",
        "addr:street": "Tampines Street 91",
        "amenity": "fuel",
        "building": "roof",
        "building:levels": "1",
        "layer": "1",
        "@geometry": "center"
      },
      "geometry": {
        "type": "Point",
        "coordinates": [
          103.9385416,
          1.3486649
        ]
      },
      "id": "way/100761852"
    },
    {
      "type": "Feature",
      "properties": {
        "@id": "way/101135043",
        "addr:housenumber": "19",
        "addr:street": "Pioneer Road",
        "amenity": "fuel",
        "brand": "Esso",
        "brand:wikidata": "Q867662",
        "building": "roof",
        "name": "Esso",
        "name:zh": "埃索",
        "source": "Kaart Ground Survey 2017",
        "@geometry": "center"
      },
      "geometry": {
        "type": "Point",
        "coordinates": [
          103.6875395,
          1.3131828
        ]
      },
      "id": "way/101135043"
    },
    {
      "type": "Feature",
      "properties": {
        "@id": "way/107830792",
        "addr:city": "Singapore",
        "addr:country": "SG",
        "addr:housenumber": "10",
        "addr:postcode": "649517",
        "addr:street": "Jurong West Avenue 1",
        "amenity": "fuel",
        "brand": "Esso",
        "brand:wikidata": "Q867662",
        "building": "roof",
        "building:levels": "1",
        "name": "Esso",
        "operator": "Esso",
        "@geometry": "center"
      },
      "geometry": {
        "type": "Point",
        "coordinates": [
          103.7236795,
          1.3510307
        ]
      },
      "id": "way/107830792"
    },
    {
      "type": "Feature",
      "properties": {
        "@id": "way/108730204",
        "amenity": "fuel",
        "building": "yes",
        "@geometry": "center"
      },
      "geometry": {
        "type": "Point",
        "coordinates": [
          103.7148054,
          1.3495897
        ]
      },
      "id": "way/108730204"
    },
    {
      "type": "Feature",
      "properties": {
        "@id": "way/116337437",
        "addr:street": "Braddell Road",
        "amenity": "fuel",
        "brand": "Shell",
        "brand:wikidata": "Q110716465",
        "brand:wikipedia": "en:Royal Dutch Shell",
        "building": "roof",
        "name": "Shell",
        "name:zh": "壳牌",
        "operator": "Shell",
        "source": "Kaart Ground Survey 2017",
        "@geometry": "center"
      },
      "geometry": {
        "type": "Point",
        "coordinates": [
          103.8645824,
          1.3445889
        ]
      },
      "id": "way/116337437"
    },
    {
      "type": "Feature",
      "properties": {
        "@id": "way/117227147",
        "addr:city": "Singapore",
        "addr:country": "SG",
        "addr:housenumber": "1351",
        "addr:street": "Ang Mo Kio Avenue 1",
        "amenity": "fuel",
        "building": "roof",
        "name": "SPC",
        "name:zh": "新加坡石油公司",
        "source": "Kaart Ground Survey 2017",
        "@geometry": "center"
      },
      "geometry": {
        "type": "Point",
        "coordinates": [
          103.8460205,
          1.3643769
        ]
      },
      "id": "way/117227147"
    },
    {
      "type": "Feature",
      "properties": {
        "@id": "way/117325134",
        "addr:street": "Serangoon North Avenue 5",
        "alt_name": "9A",
        "amenity": "fuel",
        "building": "roof",
        "name": "Smart Energy",
        "source": "Kaart Ground Survey 2017",
        "@geometry": "center"
      },
      "geometry": {
        "type": "Point",
        "coordinates": [
          103.8691319,
          1.3757525
        ]
      },
      "id": "way/117325134"
    },
    {
      "type": "Feature",
      "properties": {
        "@id": "way/117994223",
        "amenity": "fuel",
        "building": "yes",
        "building_1": "roof",
        "compressed_air": "yes",
        "name": "Shell",
        "name:zh": "壳牌",
        "source": "Reconocimiento terrestre por Kaart 2017",
        "@geometry": "center"
      },
      "geometry": {
        "type": "Point",
        "coordinates": [
          103.7720784,
          1.3458995
        ]
      },
      "id": "way/117994223"
    },
    {
      "type": "Feature",
      "properties": {
        "@id": "way/117994234",
        "amenity": "fuel",
        "building": "roof",
        "check_date": "2025-06-14",
        "compressed_air": "yes",
        "name": "Esso",
        "name:zh": "埃索",
        "opening_hours": "24/7",
        "payment:cash": "yes",
        "payment:credit_cards": "yes",
        "payment:debit_cards": "yes",
        "source": "Reconocimiento terrestre por Kaart 2017",
        "@geometry": "center"
      },
      "geometry": {
        "type": "Point",
        "coordinates": [
          103.7734358,
          1.34514
        ]
      },
      "id": "way/117994234"
    },
    {
      "type": "Feature",
      "properties": {
        "@id": "way/118459343",
        "addr:street": "Jalan Ahmad Ibrahim",
        "amenity": "fuel",
        "brand": "Caltex",
        "brand:wikidata": "Q277470",
        "building": "roof",
        "layer": "-1",
        "name": "Caltex",
        "name:zh": "加德士",
        "source": "Kaart Ground Survey 2017",
        "@geometry": "center"
      },
      "geometry": {
        "type": "Point",
        "coordinates": [
          103.6919337,
          1.3232239
        ]
      },
      "id": "way/118459343"
    },
    {
      "type": "Feature",
      "properties": {
        "@id": "way/119996989",
        "addr:housenumber": "35",
        "addr:postcode": "588186",
        "addr:street": "Upper Bukit Timah Road",
        "air_pump": "yes",
        "amenity": "fuel",
        "brand": "Shell",
        "brand:wikidata": "Q110716465",
        "building": "roof",
        "capacity": "14",
        "check_date": "2024-11-05",
        "check_date:compressed_air": "2024-11-05",
        "compressed_air": "yes",
        "name": "Shell",
        "name:zh": "壳牌",
        "source": "Kaart Ground Survey 2017",
        "toilet": "yes",
        "wheelchair": "yes",
        "@geometry": "center"
      },
      "geometry": {
        "type": "Point",
        "coordinates": [
          103.7768265,
          1.3386135
        ]
      },
      "id": "way/119996989"
    },
    {
      "type": "Feature",
      "properties": {
        "@id": "way/120509635",
        "addr:street": "Jalan Ahmad Ibrahim",
        "amenity": "fuel",
        "brand": "Esso",
        "brand:wikidata": "Q867662",
        "brand:wikipedia": "en:Esso",
        "building": "roof",
        "fuel:diesel": "yes",
        "fuel:octane_91": "yes",
        "fuel:octane_95": "yes",
        "fuel:octane_98": "yes",
        "name": "Esso",
        "name:zh": "埃索",
        "operator": "Esso",
        "source": "Kaart Ground Survey 2017",
        "@geometry": "center"
      },
      "geometry": {
        "type": "Point",
        "coordinates": [
          103.7245364,
          1.325168
        ]
      },
      "id": "way/120509635"
    },
    {
      "type": "Feature",
      "properties": {
        "@id": "way/123063591",
        "addr:city": "Singapore",
        "addr:country": "SG",
        "addr:housenumber": "465",
        "addr:postcode": "368183",
        "addr:street": "MacPherson Road",
        "amenity": "fuel",
        "brand": "Caltex",
        "brand:wikidata": "Q277470",
        "brand:wikipedia": "en:Caltex",
        "building": "roof",
        "compressed_air": "yes",
        "name": "Caltex",
        "name:zh": "加德士",
        "source": "Kaart Ground Survey 2017",
        "@geometry": "center"
      },
      "geometry": {
        "type": "Point",
        "coordinates": [
          103.8836596,
          1.3326607
        ]
      },
      "id": "way/123063591"
    },
    {
      "type": "Feature",
      "properties": {
        "@id": "way/125481993",
        "addr:housenumber": "20",
        "addr:street": "Woodlands Avenue 9",
        "amenity": "fuel",
        "brand": "Shell",
        "brand:wikidata": "Q154950",
        "brand:wikipedia": "en:Royal Dutch Shell",
        "building": "roof",
        "fuel:diesel": "yes",
        "fuel:petroleum": "yes",
        "name": "Shell",
        "name:zh": "壳牌",
        "source": "Kaart Ground Survey 2017",
        "@geometry": "center"
      },
      "geometry": {
        "type": "Point",
        "coordinates": [
          103.7900753,
          1.4443155
        ]
      },
      "id": "way/125481993"
    },
    {
      "type": "Feature",
      "properties": {
        "@id": "way/136666637",
        "addr:city": "Singapore",
        "addr:housenumber": "37",
        "addr:postcode": "598577",
        "addr:street": "Jalan Jurong Kechil",
        "amenity": "fuel",
        "brand": "Esso",
        "brand:wikidata": "Q867662",
        "brand:wikipedia": "en:Esso",
        "building": "roof",
        "capacity": "12",
        "compressed_air": "yes",
        "name": "Esso",
        "name:zh": "埃索",
        "source": "Kaart Ground Survey 2017",
        "@geometry": "center"
      },
      "geometry": {
        "type": "Point",
        "coordinates": [
          103.7747724,
          1.3399256
        ]
      },
      "id": "way/136666637"
    },
    {
      "type": "Feature",
      "properties": {
        "@id": "way/159027420",
        "addr:street": "Yio Chu Kang Road",
        "amenity": "fuel",
        "brand": "Esso",
        "brand:wikidata": "Q867662",
        "building": "yes",
        "fuel:diesel": "yes",
        "fuel:octane_95": "yes",
        "fuel:octane_98": "yes",
        "name": "Esso",
        "name:zh": "埃索",
        "shop": "convenience",
        "source": "Kaart Ground Survey 2017",
        "@geometry": "center"
      },
      "geometry": {
        "type": "Point",
        "coordinates": [
          103.8765182,
          1.3817193
        ]
      },
      "id": "way/159027420"
    },
    {
      "type": "Feature",
      "properties": {
        "@id": "way/159027423",
        "addr:street": "Yio Chu Kang Road",
        "amenity": "fuel",
        "brand": "Shell",
        "brand:wikidata": "Q110716465",
        "brand:wikipedia": "en:Royal Dutch Shell",
        "building": "yes",
        "fuel:diesel": "yes",
        "fuel:octane_95": "yes",
        "fuel:octane_98": "yes",
        "name": "Shell",
        "name:zh": "壳牌",
        "source": "Kaart Ground Survey 2017",
        "wheelchair": "yes",
        "@geometry": "center"
      },
      "geometry": {
        "type": "Point",
        "coordinates": [
          103.8770723,
          1.3835749
        ]
      },
      "id": "way/159027423"
    },
    {
      "type": "Feature",
      "properties": {
        "@id": "way/159669443",
        "addr:street": "Queensway",
        "amenity": "fuel",
        "brand": "Shell",
        "brand:wikidata": "Q154950",
        "brand:wikipedia": "en:Royal Dutch Shell",
        "building": "roof",
        "building:levels": "1",
        "compressed_air": "yes",
        "name": "Shell",
        "@geometry": "center"
      },
      "geometry": {
        "type": "Point",
        "coordinates": [
          103.8030147,
          1.289313
        ]
      },
      "id": "way/159669443"
    },
    {
      "type": "Feature",
      "properties": {
        "@id": "way/162384056",
        "addr:housename": "Shell Bukit Batok Nature Park",
        "addr:housenumber": "28",
        "addr:postcode": "659760",
        "addr:street": "Bukit Batok East Avenue 6",
        "amenity": "fuel",
        "brand": "Shell",
        "brand:wikidata": "Q154950",
        "building": "roof",
        "fuel:diesel": "yes",
        "fuel:octane_100": "yes",
        "fuel:octane_95": "yes",
        "name": "Shell Bukit Batok Nature Park",
        "opening_hours": "24/7",
        "operator:wikidata": "Q154950",
        "self_service": "yes",
        "@geometry": "center"
      },
      "geometry": {
        "type": "Point",
        "coordinates": [
          103.7649114,
          1.3475777
        ]
      },
      "id": "way/162384056"
    },
    {
      "type": "Feature",
      "properties": {
        "@id": "way/162384059",
        "amenity": "fuel",
        "brand": "Shell",
        "brand:wikidata": "Q110716465",
        "building": "roof",
        "compressed_air": "yes",
        "fuel:diesel": "yes",
        "fuel:octane_100": "yes",
        "fuel:octane_95": "yes",
        "layer": "-1",
        "name": "Shell Bukit Batok Nature Park",
        "opening_hours": "24/7",
        "operator": "Shell",
        "operator:wikidata": "Q154950",
        "self_service": "yes",
        "shop": "convenience",
        "@geometry": "center"
      },
      "geometry": {
        "type": "Point",
        "coordinates": [
          103.7649843,
          1.3475677
        ]
      },
      "id": "way/162384059"
    },
    {
      "type": "Feature",
      "properties": {
        "@id": "way/162651218",
        "amenity": "fuel",
        "brand": "Shell",
        "brand:wikidata": "Q110716465",
        "brand:wikipedia": "en:Royal Dutch Shell",
        "building": "roof",
        "compressed_air": "yes",
        "layer": "1",
        "name": "Shell",
        "name:zh": "壳牌",
        "operator": "Shell",
        "@geometry": "center"
      },
      "geometry": {
        "type": "Point",
        "coordinates": [
          103.7384464,
          1.3502451
        ]
      },
      "id": "way/162651218"
    },
    {
      "type": "Feature",
      "properties": {
        "@id": "way/167951461",
        "addr:street": "Queensway",
        "amenity": "fuel",
        "brand": "SPC",
        "building": "roof",
        "compressed_air": "yes",
        "fuel:biodiesel": "no",
        "fuel:biogas": "no",
        "fuel:cng": "no",
        "fuel:diesel": "yes",
        "fuel:octane_91": "yes",
        "fuel:octane_95": "yes",
        "fuel:octane_98": "yes",
        "layer": "1",
        "name": "Petrol Station (SPC)",
        "operator": "SPC",
        "@geometry": "center"
      },
      "geometry": {
        "type": "Point",
        "coordinates": [
          103.8009349,
          1.2914172
        ]
      },
      "id": "way/167951461"
    },
    {
      "type": "Feature",
      "properties": {
        "@id": "way/169517612",
        "addr:city": "Singapore",
        "addr:country": "SG",
        "addr:housenumber": "202",
        "addr:street": "Lorong 1 Toa Payoh",
        "amenity": "fuel",
        "brand": "Shell",
        "brand:wikidata": "Q110716465",
        "brand:wikipedia": "en:Royal Dutch Shell",
        "building": "roof",
        "name": "Shell",
        "name:zh": "壳牌",
        "shop": "convenience",
        "source": "Kaart Ground Survey 2017",
        "@geometry": "center"
      },
      "geometry": {
        "type": "Point",
        "coordinates": [
          103.848861,
          1.3411229
        ]
      },
      "id": "way/169517612"
    },
    {
      "type": "Feature",
      "properties": {
        "@id": "way/169518585",
        "addr:street": "Lorong 6 Toa Payoh",
        "amenity": "fuel",
        "building": "roof",
        "capacity": "8",
        "name": "SPC",
        "name:zh": "新加坡石油公司",
        "opening_hours": "24/7",
        "operator": "SPC",
        "source": "Kaart Ground Survey 2017",
        "@geometry": "center"
      },
      "geometry": {
        "type": "Point",
        "coordinates": [
          103.8554424,
          1.3357466
        ]
      },
      "id": "way/169518585"
    },
    {
      "type": "Feature",
      "properties": {
        "@id": "way/172111963",
        "addr:city": "Singapore",
        "addr:housenumber": "603",
        "addr:postcode": "158788",
        "addr:street": "Tiong Bahru Road",
        "amenity": "fuel",
        "brand": "Shell",
        "brand:wikidata": "Q110716465",
        "building": "roof",
        "name": "Shell Tiong Bahru",
        "operator": "Shell",
        "source": "http://www.shell.com.sg/products-services/on-the-road/shell-station-locator/text-list.html",
        "@geometry": "center"
      },
      "geometry": {
        "type": "Point",
        "coordinates": [
          103.8195561,
          1.288355
        ]
      },
      "id": "way/172111963"
    },
    {
      "type": "Feature",
      "properties": {
        "@id": "way/172125700",
        "addr:street": "Yishun Avenue 5",
        "amenity": "fuel",
        "building": "roof",
        "name": "Shell",
        "name:zh": "壳牌",
        "source": "Kaart Ground Survey 2017",
        "@geometry": "center"
      },
      "geometry": {
        "type": "Point",
        "coordinates": [
          103.8330456,
          1.4307918
        ]
      },
      "id": "way/172125700"
    },
    {
      "type": "Feature",
      "properties": {
        "@id": "way/172127253",
        "addr:housenumber": "3700",
        "addr:postcode": "768790",
        "addr:street": "Yishun Ring Road",
        "amenity": "fuel",
        "building": "roof",
        "name": "Caltex Chong Pang",
        "name:en": "Caltex Chong Pang",
        "opening_hours": "24/7",
        "source": "Kaart Ground Survey 2017",
        "@geometry": "center"
      },
      "geometry": {
        "type": "Point",
        "coordinates": [
          103.8300469,
          1.4296346
        ]
      },
      "id": "way/172127253"
    },
    {
      "type": "Feature",
      "properties": {
        "@id": "way/172214846",
        "addr:street": "Delta Road",
        "amenity": "fuel",
        "brand": "Esso",
        "brand:wikidata": "Q867662",
        "brand:wikipedia": "en:Esso",
        "building": "yes",
        "building:levels": "1",
        "name": "Esso",
        "name:zh": "埃索",
        "operator": "Mobil1",
        "source": "Kaart Ground Survey 2017",
        "@geometry": "center"
      },
      "geometry": {
        "type": "Point",
        "coordinates": [
          103.8256913,
          1.2926298
        ]
      },
      "id": "way/172214846"
    },
    {
      "type": "Feature",
      "properties": {
        "@id": "way/172363384",
        "amenity": "fuel",
        "brand": "Shell",
        "brand:wikidata": "Q110716465",
        "brand:wikipedia": "en:Royal Dutch Shell",
        "building": "yes",
        "name": "Shell",
        "operator": "Shell",
        "@geometry": "center"
      },
      "geometry": {
        "type": "Point",
        "coordinates": [
          103.8324186,
          1.289931
        ]
      },
      "id": "way/172363384"
    },
    {
      "type": "Feature",
      "properties": {
        "@id": "way/172481795",
        "addr:street": "Telok Blangah Road",
        "amenity": "fuel",
        "brand": "Esso",
        "brand:wikidata": "Q867662",
        "brand:wikipedia": "en:Esso",
        "building": "roof",
        "building:levels": "1",
        "name": "Esso",
        "name:zh": "埃索",
        "source": "Kaart Ground Survey 2017",
        "@geometry": "center"
      },
      "geometry": {
        "type": "Point",
        "coordinates": [
          103.8143481,
          1.2693609
        ]
      },
      "id": "way/172481795"
    },
    {
      "type": "Feature",
      "properties": {
        "@id": "way/172481802",
        "addr:city": "Singapore",
        "addr:street": "Telok Blangah Road",
        "amenity": "fuel",
        "brand": "Shell",
        "brand:wikidata": "Q110716465",
        "brand:wikipedia": "en:Royal Dutch Shell",
        "building": "roof",
        "building:levels": "1",
        "name": "Shell",
        "source": "Kaart Ground Survey 2017",
        "@geometry": "center"
      },
      "geometry": {
        "type": "Point",
        "coordinates": [
          103.8128453,
          1.2705364
        ]
      },
      "id": "way/172481802"
    },
    {
      "type": "Feature",
      "properties": {
        "@id": "way/172524613",
        "amenity": "fuel",
        "brand": "SPC",
        "name": "SPC",
        "operator": "SPC",
        "wheelchair": "yes",
        "@geometry": "center"
      },
      "geometry": {
        "type": "Point",
        "coordinates": [
          103.8381796,
          1.2976438
        ]
      },
      "id": "way/172524613"
    },
    {
      "type": "Feature",
      "properties": {
        "@id": "way/173552222",
        "addr:city": "Singapore",
        "addr:housenumber": "181",
        "addr:postcode": "127373",
        "addr:street": "West Coast Road",
        "amenity": "fuel",
        "building": "roof",
        "building:levels": "1",
        "name": "Esso West Coast",
        "operator": "Esso",
        "phone": "+65 6773 0565",
        "source": "Bing",
        "website": "https://www.esso.com.sg/",
        "@geometry": "center"
      },
      "geometry": {
        "type": "Point",
        "coordinates": [
          103.7611446,
          1.3081078
        ]
      },
      "id": "way/173552222"
    },
    {
      "type": "Feature",
      "properties": {
        "@id": "way/173642851",
        "addr:street": "Bukit Batok West Avenue 5",
        "amenity": "fuel",
        "brand": "Esso",
        "brand:wikidata": "Q867662",
        "brand:wikipedia": "en:Esso",
        "building": "yes",
        "name": "Esso",
        "name:zh": "埃索",
        "opening_hours": "24/7",
        "operator": "Esso",
        "source": "Bing",
        "@geometry": "center"
      },
      "geometry": {
        "type": "Point",
        "coordinates": [
          103.7505756,
          1.366703
        ]
      },
      "id": "way/173642851"
    },
    {
      "type": "Feature",
      "properties": {
        "@id": "way/173729609",
        "addr:street": "Yishun Avenue 9",
        "amenity": "fuel",
        "brand": "Esso",
        "brand:wikidata": "Q867662",
        "brand:wikipedia": "en:Esso",
        "building": "roof",
        "name": "Esso",
        "name:zh": "埃索",
        "source": "Kaart Ground Survey 2017",
        "@geometry": "center"
      },
      "geometry": {
        "type": "Point",
        "coordinates": [
          103.8398418,
          1.4316284
        ]
      },
      "id": "way/173729609"
    },
    {
      "type": "Feature",
      "properties": {
        "@id": "way/173896988",
        "addr:housenumber": "599",
        "addr:street": "Yishun Ring Road",
        "amenity": "fuel",
        "building": "yes",
        "name": "SPC",
        "name:zh": "新加坡石油公司",
        "source": "Kaart Ground Survey 2017",
        "@geometry": "center"
      },
      "geometry": {
        "type": "Point",
        "coordinates": [
          103.8378219,
          1.4174125
        ]
      },
      "id": "way/173896988"
    },
    {
      "type": "Feature",
      "properties": {
        "@id": "way/174886227",
        "addr:street": "Jalan Buroh",
        "amenity": "fuel",
        "building": "roof",
        "name": "SPC",
        "name:zh": "新加坡石油公司",
        "source": "Kaart Ground Survey 2017",
        "@geometry": "center"
      },
      "geometry": {
        "type": "Point",
        "coordinates": [
          103.7148962,
          1.314832
        ]
      },
      "id": "way/174886227"
    },
    {
      "type": "Feature",
      "properties": {
        "@id": "way/180475178",
        "amenity": "fuel",
        "brand": "Esso",
        "brand:wikidata": "Q867662",
        "building": "roof",
        "description": "Esso Petrol Kiosk",
        "name": "Esso",
        "name:zh": "埃索",
        "source": "Kaart Ground Survey 2017",
        "@geometry": "center"
      },
      "geometry": {
        "type": "Point",
        "coordinates": [
          103.8163956,
          1.2948036
        ]
      },
      "id": "way/180475178"
    },
    {
      "type": "Feature",
      "properties": {
        "@id": "way/188855309",
        "addr:street": "East Coast Road",
        "amenity": "fuel",
        "brand": "Esso",
        "brand:wikidata": "Q867662",
        "brand:wikipedia": "en:Esso",
        "building": "yes",
        "building:levels": "1",
        "name": "Esso",
        "name:zh": "埃索",
        "operator": "Esso",
        "source": "Kaart Ground Survey 2017",
        "wheelchair": "yes",
        "@geometry": "center"
      },
      "geometry": {
        "type": "Point",
        "coordinates": [
          103.9079033,
          1.3082565
        ]
      },
      "id": "way/188855309"
    },
    {
      "type": "Feature",
      "properties": {
        "@id": "way/188855310",
        "addr:street": "East Coast Road",
        "amenity": "fuel",
        "brand": "Shell",
        "brand:wikidata": "Q154950",
        "brand:wikipedia": "en:Royal Dutch Shell",
        "building": "roof",
        "building:levels": "1",
        "layer": "1",
        "name": "Shell",
        "name:zh": "壳牌",
        "roof:height": "1",
        "roof:shape": "flat",
        "source": "Kaart Ground Survey 2017",
        "wheelchair": "yes",
        "@geometry": "center"
      },
      "geometry": {
        "type": "Point",
        "coordinates": [
          103.9097668,
          1.3082144
        ]
      },
      "id": "way/188855310"
    },
    {
      "type": "Feature",
      "properties": {
        "@id": "way/193421793",
        "amenity": "fuel",
        "brand": "Esso",
        "building": "yes",
        "building:levels": "1",
        "name": "Esso",
        "name:zh": "埃索",
        "source": "Bing",
        "@geometry": "center"
      },
      "geometry": {
        "type": "Point",
        "coordinates": [
          103.7379782,
          1.3781931
        ]
      },
      "id": "way/193421793"
    },
    {
      "type": "Feature",
      "properties": {
        "@id": "way/201275597",
        "addr:city": "Singapore",
        "addr:country": "SG",
        "addr:housenumber": "324",
        "addr:street": "Thomson Road",
        "amenity": "fuel",
        "brand": "Shell",
        "brand:wikidata": "Q110716465",
        "brand:wikipedia": "en:Royal Dutch Shell",
        "building": "roof",
        "capacity": "10",
        "compressed_air": "yes",
        "fuel:diesel": "yes",
        "fuel:octane_95": "yes",
        "fuel:octane_98": "yes",
        "name": "Shell Thomson Novena",
        "source": "Kaart Ground Survey 2017",
        "@geometry": "center"
      },
      "geometry": {
        "type": "Point",
        "coordinates": [
          103.8421201,
          1.3241041
        ]
      },
      "id": "way/201275597"
    },
    {
      "type": "Feature",
      "properties": {
        "@id": "way/202541110",
        "addr:street": "Moulmein Road",
        "amenity": "fuel",
        "brand": "Shell",
        "brand:wikidata": "Q110716465",
        "brand:wikipedia": "en:Royal Dutch Shell",
        "building": "roof",
        "name": "Shell",
        "name:zh": "壳牌",
        "source": "Bing",
        "@geometry": "center"
      },
      "geometry": {
        "type": "Point",
        "coordinates": [
          103.8497957,
          1.3188127
        ]
      },
      "id": "way/202541110"
    },
    {
      "type": "Feature",
      "properties": {
        "@id": "way/213593433",
        "addr:city": "Singapore",
        "addr:country": "SG",
        "addr:street": "Pasir Ris Drive 4",
        "amenity": "fuel",
        "brand": "SPC",
        "building": "yes",
        "building:levels": "1",
        "name": "SPC",
        "source": "Kaart Ground Survey 2017",
        "wheelchair": "yes",
        "@geometry": "center"
      },
      "geometry": {
        "type": "Point",
        "coordinates": [
          103.9603828,
          1.3709212
        ]
      },
      "id": "way/213593433"
    },
    {
      "type": "Feature",
      "properties": {
        "@id": "way/218215337",
        "addr:street": "Punggol Road",
        "amenity": "fuel",
        "brand": "Shell",
        "brand:wikidata": "Q110716465",
        "building": "roof",
        "building:levels": "1",
        "name": "Shell",
        "name:en": "Shell",
        "name:zh": "壳牌",
        "source": "Kaart Ground Survey 2017",
        "@geometry": "center"
      },
      "geometry": {
        "type": "Point",
        "coordinates": [
          103.9066717,
          1.4046094
        ]
      },
      "id": "way/218215337"
    },
    {
      "type": "Feature",
      "properties": {
        "@id": "way/231917902",
        "amenity": "fuel",
        "brand": "Shell",
        "brand:wikidata": "Q110716465",
        "brand:wikipedia": "en:Royal Dutch Shell",
        "building": "roof",
        "capacity": "8",
        "compressed_air": "yes",
        "name": "Shell",
        "name:zh": "壳牌",
        "source": "Kaart Ground Survey 2017",
        "@geometry": "center"
      },
      "geometry": {
        "type": "Point",
        "coordinates": [
          103.8383272,
          1.3480365
        ]
      },
      "id": "way/231917902"
    },
    {
      "type": "Feature",
      "properties": {
        "@id": "way/231917923",
        "addr:street": "Paya Lebar Road",
        "amenity": "fuel",
        "brand": "Shell",
        "brand:wikidata": "Q154950",
        "brand:wikipedia": "en:Royal Dutch Shell",
        "building": "roof",
        "capacity": "18",
        "name": "Shell",
        "name:zh": "壳牌",
        "source": "Kaart Ground Survey 2017",
        "@geometry": "center"
      },
      "geometry": {
        "type": "Point",
        "coordinates": [
          103.8916152,
          1.3216901
        ]
      },
      "id": "way/231917923"
    },
    {
      "type": "Feature",
      "properties": {
        "@id": "way/238927832",
        "addr:street": "Choa Chu Kang Drive",
        "amenity": "fuel",
        "building": "roof",
        "layer": "1",
        "name": "Esso",
        "name:zh": "埃索",
        "source": "Bing",
        "@geometry": "center"
      },
      "geometry": {
        "type": "Point",
        "coordinates": [
          103.7473348,
          1.3953069
        ]
      },
      "id": "way/238927832"
    },
    {
      "type": "Feature",
      "properties": {
        "@id": "way/241247295",
        "addr:housenumber": "818",
        "addr:street": "Upper Serangoon Road",
        "amenity": "fuel",
        "brand": "Caltex",
        "brand:wikidata": "Q277470",
        "building": "roof",
        "name": "Caltex",
        "name:zh": "加德士",
        "source": "Kaart Ground Survey 2017",
        "@geometry": "center"
      },
      "geometry": {
        "type": "Point",
        "coordinates": [
          103.8807054,
          1.3556833
        ]
      },
      "id": "way/241247295"
    },
    {
      "type": "Feature",
      "properties": {
        "@id": "way/241254871",
        "addr:street": "Yio Chu Kang Road",
        "amenity": "fuel",
        "building": "roof",
        "name": "SPC",
        "name:zh": "新加坡石油公司",
        "source": "Kaart Ground Survey 2017",
        "@geometry": "center"
      },
      "geometry": {
        "type": "Point",
        "coordinates": [
          103.8753273,
          1.3577931
        ]
      },
      "id": "way/241254871"
    },
    {
      "type": "Feature",
      "properties": {
        "@id": "way/241281944",
        "amenity": "fuel",
        "brand": "Shell",
        "brand:wikidata": "Q154950",
        "building": "commercial",
        "name": "Shell",
        "name:zh": "壳牌",
        "@geometry": "center"
      },
      "geometry": {
        "type": "Point",
        "coordinates": [
          103.817414,
          1.3233818
        ]
      },
      "id": "way/241281944"
    },
    {
      "type": "Feature",
      "properties": {
        "@id": "way/248048425",
        "amenity": "fuel",
        "name": "SPC",
        "name:zh": "新加坡石油公司",
        "source": "Kaart Ground Survey 2017",
        "@geometry": "center"
      },
      "geometry": {
        "type": "Point",
        "coordinates": [
          103.7372994,
          1.3423199
        ]
      },
      "id": "way/248048425"
    },
    {
      "type": "Feature",
      "properties": {
        "@id": "way/252391710",
        "addr:city": "Singapore",
        "addr:country": "SG",
        "addr:housenumber": "50",
        "addr:street": "Toh Tuck Avenue",
        "amenity": "fuel",
        "building": "yes",
        "fuel:cng": "yes",
        "fuel:diesel": "yes",
        "name": "Cnergy",
        "source": "KG Ground Survey 2016",
        "@geometry": "center"
      },
      "geometry": {
        "type": "Point",
        "coordinates": [
          103.7588643,
          1.3342695
        ]
      },
      "id": "way/252391710"
    },
    {
      "type": "Feature",
      "properties": {
        "@id": "way/252392056",
        "amenity": "fuel",
        "building": "yes",
        "fuel:diesel": "yes",
        "fuel:octane_95": "no",
        "fuel:octane_98": "no",
        "name": "SMART Energy",
        "source": "Bing",
        "@geometry": "center"
      },
      "geometry": {
        "type": "Point",
        "coordinates": [
          103.7577641,
          1.4111901
        ]
      },
      "id": "way/252392056"
    },
    {
      "type": "Feature",
      "properties": {
        "@id": "way/256974372",
        "addr:city": "Singapore",
        "addr:housenumber": "143",
        "addr:postcode": "229843",
        "addr:street": "Bukit Timah Road",
        "amenity": "fuel",
        "building": "roof",
        "name": "Shell",
        "name:zh": "壳牌",
        "opening_hours": "24/7",
        "source": "Bing",
        "@geometry": "center"
      },
      "geometry": {
        "type": "Point",
        "coordinates": [
          103.8422294,
          1.3110925
        ]
      },
      "id": "way/256974372"
    },
    {
      "type": "Feature",
      "properties": {
        "@id": "way/256974403",
        "addr:city": "Singapore",
        "addr:housenumber": "141",
        "addr:postcode": "229841",
        "addr:street": "Bukit Timah Rd",
        "amenity": "fuel",
        "brand": "Esso",
        "brand:wikidata": "Q867662",
        "brand:wikipedia": "en:Esso",
        "building": "roof",
        "building:levels": "1",
        "name": "Esso",
        "name:zh": "埃索",
        "operator": "Cheers",
        "source": "Bing",
        "@geometry": "center"
      },
      "geometry": {
        "type": "Point",
        "coordinates": [
          103.8427682,
          1.3109414
        ]
      },
      "id": "way/256974403"
    },
    {
      "type": "Feature",
      "properties": {
        "@id": "way/260696423",
        "amenity": "fuel",
        "brand": "SPC",
        "brand:wikidata": "Q3484938",
        "brand:wikipedia": "en:Singapore Petroleum Company",
        "building": "roof",
        "building:levels": "1",
        "capacity": "8",
        "check_date": "2024-04-10",
        "fuel:diesel": "yes",
        "name": "SPC",
        "operator": "SPC",
        "@geometry": "center"
      },
      "geometry": {
        "type": "Point",
        "coordinates": [
          103.8416049,
          1.3247223
        ]
      },
      "id": "way/260696423"
    },
    {
      "type": "Feature",
      "properties": {
        "@id": "way/262966176",
        "amenity": "fuel",
        "brand": "Caltex",
        "brand:wikidata": "Q277470",
        "building": "yes",
        "name": "Caltex",
        "name:zh": "加德士",
        "@geometry": "center"
      },
      "geometry": {
        "type": "Point",
        "coordinates": [
          103.8716505,
          1.3473379
        ]
      },
      "id": "way/262966176"
    },
    {
      "type": "Feature",
      "properties": {
        "@id": "way/271791530",
        "addr:housenumber": "462",
        "addr:street": "Balestier Road",
        "amenity": "fuel",
        "brand": "SPC",
        "brand:wikidata": "Q3484938",
        "brand:wikipedia": "en:Singapore Petroleoum Company",
        "building": "roof",
        "capacity": "8",
        "check_date": "2024-04-18",
        "compressed_air": "yes",
        "compressed_air:fee": "no",
        "fuel:octane_92": "yes",
        "fuel:octane_95": "yes",
        "fuel:octane_98": "yes",
        "name": "SPC",
        "name:zh": "新加坡石油公司",
        "opening_hours": "24/7",
        "operator": "SPC",
        "phone": "+65 6251 2206",
        "self_service": "no",
        "source": "Bing",
        "@geometry": "center"
      },
      "geometry": {
        "type": "Point",
        "coordinates": [
          103.8479993,
          1.3267128
        ]
      },
      "id": "way/271791530"
    },
    {
      "type": "Feature",
      "properties": {
        "@id": "way/276519230",
        "amenity": "fuel",
        "building": "yes",
        "fuel:diesel": "yes",
        "wheelchair": "yes",
        "@geometry": "center"
      },
      "geometry": {
        "type": "Point",
        "coordinates": [
          103.8988917,
          1.3911748
        ]
      },
      "id": "way/276519230"
    },
    {
      "type": "Feature",
      "properties": {
        "@id": "way/276746327",
        "addr:city": "Singapore",
        "addr:housenumber": "211",
        "addr:postcode": "546673",
        "addr:street": "Punggol Road",
        "amenity": "fuel",
        "brand": "Esso",
        "brand:wikidata": "Q867662",
        "brand:wikipedia": "en:Esso",
        "building": "yes",
        "name": "Esso",
        "name:zh": "埃索",
        "operator": "Esso",
        "source": "Kaart Ground Survey 2017",
        "wheelchair": "yes",
        "@geometry": "center"
      },
      "geometry": {
        "type": "Point",
        "coordinates": [
          103.9005269,
          1.385111
        ]
      },
      "id": "way/276746327"
    },
    {
      "type": "Feature",
      "properties": {
        "@id": "way/283722874",
        "addr:street": "Upper Serangoon Road",
        "amenity": "fuel",
        "building": "roof",
        "name": "SPC",
        "name:zh": "新加坡石油公司",
        "source": "Kaart Ground Survey 2017",
        "wheelchair": "yes",
        "@geometry": "center"
      },
      "geometry": {
        "type": "Point",
        "coordinates": [
          103.8827964,
          1.3585361
        ]
      },
      "id": "way/283722874"
    },
    {
      "type": "Feature",
      "properties": {
        "@id": "way/283722875",
        "amenity": "fuel",
        "building": "yes",
        "wheelchair": "yes",
        "@geometry": "center"
      },
      "geometry": {
        "type": "Point",
        "coordinates": [
          103.8840302,
          1.3588169
        ]
      },
      "id": "way/283722875"
    },
    {
      "type": "Feature",
      "properties": {
        "@id": "way/302094475",
        "addr:city": "Singapore",
        "addr:housenumber": "61",
        "addr:postcode": "545015",
        "addr:street": "Sengkang East Road",
        "amenity": "fuel",
        "brand": "Shell",
        "brand:wikidata": "Q110716465",
        "building": "roof",
        "fuel:diesel": "yes",
        "fuel:octane_95": "yes",
        "fuel:octane_98": "yes",
        "name": "Shell",
        "name:zh": "壳牌",
        "operator": "Shell",
        "phone": "+65 63124243",
        "source": "Bing",
        "wheelchair": "yes",
        "@geometry": "center"
      },
      "geometry": {
        "type": "Point",
        "coordinates": [
          103.8926968,
          1.39149
        ]
      },
      "id": "way/302094475"
    },
    {
      "type": "Feature",
      "properties": {
        "@id": "way/304360331",
        "addr:city": "Singapore",
        "addr:country": "SG",
        "addr:housenumber": "1200",
        "addr:postcode": "787124",
        "addr:street": "Upper Thomson Road",
        "amenity": "fuel",
        "brand": "Shell",
        "brand:wikidata": "Q110716465",
        "building": "roof",
        "capacity": "8",
        "compressed_air": "yes",
        "layer": "1",
        "name": "Shell",
        "name:zh": "壳牌",
        "opening_hours": "24/7",
        "@geometry": "center"
      },
      "geometry": {
        "type": "Point",
        "coordinates": [
          103.8178506,
          1.3999191
        ]
      },
      "id": "way/304360331"
    },
    {
      "type": "Feature",
      "properties": {
        "@id": "way/305882744",
        "addr:city": "Singapore",
        "addr:housenumber": "49",
        "addr:postcode": "555944",
        "addr:street": "Serangoon Garden Way",
        "amenity": "fuel",
        "brand": "Shell",
        "brand:wikidata": "Q110716465",
        "brand:wikipedia": "en:Royal Dutch Shell",
        "building": "yes",
        "name": "Shell",
        "name:zh": "壳牌",
        "source": "Kaart Ground Survey 2017",
        "@geometry": "center"
      },
      "geometry": {
        "type": "Point",
        "coordinates": [
          103.8673349,
          1.3632963
        ]
      },
      "id": "way/305882744"
    },
    {
      "type": "Feature",
      "properties": {
        "@id": "way/305882745",
        "addr:city": "Singapore",
        "addr:housenumber": "384",
        "addr:street": "Lorong Chuan",
        "amenity": "fuel",
        "brand": "Esso",
        "brand:wikidata": "Q867662",
        "brand:wikipedia": "en:Esso",
        "building": "roof",
        "name": "Esso",
        "name:zh": "埃索",
        "source": "Kaart Ground Survey 2017",
        "@geometry": "center"
      },
      "geometry": {
        "type": "Point",
        "coordinates": [
          103.8681579,
          1.3624631
        ]
      },
      "id": "way/305882745"
    },
    {
      "type": "Feature",
      "properties": {
        "@id": "way/305884646",
        "addr:street": "Lorong Chuan",
        "amenity": "fuel",
        "brand": "Caltex",
        "brand:wikidata": "Q277470",
        "brand:wikipedia": "en:Caltex",
        "building": "roof",
        "name": "Caltex",
        "name:zh": "加德士",
        "source": "Kaart Ground Survey 2017",
        "@geometry": "center"
      },
      "geometry": {
        "type": "Point",
        "coordinates": [
          103.8679326,
          1.3578373
        ]
      },
      "id": "way/305884646"
    },
    {
      "type": "Feature",
      "properties": {
        "@id": "way/305948172",
        "amenity": "fuel",
        "building": "yes",
        "name": "SPC",
        "name:zh": "新加坡石油公司",
        "@geometry": "center"
      },
      "geometry": {
        "type": "Point",
        "coordinates": [
          103.8843165,
          1.3686719
        ]
      },
      "id": "way/305948172"
    },
    {
      "type": "Feature",
      "properties": {
        "@id": "way/306119362",
        "amenity": "fuel",
        "brand": "Caltex",
        "brand:wikidata": "Q277470",
        "brand:wikipedia": "en:Caltex",
        "building": "yes",
        "building:levels": "1",
        "compressed_air": "yes",
        "name": "Caltex",
        "name:zh": "加德士",
        "@geometry": "center"
      },
      "geometry": {
        "type": "Point",
        "coordinates": [
          103.9190618,
          1.3154929
        ]
      },
      "id": "way/306119362"
    },
    {
      "type": "Feature",
      "properties": {
        "@id": "way/306119943",
        "addr:street": "East Coast Road",
        "amenity": "fuel",
        "brand": "Esso",
        "brand:wikidata": "Q867662",
        "brand:wikipedia": "en:Esso",
        "building": "roof",
        "building:colour": "red",
        "building:levels": "1",
        "layer": "1",
        "name": "Esso",
        "name:zh": "埃索",
        "roof:colour": "green",
        "source": "Kaart Ground Survey 2017",
        "@geometry": "center"
      },
      "geometry": {
        "type": "Point",
        "coordinates": [
          103.9203008,
          1.3110506
        ]
      },
      "id": "way/306119943"
    },
    {
      "type": "Feature",
      "properties": {
        "@id": "way/308900480",
        "addr:housenumber": "78",
        "addr:street": "Changi Road",
        "amenity": "fuel",
        "brand": "Caltex",
        "brand:wikidata": "Q277470",
        "brand:wikipedia": "en:Caltex",
        "building": "roof",
        "name": "Caltex",
        "name:zh": "加德士",
        "source": "Kaart Ground Survey 2017",
        "@geometry": "center"
      },
      "geometry": {
        "type": "Point",
        "coordinates": [
          103.9001194,
          1.3163251
        ]
      },
      "id": "way/308900480"
    },
    {
      "type": "Feature",
      "properties": {
        "@id": "way/309981788",
        "addr:housenumber": "588",
        "addr:street": "Sembawang Road",
        "amenity": "fuel",
        "building": "yes",
        "fuel:diesel": "yes",
        "fuel:octane_92": "yes",
        "fuel:octane_95": "yes",
        "fuel:octane_98": "yes",
        "name": "SPC",
        "name:zh": "新加坡石油公司",
        "operator": "SPC",
        "source": "KG Ground Survey 2016",
        "@geometry": "center"
      },
      "geometry": {
        "type": "Point",
        "coordinates": [
          103.8252138,
          1.4400875
        ]
      },
      "id": "way/309981788"
    },
    {
      "type": "Feature",
      "properties": {
        "@id": "way/309981789",
        "addr:housenumber": "590",
        "addr:street": "Sembawang Road",
        "amenity": "fuel",
        "brand": "Esso",
        "brand:wikidata": "Q867662",
        "brand:wikipedia": "en:Esso",
        "building": "yes",
        "name": "Esso",
        "name:zh": "埃索",
        "operator": "Esso",
        "source": "KG Ground Survey 2016",
        "@geometry": "center"
      },
      "geometry": {
        "type": "Point",
        "coordinates": [
          103.825101,
          1.4404093
        ]
      },
      "id": "way/309981789"
    },
    {
      "type": "Feature",
      "properties": {
        "@id": "way/312722344",
        "addr:street": "Bedok Road",
        "amenity": "fuel",
        "brand": "Shell",
        "brand:wikidata": "Q110716465",
        "brand:wikipedia": "en:Royal Dutch Shell",
        "building": "yes",
        "name": "Shell",
        "name:zh": "壳牌",
        "source": "Kaart Ground Survey 2017",
        "@geometry": "center"
      },
      "geometry": {
        "type": "Point",
        "coordinates": [
          103.9476388,
          1.3308618
        ]
      },
      "id": "way/312722344"
    },
    {
      "type": "Feature",
      "properties": {
        "@id": "way/313363352",
        "addr:street": "Jalan Buroh",
        "amenity": "fuel",
        "brand": "Caltex",
        "building": "roof",
        "name": "Caltex",
        "name:zh": "加德士",
        "source": "Kaart Ground Survey 2017",
        "wheelchair": "limited",
        "@geometry": "center"
      },
      "geometry": {
        "type": "Point",
        "coordinates": [
          103.7419648,
          1.3046936
        ]
      },
      "id": "way/313363352"
    },
    {
      "type": "Feature",
      "properties": {
        "@id": "way/315750736",
        "addr:street": "Upper Changi Road North",
        "amenity": "fuel",
        "brand": "Esso",
        "brand:wikidata": "Q867662",
        "name": "Esso",
        "source": "Kaart Ground Survey 2017",
        "@geometry": "center"
      },
      "geometry": {
        "type": "Point",
        "coordinates": [
          103.9697454,
          1.3597796
        ]
      },
      "id": "way/315750736"
    },
    {
      "type": "Feature",
      "properties": {
        "@id": "way/315901621",
        "addr:city": "Singapore",
        "addr:housenumber": "926",
        "addr:postcode": "678205",
        "addr:street": "Upper Bukit Timah Road",
        "amenity": "fuel",
        "branch": "Bukit Panjang",
        "brand": "Esso",
        "brand:wikidata": "Q867662",
        "brand:wikipedia": "en:Esso",
        "building": "roof",
        "capacity": "8",
        "check_date": "2024-08-05",
        "compressed_air": "yes",
        "name": "Esso",
        "name:zh": "埃索",
        "source": "Kaart Ground Survey 2017",
        "@geometry": "center"
      },
      "geometry": {
        "type": "Point",
        "coordinates": [
          103.7625708,
          1.3769961
        ]
      },
      "id": "way/315901621"
    },
    {
      "type": "Feature",
      "properties": {
        "@id": "way/318742754",
        "amenity": "fuel",
        "brand": "SPC",
        "building": "roof",
        "capacity": "6",
        "operator": "SPC",
        "source": "Kaart Ground Survey 2017",
        "@geometry": "center"
      },
      "geometry": {
        "type": "Point",
        "coordinates": [
          103.8378101,
          1.3488706
        ]
      },
      "id": "way/318742754"
    },
    {
      "type": "Feature",
      "properties": {
        "@id": "way/325897240",
        "addr:street": "Pasir Panjang Road",
        "amenity": "fuel",
        "brand": "Shell",
        "brand:wikidata": "Q110716465",
        "brand:wikipedia": "en:Royal Dutch Shell",
        "building": "roof",
        "building:levels": "1",
        "name": "Shell",
        "source": "Bing",
        "@geometry": "center"
      },
      "geometry": {
        "type": "Point",
        "coordinates": [
          103.7778495,
          1.2892259
        ]
      },
      "id": "way/325897240"
    },
    {
      "type": "Feature",
      "properties": {
        "@id": "way/333036642",
        "amenity": "fuel",
        "brand": "Shell",
        "brand:wikidata": "Q110716465",
        "brand:wikipedia": "en:Royal Dutch Shell",
        "name": "Shell",
        "name:zh": "壳牌",
        "@geometry": "center"
      },
      "geometry": {
        "type": "Point",
        "coordinates": [
          103.8887994,
          1.331818
        ]
      },
      "id": "way/333036642"
    },
    {
      "type": "Feature",
      "properties": {
        "@id": "way/334113522",
        "addr:street": "Tanjong Katong Road",
        "amenity": "fuel",
        "brand": "Shell",
        "brand:wikidata": "Q154950",
        "brand:wikipedia": "en:Royal Dutch Shell",
        "building": "roof",
        "name": "Shell",
        "name:zh": "壳牌",
        "source": "Kaart Ground Survey 2017",
        "@geometry": "center"
      },
      "geometry": {
        "type": "Point",
        "coordinates": [
          103.8944357,
          1.3109206
        ]
      },
      "id": "way/334113522"
    },
    {
      "type": "Feature",
      "properties": {
        "@id": "way/345832997",
        "addr:street": "Loyang Avenue",
        "amenity": "fuel",
        "brand": "Shell",
        "brand:wikidata": "Q110716465",
        "building": "roof",
        "name": "Shell",
        "operator": "Shell",
        "source": "Kaart Ground Survey 2017",
        "@geometry": "center"
      },
      "geometry": {
        "type": "Point",
        "coordinates": [
          103.9672156,
          1.3657268
        ]
      },
      "id": "way/345832997"
    },
    {
      "type": "Feature",
      "properties": {
        "@id": "way/351313198",
        "amenity": "fuel",
        "building": "yes",
        "building:levels": "1",
        "name": "SPC",
        "opening_hours": "24/7",
        "@geometry": "center"
      },
      "geometry": {
        "type": "Point",
        "coordinates": [
          103.8070893,
          1.2717544
        ]
      },
      "id": "way/351313198"
    },
    {
      "type": "Feature",
      "properties": {
        "@id": "way/351313201",
        "amenity": "fuel",
        "building": "yes",
        "building:levels": "1",
        "name": "SPC",
        "@geometry": "center"
      },
      "geometry": {
        "type": "Point",
        "coordinates": [
          103.8072122,
          1.271772
        ]
      },
      "id": "way/351313201"
    },
    {
      "type": "Feature",
      "properties": {
        "@id": "way/352013785",
        "addr:street": "Yio Chu Kang Road",
        "amenity": "fuel",
        "brand": "Esso",
        "brand:wikidata": "Q867662",
        "building": "roof",
        "name": "Esso",
        "name:zh": "埃索",
        "source": "Kaart Ground Survey 2017",
        "@geometry": "center"
      },
      "geometry": {
        "type": "Point",
        "coordinates": [
          103.8739061,
          1.3610053
        ]
      },
      "id": "way/352013785"
    },
    {
      "type": "Feature",
      "properties": {
        "@id": "way/352013786",
        "addr:street": "Yio Chu Kang Road",
        "amenity": "fuel",
        "brand": "Shell",
        "brand:wikidata": "Q110716465",
        "building": "roof",
        "name": "Shell",
        "name:zh": "壳牌",
        "source": "Kaart Ground Survey 2017",
        "@geometry": "center"
      },
      "geometry": {
        "type": "Point",
        "coordinates": [
          103.8739305,
          1.3606796
        ]
      },
      "id": "way/352013786"
    },
    {
      "type": "Feature",
      "properties": {
        "@id": "way/361573965",
        "addr:city": "Singapore",
        "addr:housenumber": "360",
        "addr:postcode": "159951",
        "addr:street": "Alexandra Road",
        "amenity": "fuel",
        "brand": "Caltex",
        "brand:wikidata": "Q277470",
        "name": "Caltex Alexandra",
        "operator": "Caltex",
        "phone": "+65 6475 3380",
        "website": "https://www.caltex.com/sg/",
        "@geometry": "center"
      },
      "geometry": {
        "type": "Point",
        "coordinates": [
          103.8065884,
          1.2904074
        ]
      },
      "id": "way/361573965"
    },
    {
      "type": "Feature",
      "properties": {
        "@id": "way/361573968",
        "addr:city": "Singapore",
        "addr:housenumber": "358",
        "addr:postcode": "159950",
        "addr:street": "Alexandra Road",
        "amenity": "fuel",
        "brand": "Shell",
        "brand:wikidata": "Q110716465",
        "name": "Shell Alexandra",
        "operator": "Shell",
        "phone": "+65 6472 1953",
        "website": "https://www.shell.com.sg/",
        "@geometry": "center"
      },
      "geometry": {
        "type": "Point",
        "coordinates": [
          103.8068243,
          1.2906893
        ]
      },
      "id": "way/361573968"
    },
    {
      "type": "Feature",
      "properties": {
        "@id": "way/364452475",
        "addr:city": "Singapore",
        "addr:housenumber": "297",
        "addr:postcode": "278629",
        "addr:street": "Holland Road",
        "amenity": "fuel",
        "brand": "Caltex",
        "building": "roof",
        "name": "Caltex",
        "name:zh": "加德士",
        "opening_hours": "24/7",
        "operator": "Caltex",
        "phone": "+65 6465 2091",
        "source": "Kaart Ground Survey 2017",
        "@geometry": "center"
      },
      "geometry": {
        "type": "Point",
        "coordinates": [
          103.7855138,
          1.3177802
        ]
      },
      "id": "way/364452475"
    },
    {
      "type": "Feature",
      "properties": {
        "@id": "way/380509062",
        "amenity": "fuel",
        "building": "yes",
        "name": "ESSO",
        "name:zh": "埃索",
        "@geometry": "center"
      },
      "geometry": {
        "type": "Point",
        "coordinates": [
          103.8369054,
          1.316215
        ]
      },
      "id": "way/380509062"
    },
    {
      "type": "Feature",
      "properties": {
        "@id": "way/380515064",
        "addr:street": "Bukit Timah Road",
        "amenity": "fuel",
        "building": "roof",
        "name": "SPC Bukit Timah",
        "@geometry": "center"
      },
      "geometry": {
        "type": "Point",
        "coordinates": [
          103.8320603,
          1.3180472
        ]
      },
      "id": "way/380515064"
    },
    {
      "type": "Feature",
      "properties": {
        "@id": "way/380515292",
        "amenity": "fuel",
        "brand": "Caltex",
        "brand:wikidata": "Q277470",
        "building": "retail",
        "building:levels": "1",
        "name": "Caltex",
        "name:zh": "加德士",
        "@geometry": "center"
      },
      "geometry": {
        "type": "Point",
        "coordinates": [
          103.8334512,
          1.318816
        ]
      },
      "id": "way/380515292"
    },
    {
      "type": "Feature",
      "properties": {
        "@id": "way/384326665",
        "amenity": "fuel",
        "brand": "Esso",
        "brand:wikidata": "Q867662",
        "brand:wikipedia": "en:Esso",
        "building": "yes",
        "name": "Esso",
        "name:zh": "埃索",
        "wheelchair": "yes",
        "@geometry": "center"
      },
      "geometry": {
        "type": "Point",
        "coordinates": [
          103.9161018,
          1.3205227
        ]
      },
      "id": "way/384326665"
    },
    {
      "type": "Feature",
      "properties": {
        "@id": "way/384326986",
        "addr:street": "Upper East Coast Road",
        "amenity": "fuel",
        "brand": "SPC",
        "building": "yes",
        "name": "SPC",
        "name:zh": "新加坡石油公司",
        "operator": "Singapore Petroleum Company",
        "source": "Kaart Ground Survey 2017",
        "@geometry": "center"
      },
      "geometry": {
        "type": "Point",
        "coordinates": [
          103.9311375,
          1.3142612
        ]
      },
      "id": "way/384326986"
    },
    {
      "type": "Feature",
      "properties": {
        "@id": "way/390829070",
        "amenity": "fuel",
        "branch": "Guillemard",
        "brand": "Shell",
        "brand:wikidata": "Q110716465",
        "brand:wikipedia": "en:Royal Dutch Shell",
        "landuse": "retail",
        "name": "Shell",
        "name:zh": "壳牌",
        "@geometry": "center"
      },
      "geometry": {
        "type": "Point",
        "coordinates": [
          103.8837865,
          1.3105915
        ]
      },
      "id": "way/390829070"
    },
    {
      "type": "Feature",
      "properties": {
        "@id": "way/390829071",
        "amenity": "fuel",
        "brand": "Esso",
        "brand:wikidata": "Q867662",
        "brand:wikipedia": "en:Esso",
        "compressed_air": "yes",
        "name": "Esso",
        "name:zh": "埃索",
        "@geometry": "center"
      },
      "geometry": {
        "type": "Point",
        "coordinates": [
          103.8836199,
          1.3110504
        ]
      },
      "id": "way/390829071"
    },
    {
      "type": "Feature",
      "properties": {
        "@id": "way/391194371",
        "addr:city": "Singapore",
        "addr:housenumber": "772",
        "addr:postcode": "678122",
        "addr:street": "Upper Bukit Timah Road",
        "amenity": "fuel",
        "branch": "Bukit Panjang",
        "brand": "Shell",
        "brand:wikidata": "Q110716465",
        "brand:wikipedia": "en:Royal Dutch Shell",
        "building": "roof",
        "check_date": "2025-05-19",
        "compressed_air": "yes",
        "fuel:diesel": "yes",
        "fuel:octane_95": "yes",
        "fuel:octane_98": "yes",
        "name": "Shell",
        "name:zh": "壳牌",
        "opening_hours": "24/7",
        "payment:cash": "yes",
        "payment:credit_cards": "yes",
        "payment:debit_cards": "yes",
        "phone": "+65 6769 5645",
        "ref:vatin": "201716793N",
        "self_service": "no",
        "toilets": "yes",
        "@geometry": "center"
      },
      "geometry": {
        "type": "Point",
        "coordinates": [
          103.7634215,
          1.3722492
        ]
      },
      "id": "way/391194371"
    },
    {
      "type": "Feature",
      "properties": {
        "@id": "way/408482662",
        "addr:city": "Singapore",
        "addr:housenumber": "242A",
        "addr:postcode": "118598",
        "addr:street": "Pasir Panjang Road",
        "amenity": "fuel",
        "brand": "Esso",
        "brand:wikidata": "Q867662",
        "building": "roof",
        "building:levels": "1",
        "name": "Esso",
        "opening_hours": "24/7",
        "operator": "Esso",
        "source": "Kaart Ground Survey 2017",
        "@geometry": "center"
      },
      "geometry": {
        "type": "Point",
        "coordinates": [
          103.7855818,
          1.2801207
        ]
      },
      "id": "way/408482662"
    },
    {
      "type": "Feature",
      "properties": {
        "@id": "way/428124581",
        "addr:street": "Upper Thomson Road",
        "amenity": "fuel",
        "brand": "Shell",
        "brand:wikidata": "Q110716465",
        "brand:wikipedia": "en:Royal Dutch Shell",
        "building": "roof",
        "compressed_air": "yes",
        "name": "Shell",
        "name:zh": "壳牌",
        "opening_hours": "24/7",
        "source": "Kaart Ground Survey 2017",
        "wheelchair": "yes",
        "@geometry": "center"
      },
      "geometry": {
        "type": "Point",
        "coordinates": [
          103.8354224,
          1.3512386
        ]
      },
      "id": "way/428124581"
    },
    {
      "type": "Feature",
      "properties": {
        "@id": "way/430993688",
        "addr:street": "Mounbatten Road",
        "amenity": "fuel",
        "brand": "Esso",
        "brand:wikidata": "Q867662",
        "brand:wikipedia": "en:Esso",
        "building": "roof",
        "name": "Esso",
        "name:zh": "埃索",
        "source": "Kaart Ground Survey 2017",
        "@geometry": "center"
      },
      "geometry": {
        "type": "Point",
        "coordinates": [
          103.8842679,
          1.3025641
        ]
      },
      "id": "way/430993688"
    },
    {
      "type": "Feature",
      "properties": {
        "@id": "way/430995100",
        "addr:street": "Mounbatten Road",
        "amenity": "fuel",
        "building": "yes",
        "name": "SPC",
        "name:zh": "新加坡石油公司",
        "source": "Kaart Ground Survey 2017",
        "@geometry": "center"
      },
      "geometry": {
        "type": "Point",
        "coordinates": [
          103.8842908,
          1.302134
        ]
      },
      "id": "way/430995100"
    },
    {
      "type": "Feature",
      "properties": {
        "@id": "way/451909829",
        "addr:housenumber": "623A",
        "addr:postcode": "269733",
        "addr:street": "Bukit Timah Road",
        "amenity": "fuel",
        "brand": "Sinopec",
        "building": "roof",
        "building:levels": "1",
        "compressed_air": "no",
        "name": "Sinopec Bukit Timah",
        "operator": "Sinopec",
        "source": "Kaart Ground Survey 2017",
        "@geometry": "center"
      },
      "geometry": {
        "type": "Point",
        "coordinates": [
          103.8086244,
          1.324746
        ]
      },
      "id": "way/451909829"
    },
    {
      "type": "Feature",
      "properties": {
        "@id": "way/451946224",
        "addr:street": "Upper Thomson Road",
        "amenity": "fuel",
        "building": "roof",
        "building:levels": "1",
        "capacity": "8",
        "name": "SPC",
        "name:zh": "新加坡石油公司",
        "source": "Kaart Ground Survey 2017",
        "@geometry": "center"
      },
      "geometry": {
        "type": "Point",
        "coordinates": [
          103.8289086,
          1.371939
        ]
      },
      "id": "way/451946224"
    },
    {
      "type": "Feature",
      "properties": {
        "@id": "way/451946319",
        "addr:street": "Upper Thomson Road",
        "amenity": "fuel",
        "brand": "Shell",
        "brand:wikidata": "Q110716465",
        "building": "roof",
        "name": "Shell",
        "name:zh": "壳牌",
        "source": "Kaart Ground Survey 2017",
        "@geometry": "center"
      },
      "geometry": {
        "type": "Point",
        "coordinates": [
          103.828187,
          1.3700193
        ]
      },
      "id": "way/451946319"
    },
    {
      "type": "Feature",
      "properties": {
        "@id": "way/451946394",
        "addr:street": "Upper Thomson Road",
        "amenity": "fuel",
        "brand": "Esso",
        "brand:wikidata": "Q867662",
        "building": "yes",
        "building:levels": "1",
        "layer": "1",
        "name": "Esso",
        "name:zh": "埃索",
        "operator": "Esso",
        "source": "Kaart Ground Survey 2017",
        "@geometry": "center"
      },
      "geometry": {
        "type": "Point",
        "coordinates": [
          103.8281626,
          1.3704735
        ]
      },
      "id": "way/451946394"
    },
    {
      "type": "Feature",
      "properties": {
        "@id": "way/452264879",
        "addr:street": "East Coast Road",
        "amenity": "fuel",
        "brand": "Caltex",
        "brand:wikidata": "Q277470",
        "brand:wikipedia": "en:Caltex",
        "building": "yes",
        "building:levels": "1",
        "name": "Caltex",
        "name:zh": "加德士",
        "source": "Kaart Ground Survey 2017",
        "wheelchair": "yes",
        "@geometry": "center"
      },
      "geometry": {
        "type": "Point",
        "coordinates": [
          103.9108252,
          1.3090359
        ]
      },
      "id": "way/452264879"
    },
    {
      "type": "Feature",
      "properties": {
        "@id": "way/452289240",
        "addr:street": "Binjai Park",
        "amenity": "fuel",
        "building": "roof",
        "layer": "1",
        "name": "Caltex",
        "name:zh": "加德士",
        "source": "Kaart Ground Survey 2017",
        "@geometry": "center"
      },
      "geometry": {
        "type": "Point",
        "coordinates": [
          103.7867433,
          1.3352495
        ]
      },
      "id": "way/452289240"
    },
    {
      "type": "Feature",
      "properties": {
        "@id": "way/452645466",
        "addr:street": "Hougang Avenue 3",
        "amenity": "fuel",
        "brand": "Shell",
        "brand:wikidata": "Q110716465",
        "brand:wikipedia": "en:Royal Dutch Shell",
        "building": "roof",
        "name": "Shell",
        "name:zh": "壳牌",
        "source": "Kaart Ground Survey 2017",
        "@geometry": "center"
      },
      "geometry": {
        "type": "Point",
        "coordinates": [
          103.8901799,
          1.3493223
        ]
      },
      "id": "way/452645466"
    },
    {
      "type": "Feature",
      "properties": {
        "@id": "way/453226341",
        "addr:street": "Sembawang Road",
        "amenity": "fuel",
        "brand": "Caltex",
        "building": "roof",
        "source": "Kaart Ground Survey 2017",
        "@geometry": "center"
      },
      "geometry": {
        "type": "Point",
        "coordinates": [
          103.818553,
          1.4034544
        ]
      },
      "id": "way/453226341"
    },
    {
      "type": "Feature",
      "properties": {
        "@id": "way/453236693",
        "addr:city": "Singapore",
        "addr:housenumber": "168",
        "addr:street": "Pasir Panjang Road",
        "amenity": "fuel",
        "brand": "Shell",
        "brand:wikidata": "Q110716465",
        "building": "retail",
        "building:levels": "1",
        "compressed_air": "yes",
        "fuel:diesel": "yes",
        "fuel:octane_95": "yes",
        "fuel:octane_98": "yes",
        "name": "Shell Pasir Panjang 168",
        "@geometry": "center"
      },
      "geometry": {
        "type": "Point",
        "coordinates": [
          103.7896729,
          1.2774955
        ]
      },
      "id": "way/453236693"
    },
    {
      "type": "Feature",
      "properties": {
        "@id": "way/453243423",
        "addr:street": "MacPherson Road",
        "air_pump": "yes",
        "amenity": "fuel",
        "brand": "Shell",
        "brand:wikidata": "Q110716465",
        "building": "roof",
        "capacity": "8",
        "compressed_air": "yes",
        "name": "Shell",
        "name:zh": "壳牌",
        "source": "Kaart Ground Survey 2017",
        "@geometry": "center"
      },
      "geometry": {
        "type": "Point",
        "coordinates": [
          103.8777965,
          1.3311124
        ]
      },
      "id": "way/453243423"
    },
    {
      "type": "Feature",
      "properties": {
        "@id": "way/453464497",
        "addr:housenumber": "487",
        "amenity": "fuel",
        "building": "yes",
        "@geometry": "center"
      },
      "geometry": {
        "type": "Point",
        "coordinates": [
          103.6941951,
          1.4163592
        ]
      },
      "id": "way/453464497"
    },
    {
      "type": "Feature",
      "properties": {
        "@id": "way/453722345",
        "amenity": "fuel",
        "building": "yes",
        "name": "Shell",
        "name:zh": "壳牌",
        "@geometry": "center"
      },
      "geometry": {
        "type": "Point",
        "coordinates": [
          103.7754204,
          1.4383024
        ]
      },
      "id": "way/453722345"
    },
    {
      "type": "Feature",
      "properties": {
        "@id": "way/453962409",
        "addr:street": "Sembawang Road",
        "amenity": "fuel",
        "brand": "Shell",
        "brand:wikidata": "Q154950",
        "brand:wikipedia": "en:Royal Dutch Shell",
        "building": "roof",
        "compressed_air": "yes",
        "name": "Shell",
        "name:zh": "壳牌",
        "source": "KG Ground Survey 2016",
        "@geometry": "center"
      },
      "geometry": {
        "type": "Point",
        "coordinates": [
          103.8244205,
          1.4405268
        ]
      },
      "id": "way/453962409"
    },
    {
      "type": "Feature",
      "properties": {
        "@id": "way/453962426",
        "addr:street": "Sembawang Road",
        "amenity": "fuel",
        "brand": "Esso",
        "brand:wikidata": "Q867662",
        "brand:wikipedia": "en:Esso",
        "building": "roof",
        "name": "Esso",
        "name:zh": "埃索",
        "source": "KG Ground Survey 2016",
        "@geometry": "center"
      },
      "geometry": {
        "type": "Point",
        "coordinates": [
          103.8245438,
          1.440173
        ]
      },
      "id": "way/453962426"
    },
    {
      "type": "Feature",
      "properties": {
        "@id": "way/454182435",
        "addr:street": "Serangoon Road",
        "amenity": "fuel",
        "brand": "Shell",
        "brand:wikidata": "Q110716465",
        "brand:wikipedia": "en:Royal Dutch Shell",
        "building": "roof",
        "capacity": "12",
        "compressed_air": "yes",
        "name": "Shell",
        "name:zh": "壳牌",
        "source": "Kaart Ground Survey 2017",
        "@geometry": "center"
      },
      "geometry": {
        "type": "Point",
        "coordinates": [
          103.8571999,
          1.3144823
        ]
      },
      "id": "way/454182435"
    },
    {
      "type": "Feature",
      "properties": {
        "@id": "way/454190381",
        "addr:street": "Ajunied Road",
        "amenity": "fuel",
        "brand": "Esso",
        "brand:wikidata": "Q867662",
        "brand:wikipedia": "en:Esso",
        "building": "roof",
        "name": "Esso",
        "name:zh": "埃索",
        "operator": "Esso",
        "source": "Kaart Ground Survey 2017",
        "@geometry": "center"
      },
      "geometry": {
        "type": "Point",
        "coordinates": [
          103.880767,
          1.3243647
        ]
      },
      "id": "way/454190381"
    },
    {
      "type": "Feature",
      "properties": {
        "@id": "way/454226355",
        "addr:street": "MacPherson Road",
        "amenity": "fuel",
        "brand": "Esso",
        "brand:wikidata": "Q867662",
        "building": "roof",
        "compressed_air": "yes",
        "compressed_air:fee": "no",
        "name": "Esso",
        "name:zh": "埃索",
        "source": "Kaart Ground Survey 2017",
        "@geometry": "center"
      },
      "geometry": {
        "type": "Point",
        "coordinates": [
          103.8722272,
          1.3287241
        ]
      },
      "id": "way/454226355"
    },
    {
      "type": "Feature",
      "properties": {
        "@id": "way/454887251",
        "addr:street": "Upper Ajunied Road",
        "amenity": "fuel",
        "brand": "Esso",
        "brand:wikidata": "Q867662",
        "building": "roof",
        "name": "Esso",
        "name:zh": "埃索",
        "operator": "Esso",
        "source": "Kaart Ground Survey 2017",
        "@geometry": "center"
      },
      "geometry": {
        "type": "Point",
        "coordinates": [
          103.8789518,
          1.3323536
        ]
      },
      "id": "way/454887251"
    },
    {
      "type": "Feature",
      "properties": {
        "@id": "way/454887253",
        "addr:city": "Singapore",
        "addr:housenumber": "429",
        "addr:postcode": "368140",
        "addr:street": "MacPherson Road",
        "amenity": "fuel",
        "building": "roof",
        "name": "SPC",
        "name:zh": "新加坡石油公司",
        "operator": "SPC",
        "source": "Kaart Ground Survey 2017",
        "website": "https://www.spc.com.sg/",
        "wikidata": "Q3484938",
        "wikimedia_commons": "Category:Singapore Petroleum Company",
        "wikipedia": "en:Singapore Petroleum Company",
        "@geometry": "center"
      },
      "geometry": {
        "type": "Point",
        "coordinates": [
          103.8804199,
          1.3319119
        ]
      },
      "id": "way/454887253"
    },
    {
      "type": "Feature",
      "properties": {
        "@id": "way/455066740",
        "addr:city": "Singapore",
        "addr:housenumber": "695",
        "addr:postcode": "729752",
        "addr:street": "Mandai Road",
        "amenity": "fuel",
        "branch": "W'lands Mandai",
        "brand": "Shell",
        "brand:wikidata": "Q110716465",
        "building": "roof",
        "capacity": "6",
        "check_date": "2023-02-25",
        "fuel:diesel": "yes",
        "fuel:octane_95": "yes",
        "fuel:octane_98": "yes",
        "name": "Shell",
        "name:zh": "壳牌",
        "opening_hours": "Mo-Sa 07:00-19:00",
        "payment:credit_cards": "yes",
        "phone": "+65 6368 2990",
        "self_service": "no",
        "source": "Kaart Ground Survey 2017",
        "@geometry": "center"
      },
      "geometry": {
        "type": "Point",
        "coordinates": [
          103.7565269,
          1.4112994
        ]
      },
      "id": "way/455066740"
    },
    {
      "type": "Feature",
      "properties": {
        "@id": "way/455159933",
        "addr:street": "Bedok South Avenue 1",
        "amenity": "fuel",
        "brand": "Esso",
        "brand:wikidata": "Q867662",
        "name": "Esso",
        "name:zh": "埃索",
        "source": "Kaart Ground Survey 2017",
        "@geometry": "center"
      },
      "geometry": {
        "type": "Point",
        "coordinates": [
          103.9325501,
          1.3223252
        ]
      },
      "id": "way/455159933"
    },
    {
      "type": "Feature",
      "properties": {
        "@id": "way/455161375",
        "addr:country": "SG",
        "addr:housenumber": "638",
        "addr:street": "Geylang Road",
        "amenity": "fuel",
        "brand": "Esso",
        "brand:wikidata": "Q867662",
        "brand:wikipedia": "en:Esso",
        "building": "roof",
        "building:levels": "1",
        "name": "Esso",
        "name:zh": "埃索",
        "operator": "Mobil1",
        "source": "Kaart Ground Survey 2017",
        "@geometry": "center"
      },
      "geometry": {
        "type": "Point",
        "coordinates": [
          103.8890909,
          1.3142323
        ]
      },
      "id": "way/455161375"
    },
    {
      "type": "Feature",
      "properties": {
        "@id": "node/462263981",
        "amenity": "fuel",
        "brand": "SPC",
        "name": "SPC",
        "name:zh": "新加坡石油公司"
      },
      "geometry": {
        "type": "Point",
        "coordinates": [
          103.8193298,
          1.3232062
        ]
      },
      "id": "node/462263981"
    },
    {
      "type": "Feature",
      "properties": {
        "@id": "node/462264016",
        "addr:city": "Singapore",
        "addr:housenumber": "650",
        "addr:postcode": "289630",
        "addr:street": "Dunearn Road",
        "amenity": "fuel",
        "brand": "Esso",
        "brand:wikidata": "Q867662",
        "name": "Esso Dunearn",
        "operator": "Esso",
        "phone": "+65 6468 4608",
        "website": "https://www.esso.com.sg/"
      },
      "geometry": {
        "type": "Point",
        "coordinates": [
          103.7986807,
          1.3310346
        ]
      },
      "id": "node/462264016"
    },
    {
      "type": "Feature",
      "properties": {
        "@id": "way/473355080",
        "amenity": "fuel",
        "brand": "SPC",
        "check_date": "2024-08-12",
        "fuel:diesel": "yes",
        "fuel:octane_92": "yes",
        "fuel:octane_95": "yes",
        "fuel:octane_98": "yes",
        "name": "SPC Bukit Panjang",
        "payment:cash": "yes",
        "payment:credit_cards": "yes",
        "payment:debit_cards": "yes",
        "self_service": "no",
        "wheelchair": "limited",
        "@geometry": "center"
      },
      "geometry": {
        "type": "Point",
        "coordinates": [
          103.7726817,
          1.3833624
        ]
      },
      "id": "way/473355080"
    },
    {
      "type": "Feature",
      "properties": {
        "@id": "way/475159263",
        "addr:street": "Geylang Road",
        "amenity": "fuel",
        "brand": "Shell",
        "brand:wikidata": "Q110716465",
        "brand:wikipedia": "en:Royal Dutch Shell",
        "building": "roof",
        "name": "Shell",
        "name:zh": "壳牌",
        "source": "Kaart Ground Survey 2017",
        "@geometry": "center"
      },
      "geometry": {
        "type": "Point",
        "coordinates": [
          103.8755927,
          1.3120016
        ]
      },
      "id": "way/475159263"
    },
    {
      "type": "Feature",
      "properties": {
        "@id": "way/478127131",
        "addr:city": "Singapore",
        "addr:housenumber": "262",
        "addr:postcode": "149061",
        "addr:street": "Queensway",
        "amenity": "fuel",
        "brand": "ESSO",
        "building": "roof",
        "capacity": "8",
        "compressed_air": "yes",
        "name": "Esso Queensway B",
        "name:zh": "埃索",
        "operator": "Esso",
        "phone": "+65 6474 8267",
        "website": "https://www.esso.com.sg/",
        "@geometry": "center"
      },
      "geometry": {
        "type": "Point",
        "coordinates": [
          103.8012088,
          1.2911287
        ]
      },
      "id": "way/478127131"
    },
    {
      "type": "Feature",
      "properties": {
        "@id": "way/478129347",
        "addr:city": "Singapore",
        "addr:country": "SG",
        "addr:housenumber": "3800",
        "addr:postcode": "159464",
        "addr:street": "Jalan Bukit Merah",
        "amenity": "fuel",
        "building": "roof",
        "building:levels": "1",
        "name": "SPC",
        "@geometry": "center"
      },
      "geometry": {
        "type": "Point",
        "coordinates": [
          103.8185587,
          1.2841875
        ]
      },
      "id": "way/478129347"
    },
    {
      "type": "Feature",
      "properties": {
        "@id": "way/478794714",
        "addr:city": "Singapore",
        "addr:housenumber": "490",
        "addr:postcode": "149736",
        "addr:street": "Commonwealth Avenue",
        "amenity": "fuel",
        "building": "roof",
        "name": "SPC",
        "name:zh": "新加坡石油公司",
        "opening_hours": "24/7",
        "source": "Kaart Ground Survey 2017",
        "@geometry": "center"
      },
      "geometry": {
        "type": "Point",
        "coordinates": [
          103.7952058,
          1.3057238
        ]
      },
      "id": "way/478794714"
    },
    {
      "type": "Feature",
      "properties": {
        "@id": "way/479746464",
        "addr:street": "Upper Thomson Road",
        "amenity": "fuel",
        "building": "roof",
        "building:levels": "1",
        "name": "Esso",
        "name:zh": "埃索",
        "source": "Kaart Ground Survey 2017",
        "@geometry": "center"
      },
      "geometry": {
        "type": "Point",
        "coordinates": [
          103.8284101,
          1.3579684
        ]
      },
      "id": "way/479746464"
    },
    {
      "type": "Feature",
      "properties": {
        "@id": "way/479747449",
        "addr:street": "Upper Thomson Road",
        "amenity": "fuel",
        "brand": "Caltex",
        "brand:wikidata": "Q277470",
        "building": "roof",
        "building:levels": "1",
        "capacity": "8",
        "compressed_air": "yes",
        "layer": "1",
        "name": "Caltex",
        "name:zh": "加德士",
        "source": "Kaart Ground Survey 2017",
        "@geometry": "center"
      },
      "geometry": {
        "type": "Point",
        "coordinates": [
          103.8282206,
          1.3709338
        ]
      },
      "id": "way/479747449"
    },
    {
      "type": "Feature",
      "properties": {
        "@id": "way/479760437",
        "addr:street": "Ang Mo Kio Avenue 1",
        "amenity": "fuel",
        "building": "roof",
        "name": "SPC",
        "name:zh": "新加坡石油公司",
        "source": "Kaart Ground Survey 2017",
        "@geometry": "center"
      },
      "geometry": {
        "type": "Point",
        "coordinates": [
          103.8395579,
          1.3654382
        ]
      },
      "id": "way/479760437"
    },
    {
      "type": "Feature",
      "properties": {
        "@id": "way/480300819",
        "addr:street": "Tanjong Katong Road",
        "amenity": "fuel",
        "brand": "Esso",
        "brand:wikidata": "Q867662",
        "brand:wikipedia": "en:Esso",
        "building": "roof",
        "name": "Esso",
        "name:zh": "埃索",
        "source": "Kaart Ground Survey 2017",
        "@geometry": "center"
      },
      "geometry": {
        "type": "Point",
        "coordinates": [
          103.8944293,
          1.3113198
        ]
      },
      "id": "way/480300819"
    },
    {
      "type": "Feature",
      "properties": {
        "@id": "way/480534286",
        "addr:city": "Singapore",
        "addr:country": "SG",
        "addr:housenumber": "150",
        "addr:street": "Bukit Timah Road",
        "amenity": "fuel",
        "building": "roof",
        "compressed_air": "yes",
        "name": "Shell Bukit Timah",
        "source": "Kaart Ground Survey 2017",
        "@geometry": "center"
      },
      "geometry": {
        "type": "Point",
        "coordinates": [
          103.8431299,
          1.3113424
        ]
      },
      "id": "way/480534286"
    },
    {
      "type": "Feature",
      "properties": {
        "@id": "way/480673819",
        "addr:street": "1091 Woodland Road",
        "amenity": "fuel",
        "brand": "Esso",
        "building": "roof",
        "name": "Esso",
        "name:zh": "埃索",
        "source": "Kaart Ground Survey 2017",
        "@geometry": "center"
      },
      "geometry": {
        "type": "Point",
        "coordinates": [
          103.7620215,
          1.4342531
        ]
      },
      "id": "way/480673819"
    },
    {
      "type": "Feature",
      "properties": {
        "@id": "way/481060175",
        "amenity": "fuel",
        "brand": "Caltex",
        "brand:wikidata": "Q277470",
        "brand:wikipedia": "en:Caltex",
        "building": "roof",
        "capacity": "8",
        "name": "Caltex",
        "name:zh": "加德士",
        "source": "Kaart Ground Survey 2017",
        "@geometry": "center"
      },
      "geometry": {
        "type": "Point",
        "coordinates": [
          103.8269642,
          1.3249516
        ]
      },
      "id": "way/481060175"
    },
    {
      "type": "Feature",
      "properties": {
        "@id": "way/481628665",
        "addr:housenumber": "542",
        "addr:street": "Balestier Road",
        "amenity": "fuel",
        "brand": "Caltex",
        "brand:wikidata": "Q277470",
        "brand:wikipedia": "en:Caltex",
        "building": "roof",
        "building:levels": "1",
        "check_date": "2024-04-03",
        "compressed_air": "yes",
        "compressed_air:fee": "no",
        "fuel:diesel": "yes",
        "fuel:octane_92": "yes",
        "fuel:octane_95": "yes",
        "fuel:octane_98": "yes",
        "name": "Caltex",
        "name:zh": "加德士",
        "operator": "Caltex",
        "phone": "+65 6255 2873",
        "self_service": "no",
        "source": "Kaart Ground Survey 2017",
        "@geometry": "center"
      },
      "geometry": {
        "type": "Point",
        "coordinates": [
          103.8452391,
          1.3267705
        ]
      },
      "id": "way/481628665"
    },
    {
      "type": "Feature",
      "properties": {
        "@id": "way/481669538",
        "addr:street": "Jalan Buroh",
        "amenity": "fuel",
        "building": "roof",
        "name": "Esso",
        "name:zh": "埃索",
        "source": "Kaart Ground Survey 2017",
        "@geometry": "center"
      },
      "geometry": {
        "type": "Point",
        "coordinates": [
          103.7549987,
          1.3096295
        ]
      },
      "id": "way/481669538"
    },
    {
      "type": "Feature",
      "properties": {
        "@id": "way/481669540",
        "addr:street": "Jalan Buroh",
        "amenity": "fuel",
        "building": "roof",
        "fuel:diesel": "yes",
        "name": "Esso",
        "name:zh": "埃索",
        "source": "Kaart Ground Survey 2017",
        "@geometry": "center"
      },
      "geometry": {
        "type": "Point",
        "coordinates": [
          103.7550875,
          1.3098218
        ]
      },
      "id": "way/481669540"
    },
    {
      "type": "Feature",
      "properties": {
        "@id": "way/482046508",
        "addr:street": "Upper Thomson Road",
        "amenity": "fuel",
        "brand": "Esso",
        "brand:wikidata": "Q867662",
        "building": "roof",
        "building:levels": "1",
        "fuel:diesel": "yes",
        "name": "Esso",
        "name:zh": "埃索",
        "source": "Kaart Ground Survey 2017",
        "@geometry": "center"
      },
      "geometry": {
        "type": "Point",
        "coordinates": [
          103.8289543,
          1.3730813
        ]
      },
      "id": "way/482046508"
    },
    {
      "type": "Feature",
      "properties": {
        "@id": "way/482272085",
        "addr:city": "Singapore",
        "addr:housenumber": "174",
        "addr:postcode": "278582",
        "addr:street": "Holland Road",
        "amenity": "fuel",
        "brand": "Esso",
        "brand:wikidata": "Q867662",
        "brand:wikipedia": "en:Esso",
        "building": "roof",
        "compressed_air": "yes",
        "name": "Esso",
        "name:zh": "埃索",
        "operator": "Esso",
        "phone": "+65 6468 5258",
        "source": "Kaart Ground Survey 2017",
        "@geometry": "center"
      },
      "geometry": {
        "type": "Point",
        "coordinates": [
          103.7962181,
          1.3124677
        ]
      },
      "id": "way/482272085"
    },
    {
      "type": "Feature",
      "properties": {
        "@id": "way/580038220",
        "addr:city": "Singapore",
        "addr:housenumber": "10",
        "addr:postcode": "828805",
        "addr:street": "Sumang Link",
        "amenity": "fuel",
        "brand": "SPC",
        "landuse": "retail",
        "name": "SPC Sumang",
        "operator": "SPC",
        "operator:wikidata": "Q3484938",
        "operator:wikipedia": "en:Singapore Petroleum Company",
        "wheelchair": "yes",
        "@geometry": "center"
      },
      "geometry": {
        "type": "Point",
        "coordinates": [
          103.9009903,
          1.4103507
        ]
      },
      "id": "way/580038220"
    },
    {
      "type": "Feature",
      "properties": {
        "@id": "way/591415748",
        "amenity": "fuel",
        "brand": "Esso",
        "brand:wikidata": "Q867662",
        "capacity": "8",
        "name": "Esso",
        "name:zh": "埃索",
        "@geometry": "center"
      },
      "geometry": {
        "type": "Point",
        "coordinates": [
          103.8284316,
          1.3579059
        ]
      },
      "id": "way/591415748"
    },
    {
      "type": "Feature",
      "properties": {
        "@id": "way/672624946",
        "addr:city": "Singapore",
        "addr:housenumber": "150",
        "addr:postcode": "797622",
        "addr:street": "Sengkang West Way",
        "amenity": "fuel",
        "brand": "Esso",
        "brand:wikidata": "Q867662",
        "building": "roof",
        "construction": "gas_station",
        "name": "Esso Petrol Station",
        "opening_hours": "24/7",
        "operator": "Esso",
        "phone": "+65 6573 6546",
        "@geometry": "center"
      },
      "geometry": {
        "type": "Point",
        "coordinates": [
          103.8803449,
          1.3952854
        ]
      },
      "id": "way/672624946"
    },
    {
      "type": "Feature",
      "properties": {
        "@id": "way/776944130",
        "amenity": "fuel",
        "brand": "Caltex",
        "brand:wikidata": "Q277470",
        "brand:wikipedia": "en:Caltex",
        "building": "roof",
        "name": "Caltex",
        "@geometry": "center"
      },
      "geometry": {
        "type": "Point",
        "coordinates": [
          103.8150356,
          1.2844688
        ]
      },
      "id": "way/776944130"
    },
    {
      "type": "Feature",
      "properties": {
        "@id": "way/838044767",
        "addr:country": "SG",
        "addr:housenumber": "311",
        "addr:postcode": "619595",
        "addr:street": "Jalan Ahmad Ibrahim",
        "amenity": "fuel",
        "brand": "Shell",
        "building": "yes",
        "@geometry": "center"
      },
      "geometry": {
        "type": "Point",
        "coordinates": [
          103.7217586,
          1.3234955
        ]
      },
      "id": "way/838044767"
    },
    {
      "type": "Feature",
      "properties": {
        "@id": "way/965808401",
        "amenity": "fuel",
        "brand": "Shell",
        "brand:wikidata": "Q154950",
        "brand:wikipedia": "en:Royal Dutch Shell",
        "building": "roof",
        "check_date": "2023-05-04",
        "name": "Shell",
        "opening_hours": "off",
        "@geometry": "center"
      },
      "geometry": {
        "type": "Point",
        "coordinates": [
          103.9021147,
          1.298168
        ]
      },
      "id": "way/965808401"
    },
    {
      "type": "Feature",
      "properties": {
        "@id": "way/979713521",
        "addr:city": "Singapore",
        "addr:housenumber": "150",
        "addr:postcode": "737854",
        "addr:street": "Woodlands Avenue 5",
        "amenity": "fuel",
        "brand": "Sinopec Singapore",
        "name": "Sinopec Woodlands",
        "self_service": "no",
        "@geometry": "center"
      },
      "geometry": {
        "type": "Point",
        "coordinates": [
          103.7987633,
          1.4326644
        ]
      },
      "id": "way/979713521"
    },
    {
      "type": "Feature",
      "properties": {
        "@id": "way/1104721237",
        "amenity": "fuel",
        "building": "yes",
        "name": "Sinopec",
        "wheelchair": "yes",
        "@geometry": "center"
      },
      "geometry": {
        "type": "Point",
        "coordinates": [
          103.8480465,
          1.4203597
        ]
      },
      "id": "way/1104721237"
    },
    {
      "type": "Feature",
      "properties": {
        "@id": "way/1139293978",
        "addr:city": "Singapore",
        "addr:housenumber": "751",
        "addr:postcode": "269757",
        "addr:street": "Bukit Timah Road",
        "amenity": "fuel",
        "brand": "Esso",
        "brand:wikidata": "Q867662",
        "compressed_air": "yes",
        "landuse": "retail",
        "name": "Esso Bukit Timah",
        "name:zh": "埃索",
        "operator": "Esso",
        "phone": "+65 6466 3611",
        "website": "https://www.exxonmobil.com.sg/",
        "@geometry": "center"
      },
      "geometry": {
        "type": "Point",
        "coordinates": [
          103.7990097,
          1.3300022
        ]
      },
      "id": "way/1139293978"
    },
    {
      "type": "Feature",
      "properties": {
        "@id": "way/1140702127",
        "addr:city": "Singapore",
        "addr:country": "SG",
        "addr:housenumber": "31",
        "addr:postcode": "289896",
        "addr:street": "Adam Road",
        "amenity": "fuel",
        "brand": "SPC",
        "landuse": "retail",
        "name": "SPC Adam Road",
        "operator": "SPC",
        "operator:wikidata": "Q3484938",
        "operator:wikipedia": "en:Singapore Petroleum Company",
        "@geometry": "center"
      },
      "geometry": {
        "type": "Point",
        "coordinates": [
          103.8136976,
          1.3282449
        ]
      },
      "id": "way/1140702127"
    },
    {
      "type": "Feature",
      "properties": {
        "@id": "way/1149024055",
        "amenity": "fuel",
        "landuse": "retail",
        "@geometry": "center"
      },
      "geometry": {
        "type": "Point",
        "coordinates": [
          103.8163699,
          1.2948168
        ]
      },
      "id": "way/1149024055"
    },
    {
      "type": "Feature",
      "properties": {
        "@id": "way/1227279389",
        "amenity": "fuel",
        "building": "industrial",
        "layer": "1",
        "name": "Refuelling Station",
        "@geometry": "center"
      },
      "geometry": {
        "type": "Point",
        "coordinates": [
          103.7932095,
          1.270085
        ]
      },
      "id": "way/1227279389"
    },
    {
      "type": "Feature",
      "properties": {
        "@id": "way/1262643077",
        "addr:city": "Singapore",
        "addr:housenumber": "1",
        "addr:postcode": "437168",
        "addr:street": "Swanage Road",
        "amenity": "fuel",
        "branch": "Tanjong Katong",
        "landuse": "retail",
        "name": "SPC Tanjong Katong",
        "name:en": "SPC Tanjong Katong",
        "name:zh": "新加坡石油公司",
        "operator": "SPC",
        "@geometry": "center"
      },
      "geometry": {
        "type": "Point",
        "coordinates": [
          103.8945969,
          1.3082803
        ]
      },
      "id": "way/1262643077"
    },
    {
      "type": "Feature",
      "properties": {
        "@id": "way/1263513103",
        "addr:city": "Singapore",
        "addr:housenumber": "265",
        "addr:postcode": "437052",
        "addr:street": "Tanjong Katong Road",
        "amenity": "fuel",
        "branch": "Tanjong Katong",
        "brand": "Caltex",
        "brand:wikidata": "Q277470",
        "landuse": "retail",
        "name": "Caltex Tanjong Katong",
        "operator": "SPC",
        "@geometry": "center"
      },
      "geometry": {
        "type": "Point",
        "coordinates": [
          103.8956819,
          1.307488
        ]
      },
      "id": "way/1263513103"
    },
    {
      "type": "Feature",
      "properties": {
        "@id": "way/1263652994",
        "addr:city": "Singapore",
        "addr:country": "SG",
        "addr:housenumber": "31",
        "addr:postcode": "688786",
        "addr:street": "Choa Chu Kang Way",
        "amenity": "fuel",
        "branch": "Choa Chu Kang Way",
        "brand": "Esso",
        "brand:wikidata": "Q867662",
        "landuse": "retail",
        "name": "Esso Choa Chu Kang Way",
        "name:zh": "埃索",
        "operator": "Esso",
        "shop": "convenience",
        "@geometry": "center"
      },
      "geometry": {
        "type": "Point",
        "coordinates": [
          103.7501792,
          1.3775285
        ]
      },
      "id": "way/1263652994"
    },
    {
      "type": "Feature",
      "properties": {
        "@id": "node/1315694193",
        "addr:street": "Bedok North Road",
        "amenity": "fuel",
        "brand": "Esso",
        "brand:wikidata": "Q867662",
        "name": "ESSO",
        "source": "Kaart Ground Survey 2017"
      },
      "geometry": {
        "type": "Point",
        "coordinates": [
          103.9396206,
          1.3282744
        ]
      },
      "id": "node/1315694193"
    },
    {
      "type": "Feature",
      "properties": {
        "@id": "node/1315694304",
        "addr:city": "Singapore",
        "addr:housenumber": "101",
        "addr:postcode": "469678",
        "addr:street": "Bedok North Road",
        "amenity": "fuel",
        "brand": "SPC",
        "name": "SPC Bedok"
      },
      "geometry": {
        "type": "Point",
        "coordinates": [
          103.9397106,
          1.3279084
        ]
      },
      "id": "node/1315694304"
    },
    {
      "type": "Feature",
      "properties": {
        "@id": "way/1381325479",
        "addr:city": "Singapore",
        "addr:housenumber": "250",
        "addr:postcode": "739981",
        "addr:street": "Admiralty Road",
        "amenity": "fuel",
        "brand": "SPC",
        "name": "SPC Admiralty Road",
        "opening_hours": "24/7",
        "operator": "Singapore Petroleum Company",
        "operator:wikidata": "Q3484938",
        "operator:wikipedia": "en:Singapore Petroleum Company",
        "@geometry": "center"
      },
      "geometry": {
        "type": "Point",
        "coordinates": [
          103.7762855,
          1.4425104
        ]
      },
      "id": "way/1381325479"
    },
    {
      "type": "Feature",
      "properties": {
        "@id": "way/1387593908",
        "addr:city": "Singapore",
        "amenity": "fuel",
        "building": "yes",
        "fuel:diesel": "yes",
        "self_service": "yes",
        "@geometry": "center"
      },
      "geometry": {
        "type": "Point",
        "coordinates": [
          103.7131412,
          1.3757802
        ]
      },
      "id": "way/1387593908"
    },
    {
      "type": "Feature",
      "properties": {
        "@id": "way/1417729715",
        "addr:city": "Singapore",
        "addr:housenumber": "91",
        "addr:postcode": "544885",
        "addr:street": "Sengkang East Way",
        "amenity": "fuel",
        "brand": "SPC",
        "landuse": "retail",
        "name": "SPC Sengkang",
        "operator": "SPC",
        "@geometry": "center"
      },
      "geometry": {
        "type": "Point",
        "coordinates": [
          103.8989232,
          1.3911598
        ]
      },
      "id": "way/1417729715"
    },
    {
      "type": "Feature",
      "properties": {
        "@id": "way/1441886541",
        "addr:street": "Pasir Ris Drive 1",
        "amenity": "fuel",
        "brand": "Esso",
        "brand:wikidata": "Q867662",
        "compressed_air": "yes",
        "landuse": "retail",
        "name": "Esso",
        "name:en": "Esso",
        "name:zh": "埃索",
        "wheelchair": "yes",
        "@geometry": "center"
      },
      "geometry": {
        "type": "Point",
        "coordinates": [
          103.9406019,
          1.3749635
        ]
      },
      "id": "way/1441886541"
    },
    {
      "type": "Feature",
      "properties": {
        "@id": "way/1468013875",
        "addr:city": "Singapore",
        "addr:housenumber": "866",
        "addr:postcode": "534694",
        "addr:street": "Upper Serangoon Road",
        "amenity": "fuel",
        "brand": "Esso",
        "brand:wikidata": "Q867662",
        "landuse": "retail",
        "name": "Esso Kovan",
        "name:zh": "埃索",
        "operator": "Esso",
        "@geometry": "center"
      },
      "geometry": {
        "type": "Point",
        "coordinates": [
          103.8840677,
          1.3588491
        ]
      },
      "id": "way/1468013875"
    },
    {
      "type": "Feature",
      "properties": {
        "@id": "node/1742904249",
        "addr:city": "Singapore",
        "addr:housenumber": "50",
        "addr:postcode": "659879",
        "addr:street": "Bukit Batok East Avenue 3",
        "amenity": "fuel",
        "brand:wikidata": "Q3484938",
        "building": "roof",
        "car_wash": "yes",
        "fuel:diesel": "yes",
        "fuel:octane_92": "yes",
        "fuel:octane_95": "yes",
        "name": "SPC Bukit Batok Service Station",
        "opening_hours": "24/7",
        "operator": "SPC",
        "self_service": "yes",
        "shop": "convenience"
      },
      "geometry": {
        "type": "Point",
        "coordinates": [
          103.7585416,
          1.3432114
        ]
      },
      "id": "node/1742904249"
    },
    {
      "type": "Feature",
      "properties": {
        "@id": "node/1780170433",
        "addr:city": "Singapore",
        "addr:housenumber": "648",
        "addr:postcode": "289629",
        "addr:street": "Dunearn Road",
        "amenity": "fuel",
        "compressed_air": "yes",
        "name": "Shell Dunearn",
        "operator": "Shell",
        "phone": "+65 6469 1130",
        "website": "https://www.shell.com.sg/"
      },
      "geometry": {
        "type": "Point",
        "coordinates": [
          103.7991009,
          1.3309239
        ]
      },
      "id": "node/1780170433"
    },
    {
      "type": "Feature",
      "properties": {
        "@id": "node/1792763706",
        "amenity": "fuel",
        "brand": "Shell",
        "brand:wikidata": "Q154950",
        "brand:wikipedia": "en:Royal Dutch Shell",
        "compressed_air": "yes",
        "name": "Shell",
        "operator": "Shell"
      },
      "geometry": {
        "type": "Point",
        "coordinates": [
          103.8033958,
          1.2974825
        ]
      },
      "id": "node/1792763706"
    },
    {
      "type": "Feature",
      "properties": {
        "@id": "node/2296694340",
        "amenity": "fuel"
      },
      "geometry": {
        "type": "Point",
        "coordinates": [
          103.714902,
          1.3495711
        ]
      },
      "id": "node/2296694340"
    },
    {
      "type": "Feature",
      "properties": {
        "@id": "node/2889130801",
        "amenity": "fuel",
        "brand": "SPC (Singapore Petroleum Company)",
        "fuel:diesel": "yes",
        "fuel:octane_92": "yes",
        "fuel:octane_95": "yes",
        "fuel:octane_98": "yes",
        "name": "SPC Pasir Panjang"
      },
      "geometry": {
        "type": "Point",
        "coordinates": [
          103.7906988,
          1.2770734
        ]
      },
      "id": "node/2889130801"
    },
    {
      "type": "Feature",
      "properties": {
        "@id": "node/4293091591",
        "amenity": "fuel",
        "brand": "Esso",
        "brand:wikidata": "Q867662",
        "name": "Esso"
      },
      "geometry": {
        "type": "Point",
        "coordinates": [
          103.8213385,
          1.2825719
        ]
      },
      "id": "node/4293091591"
    },
    {
      "type": "Feature",
      "properties": {
        "@id": "node/4493724590",
        "addr:street": "Tuas South Avenue 5",
        "amenity": "fuel",
        "brand": "Shell",
        "brand:wikidata": "Q110716465",
        "name": "Shell Tuas South",
        "name:en": "Shell Tuas South",
        "opening_hours": "Mo-Fr 07:00-19:00",
        "operator": "Shell"
      },
      "geometry": {
        "type": "Point",
        "coordinates": [
          103.6255849,
          1.2892716
        ]
      },
      "id": "node/4493724590"
    },
    {
      "type": "Feature",
      "properties": {
        "@id": "node/4620931195",
        "amenity": "fuel",
        "operator": "SPC"
      },
      "geometry": {
        "type": "Point",
        "coordinates": [
          103.8360236,
          1.3788131
        ]
      },
      "id": "node/4620931195"
    },
    {
      "type": "Feature",
      "properties": {
        "@id": "node/4769474326",
        "amenity": "fuel",
        "brand": "Shell",
        "brand:wikidata": "Q110716465",
        "name": "Shell Gas Station"
      },
      "geometry": {
        "type": "Point",
        "coordinates": [
          103.8489352,
          1.3410684
        ]
      },
      "id": "node/4769474326"
    },
    {
      "type": "Feature",
      "properties": {
        "@id": "node/6259820662",
        "amenity": "fuel",
        "brand": "Esso",
        "brand:wikidata": "Q867662",
        "brand:wikipedia": "en:Esso",
        "building": "roof",
        "name": "Esso",
        "name:zh": "埃索",
        "toilets:wheelchair": "yes",
        "wheelchair": "yes"
      },
      "geometry": {
        "type": "Point",
        "coordinates": [
          103.8879955,
          1.3631658
        ]
      },
      "id": "node/6259820662"
    },
    {
      "type": "Feature",
      "properties": {
        "@id": "node/6326830481",
        "addr:city": "Singapore",
        "addr:country": "SG",
        "addr:housenumber": "21",
        "addr:postcode": "649481",
        "addr:street": "Jurong West Avenue 5",
        "amenity": "fuel",
        "brand": "Shell",
        "brand:wikidata": "Q110716465",
        "name": "Shell",
        "name:zh": "壳牌",
        "source": "Mapbox"
      },
      "geometry": {
        "type": "Point",
        "coordinates": [
          103.7012219,
          1.3501574
        ]
      },
      "id": "node/6326830481"
    },
    {
      "type": "Feature",
      "properties": {
        "@id": "node/6458287174",
        "addr:city": "Singapore",
        "addr:country": "SG",
        "addr:housenumber": "10",
        "addr:postcode": "649517",
        "addr:street": "Jurong West Avenue 1",
        "amenity": "fuel",
        "brand": "Esso",
        "brand:wikidata": "Q867662",
        "brand:wikipedia": "en:Esso",
        "name": "Esso",
        "name:zh": "埃索"
      },
      "geometry": {
        "type": "Point",
        "coordinates": [
          103.723678,
          1.3510309
        ]
      },
      "id": "node/6458287174"
    },
    {
      "type": "Feature",
      "properties": {
        "@id": "node/6458621181",
        "addr:city": "Singapore",
        "addr:country": "SG",
        "addr:housenumber": "150",
        "addr:postcode": "609787",
        "addr:street": "Jurong East Avenue 1",
        "amenity": "fuel",
        "brand": "Esso",
        "brand:wikidata": "Q867662",
        "brand:wikipedia": "en:Esso",
        "compressed_air": "yes",
        "name": "Esso",
        "name:zh": "埃索"
      },
      "geometry": {
        "type": "Point",
        "coordinates": [
          103.7327667,
          1.3452443
        ]
      },
      "id": "node/6458621181"
    },
    {
      "type": "Feature",
      "properties": {
        "@id": "node/7196501594",
        "amenity": "fuel",
        "brand": "Caltex",
        "brand:wikidata": "Q277470",
        "brand:wikipedia": "en:Caltex",
        "capacity": "8",
        "fuel:GTL_diesel": "no",
        "fuel:diesel": "yes",
        "fuel:octane_92": "yes",
        "fuel:octane_95": "yes",
        "fuel:octane_98": "yes",
        "name": "Caltex",
        "name:zh": "加德士",
        "opening_hours": "24/7"
      },
      "geometry": {
        "type": "Point",
        "coordinates": [
          103.8908172,
          1.3254067
        ]
      },
      "id": "node/7196501594"
    },
    {
      "type": "Feature",
      "properties": {
        "@id": "node/7501471747",
        "addr:street": "Upper East Coast Road",
        "amenity": "fuel",
        "brand": "Esso",
        "brand:wikidata": "Q867662",
        "brand:wikipedia": "en:Esso",
        "name": "Esso",
        "name:zh": "埃索",
        "source": "Kaart Ground Survey 2017"
      },
      "geometry": {
        "type": "Point",
        "coordinates": [
          103.9343159,
          1.3145064
        ]
      },
      "id": "node/7501471747"
    },
    {
      "type": "Feature",
      "properties": {
        "@id": "node/7637549570",
        "amenity": "fuel",
        "brand": "Shell",
        "brand:wikidata": "Q154950",
        "brand:wikipedia": "en:Royal Dutch Shell",
        "name": "Shell",
        "name:zh": "壳牌"
      },
      "geometry": {
        "type": "Point",
        "coordinates": [
          103.9129521,
          1.3187365
        ]
      },
      "id": "node/7637549570"
    },
    {
      "type": "Feature",
      "properties": {
        "@id": "node/7637580395",
        "addr:street": "Changi Road",
        "amenity": "fuel",
        "name": "SPC",
        "name:zh": "新加坡石油公司",
        "wheelchair": "yes"
      },
      "geometry": {
        "type": "Point",
        "coordinates": [
          103.9086411,
          1.3185447
        ]
      },
      "id": "node/7637580395"
    },
    {
      "type": "Feature",
      "properties": {
        "@id": "node/8088327127",
        "addr:city": "Singapore",
        "addr:country": "SG",
        "addr:housenumber": "20",
        "addr:postcode": "689717",
        "addr:street": "Choa Chu Kang Drive",
        "amenity": "fuel",
        "brand": "Shell",
        "brand:wikidata": "Q110716465",
        "brand:wikipedia": "en:Royal Dutch Shell",
        "name": "Shell",
        "name:zh": "壳牌",
        "source": "Bing"
      },
      "geometry": {
        "type": "Point",
        "coordinates": [
          103.7464634,
          1.3856228
        ]
      },
      "id": "node/8088327127"
    },
    {
      "type": "Feature",
      "properties": {
        "@id": "node/8208614736",
        "addr:city": "Singapore",
        "addr:country": "SG",
        "addr:housenumber": "1",
        "addr:street": "Tampines Avenue 8",
        "amenity": "fuel",
        "brand": "Caltex",
        "brand:wikidata": "Q277470",
        "brand:wikipedia": "en:Caltex",
        "compressed_air": "yes",
        "name": "Caltex",
        "name:zh": "加德士",
        "operator": "Caltex",
        "source": "Kaart Ground Survey 2017"
      },
      "geometry": {
        "type": "Point",
        "coordinates": [
          103.9284747,
          1.3493657
        ]
      },
      "id": "node/8208614736"
    },
    {
      "type": "Feature",
      "properties": {
        "@id": "node/8223862810",
        "addr:street": "Outram Road",
        "amenity": "fuel",
        "brand": "Shell",
        "brand:wikidata": "Q110716465",
        "brand:wikipedia": "en:Royal Dutch Shell",
        "building": "roof",
        "name": "Shell",
        "operator": "Shell",
        "source": "Kaart Ground Survey 2017"
      },
      "geometry": {
        "type": "Point",
        "coordinates": [
          103.834537,
          1.2867386
        ]
      },
      "id": "node/8223862810"
    },
    {
      "type": "Feature",
      "properties": {
        "@id": "node/8223864774",
        "addr:city": "Singapore",
        "addr:country": "SG",
        "addr:housenumber": "397",
        "addr:postcode": "169630",
        "addr:street": "Havelock Road",
        "amenity": "fuel",
        "branch": "Havelock",
        "building": "yes",
        "compressed_air": "yes",
        "name": "SPC",
        "phone": "+65 67341478",
        "source": "Kaart Ground Survey 2017",
        "website": "https://www.spc.com.sg/"
      },
      "geometry": {
        "type": "Point",
        "coordinates": [
          103.8381916,
          1.288499
        ]
      },
      "id": "node/8223864774"
    },
    {
      "type": "Feature",
      "properties": {
        "@id": "node/9107774054",
        "addr:city": "Singapore",
        "addr:country": "SG",
        "addr:housenumber": "622",
        "addr:postcode": "149067",
        "addr:street": "Queensway",
        "amenity": "fuel",
        "branch": "Queensway A",
        "brand": "Esso",
        "brand:wikidata": "Q867662",
        "capacity": "8",
        "compressed_air": "yes",
        "name": "Esso",
        "name:en": "Esso",
        "name:zh": "埃索",
        "phone": "+65 6474 7824",
        "source": "Kaart Ground Survey 2017",
        "website": "https://www.esso.com.sg/en-sg/find-station/esso-singapore-essoqueenswaya-300100077"
      },
      "geometry": {
        "type": "Point",
        "coordinates": [
          103.8024625,
          1.3069553
        ]
      },
      "id": "node/9107774054"
    },
    {
      "type": "Feature",
      "properties": {
        "@id": "node/9457441839",
        "addr:street": "Lorong 2 Toa Payoh",
        "amenity": "fuel",
        "brand": "Esso",
        "brand:wikidata": "Q867662",
        "brand:wikipedia": "en:Esso",
        "name": "Esso",
        "name:zh": "埃索",
        "source": "Kaart Ground Survey 2017",
        "wheelchair": "yes"
      },
      "geometry": {
        "type": "Point",
        "coordinates": [
          103.8464734,
          1.3362441
        ]
      },
      "id": "node/9457441839"
    },
    {
      "type": "Feature",
      "properties": {
        "@id": "node/9457446717",
        "amenity": "fuel",
        "brand": "Esso",
        "brand:wikidata": "Q867662",
        "name": "Esso",
        "name:en": "Esso",
        "name:zh": "埃索",
        "source": "Bing"
      },
      "geometry": {
        "type": "Point",
        "coordinates": [
          103.8525333,
          1.362539
        ]
      },
      "id": "node/9457446717"
    },
    {
      "type": "Feature",
      "properties": {
        "@id": "node/9710976711",
        "addr:street": "Ang Mo Kio Avenue 6",
        "amenity": "fuel",
        "brand": "Shell",
        "brand:wikidata": "Q110716465",
        "name": "Shell",
        "name:zh": "壳牌"
      },
      "geometry": {
        "type": "Point",
        "coordinates": [
          103.8446476,
          1.3678865
        ]
      },
      "id": "node/9710976711"
    },
    {
      "type": "Feature",
      "properties": {
        "@id": "node/10859794063",
        "addr:city": "Singapore",
        "addr:housenumber": "50",
        "addr:postcode": "739066",
        "addr:street": "Woodlands Avenue 1",
        "amenity": "fuel",
        "brand": "Esso",
        "brand:wikidata": "Q867662",
        "brand:wikipedia": "en:Esso",
        "fuel:diesel": "yes",
        "fuel:octane_91": "yes",
        "fuel:octane_95": "yes",
        "fuel:octane_98": "yes",
        "self_service": "yes"
      },
      "geometry": {
        "type": "Point",
        "coordinates": [
          103.7844709,
          1.4309338
        ]
      },
      "id": "node/10859794063"
    },
    {
      "type": "Feature",
      "properties": {
        "@id": "node/12059241834",
        "addr:street": "Punggol Central",
        "amenity": "fuel",
        "name": "SPC",
        "name:en": "SPC",
        "name:zh": "新加坡石油公司",
        "operator": "SPC",
        "source": "Kaart Ground Survey 2017"
      },
      "geometry": {
        "type": "Point",
        "coordinates": [
          103.9091232,
          1.4003579
        ]
      },
      "id": "node/12059241834"
    }
  ]
}