{
  "type": "FeatureCollection",
  "generator": "overpass-turbo",
  "copyright": "The data included in this document is from www.openstreetmap.org. The data is made available under ODbL.",
  "timestamp": "2026-03-26T11:19:44Z",
  "features": [
    {
      "type": "Feature",
      "properties": {
        "@id": "way/34408631",
        "addr:city": "Singapore",
        "addr:housenumber": "21",
        "addr:postcode": "528765",
        "addr:street": "Tampines North Drive 2",
        "alt_name": "Giant Tampines",
        "branch": "Tampines Retail Park",
        "brand": "Giant Hypermarket",
        "brand:wikidata": "Q4217013",
        "building": "yes",
        "building:levels": "3",
        "name": "Giant Hypermarket",
        "opening_hours": "Su-Th 08:00-24:00; Fr-Sa 08:00-02:00",
        "operator": "Giant",
        "operator:wikidata": "Q4217013",
        "shop": "supermarket",
        "@geometry": "center"
      },
      "geometry": {
        "type": "Point",
        "coordinates": [
          103.9319998,
          1.3721266
        ]
      },
      "id": "way/34408631"
    },
    {
      "type": "Feature",
      "properties": {
        "@id": "way/71400542",
        "addr:city": "Singapore",
        "addr:housenumber": "464-486",
        "addr:postcode": "678077",
        "addr:street": "Jalan Asas",
        "building": "retail",
        "check_date": "2024-02-19",
        "name": "Cold Storage",
        "name:zh": "冷藏公司超市",
        "opening_hours": "24/7",
        "payment:cash": "yes",
        "payment:credit_cards": "yes",
        "payment:debit_cards": "yes",
        "shop": "supermarket",
        "website": "https://coldstorage.com.sg/",
        "wheelchair": "yes",
        "@geometry": "center"
      },
      "geometry": {
        "type": "Point",
        "coordinates": [
          103.7675591,
          1.3603085
        ]
      },
      "id": "way/71400542"
    },
    {
      "type": "Feature",
      "properties": {
        "@id": "way/83697449",
        "addr:country": "SG",
        "amenity": "fuel",
        "brand": "SPC",
        "building": "yes",
        "building:levels": "1",
        "compressed_air": "yes",
        "fuel:diesel": "yes",
        "fuel:octane_100": "yes",
        "fuel:octane_95": "yes",
        "fuel:octane_98": "yes",
        "name": "SPC",
        "opening_hours": "24/7",
        "shop": "convenience",
        "@geometry": "center"
      },
      "geometry": {
        "type": "Point",
        "coordinates": [
          103.9590308,
          1.3575722
        ]
      },
      "id": "way/83697449"
    },
    {
      "type": "Feature",
      "properties": {
        "@id": "way/85552307",
        "amenity": "fuel",
        "brand": "Esso",
        "brand:wikidata": "Q867662",
        "building": "yes",
        "compressed_air": "yes",
        "fuel:diesel": "yes",
        "fuel:octane_100": "yes",
        "fuel:octane_95": "yes",
        "fuel:octane_98": "yes",
        "name": "Esso",
        "name:zh": "埃索",
        "opening_hours": "24/7",
        "shop": "convenience",
        "source": "Kaart Ground Survey 2017",
        "@geometry": "center"
      },
      "geometry": {
        "type": "Point",
        "coordinates": [
          103.9476711,
          1.3605801
        ]
      },
      "id": "way/85552307"
    },
    {
      "type": "Feature",
      "properties": {
        "@id": "way/85584520",
        "addr:city": "Singapore",
        "addr:country": "SG",
        "addr:street": "Tampines Avenue 2",
        "amenity": "fuel",
        "brand": "Shell",
        "brand:wikidata": "Q110716465",
        "building": "yes",
        "building:levels": "1",
        "compressed_air": "yes",
        "fuel:diesel": "yes",
        "fuel:octane_100": "yes",
        "fuel:octane_95": "yes",
        "fuel:octane_98": "yes",
        "name": "Shell",
        "name:zh": "壳牌",
        "opening_hours": "24/7",
        "operator": "Shell",
        "shop": "convenience",
        "@geometry": "center"
      },
      "geometry": {
        "type": "Point",
        "coordinates": [
          103.9477306,
          1.3491978
        ]
      },
      "id": "way/85584520"
    },
    {
      "type": "Feature",
      "properties": {
        "@id": "way/158323676",
        "addr:city": "Singapore",
        "addr:country": "SG",
        "addr:housenumber": "22",
        "addr:postcode": "809810",
        "addr:street": "Begonia Road",
        "building": "yes",
        "name": "Begonia Supermarket",
        "shop": "convenience",
        "source": "Kaart Ground Survey 2017",
        "@geometry": "center"
      },
      "geometry": {
        "type": "Point",
        "coordinates": [
          103.8629345,
          1.3878139
        ]
      },
      "id": "way/158323676"
    },
    {
      "type": "Feature",
      "properties": {
        "@id": "way/159027420",
        "addr:street": "Yio Chu Kang Road",
        "amenity": "fuel",
        "brand": "Esso",
        "brand:wikidata": "Q867662",
        "building": "yes",
        "fuel:diesel": "yes",
        "fuel:octane_95": "yes",
        "fuel:octane_98": "yes",
        "name": "Esso",
        "name:zh": "埃索",
        "shop": "convenience",
        "source": "Kaart Ground Survey 2017",
        "@geometry": "center"
      },
      "geometry": {
        "type": "Point",
        "coordinates": [
          103.8765182,
          1.3817193
        ]
      },
      "id": "way/159027420"
    },
    {
      "type": "Feature",
      "properties": {
        "@id": "way/162384059",
        "amenity": "fuel",
        "brand": "Shell",
        "brand:wikidata": "Q110716465",
        "building": "roof",
        "compressed_air": "yes",
        "fuel:diesel": "yes",
        "fuel:octane_100": "yes",
        "fuel:octane_95": "yes",
        "layer": "-1",
        "name": "Shell Bukit Batok Nature Park",
        "opening_hours": "24/7",
        "operator": "Shell",
        "operator:wikidata": "Q154950",
        "self_service": "yes",
        "shop": "convenience",
        "@geometry": "center"
      },
      "geometry": {
        "type": "Point",
        "coordinates": [
          103.7649843,
          1.3475677
        ]
      },
      "id": "way/162384059"
    },
    {
      "type": "Feature",
      "properties": {
        "@id": "way/169517612",
        "addr:city": "Singapore",
        "addr:country": "SG",
        "addr:housenumber": "202",
        "addr:street": "Lorong 1 Toa Payoh",
        "amenity": "fuel",
        "brand": "Shell",
        "brand:wikidata": "Q110716465",
        "brand:wikipedia": "en:Royal Dutch Shell",
        "building": "roof",
        "name": "Shell",
        "name:zh": "壳牌",
        "shop": "convenience",
        "source": "Kaart Ground Survey 2017",
        "@geometry": "center"
      },
      "geometry": {
        "type": "Point",
        "coordinates": [
          103.848861,
          1.3411229
        ]
      },
      "id": "way/169517612"
    },
    {
      "type": "Feature",
      "properties": {
        "@id": "way/172242414",
        "addr:city": "Singapore",
        "addr:housenumber": "70",
        "addr:street": "Seng Poh Lane",
        "building": "yes",
        "building:levels": "1",
        "name": "Leong Wah Kee Mini Market",
        "shop": "convenience",
        "start_date": "1937",
        "@geometry": "center"
      },
      "geometry": {
        "type": "Point",
        "coordinates": [
          103.8326776,
          1.2840873
        ]
      },
      "id": "way/172242414"
    },
    {
      "type": "Feature",
      "properties": {
        "@id": "way/172481842",
        "addr:city": "Singapore",
        "addr:housenumber": "368",
        "addr:street": "Wishart Road",
        "building": "yes",
        "name": "Shipmart Pte Ltd",
        "shop": "supermarket",
        "source": "Kaart Ground Survey 2017",
        "@geometry": "center"
      },
      "geometry": {
        "type": "Point",
        "coordinates": [
          103.8147233,
          1.2690936
        ]
      },
      "id": "way/172481842"
    },
    {
      "type": "Feature",
      "properties": {
        "@id": "way/231917973",
        "building": "yes",
        "name": "Choices",
        "shop": "convenience",
        "source": "Kaart Ground Survey 2017",
        "@geometry": "center"
      },
      "geometry": {
        "type": "Point",
        "coordinates": [
          103.8378551,
          1.3489305
        ]
      },
      "id": "way/231917973"
    },
    {
      "type": "Feature",
      "properties": {
        "@id": "way/260069557",
        "addr:street": "Thomson Road",
        "brand": "Shell Select",
        "brand:wikidata": "Q110716465",
        "building": "retail",
        "building:levels": "1",
        "name": "Shell Select",
        "shop": "convenience",
        "source": "Kaart Ground Survey 2017",
        "@geometry": "center"
      },
      "geometry": {
        "type": "Point",
        "coordinates": [
          103.8422303,
          1.3241676
        ]
      },
      "id": "way/260069557"
    },
    {
      "type": "Feature",
      "properties": {
        "@id": "way/260696419",
        "brand": "Choices",
        "building": "retail",
        "building:levels": "11",
        "shop": "convenience",
        "@geometry": "center"
      },
      "geometry": {
        "type": "Point",
        "coordinates": [
          103.8416279,
          1.324876
        ]
      },
      "id": "way/260696419"
    },
    {
      "type": "Feature",
      "properties": {
        "@id": "way/272799302",
        "brand": "7-Eleven",
        "brand:wikidata": "Q259340",
        "brand:wikipedia": "en:7-Eleven",
        "building": "yes",
        "name": "7-Eleven",
        "name:zh": "7-11便利店",
        "opening_hours": "24/7",
        "operator": "7-11",
        "payment:nets": "yes",
        "shop": "convenience",
        "@geometry": "center"
      },
      "geometry": {
        "type": "Point",
        "coordinates": [
          103.9570314,
          1.3421696
        ]
      },
      "id": "way/272799302"
    },
    {
      "type": "Feature",
      "properties": {
        "@id": "way/361573966",
        "addr:street": "Alexandra Road",
        "brand": "Star Mart",
        "brand:wikidata": "Q61994857",
        "building": "yes",
        "name": "Star Mart",
        "shop": "convenience",
        "source": "Kaart Ground Survey 2017",
        "@geometry": "center"
      },
      "geometry": {
        "type": "Point",
        "coordinates": [
          103.8067007,
          1.2904524
        ]
      },
      "id": "way/361573966"
    },
    {
      "type": "Feature",
      "properties": {
        "@id": "way/361573971",
        "brand": "7-Eleven",
        "brand:wikidata": "Q259340",
        "brand:wikipedia": "en:7-Eleven",
        "building:part": "yes",
        "name": "7-Eleven",
        "name:zh": "7-11便利店",
        "shop": "convenience",
        "source": "Kaart Ground Survey 2017",
        "@geometry": "center"
      },
      "geometry": {
        "type": "Point",
        "coordinates": [
          103.8069318,
          1.2907502
        ]
      },
      "id": "way/361573971"
    },
    {
      "type": "Feature",
      "properties": {
        "@id": "way/362268142",
        "addr:housenumber": "01-34",
        "addr:street": "Alexandra Road",
        "brand": "7-Eleven",
        "brand:wikidata": "Q259340",
        "brand:wikipedia": "en:7-Eleven",
        "layer": "0",
        "level": "0",
        "name": "7-Eleven",
        "name:zh": "7-11便利店",
        "shop": "convenience",
        "@geometry": "center"
      },
      "geometry": {
        "type": "Point",
        "coordinates": [
          103.8054998,
          1.2890822
        ]
      },
      "id": "way/362268142"
    },
    {
      "type": "Feature",
      "properties": {
        "@id": "way/362283693",
        "addr:housenumber": "B1-04 to 07",
        "level": "-1",
        "name": "Cold Storage",
        "name:fa": "کولد استوریج",
        "name:zh": "冷藏公司超市",
        "shop": "supermarket",
        "@geometry": "center"
      },
      "geometry": {
        "type": "Point",
        "coordinates": [
          103.8050186,
          1.2887675
        ]
      },
      "id": "way/362283693"
    },
    {
      "type": "Feature",
      "properties": {
        "@id": "node/368260503",
        "brand": "7-Eleven",
        "brand:wikidata": "Q259340",
        "name": "7-Eleven",
        "name:zh": "7-11便利店",
        "operator": "7-11",
        "shop": "convenience",
        "wheelchair": "no"
      },
      "geometry": {
        "type": "Point",
        "coordinates": [
          103.8899724,
          1.3908699
        ]
      },
      "id": "node/368260503"
    },
    {
      "type": "Feature",
      "properties": {
        "@id": "node/368278973",
        "brand": "7-Eleven",
        "brand:wikidata": "Q259340",
        "brand:wikipedia": "en:7-Eleven",
        "name": "7-Eleven",
        "name:zh": "7-11便利店",
        "shop": "convenience",
        "wheelchair": "limited"
      },
      "geometry": {
        "type": "Point",
        "coordinates": [
          103.8892811,
          1.3939865
        ]
      },
      "id": "node/368278973"
    },
    {
      "type": "Feature",
      "properties": {
        "@id": "node/368278996",
        "addr:street": "Sengkang East Road",
        "brand": "Shell Shop",
        "brand:wikidata": "Q110716465",
        "brand:wikipedia": "en:Royal Dutch Shell",
        "name": "Shell Shop",
        "operator": "Shell",
        "shop": "convenience",
        "source": "Kaart Ground Survey 2017",
        "wheelchair": "yes"
      },
      "geometry": {
        "type": "Point",
        "coordinates": [
          103.8927199,
          1.3916146
        ]
      },
      "id": "node/368278996"
    },
    {
      "type": "Feature",
      "properties": {
        "@id": "node/369123892",
        "branch": "Rivervale Plaza",
        "brand": "NTUC Fairprice",
        "brand:wikidata": "Q6955519",
        "level": "0",
        "name": "NTUC Fairprice",
        "name:en": "NTUC FairPrice",
        "name:zh": "职总平价超市",
        "opening_hours": "24/7",
        "operator": "NTUC FairPrice",
        "shop": "supermarket",
        "wheelchair": "yes"
      },
      "geometry": {
        "type": "Point",
        "coordinates": [
          103.9025772,
          1.3856119
        ]
      },
      "id": "node/369123892"
    },
    {
      "type": "Feature",
      "properties": {
        "@id": "node/369124085",
        "brand": "7-Eleven",
        "brand:wikidata": "Q259340",
        "level": "0",
        "name": "7-Eleven",
        "name:zh": "7-11便利店",
        "shop": "convenience",
        "wheelchair": "yes"
      },
      "geometry": {
        "type": "Point",
        "coordinates": [
          103.9023251,
          1.3857165
        ]
      },
      "id": "node/369124085"
    },
    {
      "type": "Feature",
      "properties": {
        "@id": "node/369126806",
        "name": "newecon minimart",
        "operator": "Econ Minimart",
        "shop": "convenience"
      },
      "geometry": {
        "type": "Point",
        "coordinates": [
          103.8994339,
          1.3952017
        ]
      },
      "id": "node/369126806"
    },
    {
      "type": "Feature",
      "properties": {
        "@id": "node/369127276",
        "addr:city": "Singapore",
        "addr:housenumber": "21",
        "addr:postcode": "538719",
        "addr:street": "Hougang Street 51",
        "name": "Giant",
        "name:zh": "Giant超级",
        "shop": "supermarket",
        "wheelchair": "yes"
      },
      "geometry": {
        "type": "Point",
        "coordinates": [
          103.88795,
          1.3794345
        ]
      },
      "id": "node/369127276"
    },
    {
      "type": "Feature",
      "properties": {
        "@id": "node/369128055",
        "brand": "NTUC Fairprice",
        "brand:wikidata": "Q6955519",
        "brand:wikipedia": "en:NTUC FairPrice",
        "level": "-1",
        "name": "NTUC FairPrice",
        "name:en": "NTUC FairPrice",
        "name:zh": "职总平价超市",
        "opening_hours": "08:00-23:00",
        "shop": "supermarket",
        "wheelchair": "yes"
      },
      "geometry": {
        "type": "Point",
        "coordinates": [
          103.8939238,
          1.3725281
        ]
      },
      "id": "node/369128055"
    },
    {
      "type": "Feature",
      "properties": {
        "@id": "node/369128171",
        "brand": "NTUC Fairprice",
        "brand:wikidata": "Q6955519",
        "brand:wikipedia": "en:NTUC FairPrice",
        "name": "NTUC Fairprice",
        "name:en": "NTUC FairPrice",
        "name:zh": "职总平价超市",
        "opening_hours": "24/7",
        "operator": "NTUC",
        "shop": "supermarket",
        "wheelchair": "yes"
      },
      "geometry": {
        "type": "Point",
        "coordinates": [
          103.893624,
          1.3824983
        ]
      },
      "id": "node/369128171"
    },
    {
      "type": "Feature",
      "properties": {
        "@id": "node/369129230",
        "brand": "Cheers",
        "brand:wikidata": "Q64154066",
        "name": "Cheers",
        "name:zh": "Cheers(雀喜)便利商店",
        "opening_hours": "24/7",
        "operator": "Cheers",
        "shop": "convenience",
        "wheelchair": "yes"
      },
      "geometry": {
        "type": "Point",
        "coordinates": [
          103.901657,
          1.3856259
        ]
      },
      "id": "node/369129230"
    },
    {
      "type": "Feature",
      "properties": {
        "@id": "node/369130468",
        "addr:city": "Singapore",
        "addr:housenumber": "11",
        "addr:postcode": "545082",
        "addr:street": "Rivervale Crescent",
        "addr:unit": "#03-01",
        "branch": "Rivervale Mall",
        "brand": "NTUC Fairprice",
        "brand:wikidata": "Q6955519",
        "brand:wikipedia": "en:NTUC FairPrice",
        "level": "2",
        "name": "NTUC FairPrice",
        "name:en": "NTUC FairPrice",
        "name:zh": "职总平价超市",
        "note": "occupies the entire level",
        "opening_hours": "Mo-Su 08:00-22:00",
        "phone": "+65 6384 4711",
        "shop": "supermarket",
        "website": "https://www.fairprice.com.sg/",
        "wheelchair": "yes"
      },
      "geometry": {
        "type": "Point",
        "coordinates": [
          103.904213,
          1.3923199
        ]
      },
      "id": "node/369130468"
    },
    {
      "type": "Feature",
      "properties": {
        "@id": "node/370746817",
        "brand": "7-Eleven",
        "brand:wikidata": "Q259340",
        "brand:wikipedia": "en:7-Eleven",
        "level": "0",
        "name": "7-Eleven",
        "name:zh": "7-11便利店",
        "operator": "7-Eleven",
        "shop": "convenience"
      },
      "geometry": {
        "type": "Point",
        "coordinates": [
          103.9013531,
          1.3904025
        ]
      },
      "id": "node/370746817"
    },
    {
      "type": "Feature",
      "properties": {
        "@id": "node/370750313",
        "brand": "NTUC Fairprice",
        "brand:wikidata": "Q6955519",
        "level": "2",
        "name": "NTUC Fairprice",
        "name:en": "NTUC FairPrice",
        "name:zh": "职总平价超市",
        "note": "occupies almost the whole level",
        "operator": "NTUC FairPrice",
        "shop": "supermarket",
        "wheelchair": "yes"
      },
      "geometry": {
        "type": "Point",
        "coordinates": [
          103.912923,
          1.3943753
        ]
      },
      "id": "node/370750313"
    },
    {
      "type": "Feature",
      "properties": {
        "@id": "node/380581806",
        "addr:city": "Singapore",
        "addr:housenumber": "202",
        "addr:postcode": "530202",
        "addr:street": "Hougang Street 21",
        "brand": "NTUC Fairprice",
        "brand:wikidata": "Q6955519",
        "brand:wikipedia": "en:NTUC FairPrice",
        "name": "NTUC FairPrice",
        "name:en": "NTUC FairPrice",
        "name:zh": "职总平价超市",
        "opening_hours": "24/7",
        "operator": "NTUC FairPrice",
        "shop": "supermarket",
        "wheelchair": "yes"
      },
      "geometry": {
        "type": "Point",
        "coordinates": [
          103.8841371,
          1.3575602
        ]
      },
      "id": "node/380581806"
    },
    {
      "type": "Feature",
      "properties": {
        "@id": "node/391291543",
        "addr:city": "Singapore",
        "addr:housenumber": "266",
        "addr:postcode": "540266",
        "addr:street": "Compassvale Bow",
        "check_date:opening_hours": "2026-01-17",
        "name": "Sheng Siong Supermarket",
        "name:zh": "Giant超级",
        "opening_hours": "Mo-Su,PH 00:00-24:00",
        "operator": "Giant",
        "phone": "+65 6970 6792",
        "shop": "supermarket"
      },
      "geometry": {
        "type": "Point",
        "coordinates": [
          103.8970373,
          1.3815806
        ]
      },
      "id": "node/391291543"
    },
    {
      "type": "Feature",
      "properties": {
        "@id": "node/393148957",
        "addr:city": "Singapore",
        "addr:housenumber": "348",
        "addr:postcode": "469560",
        "addr:street": "Bedok Road",
        "air_conditioning": "yes",
        "brand": "Giant Hypermarket",
        "brand:wikidata": "Q4217013",
        "brand:wikipedia": "en:Giant Hypermarket",
        "description": "24/7 Supermarket",
        "level": "0",
        "name": "Giant Hypermarket",
        "opening_hours": "24/7",
        "payment:cash": "yes",
        "payment:coins": "yes",
        "payment:credit_cards": "yes",
        "payment:mastercard": "yes",
        "payment:nets": "yes",
        "payment:visa": "yes",
        "phone": "+65 6243 5748",
        "shop": "supermarket",
        "website": "https://giant.sg/"
      },
      "geometry": {
        "type": "Point",
        "coordinates": [
          103.9483149,
          1.3312172
        ]
      },
      "id": "node/393148957"
    },
    {
      "type": "Feature",
      "properties": {
        "@id": "way/394423585",
        "addr:city": "Singapore",
        "addr:street": "Upper Bukit Timah Road",
        "brand": "NTUC Fairprice",
        "brand:wikidata": "Q6955519",
        "building": "yes",
        "check_date": "2025-06-14",
        "name": "Fair Price Express",
        "opening_hours": "24/7",
        "payment:cash": "yes",
        "payment:credit_cards": "yes",
        "payment:debit_cards": "yes",
        "shop": "convenience",
        "source": "Reconocimiento terrestre por Kaart 2017",
        "@geometry": "center"
      },
      "geometry": {
        "type": "Point",
        "coordinates": [
          103.7732635,
          1.345252
        ]
      },
      "id": "way/394423585"
    },
    {
      "type": "Feature",
      "properties": {
        "@id": "way/394858958",
        "addr:street": "Lorong 24 Geylang",
        "brand": "Cheers",
        "brand:wikidata": "Q64154066",
        "building": "yes",
        "name": "Cheers",
        "name:zh": "Cheers(雀喜)便利商店",
        "opening_hours": "24/7",
        "shop": "convenience",
        "source": "Kaart Ground Survey 2017",
        "@geometry": "center"
      },
      "geometry": {
        "type": "Point",
        "coordinates": [
          103.8836185,
          1.3111659
        ]
      },
      "id": "way/394858958"
    },
    {
      "type": "Feature",
      "properties": {
        "@id": "way/394860910",
        "addr:city": "Singapore",
        "addr:housenumber": "132",
        "addr:postcode": "399720",
        "addr:street": "Guillemard Road",
        "brand": "Shell Select",
        "brand:wikidata": "Q124359752",
        "brand:wikipedia": "en:Royal Dutch Shell",
        "building": "retail",
        "building:levels": "1",
        "name": "Shell Select",
        "shop": "convenience",
        "source": "Kaart Ground Survey 2017",
        "@geometry": "center"
      },
      "geometry": {
        "type": "Point",
        "coordinates": [
          103.8839723,
          1.3105806
        ]
      },
      "id": "way/394860910"
    },
    {
      "type": "Feature",
      "properties": {
        "@id": "way/400787915",
        "addr:street": "Tanjong Katong Road",
        "brand": "Cheers",
        "brand:wikidata": "Q64154066",
        "building": "yes",
        "building:levels": "1",
        "name": "Cheers",
        "name:zh": "Cheers(雀喜)便利商店",
        "opening_hours": "24/7",
        "shop": "convenience",
        "source": "Kaart Ground Survey 2017",
        "@geometry": "center"
      },
      "geometry": {
        "type": "Point",
        "coordinates": [
          103.894489,
          1.3112913
        ]
      },
      "id": "way/400787915"
    },
    {
      "type": "Feature",
      "properties": {
        "@id": "way/401755870",
        "building": "yes",
        "name": "Kiosk",
        "shop": "convenience",
        "@geometry": "center"
      },
      "geometry": {
        "type": "Point",
        "coordinates": [
          103.7845097,
          1.334024
        ]
      },
      "id": "way/401755870"
    },
    {
      "type": "Feature",
      "properties": {
        "@id": "way/409581729",
        "shop": "convenience",
        "@geometry": "center"
      },
      "geometry": {
        "type": "Point",
        "coordinates": [
          103.8287361,
          1.4314581
        ]
      },
      "id": "way/409581729"
    },
    {
      "type": "Feature",
      "properties": {
        "@id": "way/409581738",
        "shop": "convenience",
        "@geometry": "center"
      },
      "geometry": {
        "type": "Point",
        "coordinates": [
          103.828618,
          1.4314448
        ]
      },
      "id": "way/409581738"
    },
    {
      "type": "Feature",
      "properties": {
        "@id": "way/409581740",
        "name": "Eggs",
        "shop": "convenience",
        "@geometry": "center"
      },
      "geometry": {
        "type": "Point",
        "coordinates": [
          103.828615,
          1.4315361
        ]
      },
      "id": "way/409581740"
    },
    {
      "type": "Feature",
      "properties": {
        "@id": "way/409584063",
        "name": "Rempah Enterprise",
        "shop": "convenience",
        "@geometry": "center"
      },
      "geometry": {
        "type": "Point",
        "coordinates": [
          103.8284927,
          1.4316369
        ]
      },
      "id": "way/409584063"
    },
    {
      "type": "Feature",
      "properties": {
        "@id": "way/409586278",
        "name": "Kopitiam",
        "name:zh": "Kopitiam食阁",
        "shop": "convenience",
        "@geometry": "center"
      },
      "geometry": {
        "type": "Point",
        "coordinates": [
          103.8281855,
          1.4311923
        ]
      },
      "id": "way/409586278"
    },
    {
      "type": "Feature",
      "properties": {
        "@id": "way/439134472",
        "brand": "7-Eleven",
        "brand:wikidata": "Q259340",
        "brand:wikipedia": "en:7-Eleven",
        "level": "0",
        "name": "7-Eleven",
        "name:zh": "7-11便利店",
        "shop": "convenience",
        "@geometry": "center"
      },
      "geometry": {
        "type": "Point",
        "coordinates": [
          103.7827925,
          1.2951598
        ]
      },
      "id": "way/439134472"
    },
    {
      "type": "Feature",
      "properties": {
        "@id": "way/439895276",
        "brand": "7-Eleven",
        "brand:wikidata": "Q259340",
        "brand:wikipedia": "en:7-Eleven",
        "level": "1",
        "name": "7-Eleven",
        "name:zh": "7-11便利店",
        "shop": "convenience",
        "@geometry": "center"
      },
      "geometry": {
        "type": "Point",
        "coordinates": [
          103.7847619,
          1.293874
        ]
      },
      "id": "way/439895276"
    },
    {
      "type": "Feature",
      "properties": {
        "@id": "way/439895281",
        "brand": "Cheers",
        "brand:wikidata": "Q64154066",
        "level": "-1",
        "name": "Cheers",
        "name:zh": "Cheers(雀喜)便利商店",
        "opening_hours": "24/7",
        "shop": "convenience",
        "@geometry": "center"
      },
      "geometry": {
        "type": "Point",
        "coordinates": [
          103.7845825,
          1.2938781
        ]
      },
      "id": "way/439895281"
    },
    {
      "type": "Feature",
      "properties": {
        "@id": "way/447604100",
        "building": "yes",
        "name": "Kok Fah Technology Farm",
        "shop": "supermarket",
        "@geometry": "center"
      },
      "geometry": {
        "type": "Point",
        "coordinates": [
          103.7279865,
          1.3937537
        ]
      },
      "id": "way/447604100"
    },
    {
      "type": "Feature",
      "properties": {
        "@id": "way/452289200",
        "addr:street": "Binjai Park",
        "building": "yes",
        "shop": "convenience",
        "source": "Kaart Ground Survey 2017",
        "@geometry": "center"
      },
      "geometry": {
        "type": "Point",
        "coordinates": [
          103.7868842,
          1.3352263
        ]
      },
      "id": "way/452289200"
    },
    {
      "type": "Feature",
      "properties": {
        "@id": "way/453795767",
        "building": "yes",
        "email": "enquiry@dbestfishing.com.sg",
        "name": "One-Stop Mini-Mart (D'Best)",
        "operator": "D'Best Recreation Pte Ltd",
        "phone": "+65 6583 9030",
        "shop": "convenience",
        "website": "https://www.facebook.com/dbestfishing",
        "@geometry": "center"
      },
      "geometry": {
        "type": "Point",
        "coordinates": [
          103.9513003,
          1.3721954
        ]
      },
      "id": "way/453795767"
    },
    {
      "type": "Feature",
      "properties": {
        "@id": "way/455096260",
        "addr:street": "Yio Chu Kang Road",
        "building": "yes",
        "name": "S-Power Mini Supermarket",
        "shop": "supermarket",
        "source": "Kaart Ground Survey 2017",
        "@geometry": "center"
      },
      "geometry": {
        "type": "Point",
        "coordinates": [
          103.8736873,
          1.3617131
        ]
      },
      "id": "way/455096260"
    },
    {
      "type": "Feature",
      "properties": {
        "@id": "way/455159884",
        "addr:street": "Bedok South Avenue 1",
        "building": "yes",
        "name": "FairPrice",
        "shop": "convenience",
        "source": "Kaart Ground Survey 2017",
        "@geometry": "center"
      },
      "geometry": {
        "type": "Point",
        "coordinates": [
          103.9326025,
          1.3221542
        ]
      },
      "id": "way/455159884"
    },
    {
      "type": "Feature",
      "properties": {
        "@id": "way/469517179",
        "addr:street": "Loyang Avenue",
        "brand": "Shell Select",
        "brand:wikidata": "Q110716465",
        "building": "yes",
        "name": "Shell Select",
        "name:zh": "7-11便利店",
        "shop": "convenience",
        "source": "Kaart Ground Survey 2017",
        "@geometry": "center"
      },
      "geometry": {
        "type": "Point",
        "coordinates": [
          103.9673464,
          1.3656261
        ]
      },
      "id": "way/469517179"
    },
    {
      "type": "Feature",
      "properties": {
        "@id": "way/473173020",
        "brand": "Cheers",
        "brand:wikidata": "Q64154066",
        "building": "yes",
        "name": "Cheers",
        "name:zh": "Cheers(雀喜)便利商店",
        "opening_hours": "24/7",
        "shop": "convenience",
        "source": "Kaart Ground Survey 2017",
        "@geometry": "center"
      },
      "geometry": {
        "type": "Point",
        "coordinates": [
          103.9478302,
          1.3606765
        ]
      },
      "id": "way/473173020"
    },
    {
      "type": "Feature",
      "properties": {
        "@id": "way/473656678",
        "addr:street": "Bedok Road",
        "brand": "7-Eleven",
        "brand:wikidata": "Q259340",
        "brand:wikipedia": "en:7-Eleven",
        "building": "yes",
        "name": "7-Eleven",
        "name:zh": "7-11便利店",
        "shop": "convenience",
        "source": "Kaart Ground Survey 2017",
        "@geometry": "center"
      },
      "geometry": {
        "type": "Point",
        "coordinates": [
          103.9475035,
          1.3308786
        ]
      },
      "id": "way/473656678"
    },
    {
      "type": "Feature",
      "properties": {
        "@id": "way/474863770",
        "addr:city": "Singapore",
        "addr:housenumber": "373",
        "addr:postcode": "367859",
        "addr:street": "Upper Ajunied Road",
        "air_conditioning": "yes",
        "brand": "Cheers",
        "brand:wikidata": "Q64154066",
        "building": "yes",
        "name": "Cheers",
        "name:zh": "Cheers(雀喜)便利商店",
        "opening_hours": "24/7",
        "shop": "convenience",
        "source": "Kaart Ground Survey 2017",
        "website": "https://cheers.com.sg/",
        "@geometry": "center"
      },
      "geometry": {
        "type": "Point",
        "coordinates": [
          103.8790643,
          1.3322769
        ]
      },
      "id": "way/474863770"
    },
    {
      "type": "Feature",
      "properties": {
        "@id": "way/474871006",
        "addr:street": "Ajunied Road",
        "brand": "Cheers",
        "brand:wikidata": "Q64154066",
        "building": "retail",
        "name": "Cheers",
        "name:zh": "Cheers(雀喜)便利商店",
        "opening_hours": "24/7",
        "shop": "convenience",
        "source": "Kaart Ground Survey 2017",
        "@geometry": "center"
      },
      "geometry": {
        "type": "Point",
        "coordinates": [
          103.8806517,
          1.3243853
        ]
      },
      "id": "way/474871006"
    },
    {
      "type": "Feature",
      "properties": {
        "@id": "way/475132219",
        "addr:street": "Changi Road",
        "building": "yes",
        "name": "Choices",
        "shop": "convenience",
        "source": "Kaart Ground Survey 2017",
        "wheelchair": "no",
        "@geometry": "center"
      },
      "geometry": {
        "type": "Point",
        "coordinates": [
          103.9086382,
          1.3185402
        ]
      },
      "id": "way/475132219"
    },
    {
      "type": "Feature",
      "properties": {
        "@id": "way/475159262",
        "addr:street": "Geylang Road",
        "brand": "Shell Select",
        "brand:wikidata": "Q110716465",
        "building": "yes",
        "name": "Shell Select",
        "shop": "convenience",
        "source": "Kaart Ground Survey 2017",
        "@geometry": "center"
      },
      "geometry": {
        "type": "Point",
        "coordinates": [
          103.8755255,
          1.3121508
        ]
      },
      "id": "way/475159262"
    },
    {
      "type": "Feature",
      "properties": {
        "@id": "way/475166490",
        "addr:street": "Changi Road",
        "building": "yes",
        "shop": "convenience",
        "source": "Kaart Ground Survey 2017",
        "@geometry": "center"
      },
      "geometry": {
        "type": "Point",
        "coordinates": [
          103.9002212,
          1.3161633
        ]
      },
      "id": "way/475166490"
    },
    {
      "type": "Feature",
      "properties": {
        "@id": "way/475170239",
        "addr:street": "Geylang Road",
        "brand": "Cheers",
        "brand:wikidata": "Q64154066",
        "building": "yes",
        "building:levels": "1",
        "check_date": "2026-02-04",
        "name": "Cheers",
        "name:zh": "Cheers(雀喜)便利商店",
        "opening_hours": "24/7",
        "shop": "convenience",
        "source": "Kaart Ground Survey 2017",
        "wheelchair": "yes",
        "@geometry": "center"
      },
      "geometry": {
        "type": "Point",
        "coordinates": [
          103.8892532,
          1.3142561
        ]
      },
      "id": "way/475170239"
    },
    {
      "type": "Feature",
      "properties": {
        "@id": "way/476131777",
        "addr:street": "Paya Lebar Road",
        "brand": "7-Eleven",
        "brand:wikidata": "Q259340",
        "brand:wikipedia": "en:7-Eleven",
        "building": "yes",
        "name": "7-Eleven",
        "name:zh": "7-11便利店",
        "shop": "convenience",
        "source": "Kaart Ground Survey 2017",
        "@geometry": "center"
      },
      "geometry": {
        "type": "Point",
        "coordinates": [
          103.8918101,
          1.321735
        ]
      },
      "id": "way/476131777"
    },
    {
      "type": "Feature",
      "properties": {
        "@id": "way/476393005",
        "addr:street": "Punggol Road",
        "brand": "Shell Select",
        "brand:wikidata": "Q110716465",
        "building": "yes",
        "name": "Shell Select",
        "shop": "convenience",
        "source": "Kaart Ground Survey 2017",
        "@geometry": "center"
      },
      "geometry": {
        "type": "Point",
        "coordinates": [
          103.9065835,
          1.4044422
        ]
      },
      "id": "way/476393005"
    },
    {
      "type": "Feature",
      "properties": {
        "@id": "way/476972722",
        "addr:city": "Singapore",
        "addr:housenumber": "708",
        "addr:postcode": "437733",
        "addr:street": "Mounbatten Road",
        "building": "yes",
        "name": "NTUC FairPrice Xpress",
        "name:en": "NTUC FairPrice Xpress",
        "name:zh-Hans": "职总平价超市",
        "opening_hours": "24/7",
        "shop": "convenience",
        "source": "Kaart Ground Survey 2017",
        "@geometry": "center"
      },
      "geometry": {
        "type": "Point",
        "coordinates": [
          103.884173,
          1.3025899
        ]
      },
      "id": "way/476972722"
    },
    {
      "type": "Feature",
      "properties": {
        "@id": "way/477916242",
        "addr:street": "Tanjong Katong Road",
        "building": "yes",
        "building:levels": "1",
        "shop": "convenience",
        "source": "Kaart Ground Survey 2017",
        "@geometry": "center"
      },
      "geometry": {
        "type": "Point",
        "coordinates": [
          103.8957446,
          1.3075179
        ]
      },
      "id": "way/477916242"
    },
    {
      "type": "Feature",
      "properties": {
        "@id": "way/477930992",
        "addr:street": "Upper Serangoon Road",
        "brand": "Cheers",
        "brand:wikidata": "Q64154066",
        "building": "yes",
        "name": "Cheers",
        "name:zh": "Cheers(雀喜)便利商店",
        "opening_hours": "24/7",
        "shop": "convenience",
        "source": "Kaart Ground Survey 2017",
        "wheelchair": "yes",
        "@geometry": "center"
      },
      "geometry": {
        "type": "Point",
        "coordinates": [
          103.8841334,
          1.3588748
        ]
      },
      "id": "way/477930992"
    },
    {
      "type": "Feature",
      "properties": {
        "@id": "way/478159356",
        "addr:street": "Yishun Ring Road",
        "building": "yes",
        "shop": "convenience",
        "source": "Kaart Ground Survey 2017",
        "@geometry": "center"
      },
      "geometry": {
        "type": "Point",
        "coordinates": [
          103.830025,
          1.4294895
        ]
      },
      "id": "way/478159356"
    },
    {
      "type": "Feature",
      "properties": {
        "@id": "way/478312794",
        "addr:street": "MacPherson Road",
        "brand": "Shell Select",
        "brand:wikidata": "Q110716465",
        "brand:wikipedia": "en:Royal Dutch Shell",
        "building": "yes",
        "name": "Shell Select",
        "shop": "convenience",
        "source": "Kaart Ground Survey 2017",
        "@geometry": "center"
      },
      "geometry": {
        "type": "Point",
        "coordinates": [
          103.8777303,
          1.3311926
        ]
      },
      "id": "way/478312794"
    },
    {
      "type": "Feature",
      "properties": {
        "@id": "way/478317386",
        "building": "yes",
        "name": "Choices",
        "shop": "convenience",
        "@geometry": "center"
      },
      "geometry": {
        "type": "Point",
        "coordinates": [
          103.8319922,
          1.317966
        ]
      },
      "id": "way/478317386"
    },
    {
      "type": "Feature",
      "properties": {
        "@id": "way/478319027",
        "addr:street": "MacPherson Road",
        "building": "yes",
        "name": "FairPrice Xpress",
        "shop": "convenience",
        "source": "Kaart Ground Survey 2017",
        "@geometry": "center"
      },
      "geometry": {
        "type": "Point",
        "coordinates": [
          103.8719476,
          1.3285787
        ]
      },
      "id": "way/478319027"
    },
    {
      "type": "Feature",
      "properties": {
        "@id": "way/478359207",
        "addr:street": "Yishun Ring Road",
        "building": "yes",
        "shop": "convenience",
        "source": "Kaart Ground Survey 2017",
        "@geometry": "center"
      },
      "geometry": {
        "type": "Point",
        "coordinates": [
          103.837926,
          1.4172882
        ]
      },
      "id": "way/478359207"
    },
    {
      "type": "Feature",
      "properties": {
        "@id": "way/479176191",
        "addr:city": "Singapore",
        "addr:housenumber": "242A",
        "addr:postcode": "118598",
        "addr:street": "Pasir Panjang Road",
        "building": "yes",
        "name": "Mini Market Non-Stop",
        "opening_hours": "24/7",
        "operator": "Cheers",
        "shop": "convenience",
        "source": "Kaart Ground Survey 2017",
        "@geometry": "center"
      },
      "geometry": {
        "type": "Point",
        "coordinates": [
          103.7856979,
          1.280134
        ]
      },
      "id": "way/479176191"
    },
    {
      "type": "Feature",
      "properties": {
        "@id": "way/480269037",
        "addr:street": "Yio Chu Kang Road",
        "brand": "7-Eleven",
        "brand:wikidata": "Q259340",
        "building": "yes",
        "name": "7-Eleven",
        "name:zh": "7-11便利店",
        "shop": "convenience",
        "source": "Kaart Ground Survey 2017",
        "wheelchair": "yes",
        "@geometry": "center"
      },
      "geometry": {
        "type": "Point",
        "coordinates": [
          103.877076,
          1.3837504
        ]
      },
      "id": "way/480269037"
    },
    {
      "type": "Feature",
      "properties": {
        "@id": "way/480269040",
        "addr:street": "Yio Chu Kang Road",
        "brand": "Cheers",
        "brand:wikidata": "Q64154066",
        "building": "yes",
        "name": "Cheers",
        "name:zh": "Cheers(雀喜)便利商店",
        "opening_hours": "24/7",
        "shop": "convenience",
        "source": "Kaart Ground Survey 2017",
        "wheelchair": "no",
        "@geometry": "center"
      },
      "geometry": {
        "type": "Point",
        "coordinates": [
          103.8765412,
          1.3818379
        ]
      },
      "id": "way/480269040"
    },
    {
      "type": "Feature",
      "properties": {
        "@id": "way/480300818",
        "addr:street": "Tanjong Katong Road",
        "brand": "7-Eleven",
        "brand:wikidata": "Q259340",
        "brand:wikipedia": "en:7-Eleven",
        "building": "yes",
        "building:levels": "1",
        "name": "7-Eleven",
        "name:zh": "7-11便利店",
        "shop": "convenience",
        "source": "Kaart Ground Survey 2017",
        "@geometry": "center"
      },
      "geometry": {
        "type": "Point",
        "coordinates": [
          103.8944933,
          1.3109788
        ]
      },
      "id": "way/480300818"
    },
    {
      "type": "Feature",
      "properties": {
        "@id": "way/480454052",
        "addr:housenumber": "103",
        "addr:street": "Moulmein Road",
        "brand": "Shell Select",
        "brand:wikidata": "Q110716465",
        "building": "yes",
        "name": "Shell Select",
        "shop": "convenience",
        "@geometry": "center"
      },
      "geometry": {
        "type": "Point",
        "coordinates": [
          103.8496109,
          1.3188665
        ]
      },
      "id": "way/480454052"
    },
    {
      "type": "Feature",
      "properties": {
        "@id": "way/480673818",
        "addr:street": "Woodlands Road",
        "building": "yes",
        "name": "Cheers",
        "name:zh": "Cheers(雀喜)便利商店",
        "shop": "convenience",
        "source": "Kaart Ground Survey 2017",
        "@geometry": "center"
      },
      "geometry": {
        "type": "Point",
        "coordinates": [
          103.7619361,
          1.4342421
        ]
      },
      "id": "way/480673818"
    },
    {
      "type": "Feature",
      "properties": {
        "@id": "way/480686183",
        "addr:street": "Dunearn Road",
        "building": "yes",
        "shop": "convenience",
        "source": "Kaart Ground Survey 2017",
        "@geometry": "center"
      },
      "geometry": {
        "type": "Point",
        "coordinates": [
          103.7840901,
          1.3363261
        ]
      },
      "id": "way/480686183"
    },
    {
      "type": "Feature",
      "properties": {
        "@id": "way/480727906",
        "addr:street": "Delta Road",
        "brand:wikidata": "Q6955519",
        "building": "yes",
        "building:levels": "1",
        "name": "FairPrice Xpress",
        "opening_hours": "24/7",
        "shop": "convenience",
        "source": "Kaart Ground Survey 2017",
        "@geometry": "center"
      },
      "geometry": {
        "type": "Point",
        "coordinates": [
          103.8255693,
          1.2925794
        ]
      },
      "id": "way/480727906"
    },
    {
      "type": "Feature",
      "properties": {
        "@id": "way/480740330",
        "addr:housenumber": "35",
        "addr:street": "Upper Bukit Timah Road",
        "brand": "Shell Select",
        "brand:wikidata": "Q124359752",
        "brand:wikipedia": "en:Royal Dutch Shell",
        "building": "retail",
        "check_date": "2025-07-13",
        "name": "Shell Select",
        "opening_hours": "24/7",
        "shop": "convenience",
        "source": "Kaart Ground Survey 2017",
        "wheelchair": "limited",
        "@geometry": "center"
      },
      "geometry": {
        "type": "Point",
        "coordinates": [
          103.7767009,
          1.338536
        ]
      },
      "id": "way/480740330"
    },
    {
      "type": "Feature",
      "properties": {
        "@id": "way/480755707",
        "addr:housenumber": "37",
        "addr:street": "Jalan Jurong Kechil",
        "brand": "Cheers",
        "brand:wikidata": "Q64154066",
        "building": "retail",
        "building:levels": "1",
        "name": "Cheers",
        "name:zh": "Cheers(雀喜)便利商店",
        "opening_hours": "24/7",
        "shop": "convenience",
        "source": "Kaart Ground Survey 2017",
        "@geometry": "center"
      },
      "geometry": {
        "type": "Point",
        "coordinates": [
          103.774615,
          1.3399405
        ]
      },
      "id": "way/480755707"
    },
    {
      "type": "Feature",
      "properties": {
        "@id": "way/480930987",
        "addr:street": "Choa Chu Kang Drive",
        "building": "yes",
        "name": "Cheers",
        "name:zh": "Cheers(雀喜)便利商店",
        "shop": "convenience",
        "source": "Kaart Ground Survey 2017",
        "@geometry": "center"
      },
      "geometry": {
        "type": "Point",
        "coordinates": [
          103.7472654,
          1.3951644
        ]
      },
      "id": "way/480930987"
    },
    {
      "type": "Feature",
      "properties": {
        "@id": "way/481069438",
        "addr:housenumber": "695",
        "addr:street": "Mandai Road",
        "brand": "Shell Select",
        "brand:wikidata": "Q110716465",
        "building": "retail",
        "check_date": "2023-02-25",
        "name": "Shell Select",
        "opening_hours": "Mo-Sa 07:00-19:00; Su off",
        "shop": "convenience",
        "source": "Kaart Ground Survey 2017",
        "@geometry": "center"
      },
      "geometry": {
        "type": "Point",
        "coordinates": [
          103.7565901,
          1.4112469
        ]
      },
      "id": "way/481069438"
    },
    {
      "type": "Feature",
      "properties": {
        "@id": "way/481622753",
        "building": "yes",
        "shop": "convenience",
        "source": "Kaart Ground Survey 2017",
        "wheelchair": "yes",
        "@geometry": "center"
      },
      "geometry": {
        "type": "Point",
        "coordinates": [
          103.8466172,
          1.336314
        ]
      },
      "id": "way/481622753"
    },
    {
      "type": "Feature",
      "properties": {
        "@id": "way/481628666",
        "addr:housenumber": "542",
        "addr:street": "Balestier Road",
        "brand": "Star Mart",
        "brand:wikidata": "Q61994857",
        "building": "retail",
        "building:levels": "1",
        "check_date": "2024-04-03",
        "layer": "1",
        "name": "Star Mart",
        "phone": "+65 6255 2873",
        "shop": "convenience",
        "source": "Kaart Ground Survey 2017",
        "@geometry": "center"
      },
      "geometry": {
        "type": "Point",
        "coordinates": [
          103.8450897,
          1.3267953
        ]
      },
      "id": "way/481628666"
    },
    {
      "type": "Feature",
      "properties": {
        "@id": "way/481628669",
        "addr:housenumber": "462",
        "addr:postcode": "329837",
        "addr:street": "Balestier Road",
        "building": "retail",
        "check_date": "2024-04-18",
        "name": "Choices",
        "opening_hours": "24/7",
        "phone": "+65 6251 2206",
        "shop": "convenience",
        "source": "Kaart Ground Survey 2017",
        "@geometry": "center"
      },
      "geometry": {
        "type": "Point",
        "coordinates": [
          103.8481464,
          1.3266414
        ]
      },
      "id": "way/481628669"
    },
    {
      "type": "Feature",
      "properties": {
        "@id": "way/481639025",
        "addr:street": "Pioneer Road",
        "brand": "Cheers",
        "brand:wikidata": "Q64154066",
        "building": "yes",
        "name": "Cheers",
        "name:zh": "Cheers(雀喜)便利商店",
        "opening_hours": "24/7",
        "shop": "convenience",
        "source": "Kaart Ground Survey 2017",
        "@geometry": "center"
      },
      "geometry": {
        "type": "Point",
        "coordinates": [
          103.6875443,
          1.3131222
        ]
      },
      "id": "way/481639025"
    },
    {
      "type": "Feature",
      "properties": {
        "@id": "way/481669546",
        "addr:street": "Jalan Buroh",
        "building": "yes",
        "building:levels": "2",
        "name": "Cheers",
        "name:zh": "Cheers(雀喜)便利商店",
        "shop": "convenience",
        "source": "Kaart Ground Survey 2017",
        "@geometry": "center"
      },
      "geometry": {
        "type": "Point",
        "coordinates": [
          103.7548807,
          1.3097111
        ]
      },
      "id": "way/481669546"
    },
    {
      "type": "Feature",
      "properties": {
        "@id": "way/481873029",
        "addr:street": "West Coast Road",
        "building": "yes",
        "building:levels": "1",
        "name": "Fair Price",
        "shop": "convenience",
        "source": "Kaart Ground Survey 2017",
        "@geometry": "center"
      },
      "geometry": {
        "type": "Point",
        "coordinates": [
          103.7610298,
          1.3080493
        ]
      },
      "id": "way/481873029"
    },
    {
      "type": "Feature",
      "properties": {
        "@id": "way/482046509",
        "addr:street": "Upper Thomson Road",
        "building": "yes",
        "building:levels": "1",
        "name": "Choices",
        "shop": "convenience",
        "source": "Kaart Ground Survey 2017",
        "@geometry": "center"
      },
      "geometry": {
        "type": "Point",
        "coordinates": [
          103.8289699,
          1.372987
        ]
      },
      "id": "way/482046509"
    },
    {
      "type": "Feature",
      "properties": {
        "@id": "way/482101759",
        "brand": "7-Eleven",
        "brand:wikidata": "Q259340",
        "brand:wikipedia": "en:7-Eleven",
        "building": "yes",
        "name": "7-Eleven",
        "name:zh": "7-11便利店",
        "shop": "convenience",
        "source": "Kaart Ground Survey 2017",
        "@geometry": "center"
      },
      "geometry": {
        "type": "Point",
        "coordinates": [
          103.7079125,
          1.3440128
        ]
      },
      "id": "way/482101759"
    },
    {
      "type": "Feature",
      "properties": {
        "@id": "way/482272086",
        "addr:street": "Holland Road",
        "brand": "Cheers",
        "brand:wikidata": "Q64154066",
        "building": "yes",
        "building:levels": "1",
        "name": "Cheers",
        "name:zh": "Cheers(雀喜)便利商店",
        "opening_hours": "24/7",
        "shop": "convenience",
        "source": "Kaart Ground Survey 2017",
        "@geometry": "center"
      },
      "geometry": {
        "type": "Point",
        "coordinates": [
          103.796092,
          1.3125011
        ]
      },
      "id": "way/482272086"
    },
    {
      "type": "Feature",
      "properties": {
        "@id": "way/482276177",
        "addr:street": "Holland Road",
        "building": "yes",
        "shop": "convenience",
        "source": "Kaart Ground Survey 2017",
        "@geometry": "center"
      },
      "geometry": {
        "type": "Point",
        "coordinates": [
          103.7855057,
          1.317691
        ]
      },
      "id": "way/482276177"
    },
    {
      "type": "Feature",
      "properties": {
        "@id": "node/512042742",
        "addr:floor": "B1",
        "addr:housenumber": "B1",
        "addr:postcode": "238843",
        "addr:street": "The Centrepoint",
        "branch": "The Centrepoint",
        "check_date": "2025-01-16",
        "internet_access": "no",
        "level": "-1",
        "level:ref": "B1",
        "name": "NTUC FairPrice Finest",
        "name:en": "NTUC FairPrice Finest",
        "name:zh-Hans": "职总平价精品超市",
        "name:zh-Hant": "職總平價精品超市",
        "not:brand:wikidata": "Q6955519",
        "opening_hours": "08:00-22:00",
        "organic": "yes",
        "payment:coins": "yes",
        "payment:mastercard": "yes",
        "payment:nets": "yes",
        "payment:notes": "yes",
        "payment:visa": "yes",
        "phone": "+65 62631602",
        "shop": "supermarket",
        "stroller": "yes",
        "website": "https://fairprice.com.sg/",
        "wheelchair": "yes"
      },
      "geometry": {
        "type": "Point",
        "coordinates": [
          103.839658,
          1.3014954
        ]
      },
      "id": "node/512042742"
    },
    {
      "type": "Feature",
      "properties": {
        "@id": "node/575526181",
        "brand": "NTUC Fairprice",
        "brand:wikidata": "Q6955519",
        "brand:wikipedia": "en:NTUC FairPrice",
        "name": "NTUC FairPrice",
        "name:en": "NTUC FairPrice",
        "name:zh": "职总平价超市",
        "shop": "supermarket"
      },
      "geometry": {
        "type": "Point",
        "coordinates": [
          103.9253617,
          1.3123256
        ]
      },
      "id": "node/575526181"
    },
    {
      "type": "Feature",
      "properties": {
        "@id": "node/598051934",
        "brand": "NTUC Fairprice",
        "brand:wikidata": "Q6955519",
        "name": "NTUC FairPrice",
        "name:en": "NTUC FairPrice",
        "name:zh": "职总平价超市",
        "shop": "supermarket"
      },
      "geometry": {
        "type": "Point",
        "coordinates": [
          103.9218002,
          1.3373298
        ]
      },
      "id": "node/598051934"
    },
    {
      "type": "Feature",
      "properties": {
        "@id": "node/600332523",
        "addr:city": "Singapore",
        "addr:housenumber": "6",
        "addr:postcode": "449411",
        "addr:street": "Marine Parade Central",
        "air_conditioning": "yes",
        "branch": "Marina Parade",
        "currency:SGD": "yes",
        "name": "NTUC FairPrice Finest",
        "name:zh": "职总平价精品超市",
        "opening_hours": "Mo-Su 08:00-23:00",
        "payment:american_express": "yes",
        "payment:cash": "yes",
        "payment:coins": "yes",
        "payment:contactless": "yes",
        "payment:credit_cards": "yes",
        "payment:debit_cards": "yes",
        "payment:mastercard": "yes",
        "payment:nets": "yes",
        "payment:notes": "yes",
        "payment:visa": "yes",
        "phone": "+65 6348 0826",
        "shop": "supermarket",
        "stroller": "yes",
        "website": "https://www.fairprice.com.sg/",
        "wheelchair": "yes"
      },
      "geometry": {
        "type": "Point",
        "coordinates": [
          103.9071774,
          1.301342
        ]
      },
      "id": "node/600332523"
    },
    {
      "type": "Feature",
      "properties": {
        "@id": "node/610738130",
        "addr:city": "Singapore",
        "addr:housenumber": "230 #B1-17/18",
        "addr:postcode": "188024",
        "addr:street": "Victoria Street Bugis Junction",
        "air_conditioning": "yes",
        "branch": "Bugis Junction",
        "brand": "Cold Storage",
        "brand:wikidata": "Q5142390",
        "brand:wikipedia": "en:Cold Storage (supermarket)",
        "currency:SGD": "yes",
        "level": "-1",
        "name": "Cold Storage Fresh",
        "opening_hours": "Mo-Su 09:00-22:00",
        "organic": "yes",
        "payment:american_express": "yes",
        "payment:cash": "yes",
        "payment:mastercard": "yes",
        "payment:visa": "yes",
        "phone": "+65 6336 1990",
        "shop": "supermarket",
        "short_name": "CS Fresh",
        "stroller": "yes",
        "website": "https://www.coldstorage.com.sg/",
        "wheelchair": "yes"
      },
      "geometry": {
        "type": "Point",
        "coordinates": [
          103.8560555,
          1.3001235
        ]
      },
      "id": "node/610738130"
    },
    {
      "type": "Feature",
      "properties": {
        "@id": "node/665020530",
        "name": "Mandarin Gallery",
        "shop": "convenience",
        "wheelchair": "yes"
      },
      "geometry": {
        "type": "Point",
        "coordinates": [
          103.8366424,
          1.3020303
        ]
      },
      "id": "node/665020530"
    },
    {
      "type": "Feature",
      "properties": {
        "@id": "node/670229356",
        "addr:housenumber": "57",
        "addr:postcode": "142057",
        "addr:street": "Dawson Road",
        "brand": "NTUC Fairprice",
        "brand:wikidata": "Q6955519",
        "name": "NTUC FairPrice",
        "name:en": "NTUC FairPrice",
        "name:zh": "职总平价超市",
        "opening_hours": "24/7",
        "operator": "NTUC",
        "payment:cash": "yes",
        "payment:coins": "yes",
        "payment:credit_cards": "yes",
        "payment:debit_cards": "yes",
        "payment:mastercard": "yes",
        "payment:notes": "yes",
        "payment:visa": "yes",
        "phone": "+65 64764471",
        "shop": "supermarket"
      },
      "geometry": {
        "type": "Point",
        "coordinates": [
          103.8113068,
          1.2925348
        ]
      },
      "id": "node/670229356"
    },
    {
      "type": "Feature",
      "properties": {
        "@id": "node/671080855",
        "brand": "7-Eleven",
        "brand:wikidata": "Q259340",
        "check_date": "2023-12-29",
        "level": "0",
        "name": "7-Eleven",
        "opening_hours": "24/7",
        "shop": "convenience"
      },
      "geometry": {
        "type": "Point",
        "coordinates": [
          103.8522224,
          1.3001872
        ]
      },
      "id": "node/671080855"
    },
    {
      "type": "Feature",
      "properties": {
        "@id": "node/679649210",
        "addr:city": "Singapore",
        "addr:country": "SG",
        "addr:housenumber": "451",
        "addr:postcode": "120451",
        "addr:street": "Clementi Avenue 3",
        "diet:halal": "yes",
        "name": "NTUC FairPrice",
        "name:en": "NTUC FairPrice",
        "name:zh": "职总平价超市",
        "opening_hours": "24/7",
        "payment:credit_cards": "yes",
        "payment:debit_cards": "yes",
        "shop": "supermarket"
      },
      "geometry": {
        "type": "Point",
        "coordinates": [
          103.7658379,
          1.3128156
        ]
      },
      "id": "node/679649210"
    },
    {
      "type": "Feature",
      "properties": {
        "@id": "node/682556848",
        "brand": "NTUC Fairprice",
        "brand:wikidata": "Q6955519",
        "name": "NTUC FairPrice",
        "name:en": "NTUC FairPrice",
        "name:zh": "职总平价超市",
        "shop": "supermarket",
        "wheelchair": "yes"
      },
      "geometry": {
        "type": "Point",
        "coordinates": [
          103.8100855,
          1.2812832
        ]
      },
      "id": "node/682556848"
    },
    {
      "type": "Feature",
      "properties": {
        "@id": "way/744528858",
        "brand": "NTUC Fairprice",
        "brand:wikidata": "Q6955519",
        "indoor": "room",
        "level": "-2",
        "name": "NTUC Fairprice",
        "shop": "supermarket",
        "@geometry": "center"
      },
      "geometry": {
        "type": "Point",
        "coordinates": [
          103.9891666,
          1.3604356
        ]
      },
      "id": "way/744528858"
    },
    {
      "type": "Feature",
      "properties": {
        "@id": "way/744636041",
        "brand": "7-Eleven",
        "brand:wikidata": "Q259340",
        "brand:wikipedia": "en:7-Eleven",
        "check_date": "2025-11-05",
        "indoor": "room",
        "level": "1",
        "name": "7-Eleven",
        "name:zh": "7-11便利店",
        "opening_hours": "24/7",
        "room": "shop",
        "shop": "convenience",
        "@geometry": "center"
      },
      "geometry": {
        "type": "Point",
        "coordinates": [
          103.9913361,
          1.361461
        ]
      },
      "id": "way/744636041"
    },
    {
      "type": "Feature",
      "properties": {
        "@id": "way/746049621",
        "addr:city": "Singapore",
        "addr:housenumber": "80, #03-28",
        "addr:postcode": "449269",
        "addr:street": "Marine Parade Road",
        "air_conditioning": "yes",
        "alt_name": "Giant Parkway",
        "branch": "Parkway Parade",
        "currency:SGD": "yes",
        "indoor": "room",
        "level": "2",
        "level:ref": "3",
        "name": "NTUC FairPrice Xtra",
        "not:brand:wikidata": "Q6955519",
        "opening_hours": "Mo-Su 08:00-23:00",
        "payment:american_express": "yes",
        "payment:cash": "yes",
        "payment:coins": "yes",
        "payment:contactless": "yes",
        "payment:credit_cards": "yes",
        "payment:debit_cards": "yes",
        "payment:mastercard": "yes",
        "payment:nets": "yes",
        "payment:notes": "yes",
        "payment:visa": "yes",
        "shop": "supermarket",
        "stroller": "yes",
        "website": "https://www.fairprice.com.sg/",
        "wheelchair": "yes",
        "@geometry": "center"
      },
      "geometry": {
        "type": "Point",
        "coordinates": [
          103.9050905,
          1.3012205
        ]
      },
      "id": "way/746049621"
    },
    {
      "type": "Feature",
      "properties": {
        "@id": "way/746050894",
        "addr:city": "Singapore",
        "addr:housenumber": "80",
        "addr:postcode": "449269",
        "addr:street": "Marine Parade Road",
        "indoor": "room",
        "level": "-1",
        "name": "Cold Storage",
        "name:zh": "冷藏公司超市",
        "shop": "supermarket",
        "@geometry": "center"
      },
      "geometry": {
        "type": "Point",
        "coordinates": [
          103.9053675,
          1.300713
        ]
      },
      "id": "way/746050894"
    },
    {
      "type": "Feature",
      "properties": {
        "@id": "way/768040458",
        "addr:city": "Singapore",
        "addr:housenumber": "Block 742A #01-02",
        "addr:postcode": "520742",
        "addr:street": "Tampines Street 72",
        "building": "yes",
        "name": "Shahid Mini Mart LLP",
        "phone": "+65 626 00057",
        "shop": "supermarket",
        "@geometry": "center"
      },
      "geometry": {
        "type": "Point",
        "coordinates": [
          103.9344762,
          1.3601099
        ]
      },
      "id": "way/768040458"
    },
    {
      "type": "Feature",
      "properties": {
        "@id": "node/775915335",
        "brand": "Cheers",
        "brand:wikidata": "Q64154066",
        "name": "Cheers",
        "name:zh": "Cheers(雀喜)便利商店",
        "opening_hours": "24/7",
        "shop": "convenience",
        "wheelchair": "yes"
      },
      "geometry": {
        "type": "Point",
        "coordinates": [
          103.8200046,
          1.4489312
        ]
      },
      "id": "node/775915335"
    },
    {
      "type": "Feature",
      "properties": {
        "@id": "node/775915336",
        "name": "Cheers",
        "name:zh": "Cheers(雀喜)便利商店",
        "shop": "convenience"
      },
      "geometry": {
        "type": "Point",
        "coordinates": [
          103.8190277,
          1.4481249
        ]
      },
      "id": "node/775915336"
    },
    {
      "type": "Feature",
      "properties": {
        "@id": "node/775915337",
        "name": "Cold Storage",
        "name:zh": "冷藏公司超市",
        "shop": "convenience"
      },
      "geometry": {
        "type": "Point",
        "coordinates": [
          103.8169615,
          1.4528827
        ]
      },
      "id": "node/775915337"
    },
    {
      "type": "Feature",
      "properties": {
        "@id": "node/775915343",
        "addr:city": "Singapore",
        "addr:housenumber": "#B1-25",
        "addr:postcode": "758459",
        "addr:street": "604 Sembawang Road, Sembawang Shopping Centre",
        "alt_name": "Giant Sembawang",
        "name": "Giant",
        "name:zh": "Giant超级",
        "shop": "supermarket"
      },
      "geometry": {
        "type": "Point",
        "coordinates": [
          103.8250677,
          1.441726
        ]
      },
      "id": "node/775915343"
    },
    {
      "type": "Feature",
      "properties": {
        "@id": "node/775915346",
        "brand": "NTUC Fairprice",
        "brand:wikidata": "Q6955519",
        "name": "NTUC Fairprice",
        "name:en": "NTUC FairPrice",
        "name:zh": "职总平价超市",
        "shop": "supermarket",
        "wheelchair": "yes"
      },
      "geometry": {
        "type": "Point",
        "coordinates": [
          103.8186291,
          1.4495608
        ]
      },
      "id": "node/775915346"
    },
    {
      "type": "Feature",
      "properties": {
        "@id": "node/775915353",
        "name": "NTUC FairPrice",
        "name:en": "NTUC FairPrice",
        "name:zh": "职总平价超市",
        "shop": "supermarket"
      },
      "geometry": {
        "type": "Point",
        "coordinates": [
          103.8195511,
          1.4479385
        ]
      },
      "id": "node/775915353"
    },
    {
      "type": "Feature",
      "properties": {
        "@id": "node/846528515",
        "name": "Shop N Save",
        "shop": "supermarket"
      },
      "geometry": {
        "type": "Point",
        "coordinates": [
          103.7942332,
          1.4309761
        ]
      },
      "id": "node/846528515"
    },
    {
      "type": "Feature",
      "properties": {
        "@id": "node/888243389",
        "addr:city": "Singapore",
        "addr:housenumber": "293",
        "addr:postcode": "278628",
        "addr:street": "Holland Road",
        "name": "Cold Storage",
        "name:zh": "冷藏公司超市",
        "shop": "supermarket"
      },
      "geometry": {
        "type": "Point",
        "coordinates": [
          103.7859561,
          1.3176941
        ]
      },
      "id": "node/888243389"
    },
    {
      "type": "Feature",
      "properties": {
        "@id": "node/893018192",
        "addr:housenumber": "446",
        "addr:street": "Pasir Ris Dr 6",
        "brand": "7-Eleven",
        "brand:wikidata": "Q259340",
        "brand:wikipedia": "en:7-Eleven",
        "name": "7-Eleven",
        "name:zh": "7-11便利店",
        "shop": "convenience"
      },
      "geometry": {
        "type": "Point",
        "coordinates": [
          103.957437,
          1.370052
        ]
      },
      "id": "node/893018192"
    },
    {
      "type": "Feature",
      "properties": {
        "@id": "node/956600609",
        "check_date": "2025-06-01",
        "name": "Prime",
        "opening_hours": "24/7",
        "shop": "supermarket"
      },
      "geometry": {
        "type": "Point",
        "coordinates": [
          103.7504894,
          1.3588218
        ]
      },
      "id": "node/956600609"
    },
    {
      "type": "Feature",
      "properties": {
        "@id": "node/956607185",
        "addr:housenumber": "523",
        "addr:street": "Bukit Batok Street 52",
        "brand": "7-Eleven",
        "brand:wikidata": "Q259340",
        "brand:wikipedia": "en:7-Eleven",
        "name": "7-Eleven",
        "name:zh": "7-11便利店",
        "opening_hours": "24/7",
        "shop": "convenience"
      },
      "geometry": {
        "type": "Point",
        "coordinates": [
          103.7523068,
          1.3566164
        ]
      },
      "id": "node/956607185"
    },
    {
      "type": "Feature",
      "properties": {
        "@id": "node/965876975",
        "branch": "Sentosa Cove",
        "brand": "7-Eleven",
        "brand:wikidata": "Q259340",
        "brand:wikipedia": "en:7-Eleven",
        "name": "7-Eleven",
        "name:zh": "7-11便利店",
        "opening_hours": "24/7",
        "shop": "convenience"
      },
      "geometry": {
        "type": "Point",
        "coordinates": [
          103.8397265,
          1.2472062
        ]
      },
      "id": "node/965876975"
    },
    {
      "type": "Feature",
      "properties": {
        "@id": "node/966688739",
        "addr:city": "Singapore",
        "addr:country": "SG",
        "addr:housenumber": "638",
        "addr:postcode": "640638",
        "addr:street": "Jurong West Street 61, Pioneer Mall",
        "alt_name": "Giant Pioneer Mall",
        "name": "Giant",
        "name:zh": "Giant超级",
        "opening_hours": "Mo-Su,PH 08:00-23:00",
        "shop": "supermarket"
      },
      "geometry": {
        "type": "Point",
        "coordinates": [
          103.6969558,
          1.3416023
        ]
      },
      "id": "node/966688739"
    },
    {
      "type": "Feature",
      "properties": {
        "@id": "node/966690602",
        "addr:city": "Singapore",
        "addr:housenumber": "3",
        "addr:postcode": "618642",
        "addr:street": "Yuan Ching Road",
        "brand": "Sheng Siong",
        "brand:wikidata": "Q3481878",
        "brand:wikipedia": "en:Sheng Siong",
        "name": "Sheng Siong",
        "name:zh": "昇菘超市",
        "shop": "supermarket"
      },
      "geometry": {
        "type": "Point",
        "coordinates": [
          103.7251859,
          1.3255871
        ]
      },
      "id": "node/966690602"
    },
    {
      "type": "Feature",
      "properties": {
        "@id": "way/992181188",
        "building": "yes",
        "name": "All India",
        "shop": "supermarket",
        "@geometry": "center"
      },
      "geometry": {
        "type": "Point",
        "coordinates": [
          103.8543014,
          1.3080867
        ]
      },
      "id": "way/992181188"
    },
    {
      "type": "Feature",
      "properties": {
        "@id": "way/1008282782",
        "addr:city": "Singapore",
        "addr:housenumber": "150",
        "addr:postcode": "737854",
        "addr:street": "Woodlands Avenue 5",
        "building": "yes",
        "name": "Sinopec Woodlands",
        "shop": "convenience",
        "@geometry": "center"
      },
      "geometry": {
        "type": "Point",
        "coordinates": [
          103.7986172,
          1.4326732
        ]
      },
      "id": "way/1008282782"
    },
    {
      "type": "Feature",
      "properties": {
        "@id": "way/1066840091",
        "addr:city": "Singapore",
        "addr:country": "SG",
        "addr:housenumber": "168",
        "addr:postcode": "118556",
        "addr:street": "Pasir Panjang Road",
        "brand": "7-Eleven",
        "brand:wikidata": "Q259340",
        "name": "7-Eleven",
        "name:zh": "7-11便利店",
        "shop": "convenience",
        "@geometry": "center"
      },
      "geometry": {
        "type": "Point",
        "coordinates": [
          103.7897628,
          1.2774703
        ]
      },
      "id": "way/1066840091"
    },
    {
      "type": "Feature",
      "properties": {
        "@id": "way/1091973880",
        "building": "yes",
        "name": "Fair price",
        "opening_hours": "Mo-Su 08:00-22:30",
        "payment:cash": "yes",
        "payment:coins": "yes",
        "payment:mastercard": "yes",
        "payment:visa": "yes",
        "shop": "convenience",
        "@geometry": "center"
      },
      "geometry": {
        "type": "Point",
        "coordinates": [
          103.7530546,
          1.3200786
        ]
      },
      "id": "way/1091973880"
    },
    {
      "type": "Feature",
      "properties": {
        "@id": "way/1098777561",
        "addr:city": "Singapore",
        "addr:housenumber": "322",
        "addr:postcode": "820322",
        "addr:street": "Sumang Walk",
        "air_conditioning": "yes",
        "brand": "Prime",
        "brand:wikidata": "Q62122839",
        "indoor": "room",
        "level": "0",
        "name": "Prime",
        "opening_hours": "Mo-Su 07:30-22:00",
        "shop": "supermarket",
        "source": "survey",
        "takeaway": "yes",
        "@geometry": "center"
      },
      "geometry": {
        "type": "Point",
        "coordinates": [
          103.897531,
          1.4111068
        ]
      },
      "id": "way/1098777561"
    },
    {
      "type": "Feature",
      "properties": {
        "@id": "node/1098821707",
        "name": "Prime Supermarket",
        "opening_hours": "24/7",
        "operator": "Prime Supemarket",
        "shop": "supermarket",
        "website": "https://www.primesupermarket.com/"
      },
      "geometry": {
        "type": "Point",
        "coordinates": [
          103.6912856,
          1.3416603
        ]
      },
      "id": "node/1098821707"
    },
    {
      "type": "Feature",
      "properties": {
        "@id": "node/1099727750",
        "brand": "7-Eleven",
        "brand:wikidata": "Q259340",
        "brand:wikipedia": "en:7-Eleven",
        "name": "7-Eleven",
        "name:zh": "7-11便利店",
        "shop": "convenience"
      },
      "geometry": {
        "type": "Point",
        "coordinates": [
          103.7027677,
          1.3418641
        ]
      },
      "id": "node/1099727750"
    },
    {
      "type": "Feature",
      "properties": {
        "@id": "way/1111803119",
        "construction": "yes",
        "indoor": "room",
        "level": "0",
        "shop": "supermarket",
        "@geometry": "center"
      },
      "geometry": {
        "type": "Point",
        "coordinates": [
          103.8872021,
          1.3476975
        ]
      },
      "id": "way/1111803119"
    },
    {
      "type": "Feature",
      "properties": {
        "@id": "way/1114929416",
        "addr:city": "Singapore",
        "addr:housenumber": "12",
        "addr:postcode": "158736",
        "addr:street": "Alexandra View",
        "air_conditioning": "yes",
        "brand": "NTUC Fairprice",
        "brand:wikidata": "Q6955519",
        "brand:wikipedia": "en:NTUC FairPrice",
        "indoor": "yes",
        "level": "0",
        "name": "NTUC Fairprice",
        "shop": "supermarket",
        "@geometry": "center"
      },
      "geometry": {
        "type": "Point",
        "coordinates": [
          103.8166471,
          1.2901076
        ]
      },
      "id": "way/1114929416"
    },
    {
      "type": "Feature",
      "properties": {
        "@id": "node/1126074401",
        "addr:city": "Singapore",
        "addr:housenumber": "Blk 61",
        "addr:postcode": "600061",
        "addr:street": "Teban Gardens Road",
        "level": "0",
        "name": "Sheng Siong",
        "name:zh": "昇菘超市",
        "shop": "supermarket"
      },
      "geometry": {
        "type": "Point",
        "coordinates": [
          103.738207,
          1.3221125
        ]
      },
      "id": "node/1126074401"
    },
    {
      "type": "Feature",
      "properties": {
        "@id": "node/1126074409",
        "brand": "NTUC Fairprice",
        "brand:wikidata": "Q6955519",
        "name": "NTUC FairPrice",
        "name:en": "NTUC FairPrice",
        "name:zh": "职总平价超市",
        "shop": "supermarket"
      },
      "geometry": {
        "type": "Point",
        "coordinates": [
          103.7426546,
          1.3205044
        ]
      },
      "id": "node/1126074409"
    },
    {
      "type": "Feature",
      "properties": {
        "@id": "way/1151425433",
        "addr:city": "Singapore",
        "addr:country": "SG",
        "addr:housenumber": "37",
        "addr:street": "Miltonia Close",
        "brand": "7-Eleven",
        "brand:wikidata": "Q259340",
        "building": "retail",
        "building:levels": "1",
        "level": "0",
        "name": "7-Eleven",
        "name:zh": "7-11便利店",
        "opening_hours": "24/7",
        "shop": "convenience",
        "wheelchair": "yes",
        "@geometry": "center"
      },
      "geometry": {
        "type": "Point",
        "coordinates": [
          103.8471339,
          1.4184154
        ]
      },
      "id": "way/1151425433"
    },
    {
      "type": "Feature",
      "properties": {
        "@id": "way/1159043367",
        "addr:unit": "#02-09",
        "layer": "1",
        "name": "UnPackt 1st Zero Waste Store",
        "opening_hours": "Mo-Su 09:00-18:00",
        "shop": "supermarket",
        "@geometry": "center"
      },
      "geometry": {
        "type": "Point",
        "coordinates": [
          103.7800647,
          1.4084145
        ]
      },
      "id": "way/1159043367"
    },
    {
      "type": "Feature",
      "properties": {
        "@id": "way/1159043368",
        "addr:unit": "#02-07",
        "brand": "Cheers",
        "brand:wikidata": "Q64154066",
        "building": "yes",
        "layer": "1",
        "name": "Cheers",
        "name:zh": "Cheers(雀喜)便利商店",
        "opening_hours": "Mo-Su 07:00-19:00",
        "shop": "convenience",
        "@geometry": "center"
      },
      "geometry": {
        "type": "Point",
        "coordinates": [
          103.7810031,
          1.4077075
        ]
      },
      "id": "way/1159043368"
    },
    {
      "type": "Feature",
      "properties": {
        "@id": "way/1159355022",
        "brand": "Sheng Siong",
        "brand:wikidata": "Q3481878",
        "level": "0",
        "name": "Sheng Siong",
        "name:en": "Sheng Siong",
        "name:zh": "昇菘超市",
        "opening_hours": "24/7",
        "payment:american_express": "yes",
        "payment:cash": "yes",
        "payment:mastercard": "yes",
        "payment:nets": "yes",
        "payment:visa": "yes",
        "self_checkout": "yes",
        "shop": "supermarket",
        "@geometry": "center"
      },
      "geometry": {
        "type": "Point",
        "coordinates": [
          103.8035521,
          1.2984172
        ]
      },
      "id": "way/1159355022"
    },
    {
      "type": "Feature",
      "properties": {
        "@id": "way/1159379779",
        "shop": "supermarket",
        "wheelchair": "yes",
        "@geometry": "center"
      },
      "geometry": {
        "type": "Point",
        "coordinates": [
          103.8065611,
          1.2963597
        ]
      },
      "id": "way/1159379779"
    },
    {
      "type": "Feature",
      "properties": {
        "@id": "way/1160327914",
        "addr:city": "Singapore",
        "addr:housenumber": "106",
        "addr:postcode": "340106",
        "addr:street": "Bidadari Park Drive",
        "addr:unit": "#01-06",
        "indoor": "room",
        "level": "0",
        "name": "Prime supermarket",
        "shop": "supermarket",
        "@geometry": "center"
      },
      "geometry": {
        "type": "Point",
        "coordinates": [
          103.8707323,
          1.3340029
        ]
      },
      "id": "way/1160327914"
    },
    {
      "type": "Feature",
      "properties": {
        "@id": "way/1160679741",
        "indoor": "shop",
        "shop": "supermarket",
        "@geometry": "center"
      },
      "geometry": {
        "type": "Point",
        "coordinates": [
          103.8758827,
          1.3425138
        ]
      },
      "id": "way/1160679741"
    },
    {
      "type": "Feature",
      "properties": {
        "@id": "way/1161076291",
        "indoor": "shop",
        "shop": "supermarket",
        "@geometry": "center"
      },
      "geometry": {
        "type": "Point",
        "coordinates": [
          103.8112632,
          1.2960082
        ]
      },
      "id": "way/1161076291"
    },
    {
      "type": "Feature",
      "properties": {
        "@id": "way/1179688459",
        "brand": "NTUC Fairprice",
        "brand:wikidata": "Q6955519",
        "indoor": "room",
        "level": "0",
        "name": "NTUC Fairprice",
        "shop": "supermarket",
        "@geometry": "center"
      },
      "geometry": {
        "type": "Point",
        "coordinates": [
          103.9090795,
          1.3867212
        ]
      },
      "id": "way/1179688459"
    },
    {
      "type": "Feature",
      "properties": {
        "@id": "way/1187324342",
        "highway": "pedestrian",
        "level": "0",
        "name": "IJOOZ Smart Shop",
        "note:name:zh": "no need for manual chinese name",
        "opening_hours": "24/7",
        "operator": "IJOOZ",
        "payment:credit_cards": "yes",
        "payment:grabpay": "yes",
        "payment:paylah": "yes",
        "payment:paynow": "yes",
        "payment:wechat": "yes",
        "phone": "+65 8778 9916",
        "shop": "convenience",
        "@geometry": "center"
      },
      "geometry": {
        "type": "Point",
        "coordinates": [
          103.779871,
          1.296372
        ]
      },
      "id": "way/1187324342"
    },
    {
      "type": "Feature",
      "properties": {
        "@id": "way/1222910955",
        "building": "yes",
        "building:levels": "1",
        "name": "Choices",
        "operator": "SPC",
        "operator:wikidata": "Q3484938",
        "operator:wikipedia": "en:Singapore Petroleum Company",
        "shop": "convenience",
        "wheelchair": "yes",
        "@geometry": "center"
      },
      "geometry": {
        "type": "Point",
        "coordinates": [
          103.9011214,
          1.4103172
        ]
      },
      "id": "way/1222910955"
    },
    {
      "type": "Feature",
      "properties": {
        "@id": "way/1227353301",
        "building": "yes",
        "building:levels": "1",
        "name": "Choices",
        "operator": "SPC",
        "operator:wikidata": "Q3484938",
        "operator:wikipedia": "en:Singapore Petroleum Company",
        "shop": "convenience",
        "@geometry": "center"
      },
      "geometry": {
        "type": "Point",
        "coordinates": [
          103.8136266,
          1.328239
        ]
      },
      "id": "way/1227353301"
    },
    {
      "type": "Feature",
      "properties": {
        "@id": "way/1263652994",
        "addr:city": "Singapore",
        "addr:country": "SG",
        "addr:housenumber": "31",
        "addr:postcode": "688786",
        "addr:street": "Choa Chu Kang Way",
        "amenity": "fuel",
        "branch": "Choa Chu Kang Way",
        "brand": "Esso",
        "brand:wikidata": "Q867662",
        "landuse": "retail",
        "name": "Esso Choa Chu Kang Way",
        "name:zh": "埃索",
        "operator": "Esso",
        "shop": "convenience",
        "@geometry": "center"
      },
      "geometry": {
        "type": "Point",
        "coordinates": [
          103.7501792,
          1.3775285
        ]
      },
      "id": "way/1263652994"
    },
    {
      "type": "Feature",
      "properties": {
        "@id": "node/1264537429",
        "addr:city": "Singapore",
        "addr:housenumber": "20",
        "addr:postcode": "486442",
        "addr:street": "Eastwood Road",
        "name": "Cold Storage",
        "name:zh": "冷藏公司超市",
        "shop": "supermarket"
      },
      "geometry": {
        "type": "Point",
        "coordinates": [
          103.9555771,
          1.3215309
        ]
      },
      "id": "node/1264537429"
    },
    {
      "type": "Feature",
      "properties": {
        "@id": "node/1264721121",
        "addr:city": "Singapore",
        "addr:housenumber": "#01-116",
        "addr:postcode": "650376",
        "addr:street": "Blk 376 Bukit Batok St 31",
        "name": "Giant",
        "name:zh": "Giant超级",
        "opening_hours": "24/7",
        "shop": "supermarket"
      },
      "geometry": {
        "type": "Point",
        "coordinates": [
          103.7492177,
          1.3586036
        ]
      },
      "id": "node/1264721121"
    },
    {
      "type": "Feature",
      "properties": {
        "@id": "node/1275651889",
        "brand": "7-Eleven",
        "brand:wikidata": "Q259340",
        "brand:wikipedia": "en:7-Eleven",
        "check_date": "2023-11-09",
        "level": "0",
        "name": "7-Eleven",
        "name:zh": "7-11便利店",
        "opening_hours": "24/7",
        "shop": "convenience",
        "wheelchair": "limited"
      },
      "geometry": {
        "type": "Point",
        "coordinates": [
          103.853275,
          1.3018284
        ]
      },
      "id": "node/1275651889"
    },
    {
      "type": "Feature",
      "properties": {
        "@id": "node/1315774069",
        "addr:city": "Singapore",
        "addr:country": "SG",
        "addr:housenumber": "212",
        "addr:postcode": "460212",
        "addr:street": "Bedok North Street 1",
        "air_conditioning": "yes",
        "branch": "Bedok North",
        "brand": "NTUC FairPrice",
        "level": "0,1",
        "name": "NTUC FairPrice",
        "name:en": "NTUC FairPrice",
        "name:zh-Hans": "职总平价超市",
        "name:zh-Hant": "職總平價超市",
        "not:brand:wikidata": "Q6955519",
        "opening_hours": "24/7",
        "payment:cash": "yes",
        "payment:credit_cards": "yes",
        "payment:debit_cards": "yes",
        "payment:nets": "yes",
        "phone": "+65 64438038",
        "shop": "supermarket",
        "wheelchair": "yes"
      },
      "geometry": {
        "type": "Point",
        "coordinates": [
          103.9316518,
          1.3257807
        ]
      },
      "id": "node/1315774069"
    },
    {
      "type": "Feature",
      "properties": {
        "@id": "node/1315774131",
        "addr:city": "Singapore",
        "addr:housenumber": "209",
        "addr:level": "1,2",
        "addr:postcode": "460209",
        "addr:street": "New Upper Changi Road",
        "addr:unit": "#01-631;#02-631",
        "air_conditioning": "yes",
        "brand": "Sheng Siong",
        "brand:wikidata": "Q3481878",
        "internet_access": "no",
        "level": "0,1",
        "level:ref": "1,2",
        "name": "Sheng Siong",
        "name:zh": "昇菘超市",
        "opening_hours": "24/7",
        "payment:cash": "yes",
        "payment:credit_cards": "yes",
        "payment:debit_cards": "yes",
        "phone": "+65 62422824",
        "self_checkout": "yes",
        "shop": "supermarket",
        "stroller": "limited",
        "website": "https://www.shengsiong.com.sg",
        "wheelchair": "limited"
      },
      "geometry": {
        "type": "Point",
        "coordinates": [
          103.9310939,
          1.3244941
        ]
      },
      "id": "node/1315774131"
    },
    {
      "type": "Feature",
      "properties": {
        "@id": "node/1315774209",
        "shop": "convenience"
      },
      "geometry": {
        "type": "Point",
        "coordinates": [
          103.9314399,
          1.325298
        ]
      },
      "id": "node/1315774209"
    },
    {
      "type": "Feature",
      "properties": {
        "@id": "way/1395135414",
        "addr:unit": "#B1-31/32/33",
        "indoor": "room",
        "level": "-1",
        "level:ref": "B1",
        "name": "FairPrice Finest",
        "room": "shop",
        "shop": "supermarket",
        "wheelchair": "yes",
        "@geometry": "center"
      },
      "geometry": {
        "type": "Point",
        "coordinates": [
          103.7856418,
          1.4362019
        ]
      },
      "id": "way/1395135414"
    },
    {
      "type": "Feature",
      "properties": {
        "@id": "way/1395135454",
        "addr:unit": "#B1-K08",
        "indoor": "room",
        "level": "-1",
        "level:ref": "B1",
        "name": "Bites By Scarlett",
        "room": "shop",
        "shop": "convenience",
        "@geometry": "center"
      },
      "geometry": {
        "type": "Point",
        "coordinates": [
          103.785927,
          1.4359387
        ]
      },
      "id": "way/1395135454"
    },
    {
      "type": "Feature",
      "properties": {
        "@id": "way/1395135472",
        "addr:unit": "#B1-09",
        "indoor": "room",
        "level": "-1",
        "level:ref": "B1",
        "name": "Shine Korea",
        "room": "shop",
        "shop": "convenience",
        "@geometry": "center"
      },
      "geometry": {
        "type": "Point",
        "coordinates": [
          103.7861407,
          1.435842
        ]
      },
      "id": "way/1395135472"
    },
    {
      "type": "Feature",
      "properties": {
        "@id": "way/1396029717",
        "addr:unit": "#01-K09",
        "indoor": "room",
        "level": "0",
        "level:ref": "1",
        "name": "7-Eleven",
        "room": "shop",
        "shop": "convenience",
        "@geometry": "center"
      },
      "geometry": {
        "type": "Point",
        "coordinates": [
          103.7862526,
          1.4363085
        ]
      },
      "id": "way/1396029717"
    },
    {
      "type": "Feature",
      "properties": {
        "@id": "node/1427272807",
        "brand": "Cheers",
        "brand:wikidata": "Q64154066",
        "name": "Cheers",
        "name:zh": "Cheers(雀喜)便利商店",
        "opening_hours": "24/7",
        "shop": "convenience"
      },
      "geometry": {
        "type": "Point",
        "coordinates": [
          103.8348084,
          1.2834881
        ]
      },
      "id": "node/1427272807"
    },
    {
      "type": "Feature",
      "properties": {
        "@id": "node/1493817405",
        "branch": "Finest",
        "brand": "NTUC Fairprice",
        "brand:wikidata": "Q6955519",
        "level": "0",
        "name": "NTUC FairPrice",
        "name:en": "NTUC FairPrice",
        "name:zh": "职总平价超市",
        "opening_hours": "Mo-Su 07:30-23:00",
        "phone": "+65 67339358",
        "shop": "supermarket"
      },
      "geometry": {
        "type": "Point",
        "coordinates": [
          103.8268848,
          1.2932215
        ]
      },
      "id": "node/1493817405"
    },
    {
      "type": "Feature",
      "properties": {
        "@id": "node/1558126659",
        "addr:city": "Singapore",
        "addr:country": "SG",
        "addr:housenumber": "#B1-12/13/14",
        "addr:postcode": "129588",
        "addr:street": "The Clementi Mall",
        "branch": "Finest",
        "brand": "NTUC Fairprice",
        "brand:wikidata": "Q6955519",
        "brand:wikipedia": "en:NTUC FairPrice",
        "name": "NTUC FairPrice",
        "name:en": "NTUC FairPrice",
        "name:zh": "职总平价超市",
        "opening_hours": "Mo-Su 07:00-23:00",
        "phone": "+65 66594437",
        "shop": "supermarket",
        "website": "https://www.fairprice.com.sg/"
      },
      "geometry": {
        "type": "Point",
        "coordinates": [
          103.7643947,
          1.3153813
        ]
      },
      "id": "node/1558126659"
    },
    {
      "type": "Feature",
      "properties": {
        "@id": "node/1563387442",
        "addr:city": "Singapore",
        "addr:country": "SG",
        "addr:housenumber": "9",
        "addr:postcode": "579837",
        "addr:street": "Bishan Place",
        "addr:unit": "#B1-01",
        "branch": "Junction 8",
        "brand": "NTUC Fairprice",
        "brand:wikidata": "Q6955519",
        "level": "-1",
        "location": "indoor",
        "name": "NTUC FairPrice",
        "name:en": "NTUC FairPrice",
        "name:zh": "职总平价超市",
        "opening_hours": "Mo-Su 08:00-23:00",
        "phone": "+65 6259 0461",
        "shop": "supermarket",
        "website": "https://www.fairprice.com.sg/",
        "wheelchair": "yes"
      },
      "geometry": {
        "type": "Point",
        "coordinates": [
          103.8485161,
          1.350271
        ]
      },
      "id": "node/1563387442"
    },
    {
      "type": "Feature",
      "properties": {
        "@id": "node/1573758499",
        "name": "Mama shop",
        "shop": "convenience"
      },
      "geometry": {
        "type": "Point",
        "coordinates": [
          103.8537683,
          1.3206824
        ]
      },
      "id": "node/1573758499"
    },
    {
      "type": "Feature",
      "properties": {
        "@id": "node/1573776644",
        "addr:country": "SG",
        "addr:housenumber": "80",
        "addr:street": "Whampoa Drive",
        "brand": "NTUC Fairprice",
        "brand:wikidata": "Q6955519",
        "brand:wikipedia": "en:NTUC FairPrice",
        "check_date": "2023-10-16",
        "name": "NTUC Fairprice",
        "name:en": "NTUC FairPrice",
        "name:zh": "职总平价超市",
        "opening_hours": "24/7",
        "shop": "supermarket",
        "website": "https://www.fairprice.com.sg/"
      },
      "geometry": {
        "type": "Point",
        "coordinates": [
          103.8557907,
          1.3238372
        ]
      },
      "id": "node/1573776644"
    },
    {
      "type": "Feature",
      "properties": {
        "@id": "node/1573778367",
        "brand": "Cheers",
        "brand:wikidata": "Q64154066",
        "name": "Cheers",
        "name:zh": "Cheers(雀喜)便利商店",
        "opening_hours": "24/7",
        "shop": "convenience",
        "survey:date": "2021-10-01"
      },
      "geometry": {
        "type": "Point",
        "coordinates": [
          103.853153,
          1.3212284
        ]
      },
      "id": "node/1573778367"
    },
    {
      "type": "Feature",
      "properties": {
        "@id": "node/1573778377",
        "brand": "Cheers",
        "brand:wikidata": "Q64154066",
        "check_date": "2023-12-16",
        "name": "Cheers",
        "name:zh": "Cheers(雀喜)便利商店",
        "opening_hours": "24/7",
        "shop": "convenience"
      },
      "geometry": {
        "type": "Point",
        "coordinates": [
          103.8524309,
          1.3233245
        ]
      },
      "id": "node/1573778377"
    },
    {
      "type": "Feature",
      "properties": {
        "@id": "node/1654423029",
        "addr:city": "Singapore",
        "addr:housenumber": "211",
        "addr:postcode": "278967",
        "addr:street": "Holland Avenue",
        "branch": "Holland Village",
        "level": "0",
        "name": "Cold Storage Fresh",
        "name:en": "Cold Storage Fresh",
        "name:zh": "冷藏公司超市",
        "opening_hours": "24/7",
        "payment:american_express": "yes",
        "payment:cash": "yes",
        "payment:mastercard": "yes",
        "payment:nets": "yes",
        "payment:visa": "yes",
        "phone": "+65 6468 5566",
        "self_checkout": "yes",
        "shop": "supermarket",
        "short_name": "CS Fresh"
      },
      "geometry": {
        "type": "Point",
        "coordinates": [
          103.7953924,
          1.3101598
        ]
      },
      "id": "node/1654423029"
    },
    {
      "type": "Feature",
      "properties": {
        "@id": "node/1663978962",
        "name": "NTUC FairPrice",
        "name:en": "NTUC FairPrice",
        "name:zh": "职总平价超市",
        "shop": "supermarket"
      },
      "geometry": {
        "type": "Point",
        "coordinates": [
          103.8026888,
          1.2909214
        ]
      },
      "id": "node/1663978962"
    },
    {
      "type": "Feature",
      "properties": {
        "@id": "node/1675182853",
        "branch": "Tiong Bahru Plaza",
        "brand": "NTUC Fairprice",
        "brand:wikidata": "Q6955519",
        "brand:wikipedia": "en:NTUC FairPrice",
        "level": "-1",
        "name": "NTUC FairPrice",
        "name:en": "NTUC FairPrice",
        "name:zh": "职总平价超市",
        "shop": "supermarket",
        "wheelchair": "yes"
      },
      "geometry": {
        "type": "Point",
        "coordinates": [
          103.8265783,
          1.2864697
        ]
      },
      "id": "node/1675182853"
    },
    {
      "type": "Feature",
      "properties": {
        "@id": "node/1686891463",
        "addr:housename": "Shell No.328 Pasir Panjang",
        "addr:postcode": "118654",
        "addr:street": "Pasir Panjang Road",
        "brand": "7-Eleven",
        "brand:wikidata": "Q259340",
        "brand:wikipedia": "en:7-Eleven",
        "name": "7-Eleven",
        "name:zh": "7-11便利店",
        "shop": "convenience"
      },
      "geometry": {
        "type": "Point",
        "coordinates": [
          103.7779041,
          1.2891697
        ]
      },
      "id": "node/1686891463"
    },
    {
      "type": "Feature",
      "properties": {
        "@id": "node/1697933552",
        "addr:city": "Singapore",
        "addr:housenumber": "1",
        "addr:postcode": "807011",
        "addr:street": "Seletar Road",
        "name": "CS Fresh",
        "name:zh": "冷藏公司超市",
        "shop": "supermarket",
        "wheelchair": "yes"
      },
      "geometry": {
        "type": "Point",
        "coordinates": [
          103.8693009,
          1.3874746
        ]
      },
      "id": "node/1697933552"
    },
    {
      "type": "Feature",
      "properties": {
        "@id": "node/1699440753",
        "addr:city": "Singapore",
        "addr:country": "SG",
        "addr:housenumber": "1",
        "addr:postcode": "545078",
        "addr:street": "Sengkang Square",
        "addr:unit": "25",
        "branch": "Compass One",
        "brand:wikidata": "Q5142390",
        "brand:wikipedia": "en:Cold Storage (supermarket)",
        "level": "-1",
        "name": "Cold Storage",
        "name:zh": "冷藏公司超市",
        "opening_hours": "Mo-Su 08:00-22:00",
        "self_checkout": "yes",
        "shop": "supermarket",
        "stroller": "yes",
        "website": "https://coldstorage.com.sg",
        "wheelchair": "yes"
      },
      "geometry": {
        "type": "Point",
        "coordinates": [
          103.8948873,
          1.3916794
        ]
      },
      "id": "node/1699440753"
    },
    {
      "type": "Feature",
      "properties": {
        "@id": "node/1699440754",
        "brand": "NTUC Fairprice",
        "brand:wikidata": "Q6955519",
        "level": "1",
        "name": "NTUC Fairprice",
        "shop": "supermarket",
        "wheelchair": "yes"
      },
      "geometry": {
        "type": "Point",
        "coordinates": [
          103.8795488,
          1.375571
        ]
      },
      "id": "node/1699440754"
    },
    {
      "type": "Feature",
      "properties": {
        "@id": "node/1699579425",
        "brand": "Sheng Siong",
        "brand:wikidata": "Q3481878",
        "name": "Sheng Siong",
        "name:zh": "昇菘超市",
        "shop": "supermarket"
      },
      "geometry": {
        "type": "Point",
        "coordinates": [
          103.8364503,
          1.3677466
        ]
      },
      "id": "node/1699579425"
    },
    {
      "type": "Feature",
      "properties": {
        "@id": "node/1699579426",
        "addr:city": "Singapore",
        "addr:housenumber": "122",
        "addr:postcode": "560122",
        "addr:street": "Ang Mo Kio Avenue 3",
        "name": "Sheng Shiong",
        "opening_hours": "24/7",
        "shop": "supermarket"
      },
      "geometry": {
        "type": "Point",
        "coordinates": [
          103.8434139,
          1.3702891
        ]
      },
      "id": "node/1699579426"
    },
    {
      "type": "Feature",
      "properties": {
        "@id": "node/1699579430",
        "addr:housenumber": "#B2-40",
        "addr:street": "AMK Hub",
        "air_conditioning": "yes",
        "branch": "AMK Hub",
        "level": "-2",
        "level:ref": "B2",
        "name": "NTUC FairPrice Xtra",
        "name:en": "NTUC FairPrice Xtra",
        "name:zh-Hans": "职总平价超市",
        "name:zh-Hant": "職總平價超市",
        "not:brand:wikidata": "Q6955519",
        "opening_hours": "24/7",
        "payment:cash": "yes",
        "payment:credit_cards": "yes",
        "payment:debit_cards": "yes",
        "payment:ezlink": "yes",
        "payment:nets": "yes",
        "phone": "+65 64532521",
        "self_checkout": "yes",
        "shop": "supermarket",
        "stroller": "yes",
        "website": "https://fairprice.com.sg/",
        "wheelchair": "yes"
      },
      "geometry": {
        "type": "Point",
        "coordinates": [
          103.8488529,
          1.3693018
        ]
      },
      "id": "node/1699579430"
    },
    {
      "type": "Feature",
      "properties": {
        "@id": "node/1699621345",
        "addr:city": "Singapore",
        "addr:country": "SG",
        "addr:floor": "3",
        "addr:housenumber": "301",
        "addr:postcode": "574408",
        "addr:street": "Upper Thomson Road",
        "addr:unit": "37/38",
        "branch": "Thomson Plaza",
        "brand": "NTUC FairPrice Finest",
        "level": "2",
        "level:ref": "3",
        "name": "NTUC FairPrice Finest",
        "name:en": "NTUC FairPrice Finest",
        "name:zh-Hans": "职总平价精品超市",
        "name:zh-Hant": "職總平價精品超市",
        "not:brand:wikidata": "Q6955519",
        "opening_hours": "Mo-Su 08:00-23:00",
        "phone": "+65 64547738",
        "shop": "supermarket",
        "website": "https://www.fairprice.com.sg/",
        "wheelchair": "yes"
      },
      "geometry": {
        "type": "Point",
        "coordinates": [
          103.8302338,
          1.3543366
        ]
      },
      "id": "node/1699621345"
    },
    {
      "type": "Feature",
      "properties": {
        "@id": "node/1704365411",
        "name": "ACE Marketplace",
        "opening_hours": "24/7",
        "payment:coins": "yes",
        "payment:cryptocurrencies": "no",
        "payment:electronic_purses": "no",
        "payment:mastercard": "yes",
        "payment:notes": "yes",
        "payment:visa": "yes",
        "payment:visa_debit": "yes",
        "shop": "supermarket",
        "wheelchair": "yes"
      },
      "geometry": {
        "type": "Point",
        "coordinates": [
          103.8310198,
          1.2777764
        ]
      },
      "id": "node/1704365411"
    },
    {
      "type": "Feature",
      "properties": {
        "@id": "node/1704458330",
        "addr:city": "Singapore",
        "addr:housenumber": "131, #01-01-03",
        "addr:street": "Killiney Road, Orchard Grand Court",
        "air_conditioning": "yes",
        "branch": "Orchard Grand Court",
        "brand": "NTUC FairPrice",
        "check_date": "2024-06",
        "level": "0",
        "name": "NTUC FairPrice",
        "name:en": "NTUC FairPrice",
        "name:zh-Hans": "职总平价超市",
        "name:zh-Hant": "職總平價超市",
        "not:brand:wikidata": "Q6955519",
        "opening_hours": "24/7",
        "payment:american_express": "yes",
        "payment:coins": "yes",
        "payment:mastercard": "yes",
        "payment:notes": "yes",
        "payment:visa": "yes",
        "phone": "+65 67344450",
        "shop": "supermarket",
        "stroller": "yes",
        "website": "https://www.fairprice.com.sg/",
        "wheelchair": "yes"
      },
      "geometry": {
        "type": "Point",
        "coordinates": [
          103.8383052,
          1.2973182
        ]
      },
      "id": "node/1704458330"
    },
    {
      "type": "Feature",
      "properties": {
        "@id": "node/1711105937",
        "addr:city": "Singapore",
        "addr:housename": "Guthrie House",
        "addr:housenumber": "1",
        "addr:postcode": "268802",
        "addr:street": "Fifth Avenue",
        "name": "Cold Storage",
        "name:zh": "冷藏公司超市",
        "shop": "supermarket",
        "website": "https://coldstorage.com.sg/"
      },
      "geometry": {
        "type": "Point",
        "coordinates": [
          103.7955242,
          1.3307365
        ]
      },
      "id": "node/1711105937"
    },
    {
      "type": "Feature",
      "properties": {
        "@id": "node/1711105940",
        "name": "7-Eleven",
        "name:zh": "7-11便利店",
        "shop": "convenience"
      },
      "geometry": {
        "type": "Point",
        "coordinates": [
          103.7904332,
          1.3331337
        ]
      },
      "id": "node/1711105940"
    },
    {
      "type": "Feature",
      "properties": {
        "@id": "node/1720515711",
        "addr:city": "Singapore",
        "addr:street": "Upper Thomson Road",
        "brand": "Cheers",
        "brand:wikidata": "Q64154066",
        "name": "Cheers",
        "name:zh": "Cheers(雀喜)便利商店",
        "opening_hours": "24/7",
        "shop": "convenience",
        "source": "Kaart Ground Survey 2017"
      },
      "geometry": {
        "type": "Point",
        "coordinates": [
          103.8281707,
          1.3705495
        ]
      },
      "id": "node/1720515711"
    },
    {
      "type": "Feature",
      "properties": {
        "@id": "node/1742904249",
        "addr:city": "Singapore",
        "addr:housenumber": "50",
        "addr:postcode": "659879",
        "addr:street": "Bukit Batok East Avenue 3",
        "amenity": "fuel",
        "brand:wikidata": "Q3484938",
        "building": "roof",
        "car_wash": "yes",
        "fuel:diesel": "yes",
        "fuel:octane_92": "yes",
        "fuel:octane_95": "yes",
        "name": "SPC Bukit Batok Service Station",
        "opening_hours": "24/7",
        "operator": "SPC",
        "self_service": "yes",
        "shop": "convenience"
      },
      "geometry": {
        "type": "Point",
        "coordinates": [
          103.7585416,
          1.3432114
        ]
      },
      "id": "node/1742904249"
    },
    {
      "type": "Feature",
      "properties": {
        "@id": "node/1777033320",
        "shop": "convenience"
      },
      "geometry": {
        "type": "Point",
        "coordinates": [
          103.6911508,
          1.3437978
        ]
      },
      "id": "node/1777033320"
    },
    {
      "type": "Feature",
      "properties": {
        "@id": "node/1833748775",
        "name": "Barrage Cove",
        "shop": "convenience"
      },
      "geometry": {
        "type": "Point",
        "coordinates": [
          103.8705782,
          1.28028
        ]
      },
      "id": "node/1833748775"
    },
    {
      "type": "Feature",
      "properties": {
        "@id": "node/1834207944",
        "addr:housename": "325",
        "addr:postcode": "400325",
        "addr:street": "Ubi Ave 1",
        "brand": "7-Eleven",
        "brand:wikidata": "Q259340",
        "brand:wikipedia": "en:7-Eleven",
        "name": "7-Eleven",
        "name:zh": "7-11便利店",
        "shop": "convenience",
        "source": "Local Knowledge"
      },
      "geometry": {
        "type": "Point",
        "coordinates": [
          103.9038308,
          1.3276428
        ]
      },
      "id": "node/1834207944"
    },
    {
      "type": "Feature",
      "properties": {
        "@id": "node/1839603987",
        "addr:city": "Singapore",
        "addr:housenumber": "68",
        "addr:postcode": "238839",
        "addr:street": "Orchard Road",
        "air_conditioning": "yes",
        "currency:SGD": "yes",
        "level": "-2",
        "name": "Cold Storage",
        "name:fa": "کولد استوریج",
        "name:zh": "冷藏公司超市",
        "opening_hours": "Mo-Su 09:00-22:00",
        "organic": "yes",
        "payment:american_express": "yes",
        "payment:coins": "yes",
        "payment:contactless": "yes",
        "payment:credit_cards": "yes",
        "payment:debit_cards": "yes",
        "payment:mastercard": "yes",
        "payment:notes": "yes",
        "payment:visa": "yes",
        "phone": "+65 6238 6761",
        "second_hand": "no",
        "shop": "supermarket",
        "stroller": "yes",
        "website": "https://coldstorage.com.sg/",
        "wheelchair": "yes",
        "wikidata": "Q5142390",
        "wikipedia": "en:Cold Storage (supermarket)"
      },
      "geometry": {
        "type": "Point",
        "coordinates": [
          103.8450553,
          1.3010098
        ]
      },
      "id": "node/1839603987"
    },
    {
      "type": "Feature",
      "properties": {
        "@id": "node/1847853694",
        "brand": "NTUC Fairprice",
        "brand:wikidata": "Q6955519",
        "level": "-1",
        "name": "NTUC Fairprice",
        "name:en": "NTUC FairPrice",
        "name:zh": "职总平价超市",
        "shop": "supermarket",
        "wheelchair": "yes"
      },
      "geometry": {
        "type": "Point",
        "coordinates": [
          103.7867602,
          1.4350439
        ]
      },
      "id": "node/1847853694"
    },
    {
      "type": "Feature",
      "properties": {
        "@id": "node/1932070071",
        "addr:city": "Singapore",
        "addr:housenumber": "#01-01/02,21–30",
        "addr:postcode": "238164",
        "addr:street": "111 Somerset",
        "air_conditioning": "yes",
        "branch": "111 Somerset",
        "check_date": "2024-06",
        "currency:SGD": "yes",
        "level": "0",
        "level:ref": "1",
        "name": "NTUC FairPrice Finest",
        "name:en": "NTUC FairPrice Finest",
        "name:zh-Hans": "职总平价精品超市",
        "name:zh-Hant": "職總平價精品超市",
        "not:brand:wikidata": "Q6955519",
        "opening_hours": "Mo-Su 08:00-23:00",
        "payment:american_express": "yes",
        "payment:coins": "yes",
        "payment:credit_cards": "yes",
        "payment:mastercard": "yes",
        "payment:nets": "yes",
        "payment:notes": "yes",
        "payment:visa": "yes",
        "phone": "+65 62193378",
        "self_checkout": "yes",
        "shop": "supermarket",
        "wheelchair": "yes"
      },
      "geometry": {
        "type": "Point",
        "coordinates": [
          103.8371761,
          1.3004599
        ]
      },
      "id": "node/1932070071"
    },
    {
      "type": "Feature",
      "properties": {
        "@id": "node/1932121781",
        "addr:city": "Singapore",
        "addr:country": "SG",
        "addr:housenumber": "63",
        "addr:postcode": "648331",
        "addr:street": "Jurong Central 3",
        "addr:unit": "#03-01",
        "branch": "Jurong Point (JP2)",
        "brand:wikidata": "Q6955519",
        "level": "2",
        "name": "NTUC FairPrice Xtra",
        "name:en": "NTUC FairPrice Xtra",
        "name:zh-Hans": "职总平价超市",
        "name:zh-Hant": "職總平價超市",
        "not:brand:wikidata": "Q6955519",
        "opening_hours": "24/7",
        "phone": "+65 6790 1477",
        "shop": "supermarket",
        "wheelchair": "yes"
      },
      "geometry": {
        "type": "Point",
        "coordinates": [
          103.7055473,
          1.3396665
        ]
      },
      "id": "node/1932121781"
    },
    {
      "type": "Feature",
      "properties": {
        "@id": "node/1932121782",
        "addr:city": "Singapore",
        "addr:housenumber": "23",
        "addr:postcode": "556083",
        "addr:street": "Serangoon Central",
        "addr:unit": "#03-42",
        "air_conditioning": "yes",
        "branch": "Nex",
        "brand": "NTUC Fairprice",
        "brand:wikidata": "Q6955519",
        "brand:wikipedia": "en:NTUC FairPrice",
        "level": "2",
        "name": "NTUC FairPrice Xtra",
        "name:en": "NTUC FairPrice Xtra",
        "name:zh": "职总平价超市",
        "opening_hours": "24/7",
        "payment:american_express": "yes",
        "payment:coins": "yes",
        "payment:contactless": "yes",
        "payment:mastercard": "yes",
        "payment:notes": "yes",
        "payment:visa": "yes",
        "self_checkout": "yes",
        "shop": "supermarket",
        "stroller": "yes",
        "website": "https://www.fairprice.com.sg/",
        "wheelchair": "yes"
      },
      "geometry": {
        "type": "Point",
        "coordinates": [
          103.8722775,
          1.3510423
        ]
      },
      "id": "node/1932121782"
    },
    {
      "type": "Feature",
      "properties": {
        "@id": "node/1932134160",
        "addr:city": "Singapore",
        "addr:floor": "1",
        "addr:housenumber": "2",
        "addr:postcode": "609601",
        "addr:street": "Jurong East Street 21",
        "addr:unit": "#01-100",
        "air_conditioning": "yes",
        "alt_name": "Giant IMM",
        "branch": "IMM",
        "check_date": "2025-01",
        "internet_access": "no",
        "level": "0",
        "level:ref": "1",
        "name": "Giant",
        "name:en": "Giant",
        "name:zh-Hans": "Giant超级",
        "name:zh-Hant": "Giant超級",
        "opening_hours": "Mo-Th 09:00-23:00; Fr,Su 08:00-23:00; Sa 08:00-24:00",
        "payment:cash": "yes",
        "payment:credit_cards": "yes",
        "payment:debit_cards": "yes",
        "payment:ezlink": "yes",
        "payment:nets": "yes",
        "phone": "+65 65643811",
        "self_checkout": "yes",
        "shop": "supermarket",
        "stroller": "yes",
        "survey:date": "2020-12-01",
        "website": "https://giant.sg/",
        "wheelchair": "yes"
      },
      "geometry": {
        "type": "Point",
        "coordinates": [
          103.7472706,
          1.3340708
        ]
      },
      "id": "node/1932134160"
    },
    {
      "type": "Feature",
      "properties": {
        "@id": "node/1932134161",
        "addr:city": "Singapore",
        "addr:housenumber": "#01-01/10",
        "addr:postcode": "680475",
        "addr:street": "Blk 475 Choa Chu Kang Ave 3, Sunshine PlaceX",
        "alt_name": "Giant Choa Chu Kang",
        "name": "Giant",
        "name:zh": "Giant超级",
        "shop": "supermarket",
        "wheelchair": "yes"
      },
      "geometry": {
        "type": "Point",
        "coordinates": [
          103.73864,
          1.3779605
        ]
      },
      "id": "node/1932134161"
    },
    {
      "type": "Feature",
      "properties": {
        "@id": "node/1932134164",
        "addr:city": "Singapore",
        "addr:housenumber": "1",
        "addr:postcode": "677899",
        "addr:street": "Woodlands Road",
        "addr:unit": "#01-07",
        "alt_name": "Sheng Siong Junction 10",
        "branch": "Junction 10",
        "brand": "Sheng Siong",
        "brand:wikidata": "Q3481878",
        "brand:wikipedia": "en:Sheng Siong",
        "level": "0",
        "name": "Sheng Siong",
        "name:zh": "昇菘超市",
        "opening_hours": "Mo-Su 07:00-23:00",
        "phone": "+65 6219 3106",
        "shop": "supermarket",
        "stroller": "yes",
        "wheelchair": "yes"
      },
      "geometry": {
        "type": "Point",
        "coordinates": [
          103.7600191,
          1.3805261
        ]
      },
      "id": "node/1932134164"
    },
    {
      "type": "Feature",
      "properties": {
        "@id": "node/1932156554",
        "addr:city": "Singapore",
        "addr:housenumber": "5",
        "addr:postcode": "397693",
        "addr:street": "Stadium Walk",
        "level": "-1",
        "name": "Cold Storage",
        "name:fa": "کولد استوریج",
        "name:zh": "冷藏公司超市",
        "shop": "supermarket",
        "wheelchair": "yes"
      },
      "geometry": {
        "type": "Point",
        "coordinates": [
          103.8763916,
          1.3020336
        ]
      },
      "id": "node/1932156554"
    },
    {
      "type": "Feature",
      "properties": {
        "@id": "node/1932205655",
        "branch": "100AM",
        "brand": "NTUC FairPrice Finest",
        "name": "NTUC FairPrice Finest",
        "name:en": "NTUC FairPrice Finest",
        "name:zh-Hans": "职总平价精品超市",
        "name:zh-Hant": "職總平價精品超市",
        "not:brand:wikidata": "Q6955519",
        "opening_hours": "Mo-Su 08:00-22:30",
        "self_checkout": "yes",
        "shop": "supermarket",
        "website": "https://fairprice.com.sg/"
      },
      "geometry": {
        "type": "Point",
        "coordinates": [
          103.8436539,
          1.2744573
        ]
      },
      "id": "node/1932205655"
    },
    {
      "type": "Feature",
      "properties": {
        "@id": "node/1932205656",
        "addr:city": "Singapore",
        "addr:housenumber": "1",
        "addr:postcode": "082001",
        "addr:street": "Tanjong Pagar Road",
        "brand": "NTUC Fairprice",
        "brand:wikidata": "Q6955519",
        "brand:wikipedia": "en:NTUC FairPrice",
        "name": "NTUC FairPrice",
        "name:en": "NTUC FairPrice",
        "name:zh": "职总平价超市",
        "opening_hours": "24/7",
        "shop": "supermarket"
      },
      "geometry": {
        "type": "Point",
        "coordinates": [
          103.843136,
          1.2760543
        ]
      },
      "id": "node/1932205656"
    },
    {
      "type": "Feature",
      "properties": {
        "@id": "node/1932207202",
        "addr:city": "Singapore",
        "addr:country": "SG",
        "addr:housename": "Bukit Timah Plaza",
        "addr:housenumber": "1",
        "addr:postcode": "588996",
        "addr:street": "Jalan Anak Bukit",
        "addr:unit": "#B1-01/#B2-01",
        "brand": "NTUC Fairprice",
        "brand:wikidata": "Q6955519",
        "brand:wikipedia": "en:NTUC FairPrice",
        "name": "NTUC FairPrice",
        "name:en": "NTUC FairPrice",
        "name:zh": "职总平价超市",
        "opening_hours": "24/7",
        "shop": "supermarket",
        "wheelchair": "yes"
      },
      "geometry": {
        "type": "Point",
        "coordinates": [
          103.7783181,
          1.3382406
        ]
      },
      "id": "node/1932207202"
    },
    {
      "type": "Feature",
      "properties": {
        "@id": "node/1932208798",
        "addr:city": "Singapore",
        "addr:country": "SG",
        "addr:housename": "Boon Lay Shopping Centre",
        "addr:housenumber": "221",
        "addr:postcode": "640221",
        "addr:street": "Boon Lay Place",
        "name": "NTUC FairPrice",
        "name:en": "NTUC FairPrice",
        "name:zh": "职总平价超市",
        "opening_hours": "Su-Fr 00:00-00:00; Sa 09:00-23:00",
        "shop": "supermarket"
      },
      "geometry": {
        "type": "Point",
        "coordinates": [
          103.7121589,
          1.3464969
        ]
      },
      "id": "node/1932208798"
    },
    {
      "type": "Feature",
      "properties": {
        "@id": "node/1932258472",
        "brand": "NTUC Fairprice",
        "brand:wikidata": "Q6955519",
        "brand:wikipedia": "en:NTUC FairPrice",
        "level": "-1",
        "name": "NTUC Fairprice",
        "shop": "supermarket"
      },
      "geometry": {
        "type": "Point",
        "coordinates": [
          103.8328831,
          1.3059351
        ]
      },
      "id": "node/1932258472"
    },
    {
      "type": "Feature",
      "properties": {
        "@id": "node/1932264501",
        "addr:city": "Singapore",
        "addr:country": "SG",
        "addr:housenumber": "5",
        "addr:postcode": "486038",
        "addr:street": "Changi Business Park Central 1",
        "addr:unit": "#B1-09/10/11",
        "atm": "yes",
        "branch": "Changi City Point",
        "brand": "NTUC Fairprice",
        "level": "-1",
        "name": "NTUC FairPrice Finest",
        "name:en": "NTUC FairPrice Finest",
        "name:zh-Hans": "职总平价超市",
        "not:brand:wikidata": "Q6955519",
        "opening_hours": "Mo-Su 10:00-22:00",
        "payment:american_express": "yes",
        "payment:cash": "yes",
        "payment:mastercard": "yes",
        "payment:visa": "yes",
        "phone": "+65 64438547",
        "shop": "supermarket",
        "website": "https://www.fairprice.com.sg/"
      },
      "geometry": {
        "type": "Point",
        "coordinates": [
          103.9627854,
          1.3345959
        ]
      },
      "id": "node/1932264501"
    },
    {
      "type": "Feature",
      "properties": {
        "@id": "node/1932275054",
        "addr:city": "Singapore",
        "addr:country": "SG",
        "addr:housenumber": "166",
        "addr:postcode": "150166",
        "addr:street": "Bukit Merah Central",
        "addr:unit": "#02-3531",
        "branch": "Bukit Merah",
        "brand": "NTUC Fairprice",
        "brand:wikidata": "Q6955519",
        "name": "NTUC FairPrice",
        "name:en": "NTUC FairPrice",
        "name:zh": "职总平价超市",
        "shop": "supermarket"
      },
      "geometry": {
        "type": "Point",
        "coordinates": [
          103.8175344,
          1.2829291
        ]
      },
      "id": "node/1932275054"
    },
    {
      "type": "Feature",
      "properties": {
        "@id": "node/1932275056",
        "addr:housenumber": "587",
        "addr:street": "Bukit Timah Road",
        "brand": "NTUC Fairprice",
        "brand:wikidata": "Q6955519",
        "brand:wikipedia": "en:NTUC FairPrice",
        "name": "NTUC FairPrice",
        "name:en": "NTUC FairPrice",
        "name:zh": "职总平价超市",
        "opening_hours": "Mo-Su 08:00-23:00",
        "phone": "+65 6469 6245",
        "shop": "supermarket"
      },
      "geometry": {
        "type": "Point",
        "coordinates": [
          103.8098403,
          1.3239226
        ]
      },
      "id": "node/1932275056"
    },
    {
      "type": "Feature",
      "properties": {
        "@id": "node/1932275057",
        "addr:floor": "1;2",
        "addr:housename": "Bukit Panjang Plaza",
        "addr:housenumber": "1",
        "addr:postcode": "677743",
        "addr:street": "Jelebu Road",
        "addr:unit": "#01-15;#02-20",
        "branch": "Bukit Panjang Plaza",
        "brand": "NTUC Fairprice",
        "brand:wikidata": "Q6955519",
        "check_date": "2024-10-05",
        "level": "0;1",
        "name": "NTUC Fairprice Finest",
        "name:zh": "职总平价精品超市",
        "opening_hours": "Mo-Su 08:00-23:00",
        "operator": "NTUC",
        "payment:cash": "yes",
        "payment:credit_cards": "yes",
        "payment:debit_cards": "yes",
        "phone": "+65 6762 8876",
        "shop": "supermarket",
        "wheelchair": "yes"
      },
      "geometry": {
        "type": "Point",
        "coordinates": [
          103.7641782,
          1.380491
        ]
      },
      "id": "node/1932275057"
    },
    {
      "type": "Feature",
      "properties": {
        "@id": "node/1932291017",
        "brand": "NTUC Fairprice",
        "brand:wikidata": "Q6955519",
        "description": "supermarket that occupies the whole level",
        "level": "4",
        "name": "NTUC FairPrice",
        "name:en": "NTUC FairPrice",
        "name:zh": "职总平价超市",
        "operator": "NTUC FairPrice",
        "shop": "supermarket"
      },
      "geometry": {
        "type": "Point",
        "coordinates": [
          103.9528291,
          1.3430246
        ]
      },
      "id": "node/1932291017"
    },
    {
      "type": "Feature",
      "properties": {
        "@id": "node/1932291021",
        "addr:housenumber": "#B1-12",
        "addr:street": "Tampines Mall",
        "branch": "Tampines Mall",
        "brand": "NTUC FairPrice",
        "name": "NTUC FairPrice",
        "name:en": "NTUC FairPrice",
        "name:zh-Hans": "职总平价超市",
        "name:zh-Hant": "職總平價超市",
        "not:brand:wikidata": "Q6955519",
        "opening_hours": "Mo-Su 08:00-23:00",
        "self_checkout": "yes",
        "shop": "supermarket"
      },
      "geometry": {
        "type": "Point",
        "coordinates": [
          103.9444897,
          1.3521442
        ]
      },
      "id": "node/1932291021"
    },
    {
      "type": "Feature",
      "properties": {
        "@id": "node/1932291025",
        "addr:city": "Singapore",
        "addr:country": "SG",
        "addr:housename": "White Sands",
        "addr:housenumber": "1",
        "addr:postcode": "518457",
        "addr:street": "Pasir Ris Central Street 3",
        "air_conditioning": "yes",
        "brand": "NTUC Fairprice",
        "brand:wikidata": "Q6955519",
        "level": "-1",
        "name": "NTUC Fairprice",
        "name:en": "NTUC FairPrice",
        "name:zh": "职总平价超市",
        "opening_hours": "Mo-Su 08:00-23:00",
        "operator": "NTUC FairPrice",
        "phone": "+65 65850536",
        "shop": "supermarket",
        "website": "https://www.fairprice.com.sg/",
        "wheelchair": "yes"
      },
      "geometry": {
        "type": "Point",
        "coordinates": [
          103.9496345,
          1.3724307
        ]
      },
      "id": "node/1932291025"
    },
    {
      "type": "Feature",
      "properties": {
        "@id": "node/1932291026",
        "brand": "NTUC Fairprice",
        "brand:wikidata": "Q6955519",
        "brand:wikipedia": "en:NTUC FairPrice",
        "name": "NTUC Fairprice",
        "name:en": "NTUC FairPrice",
        "name:zh": "职总平价超市",
        "shop": "supermarket"
      },
      "geometry": {
        "type": "Point",
        "coordinates": [
          103.9553166,
          1.3760422
        ]
      },
      "id": "node/1932291026"
    },
    {
      "type": "Feature",
      "properties": {
        "@id": "node/1932291027",
        "air_conditioning": "yes",
        "brand:wikidata": "Q6955519",
        "brand:wikipedia": "en:NTUC FairPrice",
        "name": "NTUC FairPrice",
        "name:en": "NTUC FairPrice",
        "name:zh": "职总平价超市",
        "shop": "supermarket",
        "website": "https://www.fairprice.com.sg/",
        "wheelchair": "yes"
      },
      "geometry": {
        "type": "Point",
        "coordinates": [
          103.8944483,
          1.3186022
        ]
      },
      "id": "node/1932291027"
    },
    {
      "type": "Feature",
      "properties": {
        "@id": "node/1932291028",
        "brand": "NTUC Fairprice",
        "brand:wikidata": "Q6955519",
        "brand:wikipedia": "en:NTUC FairPrice",
        "level": "4",
        "name": "NTUC Fairprice",
        "name:en": "NTUC FairPrice",
        "name:zh": "职总平价超市",
        "shop": "supermarket"
      },
      "geometry": {
        "type": "Point",
        "coordinates": [
          103.8442909,
          1.320599
        ]
      },
      "id": "node/1932291028"
    },
    {
      "type": "Feature",
      "properties": {
        "@id": "node/1932291030",
        "brand": "NTUC Fairprice",
        "brand:wikidata": "Q6955519",
        "name": "NTUC Fairprice",
        "name:en": "NTUC FairPrice",
        "name:zh": "职总平价超市",
        "shop": "supermarket"
      },
      "geometry": {
        "type": "Point",
        "coordinates": [
          103.7450943,
          1.3849878
        ]
      },
      "id": "node/1932291030"
    },
    {
      "type": "Feature",
      "properties": {
        "@id": "node/1932291031",
        "brand": "NTUC Fairprice",
        "brand:wikidata": "Q6955519",
        "name": "NTUC Fairprice",
        "name:en": "NTUC FairPrice",
        "name:zh": "职总平价超市",
        "shop": "supermarket",
        "wheelchair": "yes"
      },
      "geometry": {
        "type": "Point",
        "coordinates": [
          103.7466885,
          1.3971564
        ]
      },
      "id": "node/1932291031"
    },
    {
      "type": "Feature",
      "properties": {
        "@id": "node/1932320712",
        "addr:city": "Singapore",
        "addr:housenumber": "1",
        "addr:postcode": "099253",
        "addr:street": "Maritime Square",
        "air_conditioning": "yes",
        "currency:SGD": "yes",
        "level": "0",
        "name": "Cold Storage",
        "name:zh": "冷藏公司超市",
        "opening_hours": "Mo-Su 08:00-23:00",
        "payment:american_express": "yes",
        "payment:cash": "yes",
        "payment:coins": "yes",
        "payment:contactless": "yes",
        "payment:credit_cards": "yes",
        "payment:debit_cards": "yes",
        "payment:mastercard": "yes",
        "payment:notes": "yes",
        "payment:visa": "yes",
        "second_hand": "no",
        "shop": "supermarket",
        "website": "https://coldstorage.com.sg/",
        "wheelchair": "yes",
        "wikidata": "Q5142390",
        "wikipedia": "en:Cold Storage (supermarket)"
      },
      "geometry": {
        "type": "Point",
        "coordinates": [
          103.820063,
          1.2643809
        ]
      },
      "id": "node/1932320712"
    },
    {
      "type": "Feature",
      "properties": {
        "@id": "node/1932320732",
        "addr:city": "Singapore",
        "addr:housenumber": "1",
        "addr:postcode": "237994",
        "addr:street": "Kim Seng Road",
        "alt_name": "Cold Storage",
        "branch": "Great World",
        "check_date": "2024-06",
        "level": "-1",
        "level:ref": "B1",
        "name": "CS Fresh",
        "name:en": "CS Fresh",
        "name:zh": "冷藏公司超市",
        "opening_hours": "09:00-22:00",
        "operator:wikidata": "Q5142390",
        "shop": "supermarket"
      },
      "geometry": {
        "type": "Point",
        "coordinates": [
          103.8319081,
          1.2938703
        ]
      },
      "id": "node/1932320732"
    },
    {
      "type": "Feature",
      "properties": {
        "@id": "node/1932320733",
        "addr:city": "Singapore",
        "addr:housenumber": "1",
        "addr:postcode": "138632",
        "addr:street": "Fusionopolis Way",
        "level": "-2",
        "name": "Cold Storage",
        "name:fa": "کولد استوریج",
        "name:zh": "冷藏公司超市",
        "payment:cash": "yes",
        "payment:contactless": "yes",
        "payment:credit_cards": "yes",
        "payment:debit_cards": "yes",
        "shop": "supermarket"
      },
      "geometry": {
        "type": "Point",
        "coordinates": [
          103.7875648,
          1.2994785
        ]
      },
      "id": "node/1932320733"
    },
    {
      "type": "Feature",
      "properties": {
        "@id": "node/1932320736",
        "addr:city": "Singapore",
        "addr:country": "SG",
        "addr:floor": "B2",
        "addr:housenumber": "391A",
        "addr:postcode": "238872",
        "addr:street": "Orchard Road",
        "branch": "Takashimaya S.C.",
        "internet_access": "no",
        "level": "-2",
        "level:ref": "B2",
        "name": "Cold Storage",
        "name:en": "Cold Storage",
        "name:fa": "کولد استوریج",
        "name:zh": "冷藏公司超市",
        "opening_hours": "Mo-Su 10:00-21:30",
        "payment:cash": "yes",
        "payment:credit_cards": "yes",
        "payment:debit_cards": "yes",
        "payment:ezlink": "yes",
        "payment:nets": "yes",
        "self_checkout": "yes",
        "shop": "supermarket",
        "website": "https://coldstorage.com.sg/",
        "wheelchair": "yes"
      },
      "geometry": {
        "type": "Point",
        "coordinates": [
          103.8353196,
          1.3021406
        ]
      },
      "id": "node/1932320736"
    },
    {
      "type": "Feature",
      "properties": {
        "@id": "node/1932320739",
        "addr:city": "Singapore",
        "addr:country": "SG",
        "addr:housename": "West Coast Plaza",
        "addr:housenumber": "154",
        "addr:postcode": "127371",
        "addr:street": "West Coast Road",
        "name": "Cold Storage",
        "name:zh": "冷藏公司超市",
        "shop": "supermarket"
      },
      "geometry": {
        "type": "Point",
        "coordinates": [
          103.7657354,
          1.3037215
        ]
      },
      "id": "node/1932320739"
    },
    {
      "type": "Feature",
      "properties": {
        "@id": "node/1932320742",
        "addr:city": "Singapore",
        "addr:country": "SG",
        "addr:housename": "The Star Vista",
        "addr:housenumber": "1",
        "addr:postcode": "138617",
        "addr:street": "Vista Exchange Green",
        "brand": "The Star Vista",
        "level": "-1",
        "name": "Cold Storage Fresh",
        "opening_hours": "Mo-Su 08:00-22:00",
        "payment:american_express": "yes",
        "payment:cash": "yes",
        "payment:mastercard": "yes",
        "payment:nets": "yes",
        "payment:visa": "yes",
        "phone": "+65 66943224",
        "shop": "supermarket",
        "short_name": "CS Fresh",
        "website": "https://coldstorage.com.sg/"
      },
      "geometry": {
        "type": "Point",
        "coordinates": [
          103.7879849,
          1.3070599
        ]
      },
      "id": "node/1932320742"
    },
    {
      "type": "Feature",
      "properties": {
        "@id": "node/1932320745",
        "addr:city": "Singapore",
        "addr:housenumber": "101",
        "addr:postcode": "307591",
        "addr:street": "Thomson Road",
        "brand:wikidata": "Q5142390",
        "name": "Cold Storage",
        "name:zh": "冷藏公司超市",
        "shop": "supermarket",
        "wheelchair": "yes"
      },
      "geometry": {
        "type": "Point",
        "coordinates": [
          103.8434897,
          1.3168348
        ]
      },
      "id": "node/1932320745"
    },
    {
      "type": "Feature",
      "properties": {
        "@id": "node/1932320757",
        "addr:city": "Singapore",
        "addr:housenumber": "Block 108",
        "addr:postcode": "120108",
        "addr:street": "Clementi Street 11",
        "name": "Grindelwald",
        "phone": "+65 6775 4947",
        "shop": "supermarket",
        "wheelchair": "yes"
      },
      "geometry": {
        "type": "Point",
        "coordinates": [
          103.7702616,
          1.3220913
        ]
      },
      "id": "node/1932320757"
    },
    {
      "type": "Feature",
      "properties": {
        "@id": "node/1932320762",
        "addr:city": "Singapore",
        "addr:housenumber": "23",
        "addr:postcode": "556083",
        "addr:street": "Serangoon Central",
        "addr:unit": "#B2-44/45",
        "air_conditioning": "yes",
        "branch": "SERANGOON NEX",
        "brand": "Cold Storage",
        "brand:wikidata": "Q5142390",
        "brand:wikipedia": "en:Cold Storage (supermarket)",
        "name": "Cold Storage",
        "name:en": "Cold Storage",
        "name:zh": "冷藏公司超市",
        "opening_hours": "24/7",
        "payment:american_express": "yes",
        "payment:coins": "yes",
        "payment:contactless": "yes",
        "payment:credit_cards": "yes",
        "payment:debit_cards": "yes",
        "payment:mastercard": "yes",
        "payment:nets": "yes",
        "payment:notes": "yes",
        "payment:visa": "yes",
        "self_checkout": "yes",
        "shop": "supermarket",
        "website": "https://coldstorage.com.sg/",
        "wheelchair": "yes"
      },
      "geometry": {
        "type": "Point",
        "coordinates": [
          103.8732256,
          1.3501335
        ]
      },
      "id": "node/1932320762"
    },
    {
      "type": "Feature",
      "properties": {
        "@id": "node/1932320763",
        "addr:city": "Singapore",
        "addr:housenumber": "#B1-01/02",
        "addr:postcode": "529536",
        "addr:street": "Tampines 1",
        "branch": "Tampines 1",
        "check_date": "2025-01",
        "name": "Cold Storage",
        "name:en": "Cold Storage",
        "name:zh": "冷藏公司超市",
        "opening_hours": "Mo-Su 08:00-22:30",
        "self_checkout": "yes",
        "shop": "supermarket",
        "website": "https://coldstorage.com.sg/",
        "wheelchair": "yes"
      },
      "geometry": {
        "type": "Point",
        "coordinates": [
          103.9452276,
          1.3539198
        ]
      },
      "id": "node/1932320763"
    },
    {
      "type": "Feature",
      "properties": {
        "@id": "node/1932320764",
        "name": "Cold Storage",
        "name:zh": "冷藏公司超市",
        "shop": "supermarket"
      },
      "geometry": {
        "type": "Point",
        "coordinates": [
          103.9898809,
          1.3558211
        ]
      },
      "id": "node/1932320764"
    },
    {
      "type": "Feature",
      "properties": {
        "@id": "node/1932320767",
        "addr:city": "Singapore",
        "addr:housenumber": "205",
        "addr:postcode": "530205",
        "addr:street": "Hougang Street 21",
        "addr:unit": "#01-133/135",
        "branch": "Hougang",
        "level": "0",
        "name": "Cold Storage",
        "name:en": "Cold Storage",
        "name:zh": "冷藏公司超市",
        "opening_hours": "Mo-Su 08:00-22:00",
        "payment:american_express": "yes",
        "payment:coins": "yes",
        "payment:contactless": "yes",
        "payment:mastercard": "yes",
        "payment:notes": "yes",
        "payment:visa": "yes",
        "self_checkout": "yes",
        "shop": "supermarket",
        "wheelchair": "yes"
      },
      "geometry": {
        "type": "Point",
        "coordinates": [
          103.8849418,
          1.3593977
        ]
      },
      "id": "node/1932320767"
    },
    {
      "type": "Feature",
      "properties": {
        "@id": "node/1932320773",
        "addr:city": "Singapore",
        "addr:country": "SG",
        "addr:housenumber": "252 #B1-01",
        "addr:postcode": "179103",
        "addr:street": "North Bridge Road Raffles City",
        "branch": "Raffles City",
        "brand": "Cold Storage",
        "brand:wikidata": "Q5142390",
        "brand:wikipedia": "en:Cold Storage (supermarket)",
        "name": "Cold Storage Fresh",
        "old_name": "Raffles City Market Place",
        "opening_hours": "PH,Mo-Su 08:30-22:00",
        "organic": "yes",
        "payment:american_express": "yes",
        "payment:cash": "yes",
        "payment:mastercard": "yes",
        "payment:nets": "yes",
        "payment:visa": "yes",
        "shop": "supermarket",
        "short_name": "CS Fresh",
        "wheelchair": "yes"
      },
      "geometry": {
        "type": "Point",
        "coordinates": [
          103.8531044,
          1.2934639
        ]
      },
      "id": "node/1932320773"
    },
    {
      "type": "Feature",
      "properties": {
        "@id": "node/1932320776",
        "addr:city": "Singapore",
        "addr:country": "SG",
        "addr:housenumber": "290",
        "addr:postcode": "238859",
        "addr:street": "Orchard Road",
        "addr:unit": "#B1-21/22",
        "alt_name": "Cold Storage",
        "branch": "Paragon",
        "level": "-1",
        "name": "CS Fresh Gold",
        "name:en": "CS Fresh Gold",
        "old_name": "Paragon Market Place",
        "opening_hours": "Mo-Su 08:00-22:00",
        "shop": "supermarket",
        "website": "https://coldstorage.com.sg/",
        "wheelchair": "yes"
      },
      "geometry": {
        "type": "Point",
        "coordinates": [
          103.8359057,
          1.3035875
        ]
      },
      "id": "node/1932320776"
    },
    {
      "type": "Feature",
      "properties": {
        "@id": "node/1932320788",
        "addr:city": "Singapore",
        "addr:housenumber": "163 #B1-101",
        "addr:postcode": "247933",
        "addr:street": "Tanglin Road Tanglin Mall",
        "branch": "Tanglin",
        "brand": "Cold Storage",
        "brand:wikidata": "Q5142390",
        "level": "-1",
        "name": "Cold Storage Fresh Gold",
        "old_name": "Tanglin Market Place",
        "opening_hours": "Mo-Su 08:00-22:00",
        "organic": "yes",
        "payment:american_express": "yes",
        "payment:cash": "yes",
        "payment:mastercard": "yes",
        "payment:nets": "yes",
        "payment:visa": "yes",
        "shop": "supermarket",
        "short_name": "CS Fresh Gold",
        "stroller": "yes",
        "website": "https://coldstorage.com.sg/"
      },
      "geometry": {
        "type": "Point",
        "coordinates": [
          103.8242276,
          1.3048473
        ]
      },
      "id": "node/1932320788"
    },
    {
      "type": "Feature",
      "properties": {
        "@id": "node/1932320789",
        "addr:city": "Singapore",
        "addr:country": "SG",
        "addr:housenumber": "112",
        "addr:postcode": "428802",
        "addr:street": "East Coast Road",
        "addr:unit": "B1-01 to 05",
        "branch": "i12 Katong",
        "level": "-1",
        "name": "CS Fresh",
        "opening_hours": "09:00-22:00",
        "operator": "Cold Storage",
        "shop": "supermarket",
        "wheelchair": "yes"
      },
      "geometry": {
        "type": "Point",
        "coordinates": [
          103.9052732,
          1.3049612
        ]
      },
      "id": "node/1932320789"
    },
    {
      "type": "Feature",
      "properties": {
        "@id": "node/1932320790",
        "name": "ThreeSixty",
        "name:fa": "تری‌سیکیتی",
        "shop": "supermarket",
        "wheelchair": "yes"
      },
      "geometry": {
        "type": "Point",
        "coordinates": [
          103.8316657,
          1.3041529
        ]
      },
      "id": "node/1932320790"
    },
    {
      "type": "Feature",
      "properties": {
        "@id": "node/1939009945",
        "addr:city": "Singapore",
        "addr:housename": "41",
        "addr:housenumber": "41",
        "addr:postcode": "597071",
        "addr:street": "Sunset Way",
        "name": "Cold Storage",
        "name:zh": "冷藏公司超市",
        "shop": "supermarket",
        "website": "https://coldstorage.com.sg/"
      },
      "geometry": {
        "type": "Point",
        "coordinates": [
          103.7675432,
          1.3235953
        ]
      },
      "id": "node/1939009945"
    },
    {
      "type": "Feature",
      "properties": {
        "@id": "node/1953018875",
        "brand": "7-Eleven",
        "level": "0",
        "name": "7-Eleven",
        "name:zh": "7-11便利店",
        "opening_hours": "Mo-Su 00:00-00:00",
        "shop": "convenience"
      },
      "geometry": {
        "type": "Point",
        "coordinates": [
          103.829954,
          1.305747
        ]
      },
      "id": "node/1953018875"
    },
    {
      "type": "Feature",
      "properties": {
        "@id": "node/1987968430",
        "addr:city": "Singapore",
        "addr:housenumber": "739A",
        "addr:postcode": "471739",
        "addr:street": "Bedok Reservoir Road",
        "branch": "1 Station Market",
        "brand": "Sheng Siong",
        "brand:wikidata": "Q3481878",
        "name": "Sheng Siong",
        "name:zh": "昇菘超市",
        "shop": "supermarket"
      },
      "geometry": {
        "type": "Point",
        "coordinates": [
          103.9234133,
          1.3381024
        ]
      },
      "id": "node/1987968430"
    },
    {
      "type": "Feature",
      "properties": {
        "@id": "node/2099138266",
        "brand": "7-Eleven",
        "brand:wikidata": "Q259340",
        "brand:wikipedia": "en:7-Eleven",
        "name": "7-Eleven",
        "name:zh": "7-11便利店",
        "opening_hours": "24/7",
        "shop": "convenience"
      },
      "geometry": {
        "type": "Point",
        "coordinates": [
          103.8379057,
          1.2897593
        ]
      },
      "id": "node/2099138266"
    },
    {
      "type": "Feature",
      "properties": {
        "@id": "node/2099138268",
        "name": "Rivergate Grocer",
        "shop": "convenience"
      },
      "geometry": {
        "type": "Point",
        "coordinates": [
          103.8366608,
          1.290507
        ]
      },
      "id": "node/2099138268"
    },
    {
      "type": "Feature",
      "properties": {
        "@id": "node/2112314806",
        "brand": "NTUC Fairprice",
        "brand:wikidata": "Q6955519",
        "name": "NTUC Fairprice",
        "name:en": "NTUC FairPrice",
        "name:zh": "职总平价超市",
        "shop": "supermarket"
      },
      "geometry": {
        "type": "Point",
        "coordinates": [
          103.8495849,
          1.3151914
        ]
      },
      "id": "node/2112314806"
    },
    {
      "type": "Feature",
      "properties": {
        "@id": "node/2122187927",
        "addr:city": "Singapore",
        "addr:housenumber": "352",
        "addr:postcode": "120352",
        "addr:street": "Clementi Avenue 2",
        "name": "Sheng Siong",
        "name:zh": "昇菘超市",
        "shop": "supermarket"
      },
      "geometry": {
        "type": "Point",
        "coordinates": [
          103.7711263,
          1.3150492
        ]
      },
      "id": "node/2122187927"
    },
    {
      "type": "Feature",
      "properties": {
        "@id": "node/2122187931",
        "addr:city": "Singapore",
        "addr:housenumber": "143",
        "addr:postcode": "120352",
        "addr:street": "Clementi Avenue 2",
        "brand": "NTUC Fairprice",
        "brand:wikidata": "Q6955519",
        "brand:wikipedia": "en:NTUC FairPrice",
        "name": "NTUC FairPrice",
        "name:en": "NTUC FairPrice",
        "name:zh": "职总平价超市",
        "shop": "supermarket"
      },
      "geometry": {
        "type": "Point",
        "coordinates": [
          103.7711879,
          1.3144431
        ]
      },
      "id": "node/2122187931"
    },
    {
      "type": "Feature",
      "properties": {
        "@id": "node/2132500350",
        "addr:city": "Singapore",
        "addr:housenumber": "118",
        "addr:postcode": "380118",
        "addr:street": "Aljunied Avenue 2",
        "name": "Giant",
        "name:zh": "Giant超级",
        "shop": "supermarket",
        "source": "Kaart Ground Survey 2017"
      },
      "geometry": {
        "type": "Point",
        "coordinates": [
          103.8873042,
          1.3201477
        ]
      },
      "id": "node/2132500350"
    },
    {
      "type": "Feature",
      "properties": {
        "@id": "node/2142181977",
        "addr:street": "Middle Road",
        "brand": "7-Eleven",
        "brand:wikidata": "Q259340",
        "brand:wikipedia": "en:7-Eleven",
        "check_date": "2024-04-14",
        "level": "0",
        "name": "7-Eleven",
        "name:zh": "7-11便利店",
        "opening_hours": "24/7",
        "shop": "convenience"
      },
      "geometry": {
        "type": "Point",
        "coordinates": [
          103.8557045,
          1.2969497
        ]
      },
      "id": "node/2142181977"
    },
    {
      "type": "Feature",
      "properties": {
        "@id": "node/2142182411",
        "brand": "7-Eleven",
        "brand:wikidata": "Q259340",
        "brand:wikipedia": "en:7-Eleven",
        "check_date": "2025-10-21",
        "level": "0",
        "name": "7-Eleven",
        "name:zh": "7-11便利店",
        "opening_hours": "24/7",
        "shop": "convenience",
        "wheelchair": "no"
      },
      "geometry": {
        "type": "Point",
        "coordinates": [
          103.8553052,
          1.2977694
        ]
      },
      "id": "node/2142182411"
    },
    {
      "type": "Feature",
      "properties": {
        "@id": "node/2148654166",
        "name": "Pasir Ris Minimart",
        "shop": "convenience"
      },
      "geometry": {
        "type": "Point",
        "coordinates": [
          103.9363808,
          1.3747713
        ]
      },
      "id": "node/2148654166"
    },
    {
      "type": "Feature",
      "properties": {
        "@id": "node/2148975844",
        "name": "NTUC FairPrice",
        "name:en": "NTUC FairPrice",
        "name:zh": "职总平价超市",
        "shop": "supermarket",
        "toilets:wheelchair": "yes",
        "wheelchair": "yes"
      },
      "geometry": {
        "type": "Point",
        "coordinates": [
          103.9362379,
          1.3796884
        ]
      },
      "id": "node/2148975844"
    },
    {
      "type": "Feature",
      "properties": {
        "@id": "node/2163610013",
        "addr:housename": "Admiralty MRT Station",
        "addr:street": "70 Woodlands Ave 7",
        "name": "7-Eleven",
        "name:zh": "7-11便利店",
        "shop": "convenience",
        "source": "Local Knowledge"
      },
      "geometry": {
        "type": "Point",
        "coordinates": [
          103.8008888,
          1.4403443
        ]
      },
      "id": "node/2163610013"
    },
    {
      "type": "Feature",
      "properties": {
        "@id": "node/2163614820",
        "addr:city": "Singapore",
        "addr:housename": "Admiralty MRT Station",
        "addr:housenumber": "#01-05",
        "addr:postcode": "738344",
        "addr:street": "70 Woodlands Ave 7, Admiralty MRT Station",
        "name": "Giant",
        "name:zh": "Giant超级",
        "opening_hours": "24/7",
        "shop": "supermarket",
        "source": "Local Knowledge"
      },
      "geometry": {
        "type": "Point",
        "coordinates": [
          103.8005616,
          1.4403979
        ]
      },
      "id": "node/2163614820"
    },
    {
      "type": "Feature",
      "properties": {
        "@id": "node/2372901159",
        "addr:housenumber": "1",
        "addr:postcode": "138602",
        "addr:street": "Create Way",
        "brand": "Cheers",
        "brand:wikidata": "Q64154066",
        "level": "0",
        "name": "Cheers",
        "name:zh": "Cheers(雀喜)便利商店",
        "opening_hours": "24/7",
        "phone": "+65 6659 6017",
        "shop": "convenience"
      },
      "geometry": {
        "type": "Point",
        "coordinates": [
          103.773937,
          1.3035244
        ]
      },
      "id": "node/2372901159"
    },
    {
      "type": "Feature",
      "properties": {
        "@id": "node/2383936392",
        "name": "Econ Minimart",
        "shop": "supermarket"
      },
      "geometry": {
        "type": "Point",
        "coordinates": [
          103.9107829,
          1.3237921
        ]
      },
      "id": "node/2383936392"
    },
    {
      "type": "Feature",
      "properties": {
        "@id": "node/2383936399",
        "name": "NTUC FairPrice",
        "name:en": "NTUC FairPrice",
        "name:zh": "职总平价超市",
        "opening_hours": "24/7",
        "shop": "supermarket"
      },
      "geometry": {
        "type": "Point",
        "coordinates": [
          103.9108467,
          1.3236799
        ]
      },
      "id": "node/2383936399"
    },
    {
      "type": "Feature",
      "properties": {
        "@id": "node/2402480209",
        "addr:city": "Singapore",
        "addr:housenumber": "B1-01",
        "addr:postcode": "059413",
        "addr:street": "Chinatown Point",
        "air_conditioning": "yes",
        "branch": "Chinatown Point",
        "brand": "NTUC FairPrice",
        "check_date": "2025-01",
        "currency:SGD": "yes",
        "level": "-1",
        "level:ref": "B1",
        "name": "NTUC FairPrice",
        "name:en": "NTUC FairPrice",
        "name:zh-Hans": "职总平价超市",
        "name:zh-Hant": "職總平價超市",
        "not:brand:wikidata": "Q6955519",
        "opening_hours": "Mo-Su 08:00-23:00",
        "payment:cash": "yes",
        "payment:credit_cards": "yes",
        "payment:debit_cards": "yes",
        "payment:ep_ezlink": "yes",
        "phone": "+65 67020381",
        "self_checkout": "yes",
        "shop": "supermarket",
        "stroller": "yes",
        "website": "https://fairprice.com.sg/",
        "wheelchair": "yes"
      },
      "geometry": {
        "type": "Point",
        "coordinates": [
          103.8451805,
          1.2855811
        ]
      },
      "id": "node/2402480209"
    },
    {
      "type": "Feature",
      "properties": {
        "@id": "node/2402536813",
        "name": "Daiso",
        "name:zh": "大创百货",
        "shop": "supermarket"
      },
      "geometry": {
        "type": "Point",
        "coordinates": [
          103.8568212,
          1.3114628
        ]
      },
      "id": "node/2402536813"
    },
    {
      "type": "Feature",
      "properties": {
        "@id": "node/2402539701",
        "addr:city": "Singapore",
        "addr:country": "SG",
        "addr:housenumber": "180 #b1",
        "addr:postcode": "208539",
        "addr:street": "Kitchener Road",
        "addr:unit": "#B1-09/10",
        "air_conditioning": "yes",
        "branch": "City Square Mall",
        "brand": "NTUC FairPrice",
        "brand:wikidata": "Q6955519",
        "brand:wikipedia": "en:NTUC FairPrice",
        "currency:SGD": "yes",
        "level": "-1",
        "name": "NTUC FairPrice",
        "name:en": "NTUC FairPrice",
        "name:zh": "职总平价超市",
        "opening_hours": "Mo-Su 08:00-23:00",
        "operator": "NTUC",
        "phone": "+65 6509 6260",
        "shop": "supermarket",
        "stroller": "yes",
        "website": "https://www.fairprice.com.sg/",
        "wheelchair": "yes"
      },
      "geometry": {
        "type": "Point",
        "coordinates": [
          103.8563897,
          1.3115258
        ]
      },
      "id": "node/2402539701"
    },
    {
      "type": "Feature",
      "properties": {
        "@id": "node/2402541465",
        "addr:city": "Singapore",
        "addr:housenumber": "238",
        "addr:postcode": "307683",
        "addr:street": "Thomson Road",
        "addr:unit": "28",
        "air_conditioning": "yes",
        "branch": "Novena Square",
        "brand": "Cold Storage",
        "brand:wikidata": "Q5142390",
        "brand:wikipedia": "en:Cold Storage (supermarket)",
        "check_date": "2023-12-24",
        "currency:SGD": "yes",
        "level": "0",
        "name": "Cold Storage",
        "name:zh": "冷藏公司超市",
        "opening_hours": "Mo-Su 09:00-22:00",
        "payment:cash": "yes",
        "payment:credit_cards": "yes",
        "payment:debit_cards": "yes",
        "shop": "supermarket",
        "stroller": "yes",
        "website": "https://coldstorage.com.sg/",
        "wheelchair": "yes"
      },
      "geometry": {
        "type": "Point",
        "coordinates": [
          103.843935,
          1.320133
        ]
      },
      "id": "node/2402541465"
    },
    {
      "type": "Feature",
      "properties": {
        "@id": "node/2420993453",
        "addr:city": "Singapore",
        "addr:housenumber": "#01-34",
        "addr:postcode": "730768",
        "addr:street": "Blk 768 Woodlands Ave 6, Woodlands Mart",
        "name": "Giant",
        "name:zh": "Giant超级",
        "shop": "supermarket"
      },
      "geometry": {
        "type": "Point",
        "coordinates": [
          103.7979298,
          1.4456477
        ]
      },
      "id": "node/2420993453"
    },
    {
      "type": "Feature",
      "properties": {
        "@id": "node/2420993464",
        "brand": "7-Eleven",
        "brand:wikidata": "Q259340",
        "brand:wikipedia": "en:7-Eleven",
        "name": "7-Eleven",
        "name:zh": "7-11便利店",
        "shop": "convenience"
      },
      "geometry": {
        "type": "Point",
        "coordinates": [
          103.801276,
          1.4403061
        ]
      },
      "id": "node/2420993464"
    },
    {
      "type": "Feature",
      "properties": {
        "@id": "node/2420993465",
        "name": "PRIME",
        "shop": "supermarket"
      },
      "geometry": {
        "type": "Point",
        "coordinates": [
          103.8016636,
          1.4401493
        ]
      },
      "id": "node/2420993465"
    },
    {
      "type": "Feature",
      "properties": {
        "@id": "node/2421003726",
        "name": "PRIME",
        "shop": "supermarket"
      },
      "geometry": {
        "type": "Point",
        "coordinates": [
          103.7978443,
          1.4458917
        ]
      },
      "id": "node/2421003726"
    },
    {
      "type": "Feature",
      "properties": {
        "@id": "node/2421003727",
        "name": "NTUC FairPrice",
        "name:en": "NTUC FairPrice",
        "name:zh": "职总平价超市",
        "operator": "NTUC",
        "shop": "supermarket"
      },
      "geometry": {
        "type": "Point",
        "coordinates": [
          103.7952187,
          1.4385636
        ]
      },
      "id": "node/2421003727"
    },
    {
      "type": "Feature",
      "properties": {
        "@id": "node/2421014788",
        "addr:city": "Singapore",
        "addr:country": "SG",
        "addr:housenumber": "570B",
        "addr:postcode": "732570",
        "addr:street": "Woodlands Avenue 1",
        "addr:unit": "#01-06",
        "branch": "Woodlands Avenue 1",
        "name": "NTUC FairPrice",
        "name:en": "NTUC FairPrice",
        "name:zh": "职总平价超市",
        "opening_hours": "Mo-Su 07:00-23:00",
        "operator": "NTUC",
        "phone": "+65 6339 2996",
        "shop": "supermarket"
      },
      "geometry": {
        "type": "Point",
        "coordinates": [
          103.7907695,
          1.430908
        ]
      },
      "id": "node/2421014788"
    },
    {
      "type": "Feature",
      "properties": {
        "@id": "node/2421023936",
        "addr:postcode": "730780",
        "shop": "supermarket"
      },
      "geometry": {
        "type": "Point",
        "coordinates": [
          103.801034,
          1.448068
        ]
      },
      "id": "node/2421023936"
    },
    {
      "type": "Feature",
      "properties": {
        "@id": "node/2421023937",
        "addr:city": "Singapore",
        "addr:housenumber": "#01-498",
        "addr:postcode": "730883",
        "addr:street": "Blk 883 Woodlands St 82, Woodlands North Plaza",
        "name": "Giant",
        "name:zh": "Giant超级",
        "shop": "supermarket"
      },
      "geometry": {
        "type": "Point",
        "coordinates": [
          103.7904903,
          1.4425618
        ]
      },
      "id": "node/2421023937"
    },
    {
      "type": "Feature",
      "properties": {
        "@id": "node/2421026645",
        "name": "NTUC FairPrice",
        "name:en": "NTUC FairPrice",
        "name:zh": "职总平价超市",
        "shop": "supermarket",
        "wheelchair": "yes"
      },
      "geometry": {
        "type": "Point",
        "coordinates": [
          103.7744928,
          1.4325561
        ]
      },
      "id": "node/2421026645"
    },
    {
      "type": "Feature",
      "properties": {
        "@id": "node/2421030315",
        "level": "1",
        "name": "NTUC FairPrice",
        "name:en": "NTUC FairPrice",
        "name:zh": "职总平价超市",
        "shop": "supermarket",
        "wheelchair": "yes"
      },
      "geometry": {
        "type": "Point",
        "coordinates": [
          103.8350138,
          1.4289998
        ]
      },
      "id": "node/2421030315"
    },
    {
      "type": "Feature",
      "properties": {
        "@id": "node/2421030319",
        "name": "7-Eleven",
        "name:zh": "7-11便利店",
        "shop": "convenience",
        "wheelchair": "no"
      },
      "geometry": {
        "type": "Point",
        "coordinates": [
          103.8356293,
          1.4294302
        ]
      },
      "id": "node/2421030319"
    },
    {
      "type": "Feature",
      "properties": {
        "@id": "node/2421030320",
        "addr:city": "Singapore",
        "addr:housenumber": "930",
        "addr:postcode": "769098",
        "addr:street": "Yishun Avenue 2",
        "name": "Cold Storage",
        "name:zh": "冷藏公司超市",
        "shop": "supermarket"
      },
      "geometry": {
        "type": "Point",
        "coordinates": [
          103.8357691,
          1.4292976
        ]
      },
      "id": "node/2421030320"
    },
    {
      "type": "Feature",
      "properties": {
        "@id": "node/2489523380",
        "name": "Seven eleven",
        "shop": "supermarket"
      },
      "geometry": {
        "type": "Point",
        "coordinates": [
          103.8173675,
          1.3234468
        ]
      },
      "id": "node/2489523380"
    },
    {
      "type": "Feature",
      "properties": {
        "@id": "node/2491314422",
        "brand": "Cheers",
        "brand:wikidata": "Q64154066",
        "construction:shop": "convenience",
        "ele": "1",
        "level": "0",
        "name": "Cheers",
        "opening_hours": "24/7",
        "shop": "convenience"
      },
      "geometry": {
        "type": "Point",
        "coordinates": [
          103.7749321,
          1.2986827
        ]
      },
      "id": "node/2491314422"
    },
    {
      "type": "Feature",
      "properties": {
        "@id": "node/2491833040",
        "brand": "7-Eleven",
        "brand:wikidata": "Q259340",
        "brand:wikipedia": "en:7-Eleven",
        "name": "7-Eleven",
        "name:zh": "7-11便利店",
        "shop": "convenience"
      },
      "geometry": {
        "type": "Point",
        "coordinates": [
          103.7685356,
          1.3097564
        ]
      },
      "id": "node/2491833040"
    },
    {
      "type": "Feature",
      "properties": {
        "@id": "node/2491836569",
        "addr:city": "Singapore",
        "addr:housenumber": "420a",
        "addr:postcode": "121420",
        "addr:street": "Clementi Avenue 1",
        "brand": "Sheng Siong",
        "brand:wikidata": "Q3481878",
        "name": "Sheng Siong",
        "name:zh": "昇菘超市",
        "shop": "supermarket"
      },
      "geometry": {
        "type": "Point",
        "coordinates": [
          103.7687703,
          1.310071
        ]
      },
      "id": "node/2491836569"
    },
    {
      "type": "Feature",
      "properties": {
        "@id": "node/2505169520",
        "addr:city": "Singapore",
        "addr:country": "SG",
        "addr:housenumber": "279",
        "addr:postcode": "570279",
        "addr:street": "Bishan Street 24",
        "air_conditioning": "yes",
        "branch": "Bishan North Block 279",
        "brand": "NTUC Fairprice",
        "brand:wikidata": "Q6955519",
        "building:levels": "0",
        "check_date": "2023-01-01",
        "internet_access": "no",
        "name": "NTUC FairPrice",
        "name:en": "NTUC FairPrice",
        "name:zh": "职总平价超市",
        "opening_hours": "24/7",
        "organic": "yes",
        "payment:contactless": "yes",
        "payment:credit_cards": "yes",
        "payment:mastercard": "yes",
        "payment:visa": "yes",
        "second_hand": "no",
        "shop": "supermarket",
        "source": "Kaart Ground Survey 2017",
        "stroller": "yes",
        "wheelchair": "yes"
      },
      "geometry": {
        "type": "Point",
        "coordinates": [
          103.8438701,
          1.3571301
        ]
      },
      "id": "node/2505169520"
    },
    {
      "type": "Feature",
      "properties": {
        "@id": "node/2523263772",
        "addr:housename": "blk 168 bedok south ave 3",
        "brand": "7-Eleven",
        "brand:wikidata": "Q259340",
        "brand:wikipedia": "en:7-Eleven",
        "name": "7-Eleven",
        "name:zh": "7-11便利店",
        "shop": "convenience"
      },
      "geometry": {
        "type": "Point",
        "coordinates": [
          103.9445768,
          1.3199937
        ]
      },
      "id": "node/2523263772"
    },
    {
      "type": "Feature",
      "properties": {
        "@id": "node/2572794689",
        "shop": "convenience"
      },
      "geometry": {
        "type": "Point",
        "coordinates": [
          103.8394515,
          1.2871703
        ]
      },
      "id": "node/2572794689"
    },
    {
      "type": "Feature",
      "properties": {
        "@id": "node/2598989929",
        "brand": "7-Eleven",
        "brand:wikidata": "Q259340",
        "name": "7-Eleven",
        "name:zh": "7-11便利店",
        "shop": "convenience"
      },
      "geometry": {
        "type": "Point",
        "coordinates": [
          103.9889405,
          1.3139628
        ]
      },
      "id": "node/2598989929"
    },
    {
      "type": "Feature",
      "properties": {
        "@id": "node/2618494441",
        "air_conditioning": "yes",
        "brand": "NTUC Fairprice",
        "brand:wikidata": "Q6955519",
        "brand:wikipedia": "en:NTUC FairPrice",
        "currency:SGD": "yes",
        "name": "NTUC FairPrice Xtra",
        "shop": "supermarket"
      },
      "geometry": {
        "type": "Point",
        "coordinates": [
          103.7428255,
          1.3331979
        ]
      },
      "id": "node/2618494441"
    },
    {
      "type": "Feature",
      "properties": {
        "@id": "node/2621988257",
        "addr:city": "Singapore",
        "addr:housename": "Level 1",
        "addr:housenumber": "932",
        "addr:postcode": "640932",
        "addr:street": "Jurong West Street 91",
        "name": "Nafisa Minimart",
        "opening_hours": "Mo-Th 06:00-22:00; Fr 15:30-22:00",
        "payment:cash": "yes",
        "phone": "+65 67915575",
        "shop": "supermarket"
      },
      "geometry": {
        "type": "Point",
        "coordinates": [
          103.6885444,
          1.3417884
        ]
      },
      "id": "node/2621988257"
    },
    {
      "type": "Feature",
      "properties": {
        "@id": "node/2660560575",
        "brand": "7-Eleven",
        "brand:wikidata": "Q259340",
        "brand:wikipedia": "en:7-Eleven",
        "name": "7-Eleven",
        "name:zh": "7-11便利店",
        "opening_hours": "24/7",
        "phone": "+65 6835 9649",
        "shop": "convenience",
        "website": "https://www.rwsentosa.com/en/shopping/all-shops/7-eleven"
      },
      "geometry": {
        "type": "Point",
        "coordinates": [
          103.8211279,
          1.2561745
        ]
      },
      "id": "node/2660560575"
    },
    {
      "type": "Feature",
      "properties": {
        "@id": "node/2725342982",
        "brand": "7-Eleven",
        "brand:wikidata": "Q259340",
        "brand:wikipedia": "en:7-Eleven",
        "name": "7-Eleven",
        "name:zh": "7-11便利店",
        "shop": "convenience"
      },
      "geometry": {
        "type": "Point",
        "coordinates": [
          103.9459575,
          1.3270991
        ]
      },
      "id": "node/2725342982"
    },
    {
      "type": "Feature",
      "properties": {
        "@id": "node/2728135176",
        "addr:postcode": "640961",
        "name": "Indian (Tamil) Grocery Store",
        "shop": "supermarket"
      },
      "geometry": {
        "type": "Point",
        "coordinates": [
          103.6920953,
          1.3415839
        ]
      },
      "id": "node/2728135176"
    },
    {
      "type": "Feature",
      "properties": {
        "@id": "node/2728135177",
        "name": "Indian Grocery Store",
        "shop": "supermarket"
      },
      "geometry": {
        "type": "Point",
        "coordinates": [
          103.6927404,
          1.3418018
        ]
      },
      "id": "node/2728135177"
    },
    {
      "type": "Feature",
      "properties": {
        "@id": "node/2767277546",
        "addr:floor": "2",
        "addr:housenumber": "20",
        "addr:street": "Ah Hood Road",
        "addr:unit": "#02-01",
        "air_conditioning": "yes",
        "brand": "NTUC Fairprice",
        "brand:wikidata": "Q6955519",
        "brand:wikipedia:en": "NTUC FairPrice",
        "check_date": "2023-03-14",
        "diet:halal": "yes",
        "diet:vegan": "yes",
        "diet:vegetarian": "yes",
        "level": "1",
        "name": "NTUC Fairprice",
        "name:en": "NTUC FairPrice",
        "name:zh": "职总平价超市",
        "opening_hours": "08:00-23:00",
        "organic": "yes",
        "payment:cash": "yes",
        "payment:credit_cards": "yes",
        "shop": "supermarket",
        "toilets": "yes",
        "toilets:access": "permissive",
        "wheelchair": "yes"
      },
      "geometry": {
        "type": "Point",
        "coordinates": [
          103.8464206,
          1.3269686
        ]
      },
      "id": "node/2767277546"
    },
    {
      "type": "Feature",
      "properties": {
        "@id": "node/2874561566",
        "addr:floor": "1",
        "addr:housenumber": "25",
        "addr:street": "Marine Parade Road",
        "addr:unit": "06-09",
        "air_conditioning": "yes",
        "check_date": "2023-05-04",
        "level": "0",
        "name": "FairPrice Finest",
        "payment:cash": "yes",
        "payment:credit_cards": "yes",
        "payment:debit_cards": "yes",
        "payment:mastercard": "yes",
        "payment:nets": "yes",
        "payment:visa": "yes",
        "shop": "supermarket",
        "wheelchair": "yes"
      },
      "geometry": {
        "type": "Point",
        "coordinates": [
          103.9029454,
          1.3036947
        ]
      },
      "id": "node/2874561566"
    },
    {
      "type": "Feature",
      "properties": {
        "@id": "node/2874563650",
        "brand": "NTUC Fairprice",
        "brand:wikidata": "Q6955519",
        "name": "Fairprice Xpress",
        "shop": "supermarket",
        "wheelchair": "yes"
      },
      "geometry": {
        "type": "Point",
        "coordinates": [
          103.907885,
          1.3082402
        ]
      },
      "id": "node/2874563650"
    },
    {
      "type": "Feature",
      "properties": {
        "@id": "node/2921818554",
        "addr:city": "Singapore",
        "addr:housenumber": "88",
        "addr:postcode": "141088",
        "addr:street": "Tanglin Halt Road",
        "air_conditioning": "yes",
        "brand": "Sheng Siong",
        "brand:wikidata": "Q3481878",
        "currency:others": "yes",
        "level": "0",
        "name": "Sheng Siong",
        "name:en": "Sheng Siong",
        "name:zh": "昇菘超市",
        "opening_hours": "24/7",
        "payment:cash": "yes",
        "payment:coins": "yes",
        "payment:credit_cards": "yes",
        "payment:debit_cards": "yes",
        "payment:mastercard": "yes",
        "payment:visa": "yes",
        "second_hand": "no",
        "self_checkout": "yes",
        "shop": "supermarket",
        "stroller": "yes",
        "toilets:wheelchair": "no",
        "website": "https://www.shengsiong.com.sg",
        "wheelchair": "yes"
      },
      "geometry": {
        "type": "Point",
        "coordinates": [
          103.7985027,
          1.3014833
        ]
      },
      "id": "node/2921818554"
    },
    {
      "type": "Feature",
      "properties": {
        "@id": "node/2922013263",
        "brand": "NTUC Fairprice",
        "brand:wikidata": "Q6955519",
        "name": "NTUC FairPrice",
        "name:en": "NTUC FairPrice",
        "name:zh": "职总平价超市",
        "shop": "supermarket"
      },
      "geometry": {
        "type": "Point",
        "coordinates": [
          103.8293553,
          1.2847507
        ]
      },
      "id": "node/2922013263"
    },
    {
      "type": "Feature",
      "properties": {
        "@id": "node/2990751456",
        "addr:block_number": "458",
        "addr:city": "Singapore",
        "addr:country": "SG",
        "addr:housenumber": "458",
        "addr:postcode": "530458",
        "addr:street": "Hougang Avenue 10",
        "addr:unit": "01-K1",
        "name": "Lim's Provisions",
        "shop": "convenience"
      },
      "geometry": {
        "type": "Point",
        "coordinates": [
          103.8963021,
          1.3777984
        ]
      },
      "id": "node/2990751456"
    },
    {
      "type": "Feature",
      "properties": {
        "@id": "node/3039490535",
        "addr:city": "Singapore",
        "addr:housenumber": "301",
        "addr:postcode": "730301",
        "addr:street": "Woodlands Street 31",
        "name": "Sheng Siong",
        "name:zh": "昇菘超市",
        "shop": "supermarket",
        "wheelchair": "yes"
      },
      "geometry": {
        "type": "Point",
        "coordinates": [
          103.7737451,
          1.4315023
        ]
      },
      "id": "node/3039490535"
    },
    {
      "type": "Feature",
      "properties": {
        "@id": "node/3068338527",
        "brand": "7-Eleven",
        "brand:wikidata": "Q259340",
        "brand:wikipedia": "en:7-Eleven",
        "level": "0",
        "name": "7-Eleven",
        "name:zh": "7-11便利店",
        "opening_hours": "24/7",
        "organic": "no",
        "shop": "convenience",
        "wheelchair": "yes"
      },
      "geometry": {
        "type": "Point",
        "coordinates": [
          103.852723,
          1.3013753
        ]
      },
      "id": "node/3068338527"
    },
    {
      "type": "Feature",
      "properties": {
        "@id": "node/3068359614",
        "name": "7-Eleven",
        "name:zh": "7-11便利店",
        "shop": "convenience"
      },
      "geometry": {
        "type": "Point",
        "coordinates": [
          103.8508454,
          1.3155475
        ]
      },
      "id": "node/3068359614"
    },
    {
      "type": "Feature",
      "properties": {
        "@id": "node/3068443602",
        "addr:city": "Singapore",
        "addr:country": "SG",
        "addr:housenumber": "1",
        "addr:postcode": "078867",
        "addr:street": "Tras Link",
        "brand": "Cheers",
        "brand:wikidata": "Q64154066",
        "name": "Cheers",
        "name:zh": "Cheers(雀喜)便利商店",
        "opening_hours": "24/7",
        "shop": "convenience"
      },
      "geometry": {
        "type": "Point",
        "coordinates": [
          103.8437294,
          1.2769745
        ]
      },
      "id": "node/3068443602"
    },
    {
      "type": "Feature",
      "properties": {
        "@id": "node/3088852681",
        "addr:street": "Sembawang Road",
        "brand": "Shell Select",
        "brand:wikidata": "Q110716465",
        "name": "Shell Select",
        "opening_hours": "24/7",
        "shop": "convenience",
        "source": "Kaart Ground Survey 2017"
      },
      "geometry": {
        "type": "Point",
        "coordinates": [
          103.8178415,
          1.3999265
        ]
      },
      "id": "node/3088852681"
    },
    {
      "type": "Feature",
      "properties": {
        "@id": "node/3094254815",
        "brand": "7-Eleven",
        "brand:wikidata": "Q259340",
        "brand:wikipedia": "en:7-Eleven",
        "name": "7-Eleven",
        "name:zh": "7-11便利店",
        "opening_hours": "24/7",
        "shop": "convenience"
      },
      "geometry": {
        "type": "Point",
        "coordinates": [
          103.7952716,
          1.3110419
        ]
      },
      "id": "node/3094254815"
    },
    {
      "type": "Feature",
      "properties": {
        "@id": "node/3105751936",
        "brand": "NTUC Fairprice",
        "brand:wikidata": "Q6955519",
        "name": "NTUC FairPrice",
        "name:en": "NTUC FairPrice",
        "name:zh": "职总平价超市",
        "shop": "supermarket"
      },
      "geometry": {
        "type": "Point",
        "coordinates": [
          103.8650384,
          1.3652321
        ]
      },
      "id": "node/3105751936"
    },
    {
      "type": "Feature",
      "properties": {
        "@id": "node/3105759121",
        "addr:street": "Kensington Park Road",
        "brand": "7-Eleven",
        "brand:wikidata": "Q259340",
        "brand:wikipedia": "en:7-Eleven",
        "name": "7-Eleven",
        "name:zh": "7-11便利店",
        "shop": "convenience",
        "source": "Kaart Ground Survey 2017"
      },
      "geometry": {
        "type": "Point",
        "coordinates": [
          103.8660598,
          1.3646143
        ]
      },
      "id": "node/3105759121"
    },
    {
      "type": "Feature",
      "properties": {
        "@id": "node/3186129725",
        "brand": "7-Eleven",
        "brand:wikidata": "Q259340",
        "brand:wikipedia": "en:7-Eleven",
        "name": "7-Eleven",
        "name:zh": "7-11便利店",
        "shop": "convenience"
      },
      "geometry": {
        "type": "Point",
        "coordinates": [
          103.947838,
          1.3315252
        ]
      },
      "id": "node/3186129725"
    },
    {
      "type": "Feature",
      "properties": {
        "@id": "node/3207120155",
        "brand": "NTUC Fairprice",
        "brand:wikidata": "Q6955519",
        "name": "NTUC FairPrice",
        "name:en": "NTUC FairPrice",
        "name:zh": "职总平价超市",
        "shop": "supermarket"
      },
      "geometry": {
        "type": "Point",
        "coordinates": [
          103.8505926,
          1.331762
        ]
      },
      "id": "node/3207120155"
    },
    {
      "type": "Feature",
      "properties": {
        "@id": "node/3210441961",
        "addr:city": "Singapore",
        "addr:housenumber": "291",
        "addr:postcode": "427543",
        "addr:street": "Joo Chiat Road",
        "check_date": "2024-04-21",
        "cuisine": "ice_cream",
        "name": "Cold Storage",
        "shop": "supermarket"
      },
      "geometry": {
        "type": "Point",
        "coordinates": [
          103.902122,
          1.3098863
        ]
      },
      "id": "node/3210441961"
    },
    {
      "type": "Feature",
      "properties": {
        "@id": "node/3231570277",
        "brand": "Cheers",
        "brand:wikidata": "Q64154066",
        "name": "Cheers",
        "name:zh": "Cheers(雀喜)便利商店",
        "opening_hours": "24/7",
        "shop": "convenience",
        "wheelchair": "no"
      },
      "geometry": {
        "type": "Point",
        "coordinates": [
          103.8902848,
          1.3647098
        ]
      },
      "id": "node/3231570277"
    },
    {
      "type": "Feature",
      "properties": {
        "@id": "node/3273173463",
        "addr:street": "Geylang Road",
        "brand": "7-Eleven",
        "brand:wikidata": "Q259340",
        "brand:wikipedia": "en:7-Eleven",
        "name": "7-Eleven",
        "name:zh": "7-11便利店",
        "shop": "convenience",
        "source": "Kaart Ground Survey 2017",
        "wheelchair": "no"
      },
      "geometry": {
        "type": "Point",
        "coordinates": [
          103.8807011,
          1.3127092
        ]
      },
      "id": "node/3273173463"
    },
    {
      "type": "Feature",
      "properties": {
        "@id": "node/3276199927",
        "addr:street": "Lorong 25A Geylang",
        "brand": "7-Eleven",
        "brand:wikidata": "Q259340",
        "brand:wikipedia": "en:7-Eleven",
        "name": "7-Eleven",
        "name:zh": "7-11便利店",
        "shop": "convenience",
        "source": "Kaart Ground Survey 2017"
      },
      "geometry": {
        "type": "Point",
        "coordinates": [
          103.883199,
          1.3155119
        ]
      },
      "id": "node/3276199927"
    },
    {
      "type": "Feature",
      "properties": {
        "@id": "node/3276206037",
        "addr:city": "Singapore",
        "addr:housenumber": "1",
        "addr:postcode": "519599",
        "addr:street": "Pasir Ris Close",
        "brand": "7-Eleven",
        "brand:wikidata": "Q259340",
        "brand:wikipedia": "en:7-Eleven",
        "name": "7-Eleven",
        "name:zh": "7-11便利店",
        "shop": "convenience"
      },
      "geometry": {
        "type": "Point",
        "coordinates": [
          103.955461,
          1.3791325
        ]
      },
      "id": "node/3276206037"
    },
    {
      "type": "Feature",
      "properties": {
        "@id": "node/3300494742",
        "addr:housename": "Yew Tee MRT Station",
        "addr:housenumber": "61",
        "addr:postcode": "689715",
        "addr:street": "Choa Chu Kang Drive",
        "addr:unit": "#01-01",
        "branch": "Yew Tee MRT",
        "brand": "NTUC Fairprice",
        "brand:wikidata": "Q6955519",
        "brand:wikipedia": "en:NTUC FairPrice",
        "name": "NTUC FairPrice",
        "name:en": "NTUC FairPrice",
        "name:zh": "职总平价超市",
        "opening_hours": "24/7",
        "operator": "NTUC",
        "phone": "+65 6769 3819",
        "shop": "supermarket"
      },
      "geometry": {
        "type": "Point",
        "coordinates": [
          103.7472724,
          1.3970146
        ]
      },
      "id": "node/3300494742"
    },
    {
      "type": "Feature",
      "properties": {
        "@id": "node/3300494746",
        "addr:city": "Singapore",
        "addr:housenumber": "18",
        "addr:postcode": "680018",
        "addr:street": "Teck Whye Lane",
        "name": "Sheng Siong",
        "name:zh": "昇菘超市",
        "shop": "supermarket"
      },
      "geometry": {
        "type": "Point",
        "coordinates": [
          103.7538826,
          1.3783815
        ]
      },
      "id": "node/3300494746"
    },
    {
      "type": "Feature",
      "properties": {
        "@id": "node/3305306962",
        "name": "Prime",
        "shop": "supermarket"
      },
      "geometry": {
        "type": "Point",
        "coordinates": [
          103.7518581,
          1.3807961
        ]
      },
      "id": "node/3305306962"
    },
    {
      "type": "Feature",
      "properties": {
        "@id": "node/3315764761",
        "name": "NTUC FairPrice",
        "name:en": "NTUC FairPrice",
        "name:zh": "职总平价超市",
        "shop": "supermarket"
      },
      "geometry": {
        "type": "Point",
        "coordinates": [
          103.7532539,
          1.3800132
        ]
      },
      "id": "node/3315764761"
    },
    {
      "type": "Feature",
      "properties": {
        "@id": "node/3315835661",
        "name": "Prime",
        "shop": "supermarket"
      },
      "geometry": {
        "type": "Point",
        "coordinates": [
          103.744165,
          1.3778535
        ]
      },
      "id": "node/3315835661"
    },
    {
      "type": "Feature",
      "properties": {
        "@id": "node/3337006820",
        "addr:city": "Singapore",
        "addr:housenumber": "808",
        "addr:postcode": "200808",
        "addr:street": "French Road",
        "brand": "NTUC Fairprice",
        "brand:wikidata": "Q6955519",
        "check_date:opening_hours": "2025-03-04",
        "level": "0",
        "name": "NTUC Fairprice",
        "name:en": "NTUC FairPrice",
        "name:zh": "职总平价超市",
        "opening_hours": "07:00-23:00",
        "operator": "NTUC Fairprice",
        "shop": "supermarket"
      },
      "geometry": {
        "type": "Point",
        "coordinates": [
          103.8619207,
          1.3088289
        ]
      },
      "id": "node/3337006820"
    },
    {
      "type": "Feature",
      "properties": {
        "@id": "node/3339872343",
        "name": "First Price",
        "operator": "First Price",
        "shop": "convenience"
      },
      "geometry": {
        "type": "Point",
        "coordinates": [
          103.6917612,
          1.3415878
        ]
      },
      "id": "node/3339872343"
    },
    {
      "type": "Feature",
      "properties": {
        "@id": "node/3345258991",
        "brand": "7-Eleven",
        "brand:wikidata": "Q259340",
        "name": "7-Eleven",
        "name:zh": "7-11便利店",
        "shop": "convenience"
      },
      "geometry": {
        "type": "Point",
        "coordinates": [
          103.8000162,
          1.2748915
        ]
      },
      "id": "node/3345258991"
    },
    {
      "type": "Feature",
      "properties": {
        "@id": "node/3370310576",
        "addr:city": "Singapore",
        "addr:housenumber": "#01-01",
        "addr:postcode": "310260",
        "addr:street": "Blk 260 Kim Keat Avenue",
        "name": "Giant",
        "name:zh": "Giant超级",
        "opening_hours": "24/7",
        "shop": "supermarket"
      },
      "geometry": {
        "type": "Point",
        "coordinates": [
          103.8573011,
          1.3321583
        ]
      },
      "id": "node/3370310576"
    },
    {
      "type": "Feature",
      "properties": {
        "@id": "node/3421585249",
        "name": "Hao Mart",
        "shop": "convenience"
      },
      "geometry": {
        "type": "Point",
        "coordinates": [
          103.69379,
          1.3438042
        ]
      },
      "id": "node/3421585249"
    },
    {
      "type": "Feature",
      "properties": {
        "@id": "node/3446723001",
        "name": "buzz",
        "shop": "convenience",
        "source": "survey"
      },
      "geometry": {
        "type": "Point",
        "coordinates": [
          103.7685149,
          1.2925999
        ]
      },
      "id": "node/3446723001"
    },
    {
      "type": "Feature",
      "properties": {
        "@id": "node/3446723011",
        "brand": "7-Eleven",
        "brand:wikidata": "Q259340",
        "brand:wikipedia": "en:7-Eleven",
        "name": "7-Eleven",
        "name:zh": "7-11便利店",
        "shop": "convenience",
        "source": "survey"
      },
      "geometry": {
        "type": "Point",
        "coordinates": [
          103.7683661,
          1.2925966
        ]
      },
      "id": "node/3446723011"
    },
    {
      "type": "Feature",
      "properties": {
        "@id": "node/3451431703",
        "addr:housenumber": "408",
        "addr:street": "North Bridge Road",
        "brand": "7-Eleven",
        "brand:wikidata": "Q259340",
        "brand:wikipedia": "en:7-Eleven",
        "check_date": "2025-07-18",
        "description": "Smoothie, Slurpee, 7 Cafe",
        "level": "0",
        "name": "7-Eleven",
        "name:zh": "7-11便利店",
        "shop": "convenience",
        "wheelchair": "no"
      },
      "geometry": {
        "type": "Point",
        "coordinates": [
          103.8543736,
          1.2965738
        ]
      },
      "id": "node/3451431703"
    },
    {
      "type": "Feature",
      "properties": {
        "@id": "node/3460831442",
        "brand": "7-Eleven",
        "brand:wikidata": "Q259340",
        "brand:wikipedia": "en:7-Eleven",
        "name": "7-Eleven",
        "name:zh": "7-11便利店",
        "shop": "convenience"
      },
      "geometry": {
        "type": "Point",
        "coordinates": [
          103.8481915,
          1.2870119
        ]
      },
      "id": "node/3460831442"
    },
    {
      "type": "Feature",
      "properties": {
        "@id": "node/3573448897",
        "brand": "7-Eleven",
        "brand:wikidata": "Q259340",
        "brand:wikipedia": "en:7-Eleven",
        "name": "7-Eleven",
        "name:zh": "7-11便利店",
        "opening_hours": "24/7",
        "shop": "convenience"
      },
      "geometry": {
        "type": "Point",
        "coordinates": [
          103.851324,
          1.3034544
        ]
      },
      "id": "node/3573448897"
    },
    {
      "type": "Feature",
      "properties": {
        "@id": "node/3621214613",
        "addr:city": "Singapore",
        "addr:housenumber": "442",
        "addr:postcode": "238879",
        "addr:street": "Orchard Road",
        "level": "-1",
        "name": "Cold Storage",
        "name:fa": "کولد استوریج",
        "name:zh": "冷藏公司超市",
        "opening_hours": "Mo-Su 08:00-22:00",
        "operator": "Cold Storage",
        "shop": "supermarket"
      },
      "geometry": {
        "type": "Point",
        "coordinates": [
          103.8289836,
          1.3075324
        ]
      },
      "id": "node/3621214613"
    },
    {
      "type": "Feature",
      "properties": {
        "@id": "node/3633792252",
        "level": "0",
        "name": "FairPrice Xtra @ Sports Hub",
        "opening_hours": "08:00-23:00",
        "operator": "NTUC FairPrice",
        "shop": "supermarket",
        "wheelchair": "yes"
      },
      "geometry": {
        "type": "Point",
        "coordinates": [
          103.8728359,
          1.3041749
        ]
      },
      "id": "node/3633792252"
    },
    {
      "type": "Feature",
      "properties": {
        "@id": "node/3653443292",
        "addr:housenumber": "184",
        "addr:street": "Joo Chiat Road",
        "name": "Bes Price Minimart",
        "shop": "supermarket"
      },
      "geometry": {
        "type": "Point",
        "coordinates": [
          103.9000383,
          1.312588
        ]
      },
      "id": "node/3653443292"
    },
    {
      "type": "Feature",
      "properties": {
        "@id": "node/3653443309",
        "addr:street": "Joo Chiat Road",
        "check_date": "2024-04-21",
        "name": "Gateway Minimart & Trading",
        "shop": "supermarket",
        "source": "Kaart Ground Survey 2017"
      },
      "geometry": {
        "type": "Point",
        "coordinates": [
          103.8985494,
          1.3146529
        ]
      },
      "id": "node/3653443309"
    },
    {
      "type": "Feature",
      "properties": {
        "@id": "node/3653443366",
        "addr:street": "Joo Chiat Road",
        "check_date": "2024-04-21",
        "name": "Al Barakah",
        "opening_hours": "09:00-19:00",
        "shop": "supermarket"
      },
      "geometry": {
        "type": "Point",
        "coordinates": [
          103.8982503,
          1.3151015
        ]
      },
      "id": "node/3653443366"
    },
    {
      "type": "Feature",
      "properties": {
        "@id": "node/3653443369",
        "addr:street": "Joo Chiat Road",
        "brand": "7-Eleven",
        "brand:wikidata": "Q259340",
        "brand:wikipedia": "en:7-Eleven",
        "diet:halal": "yes",
        "name": "7-Eleven",
        "name:zh": "7-11便利店",
        "shop": "convenience",
        "wheelchair": "yes"
      },
      "geometry": {
        "type": "Point",
        "coordinates": [
          103.9005456,
          1.3118828
        ]
      },
      "id": "node/3653443369"
    },
    {
      "type": "Feature",
      "properties": {
        "@id": "node/3653443370",
        "addr:housenumber": "94",
        "addr:street": "Joo Chiat Road",
        "name": "81 Wholesalers & Trading",
        "shop": "supermarket"
      },
      "geometry": {
        "type": "Point",
        "coordinates": [
          103.8988241,
          1.3142952
        ]
      },
      "id": "node/3653443370"
    },
    {
      "type": "Feature",
      "properties": {
        "@id": "node/3664255261",
        "name": "I-Tec",
        "name:en": "One Stop Supermarket",
        "name:zh": "一站 式 超 级 市 场",
        "shop": "supermarket"
      },
      "geometry": {
        "type": "Point",
        "coordinates": [
          103.8574489,
          1.3095028
        ]
      },
      "id": "node/3664255261"
    },
    {
      "type": "Feature",
      "properties": {
        "@id": "node/3707462414",
        "brand": "7-Eleven",
        "brand:wikidata": "Q259340",
        "brand:wikipedia": "en:7-Eleven",
        "name": "7-Eleven",
        "name:zh": "7-11便利店",
        "shop": "convenience"
      },
      "geometry": {
        "type": "Point",
        "coordinates": [
          103.8689864,
          1.3502318
        ]
      },
      "id": "node/3707462414"
    },
    {
      "type": "Feature",
      "properties": {
        "@id": "node/3758967886",
        "addr:city": "Singapore",
        "addr:country": "SG",
        "addr:housenumber": "186",
        "addr:postcode": "068632",
        "addr:street": "Telok Ayer Street",
        "name": "Koryo Mart",
        "phone": "+65 6423 0115",
        "shop": "supermarket",
        "source": "Kaart Ground Survey 2017",
        "website": "http://www.koryo.com.sg/"
      },
      "geometry": {
        "type": "Point",
        "coordinates": [
          103.8473639,
          1.2804239
        ]
      },
      "id": "node/3758967886"
    },
    {
      "type": "Feature",
      "properties": {
        "@id": "node/3759024654",
        "addr:city": "Singapore",
        "addr:country": "SG",
        "addr:housenumber": "3",
        "addr:street": "McCallum Street",
        "brand": "7-Eleven",
        "brand:wikidata": "Q259340",
        "brand:wikipedia": "en:7-Eleven",
        "name": "7-Eleven",
        "name:zh": "7-11便利店",
        "shop": "convenience"
      },
      "geometry": {
        "type": "Point",
        "coordinates": [
          103.8475518,
          1.2796702
        ]
      },
      "id": "node/3759024654"
    },
    {
      "type": "Feature",
      "properties": {
        "@id": "node/3759044165",
        "addr:city": "Singapore",
        "addr:country": "SG",
        "addr:housenumber": "50",
        "addr:street": "Club Street",
        "brand": "7-Eleven",
        "brand:wikidata": "Q259340",
        "brand:wikipedia": "en:7-Eleven",
        "name": "7-Eleven",
        "name:zh": "7-11便利店",
        "shop": "convenience"
      },
      "geometry": {
        "type": "Point",
        "coordinates": [
          103.8458997,
          1.2821667
        ]
      },
      "id": "node/3759044165"
    },
    {
      "type": "Feature",
      "properties": {
        "@id": "node/3759094225",
        "addr:city": "Singapore",
        "addr:country": "SG",
        "addr:housenumber": "35",
        "addr:street": "Erskine Road",
        "brand": "7-Eleven",
        "brand:wikidata": "Q259340",
        "brand:wikipedia": "en:7-Eleven",
        "name": "7-Eleven",
        "name:zh": "7-11便利店",
        "shop": "convenience"
      },
      "geometry": {
        "type": "Point",
        "coordinates": [
          103.8451247,
          1.2811559
        ]
      },
      "id": "node/3759094225"
    },
    {
      "type": "Feature",
      "properties": {
        "@id": "node/3759786770",
        "addr:city": "Singapore",
        "addr:country": "SG",
        "addr:housenumber": "67",
        "addr:postcode": "088488",
        "addr:street": "Tanjong Pagar Road",
        "amenity": "restaurant",
        "cuisine": "barbecue;korean",
        "name": "Tanjong Hwaro",
        "phone": "+65 6222 1646",
        "shop": "supermarket",
        "source": "Kaart Ground Survey 2017",
        "website": "http://www.koryo.com.sg/"
      },
      "geometry": {
        "type": "Point",
        "coordinates": [
          103.8438656,
          1.2782263
        ]
      },
      "id": "node/3759786770"
    },
    {
      "type": "Feature",
      "properties": {
        "@id": "node/3759845204",
        "addr:city": "Singapore",
        "addr:country": "SG",
        "addr:housenumber": "39",
        "addr:street": "Keong Saik Road",
        "brand": "7-Eleven",
        "brand:wikidata": "Q259340",
        "brand:wikipedia": "en:7-Eleven",
        "name": "7-Eleven",
        "name:zh": "7-11便利店",
        "shop": "convenience"
      },
      "geometry": {
        "type": "Point",
        "coordinates": [
          103.8414987,
          1.2802562
        ]
      },
      "id": "node/3759845204"
    },
    {
      "type": "Feature",
      "properties": {
        "@id": "node/3759861924",
        "addr:city": "Singapore",
        "addr:country": "SG",
        "addr:housenumber": "10",
        "addr:postcode": "078878",
        "addr:street": "Gopeng St",
        "brand": "7-Eleven",
        "brand:wikidata": "Q259340",
        "brand:wikipedia": "en:7-Eleven",
        "name": "7-Eleven",
        "name:zh": "7-11便利店",
        "shop": "convenience",
        "wheelchair": "yes"
      },
      "geometry": {
        "type": "Point",
        "coordinates": [
          103.8441447,
          1.2754212
        ]
      },
      "id": "node/3759861924"
    },
    {
      "type": "Feature",
      "properties": {
        "@id": "node/3759869445",
        "addr:city": "Singapore",
        "addr:country": "SG",
        "addr:housenumber": "38",
        "addr:street": "Duxton Road",
        "brand": "7-Eleven",
        "brand:wikidata": "Q259340",
        "brand:wikipedia": "en:7-Eleven",
        "name": "7-Eleven",
        "name:zh": "7-11便利店",
        "shop": "convenience",
        "website": "https://www.7-eleven.com.sg/"
      },
      "geometry": {
        "type": "Point",
        "coordinates": [
          103.8433906,
          1.2788217
        ]
      },
      "id": "node/3759869445"
    },
    {
      "type": "Feature",
      "properties": {
        "@id": "node/3783474014",
        "addr:city": "Singapore",
        "addr:housenumber": "#01-83, 28",
        "addr:postcode": "130028",
        "addr:street": "Dover Crescent",
        "brand": "NTUC Fairprice",
        "brand:wikidata": "Q6955519",
        "name": "NTUC Fairprice",
        "name:en": "NTUC FairPrice",
        "name:zh": "职总平价超市",
        "phone": "+65 6552 2722",
        "shop": "supermarket",
        "website": "https://www.fairprice.com.sg/"
      },
      "geometry": {
        "type": "Point",
        "coordinates": [
          103.7814866,
          1.3049616
        ]
      },
      "id": "node/3783474014"
    },
    {
      "type": "Feature",
      "properties": {
        "@id": "node/3785776705",
        "addr:city": "Singapore",
        "addr:housenumber": "21",
        "addr:postcode": "270021",
        "addr:street": "Ghim Moh Road",
        "name": "Giant",
        "name:fa": "جاینت",
        "name:zh": "Giant超级",
        "opening_hours": "24/7",
        "operator": "Giant",
        "phone": "+65 6466 5996",
        "shop": "supermarket",
        "website": "https://www.giantsingapore.com.sg/"
      },
      "geometry": {
        "type": "Point",
        "coordinates": [
          103.7880372,
          1.3102679
        ]
      },
      "id": "node/3785776705"
    },
    {
      "type": "Feature",
      "properties": {
        "@id": "node/3786385057",
        "addr:city": "Singapore",
        "addr:housenumber": "#01-01, 100",
        "addr:postcode": "139345",
        "addr:street": "North Buona Vista Road",
        "branch": "Buona Vista MRT",
        "brand": "Cheers",
        "brand:wikidata": "Q64154066",
        "name": "Cheers",
        "opening_hours": "24/7",
        "phone": "+65 6779 3140",
        "shop": "convenience",
        "website": "https://www.cheers.com.sg/"
      },
      "geometry": {
        "type": "Point",
        "coordinates": [
          103.7903982,
          1.307192
        ]
      },
      "id": "node/3786385057"
    },
    {
      "type": "Feature",
      "properties": {
        "@id": "node/3788629481",
        "addr:city": "Singapore",
        "addr:floor": "B1;1",
        "addr:housenumber": "500",
        "addr:postcode": "310500",
        "addr:street": "Lorong 6 Toa Payoh",
        "brand": "NTUC Fairprice",
        "brand:wikidata": "Q6955519",
        "brand:wikipedia": "en:NTUC FairPrice",
        "check_date": "2024-11-17",
        "level": "-1;0",
        "name": "NTUC FairPrice",
        "name:en": "NTUC FairPrice",
        "name:zh": "职总平价超市",
        "operator": "NTUC Fairprice",
        "payment:cash": "yes",
        "payment:credit_cards": "yes",
        "payment:debit_cards": "yes",
        "shop": "supermarket",
        "wheelchair": "yes"
      },
      "geometry": {
        "type": "Point",
        "coordinates": [
          103.8472498,
          1.3328116
        ]
      },
      "id": "node/3788629481"
    },
    {
      "type": "Feature",
      "properties": {
        "@id": "node/3792976723",
        "addr:city": "Singapore",
        "addr:housenumber": "#01-237, Block 19",
        "addr:postcode": "270019",
        "addr:street": "Ghim Moh Road",
        "name": "7-Eleven",
        "name:zh": "7-11便利店",
        "phone": "+65 6466 7013",
        "shop": "convenience",
        "website": "https://www.7-eleven.com.sg/",
        "wheelchair": "limited"
      },
      "geometry": {
        "type": "Point",
        "coordinates": [
          103.7884805,
          1.3114743
        ]
      },
      "id": "node/3792976723"
    },
    {
      "type": "Feature",
      "properties": {
        "@id": "node/3792981701",
        "addr:city": "Singapore",
        "addr:housenumber": "25",
        "addr:postcode": "270025",
        "addr:street": "Ghim Moh Link",
        "brand": "Sheng Siong",
        "brand:wikidata": "Q3481878",
        "name": "Sheng Siong",
        "name:fa": "شنگ سیانگ",
        "name:zh": "昇菘超市",
        "phone": "+65 6268 9010",
        "shop": "supermarket",
        "website": "https://www.shengsiong.com.sg/"
      },
      "geometry": {
        "type": "Point",
        "coordinates": [
          103.7858814,
          1.3080768
        ]
      },
      "id": "node/3792981701"
    },
    {
      "type": "Feature",
      "properties": {
        "@id": "node/3815322766",
        "addr:city": "Singapore",
        "addr:housenumber": "501",
        "addr:postcode": "148951",
        "addr:street": "Stirling Road",
        "name": "7-Eleven",
        "name:zh": "7-11便利店",
        "opening_hours": "PH,Mo-Su 00:00-24:00",
        "phone": "+65 6476 5609",
        "shop": "convenience",
        "website": "https://www.7-eleven.com.sg/"
      },
      "geometry": {
        "type": "Point",
        "coordinates": [
          103.8005442,
          1.2975015
        ]
      },
      "id": "node/3815322766"
    },
    {
      "type": "Feature",
      "properties": {
        "@id": "node/3876294301",
        "addr:city": "Singapore",
        "addr:housenumber": "2",
        "addr:postcode": "458278",
        "addr:street": "First Street",
        "name": "Cold Storage",
        "name:zh": "冷藏公司超市",
        "shop": "supermarket",
        "wheelchair": "yes"
      },
      "geometry": {
        "type": "Point",
        "coordinates": [
          103.9235157,
          1.3128367
        ]
      },
      "id": "node/3876294301"
    },
    {
      "type": "Feature",
      "properties": {
        "@id": "node/3891550918",
        "brand": "Cheers",
        "brand:wikidata": "Q64154066",
        "name": "Cheers",
        "name:zh": "Cheers(雀喜)便利商店",
        "opening_hours": "24/7",
        "shop": "convenience"
      },
      "geometry": {
        "type": "Point",
        "coordinates": [
          103.9884402,
          1.354283
        ]
      },
      "id": "node/3891550918"
    },
    {
      "type": "Feature",
      "properties": {
        "@id": "node/3891550934",
        "brand": "NTUC Fairprice",
        "brand:wikidata": "Q6955519",
        "name": "NTUC Fairprice",
        "name:en": "NTUC FairPrice",
        "name:zh": "职总平价超市",
        "shop": "supermarket"
      },
      "geometry": {
        "type": "Point",
        "coordinates": [
          103.9883413,
          1.3551916
        ]
      },
      "id": "node/3891550934"
    },
    {
      "type": "Feature",
      "properties": {
        "@id": "node/3891550935",
        "addr:city": "Singapore",
        "addr:housenumber": "65",
        "addr:postcode": "819663",
        "addr:street": "Airport Boulevard",
        "air_conditioning": "yes",
        "brand": "NTUC Fairprice",
        "brand:wikidata": "Q6955519",
        "brand:wikipedia": "en:NTUC FairPrice",
        "check_date": "2024-10-12",
        "currency:SGD": "yes",
        "level": "-2",
        "name": "NTUC Fairprice",
        "name:zh": "职总平价精品超市",
        "opening_hours": "Mo-Su 07:00-11:00",
        "phone": "+65 6242 6653",
        "shop": "supermarket",
        "website": "https://www.fairprice.com.sg/"
      },
      "geometry": {
        "type": "Point",
        "coordinates": [
          103.9863723,
          1.3561808
        ]
      },
      "id": "node/3891550935"
    },
    {
      "type": "Feature",
      "properties": {
        "@id": "node/3895041270",
        "addr:city": "Singapore",
        "addr:country": "SG",
        "addr:housenumber": "71",
        "addr:street": "Kampong Bahru Road",
        "brand": "Cheers",
        "brand:wikidata": "Q64154066",
        "name": "Cheers",
        "name:zh": "Cheers(雀喜)便利商店",
        "opening_hours": "24/7",
        "shop": "convenience"
      },
      "geometry": {
        "type": "Point",
        "coordinates": [
          103.8357617,
          1.2764424
        ]
      },
      "id": "node/3895041270"
    },
    {
      "type": "Feature",
      "properties": {
        "@id": "node/3914777293",
        "name": "Cold Storage",
        "name:zh": "冷藏公司超市",
        "shop": "supermarket"
      },
      "geometry": {
        "type": "Point",
        "coordinates": [
          103.8271903,
          1.319605
        ]
      },
      "id": "node/3914777293"
    },
    {
      "type": "Feature",
      "properties": {
        "@id": "node/3914777294",
        "addr:city": "Singapore",
        "addr:country": "SG",
        "addr:housename": "Cluny Court",
        "addr:housenumber": "501",
        "addr:postcode": "259760",
        "addr:street": "Upper Bukit Timah Road",
        "addr:unit": "#01-02",
        "air_conditioning": "yes",
        "branch": "Cluny Court",
        "check_date": "2024-01-25",
        "level": "0",
        "name": "CS Fresh",
        "note": "check email",
        "opening_hours": "24/7",
        "operator": "Cold Storage",
        "phone": "+65 6763 0815",
        "shop": "supermarket",
        "website": "https://coldstorage.com.sg/"
      },
      "geometry": {
        "type": "Point",
        "coordinates": [
          103.8144067,
          1.3227092
        ]
      },
      "id": "node/3914777294"
    },
    {
      "type": "Feature",
      "properties": {
        "@id": "node/3914777298",
        "name": "NTUC FairPrice",
        "name:en": "NTUC FairPrice",
        "name:zh": "职总平价超市",
        "shop": "supermarket"
      },
      "geometry": {
        "type": "Point",
        "coordinates": [
          103.9238735,
          1.3242903
        ]
      },
      "id": "node/3914777298"
    },
    {
      "type": "Feature",
      "properties": {
        "@id": "node/3922463595",
        "addr:city": "Singapore",
        "addr:floor": "01",
        "addr:housename": "NTU Canteen 2",
        "addr:housenumber": "35",
        "addr:postcode": "639548",
        "addr:street": "Students Walk",
        "addr:unit": "01",
        "air_conditioning": "yes",
        "brand": "Prime Supermarket",
        "brand:website": "https://www.primesupermarket.com/",
        "brand:wikidata": "Q60744255",
        "brand:wikipedia": "en:Prime Supermarket",
        "level": "0",
        "name": "Prime Supermarket",
        "payment:cards": "yes",
        "payment:cash": "yes",
        "payment:coins": "yes",
        "payment:contactless": "yes",
        "payment:credit_cards": "yes",
        "payment:debit_cards": "yes",
        "payment:notes": "yes",
        "phone": "+65 6247 9881",
        "shop": "supermarket"
      },
      "geometry": {
        "type": "Point",
        "coordinates": [
          103.6855222,
          1.3481032
        ]
      },
      "id": "node/3922463595"
    },
    {
      "type": "Feature",
      "properties": {
        "@id": "node/3922463596",
        "brand": "7-Eleven",
        "brand:wikidata": "Q259340",
        "name": "7-Eleven",
        "name:zh": "7-11便利店",
        "shop": "convenience"
      },
      "geometry": {
        "type": "Point",
        "coordinates": [
          103.6853331,
          1.3481139
        ]
      },
      "id": "node/3922463596"
    },
    {
      "type": "Feature",
      "properties": {
        "@id": "node/3922463598",
        "brand": "Cheers",
        "brand:wikidata": "Q64154066",
        "name": "Cheers",
        "name:zh": "Cheers(雀喜)便利商店",
        "opening_hours": "24/7",
        "shop": "convenience",
        "wheelchair": "no"
      },
      "geometry": {
        "type": "Point",
        "coordinates": [
          103.6821772,
          1.3428422
        ]
      },
      "id": "node/3922463598"
    },
    {
      "type": "Feature",
      "properties": {
        "@id": "node/3922463601",
        "addr:city": "Singapore",
        "addr:housenumber": "50",
        "addr:postcode": "639798",
        "addr:street": "Nanyang Avenue",
        "air_conditioning": "yes",
        "level": "1",
        "name": "Prime Supermarket",
        "opening_hours": "Mo-Su 07:00-21:00",
        "payment:cash": "yes",
        "payment:contactless": "yes",
        "payment:electronic_purses": "yes",
        "payment:mastercard": "yes",
        "payment:visa": "yes",
        "phone": "+65 6694 2021",
        "shop": "supermarket",
        "website": "https://www.primesupermarket.com/",
        "wheelchair": "yes"
      },
      "geometry": {
        "type": "Point",
        "coordinates": [
          103.6809884,
          1.3468178
        ]
      },
      "id": "node/3922463601"
    },
    {
      "type": "Feature",
      "properties": {
        "@id": "node/3923016226",
        "brand": "7-Eleven",
        "brand:wikidata": "Q259340",
        "brand:wikipedia": "en:7-Eleven",
        "check_date": "2024-08-31",
        "name": "7-Eleven",
        "name:zh": "7-11便利店",
        "shop": "convenience",
        "wheelchair": "no"
      },
      "geometry": {
        "type": "Point",
        "coordinates": [
          103.7729834,
          1.3771841
        ]
      },
      "id": "node/3923016226"
    },
    {
      "type": "Feature",
      "properties": {
        "@id": "node/3923016228",
        "name": "NTUC Pasar",
        "shop": "supermarket"
      },
      "geometry": {
        "type": "Point",
        "coordinates": [
          103.7726306,
          1.3777363
        ]
      },
      "id": "node/3923016228"
    },
    {
      "type": "Feature",
      "properties": {
        "@id": "node/3923016234",
        "addr:city": "Singapore",
        "addr:housenumber": "#01-69",
        "addr:postcode": "670256",
        "addr:street": "Blk 256 Bangkit Road",
        "brand": "Giant Hypermarket",
        "brand:wikidata": "Q4217013",
        "check_date": "2025-06-22",
        "name": "Giant",
        "name:zh": "Giant超级",
        "payment:cash": "yes",
        "payment:credit_cards": "yes",
        "payment:debit_cards": "yes",
        "payment:mastercard": "yes",
        "payment:nets": "yes",
        "payment:visa": "yes",
        "shop": "supermarket"
      },
      "geometry": {
        "type": "Point",
        "coordinates": [
          103.7728973,
          1.3786855
        ]
      },
      "id": "node/3923016234"
    },
    {
      "type": "Feature",
      "properties": {
        "@id": "node/3923016251",
        "addr:city": "Singapore",
        "addr:housenumber": "547",
        "addr:postcode": "670547",
        "addr:street": "Segar Road",
        "brand": "Sheng Siong",
        "brand:wikidata": "Q3481878",
        "brand:wikipedia": "en:Sheng Siong",
        "name": "Sheng Siong",
        "name:zh": "昇菘超市",
        "shop": "supermarket"
      },
      "geometry": {
        "type": "Point",
        "coordinates": [
          103.7699226,
          1.3879115
        ]
      },
      "id": "node/3923016251"
    },
    {
      "type": "Feature",
      "properties": {
        "@id": "node/3923016253",
        "brand": "7-Eleven",
        "brand:wikidata": "Q259340",
        "brand:wikipedia": "en:7-Eleven",
        "name": "7-Eleven",
        "name:zh": "7-11便利店",
        "shop": "convenience",
        "wheelchair": "no"
      },
      "geometry": {
        "type": "Point",
        "coordinates": [
          103.7705042,
          1.38399
        ]
      },
      "id": "node/3923016253"
    },
    {
      "type": "Feature",
      "properties": {
        "@id": "node/3924980572",
        "addr:city": "Singapore",
        "addr:housenumber": "101",
        "addr:postcode": "129787",
        "addr:street": "Clementi Road",
        "name": "Cold Storage",
        "name:zh": "冷藏公司超市",
        "note:name:zh": "no need for manual chinese name",
        "shop": "supermarket"
      },
      "geometry": {
        "type": "Point",
        "coordinates": [
          103.7695285,
          1.3017518
        ]
      },
      "id": "node/3924980572"
    },
    {
      "type": "Feature",
      "properties": {
        "@id": "node/3931806105",
        "brand": "7-Eleven",
        "brand:wikidata": "Q259340",
        "brand:wikipedia": "en:7-Eleven",
        "name": "7-Eleven",
        "name:zh": "7-11便利店",
        "shop": "convenience"
      },
      "geometry": {
        "type": "Point",
        "coordinates": [
          103.7447461,
          1.3847337
        ]
      },
      "id": "node/3931806105"
    },
    {
      "type": "Feature",
      "properties": {
        "@id": "node/3931806106",
        "brand": "Cheers",
        "brand:wikidata": "Q64154066",
        "name": "Cheers",
        "name:zh": "Cheers(雀喜)便利商店",
        "opening_hours": "24/7",
        "shop": "convenience"
      },
      "geometry": {
        "type": "Point",
        "coordinates": [
          103.744521,
          1.3855644
        ]
      },
      "id": "node/3931806106"
    },
    {
      "type": "Feature",
      "properties": {
        "@id": "node/3961906595",
        "addr:city": "Singapore",
        "addr:country": "SG",
        "addr:housenumber": "612/620",
        "addr:postcode": "389551",
        "addr:street": "Geylang Lorong 38",
        "branch": "Geylang Lorong 38",
        "brand": "NTUC Fairprice",
        "brand:wikidata": "Q6955519",
        "check_date": "2026-01-21",
        "name": "NTUC Fairprice",
        "name:en": "NTUC FairPrice",
        "name:zh": "职总平价超市",
        "opening_hours": "24/7",
        "shop": "supermarket",
        "source": "Kaart Ground Survey 2017",
        "wheelchair": "yes"
      },
      "geometry": {
        "type": "Point",
        "coordinates": [
          103.8887345,
          1.3142787
        ]
      },
      "id": "node/3961906595"
    },
    {
      "type": "Feature",
      "properties": {
        "@id": "node/3990642132",
        "addr:city": "Singapore",
        "addr:housenumber": "33 #01-04",
        "addr:postcode": "238977",
        "addr:street": "Mohamed Sultan Road",
        "brand": "7-Eleven",
        "brand:wikidata": "Q259340",
        "name": "7-Eleven",
        "shop": "convenience"
      },
      "geometry": {
        "type": "Point",
        "coordinates": [
          103.8407982,
          1.2923388
        ]
      },
      "id": "node/3990642132"
    },
    {
      "type": "Feature",
      "properties": {
        "@id": "node/3990644923",
        "addr:city": "Singapore",
        "addr:floor": "2",
        "addr:housenumber": "81",
        "addr:postcode": "239917",
        "addr:street": "Clemenceau Avenue",
        "addr:unit": "#02-18",
        "air_conditioning": "yes",
        "branch": "UE Square",
        "check_date": "2024-10-13",
        "currency:SGD": "yes",
        "name": "Cold Storage",
        "name:fa": "کولد استوریج",
        "name:zh": "冷藏公司超市",
        "opening_hours": "Mo-Su 08:30-22:00",
        "payment:american_express": "yes",
        "payment:coins": "yes",
        "payment:contactless": "yes",
        "payment:credit_cards": "yes",
        "payment:debit_cards": "yes",
        "payment:mastercard": "yes",
        "payment:notes": "yes",
        "payment:visa": "yes",
        "shop": "supermarket",
        "website": "https://coldstorage.com.sg/",
        "wikidata": "Q5142390",
        "wikipedia": "en:Cold Storage (supermarket)"
      },
      "geometry": {
        "type": "Point",
        "coordinates": [
          103.8425504,
          1.2920393
        ]
      },
      "id": "node/3990644923"
    },
    {
      "type": "Feature",
      "properties": {
        "@id": "node/4005133089",
        "addr:city": "Singapore",
        "addr:housenumber": "#B2-32",
        "addr:postcode": "828761",
        "addr:street": "Waterway Point",
        "branch": "Finest",
        "check_date": "2025-12-16",
        "level": "-2",
        "name": "Fairprice Finest",
        "opening_hours": "24/7",
        "organic": "yes",
        "phone": "+65 6385 8959",
        "shop": "supermarket",
        "wheelchair": "yes"
      },
      "geometry": {
        "type": "Point",
        "coordinates": [
          103.9016244,
          1.4069699
        ]
      },
      "id": "node/4005133089"
    },
    {
      "type": "Feature",
      "properties": {
        "@id": "node/4022006367",
        "shop": "convenience",
        "wheelchair": "limited"
      },
      "geometry": {
        "type": "Point",
        "coordinates": [
          103.7539236,
          1.3519797
        ]
      },
      "id": "node/4022006367"
    },
    {
      "type": "Feature",
      "properties": {
        "@id": "node/4047291320",
        "addr:city": "Singapore",
        "addr:housenumber": "943",
        "addr:postcode": "640943",
        "addr:street": "Jurong West Street 91",
        "name": "AJI Minimart",
        "opening_hours": "Mo-Fr 08:00-22:30",
        "payment:cash": "yes",
        "shop": "supermarket"
      },
      "geometry": {
        "type": "Point",
        "coordinates": [
          103.6897166,
          1.3437753
        ]
      },
      "id": "node/4047291320"
    },
    {
      "type": "Feature",
      "properties": {
        "@id": "node/4047291321",
        "name": "Indian Grocery Store",
        "shop": "supermarket"
      },
      "geometry": {
        "type": "Point",
        "coordinates": [
          103.6908111,
          1.3433926
        ]
      },
      "id": "node/4047291321"
    },
    {
      "type": "Feature",
      "properties": {
        "@id": "node/4047297298",
        "brand": "7-Eleven",
        "brand:wikidata": "Q259340",
        "brand:wikipedia": "en:7-Eleven",
        "name": "7-Eleven",
        "name:zh": "7-11便利店",
        "opening_hours": "24 hours",
        "operator": "7-Eleven",
        "shop": "convenience"
      },
      "geometry": {
        "type": "Point",
        "coordinates": [
          103.69083,
          1.34146
        ]
      },
      "id": "node/4047297298"
    },
    {
      "type": "Feature",
      "properties": {
        "@id": "node/4175758797",
        "name": "TL98 International Provision Shop",
        "shop": "supermarket"
      },
      "geometry": {
        "type": "Point",
        "coordinates": [
          103.8290218,
          1.4313522
        ]
      },
      "id": "node/4175758797"
    },
    {
      "type": "Feature",
      "properties": {
        "@id": "node/4196323795",
        "brand": "7-Eleven",
        "brand:wikidata": "Q259340",
        "brand:wikipedia": "en:7-Eleven",
        "name": "7-Eleven",
        "name:zh": "7-11便利店",
        "opening_hours": "24/7",
        "shop": "convenience"
      },
      "geometry": {
        "type": "Point",
        "coordinates": [
          103.6959311,
          1.3359012
        ]
      },
      "id": "node/4196323795"
    },
    {
      "type": "Feature",
      "properties": {
        "@id": "node/4221544290",
        "addr:postcode": "560219",
        "addr:street": "Ang Mo Kio Street 22",
        "fixme": "Does this still exist?",
        "name": "FairPrice",
        "opening_hours": "24/7",
        "shop": "supermarket"
      },
      "geometry": {
        "type": "Point",
        "coordinates": [
          103.8415821,
          1.3665818
        ]
      },
      "id": "node/4221544290"
    },
    {
      "type": "Feature",
      "properties": {
        "@id": "node/4226806006",
        "brand": "NTUC Fairprice",
        "brand:wikidata": "Q6955519",
        "name": "NTUC FairPrice",
        "name:en": "NTUC FairPrice",
        "name:zh": "职总平价超市",
        "operator": "NTUC",
        "shop": "supermarket"
      },
      "geometry": {
        "type": "Point",
        "coordinates": [
          103.9414492,
          1.3245854
        ]
      },
      "id": "node/4226806006"
    },
    {
      "type": "Feature",
      "properties": {
        "@id": "node/4241644468",
        "brand": "7-Eleven",
        "brand:wikidata": "Q259340",
        "brand:wikipedia": "en:7-Eleven",
        "name": "7-Eleven",
        "name:zh": "7-11便利店",
        "shop": "convenience"
      },
      "geometry": {
        "type": "Point",
        "coordinates": [
          103.7606314,
          1.3577895
        ]
      },
      "id": "node/4241644468"
    },
    {
      "type": "Feature",
      "properties": {
        "@id": "node/4260913020",
        "addr:city": "Singapore",
        "addr:housenumber": "451",
        "addr:postcode": "650451",
        "addr:street": "Bukit Batok West Avenue 6",
        "brand": "Sheng Siong",
        "brand:wikidata": "Q3481878",
        "name": "Sheng Siong",
        "name:zh": "昇菘超市",
        "shop": "supermarket"
      },
      "geometry": {
        "type": "Point",
        "coordinates": [
          103.7437581,
          1.3529769
        ]
      },
      "id": "node/4260913020"
    },
    {
      "type": "Feature",
      "properties": {
        "@id": "node/4260914642",
        "addr:city": "Singapore",
        "addr:housenumber": "440",
        "addr:postcode": "650440",
        "addr:street": "Bukit Batok West Avenue 8",
        "name": "Sheng Siong",
        "name:zh": "昇菘超市",
        "shop": "supermarket"
      },
      "geometry": {
        "type": "Point",
        "coordinates": [
          103.7392341,
          1.3555088
        ]
      },
      "id": "node/4260914642"
    },
    {
      "type": "Feature",
      "properties": {
        "@id": "node/4264495208",
        "brand": "7-Eleven",
        "brand:wikidata": "Q259340",
        "brand:wikipedia": "en:7-Eleven",
        "name": "7-Eleven",
        "name:zh": "7-11便利店",
        "shop": "convenience"
      },
      "geometry": {
        "type": "Point",
        "coordinates": [
          103.8489139,
          1.288225
        ]
      },
      "id": "node/4264495208"
    },
    {
      "type": "Feature",
      "properties": {
        "@id": "node/4264495712",
        "branch": "Peninsula Plaza",
        "brand": "7-Eleven",
        "brand:wikidata": "Q259340",
        "brand:wikipedia": "en:7-Eleven",
        "level": "0",
        "name": "7-Eleven",
        "name:en": "7-Eleven",
        "name:zh": "7-11便利店",
        "opening_hours": "24/7",
        "payment:american_express": "no",
        "payment:cash": "yes",
        "payment:mastercard": "yes",
        "payment:nets": "yes",
        "payment:visa": "yes",
        "shop": "convenience",
        "wheelchair": "yes"
      },
      "geometry": {
        "type": "Point",
        "coordinates": [
          103.850905,
          1.2920518
        ]
      },
      "id": "node/4264495712"
    },
    {
      "type": "Feature",
      "properties": {
        "@id": "node/4281193391",
        "shop": "convenience"
      },
      "geometry": {
        "type": "Point",
        "coordinates": [
          103.9861175,
          1.3582276
        ]
      },
      "id": "node/4281193391"
    },
    {
      "type": "Feature",
      "properties": {
        "@id": "node/4281230791",
        "brand": "7-Eleven",
        "brand:wikidata": "Q259340",
        "brand:wikipedia": "en:7-Eleven",
        "name": "7-Eleven",
        "name:zh": "7-11便利店",
        "shop": "convenience"
      },
      "geometry": {
        "type": "Point",
        "coordinates": [
          103.8718124,
          1.3118391
        ]
      },
      "id": "node/4281230791"
    },
    {
      "type": "Feature",
      "properties": {
        "@id": "node/4304684647",
        "addr:city": "Singapore",
        "addr:housenumber": "539A",
        "addr:postcode": "461539",
        "addr:street": "Bedok North Street 3",
        "name": "Sheng Siong",
        "name:zh": "昇菘超市",
        "opening_hours": "24/7",
        "shop": "supermarket"
      },
      "geometry": {
        "type": "Point",
        "coordinates": [
          103.9255968,
          1.3324563
        ]
      },
      "id": "node/4304684647"
    },
    {
      "type": "Feature",
      "properties": {
        "@id": "node/4325259691",
        "brand": "NTUC Fairprice",
        "brand:wikidata": "Q6955519",
        "name": "NTUC Fairprice",
        "name:en": "NTUC FairPrice",
        "name:zh": "职总平价超市",
        "opening_hours": "24/7",
        "shop": "supermarket"
      },
      "geometry": {
        "type": "Point",
        "coordinates": [
          103.8090769,
          1.2731352
        ]
      },
      "id": "node/4325259691"
    },
    {
      "type": "Feature",
      "properties": {
        "@id": "node/4329578533",
        "addr:city": "Singapore",
        "addr:country": "SG",
        "addr:housenumber": "41",
        "addr:postcode": "390041",
        "addr:street": "Jalan Tiga",
        "addr:unit": "#01-05",
        "branch": "Jalan Tiga",
        "brand": "NTUC Fairprice",
        "brand:wikidata": "Q6955519",
        "name": "NTUC Fairprice",
        "name:en": "NTUC FairPrice",
        "name:zh": "职总平价超市",
        "opening_hours": "24/7",
        "phone": "+65 6242 5707",
        "shop": "supermarket",
        "source": "Kaart Ground Survey 2017"
      },
      "geometry": {
        "type": "Point",
        "coordinates": [
          103.884841,
          1.3076824
        ]
      },
      "id": "node/4329578533"
    },
    {
      "type": "Feature",
      "properties": {
        "@id": "node/4330496126",
        "addr:housenumber": "#01-24",
        "addr:postcode": "730678",
        "addr:street": "Woodlands Avenue 6",
        "email": "ellyzafrozenfood@gmail.com",
        "name": "Ellyza Frozen Food",
        "opening_hours": "Mo-Su 07:00-19:00",
        "phone": "+65 9772 1226",
        "shop": "supermarket",
        "website": "https://ellyza.myshopify.com/"
      },
      "geometry": {
        "type": "Point",
        "coordinates": [
          103.8018411,
          1.4405928
        ]
      },
      "id": "node/4330496126"
    },
    {
      "type": "Feature",
      "properties": {
        "@id": "node/4368147027",
        "addr:housenumber": "24",
        "addr:street": "Lorong Mambong",
        "brand": "Cheers",
        "brand:wikidata": "Q64154066",
        "name": "Cheers",
        "name:zh": "Cheers(雀喜)便利商店",
        "opening_hours": "24/7",
        "shop": "convenience"
      },
      "geometry": {
        "type": "Point",
        "coordinates": [
          103.7949131,
          1.311553
        ]
      },
      "id": "node/4368147027"
    },
    {
      "type": "Feature",
      "properties": {
        "@id": "node/4368418590",
        "addr:postcode": "082001",
        "addr:street": "Tanjong Pagar Road",
        "brand": "7-Eleven",
        "brand:wikidata": "Q259340",
        "brand:wikipedia": "en:7-Eleven",
        "name": "7-Eleven",
        "name:en": "7-Eleven",
        "name:zh": "7-11便利店",
        "opening_hours": "24/7",
        "shop": "convenience",
        "source": "Kaart Ground Survey 2017"
      },
      "geometry": {
        "type": "Point",
        "coordinates": [
          103.8429425,
          1.2750389
        ]
      },
      "id": "node/4368418590"
    },
    {
      "type": "Feature",
      "properties": {
        "@id": "node/4369793864",
        "layer": "1",
        "name": "7-Eleven",
        "name:zh": "7-11便利店",
        "shop": "convenience"
      },
      "geometry": {
        "type": "Point",
        "coordinates": [
          103.7783354,
          1.3115958
        ]
      },
      "id": "node/4369793864"
    },
    {
      "type": "Feature",
      "properties": {
        "@id": "node/4400879034",
        "name": "Grab & GO",
        "opening_hours": "Mo-Su,PH 08:00-18:00",
        "shop": "convenience"
      },
      "geometry": {
        "type": "Point",
        "coordinates": [
          103.8150692,
          1.3114964
        ]
      },
      "id": "node/4400879034"
    },
    {
      "type": "Feature",
      "properties": {
        "@id": "node/4400909653",
        "name": "Mandai Mart",
        "shop": "convenience"
      },
      "geometry": {
        "type": "Point",
        "coordinates": [
          103.7909244,
          1.4046763
        ]
      },
      "id": "node/4400909653"
    },
    {
      "type": "Feature",
      "properties": {
        "@id": "node/4400965611",
        "name": "Mandai Mart",
        "shop": "convenience"
      },
      "geometry": {
        "type": "Point",
        "coordinates": [
          103.7889145,
          1.4039572
        ]
      },
      "id": "node/4400965611"
    },
    {
      "type": "Feature",
      "properties": {
        "@id": "node/4418526789",
        "shop": "supermarket"
      },
      "geometry": {
        "type": "Point",
        "coordinates": [
          103.7596285,
          1.3121463
        ]
      },
      "id": "node/4418526789"
    },
    {
      "type": "Feature",
      "properties": {
        "@id": "node/4425556291",
        "name": "7-Eleven",
        "name:zh": "7-11便利店",
        "opening_hours": "24/7",
        "shop": "convenience",
        "wheelchair": "no"
      },
      "geometry": {
        "type": "Point",
        "coordinates": [
          103.770644,
          1.322278
        ]
      },
      "id": "node/4425556291"
    },
    {
      "type": "Feature",
      "properties": {
        "@id": "node/4433553573",
        "addr:city": "Singapore",
        "addr:housenumber": "85B",
        "addr:postcode": "312085",
        "addr:street": "Lorong 4 Toa Payoh",
        "name": "Ang Mo Supermarket",
        "operator": "Ang Mo",
        "shop": "supermarket",
        "wheelchair": "limited"
      },
      "geometry": {
        "type": "Point",
        "coordinates": [
          103.8480895,
          1.3362868
        ]
      },
      "id": "node/4433553573"
    },
    {
      "type": "Feature",
      "properties": {
        "@id": "node/4443927247",
        "branch": "Finest",
        "brand": "NTUC Fairprice",
        "brand:wikidata": "Q6955519",
        "name": "NTUC Fairprice",
        "name:en": "NTUC FairPrice",
        "name:zh": "职总平价超市",
        "shop": "supermarket",
        "wheelchair": "yes"
      },
      "geometry": {
        "type": "Point",
        "coordinates": [
          103.9288247,
          1.3244802
        ]
      },
      "id": "node/4443927247"
    },
    {
      "type": "Feature",
      "properties": {
        "@id": "node/4448838790",
        "addr:city": "Singapore",
        "addr:housenumber": "11 #B1-36",
        "addr:postcode": "437157",
        "addr:street": "Tanjong Katong Road",
        "addr:unit": "36",
        "branch": "KINEX",
        "brand": "Sheng Siong",
        "brand:wikidata": "Q3481878",
        "level": "-1",
        "name": "Sheng Siong",
        "opening_hours": "Mo-Su 07:00-23:00",
        "self_checkout": "yes",
        "shop": "supermarket",
        "surveillance": "yes",
        "website": "https://shengsiong.com.sg/",
        "wheelchair": "yes"
      },
      "geometry": {
        "type": "Point",
        "coordinates": [
          103.8945139,
          1.3149206
        ]
      },
      "id": "node/4448838790"
    },
    {
      "type": "Feature",
      "properties": {
        "@id": "node/4463223394",
        "addr:housenumber": "1",
        "addr:postcode": "098537",
        "addr:street": "Cove Avenue",
        "air_conditioning": "yes",
        "branch": "Sentosa Cove",
        "brand": "Cold Storage",
        "name": "Cold Storage",
        "name:zh": "冷藏公司超市",
        "opening_hours": "Mo-Su 08:00-22:00",
        "shop": "supermarket",
        "wheelchair": "yes"
      },
      "geometry": {
        "type": "Point",
        "coordinates": [
          103.8397133,
          1.2470189
        ]
      },
      "id": "node/4463223394"
    },
    {
      "type": "Feature",
      "properties": {
        "@id": "node/4484650794",
        "addr:city": "Singapore",
        "addr:housenumber": "301",
        "addr:postcode": "389344",
        "addr:street": "Lorong 15 Geylang",
        "brand": "Sheng Siong",
        "brand:wikidata": "Q3481878",
        "name": "Sheng Siong",
        "name:en": "Sheng Siong",
        "name:fa": "شنگ سیانگ",
        "name:zh": "昇菘超市",
        "opening_hours": "24/7",
        "phone": "+65 6846 1766",
        "shop": "supermarket",
        "source": "Kaart Ground Survey 2017",
        "website": "https://www.shengsiong.com.sg/"
      },
      "geometry": {
        "type": "Point",
        "coordinates": [
          103.8786231,
          1.312653
        ]
      },
      "id": "node/4484650794"
    },
    {
      "type": "Feature",
      "properties": {
        "@id": "node/4486219776",
        "addr:city": "Singapore",
        "brand": "7-Eleven",
        "brand:wikidata": "Q259340",
        "brand:wikipedia": "en:7-Eleven",
        "level": "0",
        "name": "7-Eleven",
        "name:zh": "7-11便利店",
        "opening_hours": "24/7",
        "shop": "convenience",
        "wheelchair": "yes"
      },
      "geometry": {
        "type": "Point",
        "coordinates": [
          103.8537643,
          1.2996415
        ]
      },
      "id": "node/4486219776"
    },
    {
      "type": "Feature",
      "properties": {
        "@id": "node/4493528219",
        "brand": "7-Eleven",
        "brand:wikidata": "Q259340",
        "brand:wikipedia": "en:7-Eleven",
        "check_date": "2026-01-31",
        "level": "0",
        "name": "7-Eleven",
        "name:zh": "7-11便利店",
        "opening_hours": "24/7",
        "organic": "no",
        "shop": "convenience",
        "wheelchair": "no"
      },
      "geometry": {
        "type": "Point",
        "coordinates": [
          103.855331,
          1.3003539
        ]
      },
      "id": "node/4493528219"
    },
    {
      "type": "Feature",
      "properties": {
        "@id": "node/4493700489",
        "name": "Tuas South Supermarket",
        "name:en": "Tuas South Supermarket",
        "shop": "supermarket"
      },
      "geometry": {
        "type": "Point",
        "coordinates": [
          103.6268595,
          1.2951161
        ]
      },
      "id": "node/4493700489"
    },
    {
      "type": "Feature",
      "properties": {
        "@id": "node/4544309333",
        "brand": "Shell Select",
        "brand:wikidata": "Q124359752",
        "name": "Shell Select",
        "opening_hours": "24/7",
        "shop": "convenience"
      },
      "geometry": {
        "type": "Point",
        "coordinates": [
          103.7384701,
          1.3502661
        ]
      },
      "id": "node/4544309333"
    },
    {
      "type": "Feature",
      "properties": {
        "@id": "node/4544316904",
        "brand": "7-Eleven",
        "brand:wikidata": "Q259340",
        "brand:wikipedia": "en:7-Eleven",
        "name": "7-Eleven",
        "name:zh": "7-11便利店",
        "opening_hours": "24/7",
        "shop": "convenience",
        "wheelchair": "yes"
      },
      "geometry": {
        "type": "Point",
        "coordinates": [
          103.7559191,
          1.3508971
        ]
      },
      "id": "node/4544316904"
    },
    {
      "type": "Feature",
      "properties": {
        "@id": "node/4547834505",
        "addr:city": "Singapore",
        "addr:country": "SG",
        "addr:housenumber": "6",
        "addr:street": "Jalan Leban",
        "brand": "7-Eleven",
        "brand:wikidata": "Q259340",
        "name": "7-Eleven",
        "name:zh": "7-11便利店",
        "shop": "convenience",
        "source": "Kaart Ground Survey 2017"
      },
      "geometry": {
        "type": "Point",
        "coordinates": [
          103.8290006,
          1.3713906
        ]
      },
      "id": "node/4547834505"
    },
    {
      "type": "Feature",
      "properties": {
        "@id": "node/4552437537",
        "addr:city": "Singapore",
        "addr:housename": "Hilton Mall",
        "addr:housenumber": "17",
        "addr:postcode": "678278",
        "addr:street": "Petir Road",
        "addr:unit": "#B2-67",
        "branch": "Hillion Mall",
        "brand": "NTUC Fairprice",
        "brand:wikidata": "Q6955519",
        "brand:wikipedia": "en:NTUC FairPrice",
        "check_date": "2024-12-20",
        "level": "-2",
        "name": "NTUC Fairprice",
        "name:en": "NTUC FairPrice",
        "name:zh": "职总平价超市",
        "opening_hours": "24/7",
        "operator": "NTUC",
        "payment:cash": "yes",
        "payment:credit_cards": "yes",
        "payment:debit_cards": "yes",
        "phone": "+65 6769 4868",
        "shop": "supermarket",
        "website": "https://www.fairprice.com.sg/",
        "wheelchair": "yes"
      },
      "geometry": {
        "type": "Point",
        "coordinates": [
          103.7639776,
          1.3785209
        ]
      },
      "id": "node/4552437537"
    },
    {
      "type": "Feature",
      "properties": {
        "@id": "node/4560997436",
        "addr:city": "Singapore",
        "addr:floor": "B1",
        "addr:housenumber": "#B1-150–156",
        "addr:postcode": "038983",
        "addr:street": "3 Temasek Boulevard, Suntec City",
        "branch": "Suntec City",
        "check_date": "2025-01",
        "level": "-1",
        "level:ref": "B1",
        "name": "Cold Storage",
        "opening_hours": "Mo-Su 09:00-22:00",
        "payment:cash": "yes",
        "payment:credit_cards": "yes",
        "payment:debit_cards": "yes",
        "payment:ezlink": "yes",
        "payment:nets": "yes",
        "phone": "+65 6336 6779",
        "self_checkout": "yes",
        "shop": "supermarket",
        "stroller": "yes",
        "website": "https://coldstorage.com.sg/",
        "wheelchair": "yes"
      },
      "geometry": {
        "type": "Point",
        "coordinates": [
          103.8591405,
          1.294999
        ]
      },
      "id": "node/4560997436"
    },
    {
      "type": "Feature",
      "properties": {
        "@id": "node/4560997439",
        "brand": "7-Eleven",
        "brand:wikidata": "Q259340",
        "brand:wikipedia": "en:7-Eleven",
        "name": "7-Eleven",
        "name:zh": "7-11便利店",
        "shop": "convenience"
      },
      "geometry": {
        "type": "Point",
        "coordinates": [
          103.8584203,
          1.2912995
        ]
      },
      "id": "node/4560997439"
    },
    {
      "type": "Feature",
      "properties": {
        "@id": "node/4560997469",
        "addr:city": "Singapore",
        "addr:housenumber": "#B1-67",
        "addr:street": "CityLink Mall",
        "amenity": "pharmacy",
        "brand": "Guardian",
        "brand:wikidata": "Q63371124",
        "dispensing": "no",
        "healthcare": "pharmacy",
        "level": "-1",
        "name": "Guardian",
        "opening_hours": "Mo-Su 10:00-21:00",
        "phone": "+65 62388116",
        "shop": "convenience",
        "website": "https://guardian.com.sg/",
        "wheelchair": "limited"
      },
      "geometry": {
        "type": "Point",
        "coordinates": [
          103.8532762,
          1.2928333
        ]
      },
      "id": "node/4560997469"
    },
    {
      "type": "Feature",
      "properties": {
        "@id": "node/4561526157",
        "brand": "7-Eleven",
        "brand:wikidata": "Q259340",
        "brand:wikipedia": "en:7-Eleven",
        "name": "7-Eleven",
        "name:zh": "7-11便利店",
        "shop": "convenience"
      },
      "geometry": {
        "type": "Point",
        "coordinates": [
          103.7520715,
          1.359123
        ]
      },
      "id": "node/4561526157"
    },
    {
      "type": "Feature",
      "properties": {
        "@id": "node/4568867548",
        "brand": "7-Eleven",
        "brand:wikidata": "Q259340",
        "brand:wikipedia": "en:7-Eleven",
        "name": "7-Eleven",
        "name:zh": "7-11便利店",
        "shop": "convenience"
      },
      "geometry": {
        "type": "Point",
        "coordinates": [
          103.8112414,
          1.2572896
        ]
      },
      "id": "node/4568867548"
    },
    {
      "type": "Feature",
      "properties": {
        "@id": "node/4570316415",
        "addr:city": "Singapore",
        "addr:country": "SG",
        "addr:floor": "B1",
        "addr:housenumber": "144",
        "addr:postcode": "588177",
        "addr:street": "Upper Bukit Timah Road",
        "addr:unit": "#B1-01",
        "brand": "Giant Hypermarket",
        "brand:wikidata": "Q4217013",
        "check_date": "2025-04-13",
        "level": "-1",
        "name": "Giant Express",
        "name:en": "Giant",
        "opening_hours": "24/7",
        "payment:cash": "yes",
        "payment:credit_cards": "yes",
        "payment:debit_cards": "yes",
        "shop": "supermarket",
        "wheelchair": "yes"
      },
      "geometry": {
        "type": "Point",
        "coordinates": [
          103.7761711,
          1.3421799
        ]
      },
      "id": "node/4570316415"
    },
    {
      "type": "Feature",
      "properties": {
        "@id": "node/4572385393",
        "brand": "7-Eleven",
        "brand:wikidata": "Q259340",
        "brand:wikipedia": "en:7-Eleven",
        "name": "7-Eleven",
        "name:en": "7-Eleven",
        "name:es": "7-Eleven",
        "name:zh": "7-11便利店",
        "shop": "convenience"
      },
      "geometry": {
        "type": "Point",
        "coordinates": [
          103.8532665,
          1.3051967
        ]
      },
      "id": "node/4572385393"
    },
    {
      "type": "Feature",
      "properties": {
        "@id": "node/4579396267",
        "addr:city": "Singapore",
        "addr:country": "SG",
        "addr:housenumber": "52",
        "addr:postcode": "160052",
        "addr:street": "Chin Swee Road",
        "brand": "Sheng Siong",
        "brand:wikidata": "Q3481878",
        "name": "Sheng Siong",
        "name:zh": "昇菘超市",
        "opening_hours": "24/7",
        "shop": "supermarket"
      },
      "geometry": {
        "type": "Point",
        "coordinates": [
          103.8416702,
          1.2869661
        ]
      },
      "id": "node/4579396267"
    },
    {
      "type": "Feature",
      "properties": {
        "@id": "node/4583496401",
        "brand": "7-Eleven",
        "brand:wikidata": "Q259340",
        "brand:wikipedia": "en:7-Eleven",
        "name": "7-Eleven",
        "name:zh": "7-11便利店",
        "shop": "convenience"
      },
      "geometry": {
        "type": "Point",
        "coordinates": [
          103.7951477,
          1.3310896
        ]
      },
      "id": "node/4583496401"
    },
    {
      "type": "Feature",
      "properties": {
        "@id": "node/4583496402",
        "addr:housenumber": "19",
        "addr:street": "Jalan Jurong Kechil",
        "brand": "7-Eleven",
        "brand:wikidata": "Q259340",
        "brand:wikipedia": "en:7-Eleven",
        "check_date": "2024-07-20",
        "name": "7-Eleven",
        "name:zh": "7-11便利店",
        "opening_hours": "24/7",
        "shop": "convenience"
      },
      "geometry": {
        "type": "Point",
        "coordinates": [
          103.7738201,
          1.339971
        ]
      },
      "id": "node/4583496402"
    },
    {
      "type": "Feature",
      "properties": {
        "@id": "node/4583783461",
        "addr:city": "Singapore",
        "addr:country": "SG",
        "addr:housenumber": "492",
        "addr:postcode": "640492",
        "addr:street": "Jurong West Street 41",
        "brand": "7-Eleven",
        "brand:wikidata": "Q259340",
        "brand:wikipedia": "en:7-Eleven",
        "name": "7-Eleven",
        "name:zh": "7-11便利店",
        "shop": "convenience"
      },
      "geometry": {
        "type": "Point",
        "coordinates": [
          103.7242131,
          1.3502177
        ]
      },
      "id": "node/4583783461"
    },
    {
      "type": "Feature",
      "properties": {
        "@id": "node/4583783603",
        "addr:city": "Singapore",
        "addr:country": "SG",
        "addr:housenumber": "492",
        "addr:postcode": "640492",
        "addr:street": "Jurong West Street 41",
        "name": "Giant",
        "name:zh": "Giant超级",
        "opening_hours": "Mo-Su 00:00-00:00",
        "shop": "supermarket",
        "wheelchair": "limited"
      },
      "geometry": {
        "type": "Point",
        "coordinates": [
          103.725451,
          1.3497894
        ]
      },
      "id": "node/4583783603"
    },
    {
      "type": "Feature",
      "properties": {
        "@id": "node/4584797595",
        "name": "Hao Mart",
        "shop": "convenience"
      },
      "geometry": {
        "type": "Point",
        "coordinates": [
          103.8228882,
          1.450132
        ]
      },
      "id": "node/4584797595"
    },
    {
      "type": "Feature",
      "properties": {
        "@id": "node/4596256327",
        "brand": "Cheers",
        "brand:wikidata": "Q64154066",
        "level": "0",
        "name": "Cheers",
        "name:zh": "Cheers(雀喜)便利商店",
        "opening_hours": "24/7",
        "shop": "convenience",
        "wheelchair": "yes"
      },
      "geometry": {
        "type": "Point",
        "coordinates": [
          103.8203571,
          1.265124
        ]
      },
      "id": "node/4596256327"
    },
    {
      "type": "Feature",
      "properties": {
        "@id": "node/4599847295",
        "addr:city": "Singapore",
        "addr:country": "SG",
        "addr:housenumber": "1",
        "addr:postcode": "629117",
        "addr:street": "Joon Koon Circle",
        "air_conditioning": "yes",
        "email": "feedback@warehouseclub.com.sg",
        "level": "2",
        "name": "Warehouse Club",
        "opening_hours": "Mo-Su 09:00-21:00",
        "phone": "+65 6710 4584",
        "shop": "supermarket",
        "stroller": "yes",
        "website": "http://www.warehouseclub.com.sg/",
        "wheelchair": "yes"
      },
      "geometry": {
        "type": "Point",
        "coordinates": [
          103.6786571,
          1.3272092
        ]
      },
      "id": "node/4599847295"
    },
    {
      "type": "Feature",
      "properties": {
        "@id": "node/4607932589",
        "brand": "NTUC Fairprice",
        "name": "NTUC FairPrice",
        "name:en": "NTUC FairPrice",
        "name:zh": "职总平价超市",
        "opening_hours": "07:00-23:00",
        "shop": "supermarket"
      },
      "geometry": {
        "type": "Point",
        "coordinates": [
          103.8985788,
          1.315391
        ]
      },
      "id": "node/4607932589"
    },
    {
      "type": "Feature",
      "properties": {
        "@id": "node/4620458492",
        "addr:city": "Singapore",
        "addr:country": "SG",
        "brand": "7-Eleven",
        "brand:wikidata": "Q259340",
        "brand:wikipedia": "en:7-Eleven",
        "name": "7-Eleven",
        "name:en": "7-Eleven",
        "name:zh": "7-11便利店",
        "shop": "convenience"
      },
      "geometry": {
        "type": "Point",
        "coordinates": [
          103.8467508,
          1.2846083
        ]
      },
      "id": "node/4620458492"
    },
    {
      "type": "Feature",
      "properties": {
        "@id": "node/4620793887",
        "brand": "7-Eleven",
        "brand:wikidata": "Q259340",
        "brand:wikipedia": "en:7-Eleven",
        "name": "7-Eleven",
        "name:zh": "7-11便利店",
        "shop": "convenience"
      },
      "geometry": {
        "type": "Point",
        "coordinates": [
          103.8560343,
          1.298358
        ]
      },
      "id": "node/4620793887"
    },
    {
      "type": "Feature",
      "properties": {
        "@id": "node/4623569969",
        "addr:city": "Singapore",
        "addr:country": "SG",
        "addr:housenumber": "6",
        "addr:postcode": "039594",
        "addr:street": "Raffles Boulevard",
        "level": "2",
        "name": "Midtown Mart",
        "shop": "convenience"
      },
      "geometry": {
        "type": "Point",
        "coordinates": [
          103.8574196,
          1.290899
        ]
      },
      "id": "node/4623569969"
    },
    {
      "type": "Feature",
      "properties": {
        "@id": "node/4631030455",
        "addr:city": "Singapore",
        "addr:housenumber": "982",
        "addr:postcode": "530982",
        "addr:street": "Buangkok Crescent",
        "name": "Giant",
        "name:zh": "Giant超级",
        "opening_hours": "24/7",
        "shop": "supermarket"
      },
      "geometry": {
        "type": "Point",
        "coordinates": [
          103.8792312,
          1.3809089
        ]
      },
      "id": "node/4631030455"
    },
    {
      "type": "Feature",
      "properties": {
        "@id": "node/4631688312",
        "addr:city": "Singapore",
        "addr:housenumber": "60",
        "addr:postcode": "138668",
        "addr:street": "Biopolis Street",
        "brand": "Cheers",
        "brand:wikidata": "Q64154066",
        "name": "Cheers",
        "name:zh": "Cheers(雀喜)便利商店",
        "opening_hours": "24/7",
        "shop": "convenience"
      },
      "geometry": {
        "type": "Point",
        "coordinates": [
          103.7918559,
          1.3033085
        ]
      },
      "id": "node/4631688312"
    },
    {
      "type": "Feature",
      "properties": {
        "@id": "node/4631818434",
        "addr:city": "Singapore",
        "addr:housenumber": "18B",
        "addr:postcode": "372018",
        "addr:street": "Circuit Road",
        "name": "Sheng Siong",
        "name:zh": "昇菘超市",
        "shop": "supermarket"
      },
      "geometry": {
        "type": "Point",
        "coordinates": [
          103.88833,
          1.3292654
        ]
      },
      "id": "node/4631818434"
    },
    {
      "type": "Feature",
      "properties": {
        "@id": "node/4633972480",
        "name": "Supreme Mini Mart",
        "shop": "convenience"
      },
      "geometry": {
        "type": "Point",
        "coordinates": [
          103.7924467,
          1.3034883
        ]
      },
      "id": "node/4633972480"
    },
    {
      "type": "Feature",
      "properties": {
        "@id": "node/4634008349",
        "brand": "7-Eleven",
        "brand:wikidata": "Q259340",
        "name": "7-Eleven",
        "name:zh": "7-11便利店",
        "shop": "convenience"
      },
      "geometry": {
        "type": "Point",
        "coordinates": [
          103.7909615,
          1.3060517
        ]
      },
      "id": "node/4634008349"
    },
    {
      "type": "Feature",
      "properties": {
        "@id": "node/4634033150",
        "brand": "7-Eleven",
        "brand:wikidata": "Q259340",
        "brand:wikipedia": "en:7-Eleven",
        "name": "7-Eleven",
        "name:zh": "7-11便利店",
        "opening_hours": "24/7",
        "operator": "7-Eleven",
        "shop": "convenience"
      },
      "geometry": {
        "type": "Point",
        "coordinates": [
          103.886845,
          1.3291
        ]
      },
      "id": "node/4634033150"
    },
    {
      "type": "Feature",
      "properties": {
        "@id": "node/4634033151",
        "name": "Chop Seng Cheong",
        "shop": "convenience"
      },
      "geometry": {
        "type": "Point",
        "coordinates": [
          103.8867176,
          1.3291771
        ]
      },
      "id": "node/4634033151"
    },
    {
      "type": "Feature",
      "properties": {
        "@id": "node/4634039691",
        "brand": "Mart",
        "name": "JMart",
        "shop": "convenience"
      },
      "geometry": {
        "type": "Point",
        "coordinates": [
          103.8871562,
          1.3288928
        ]
      },
      "id": "node/4634039691"
    },
    {
      "type": "Feature",
      "properties": {
        "@id": "node/4639442703",
        "addr:housename": "Senja Grand",
        "addr:housenumber": "628",
        "addr:postcode": "670628",
        "addr:street": "Senja Road",
        "addr:unit": "#01-01",
        "brand": "NTUC Fairprice",
        "brand:wikidata": "Q6955519",
        "name": "NTUC Fairprice",
        "name:en": "NTUC FairPrice",
        "name:zh": "职总平价超市",
        "opening_hours": "24/7",
        "operator": "NTUC",
        "phone": "+65 6763 1076",
        "shop": "supermarket"
      },
      "geometry": {
        "type": "Point",
        "coordinates": [
          103.7604035,
          1.3850202
        ]
      },
      "id": "node/4639442703"
    },
    {
      "type": "Feature",
      "properties": {
        "@id": "node/4643985891",
        "addr:city": "Singapore",
        "addr:housenumber": "712",
        "addr:postcode": "560712",
        "addr:street": "Ang Mo Kio Avenue 6",
        "brand": "NTUC Fairprice",
        "brand:wikidata": "Q6955519",
        "brand:wikipedia": "en:NTUC FairPrice",
        "contact:phone": "+65 6456 4147",
        "name": "NTUC Fairprice",
        "name:en": "NTUC FairPrice",
        "name:zh": "职总平价超市",
        "opening_hours": "24/7",
        "shop": "supermarket",
        "wheelchair": "yes"
      },
      "geometry": {
        "type": "Point",
        "coordinates": [
          103.8470492,
          1.371469
        ]
      },
      "id": "node/4643985891"
    },
    {
      "type": "Feature",
      "properties": {
        "@id": "node/4653464295",
        "addr:city": "Singapore",
        "addr:country": "SG",
        "addr:housenumber": "625",
        "addr:postcode": "510625",
        "addr:street": "Elias Road",
        "brand": "7-Eleven",
        "brand:wikidata": "Q259340",
        "name": "7-Eleven",
        "name:zh": "7-11便利店",
        "shop": "convenience",
        "source": "Kaart Ground Survey 2017",
        "wheelchair": "yes"
      },
      "geometry": {
        "type": "Point",
        "coordinates": [
          103.9417737,
          1.3786827
        ]
      },
      "id": "node/4653464295"
    },
    {
      "type": "Feature",
      "properties": {
        "@id": "node/4664735169",
        "brand": "NTUC Fairprice",
        "brand:wikidata": "Q6955519",
        "name": "NTUC Fairprice",
        "name:en": "NTUC Fairprice",
        "name:zh": "职总平价超市",
        "shop": "supermarket"
      },
      "geometry": {
        "type": "Point",
        "coordinates": [
          103.9534624,
          1.3602084
        ]
      },
      "id": "node/4664735169"
    },
    {
      "type": "Feature",
      "properties": {
        "@id": "node/4679533701",
        "brand": "NTUC Fairprice",
        "brand:wikidata": "Q6955519",
        "brand:wikipedia": "en:NTUC FairPrice",
        "name": "NTUC FairPrice",
        "name:en": "NTUC FairPrice",
        "name:zh": "职总平价超市",
        "shop": "supermarket"
      },
      "geometry": {
        "type": "Point",
        "coordinates": [
          103.7493073,
          1.3657245
        ]
      },
      "id": "node/4679533701"
    },
    {
      "type": "Feature",
      "properties": {
        "@id": "node/4679548600",
        "name": "NTUC FairPrice",
        "name:en": "NTUC FairPrice",
        "name:zh": "职总平价超市",
        "opening_hours": "Mo-Su 07:00-23:30",
        "shop": "supermarket"
      },
      "geometry": {
        "type": "Point",
        "coordinates": [
          103.7492808,
          1.348632
        ]
      },
      "id": "node/4679548600"
    },
    {
      "type": "Feature",
      "properties": {
        "@id": "node/4679562389",
        "addr:city": "Singapore",
        "addr:housenumber": "1",
        "addr:postcode": "658713",
        "addr:street": "Bukit Batok Central Link",
        "name": "Cold Storage",
        "name:en": "Cold Storage",
        "name:zh": "冷藏公司超市",
        "shop": "supermarket"
      },
      "geometry": {
        "type": "Point",
        "coordinates": [
          103.7494149,
          1.3501202
        ]
      },
      "id": "node/4679562389"
    },
    {
      "type": "Feature",
      "properties": {
        "@id": "node/4682734911",
        "addr:street": "East Coast Road",
        "brand": "7-Eleven",
        "brand:wikidata": "Q259340",
        "brand:wikipedia": "en:7-Eleven",
        "name": "7-Eleven",
        "name:zh": "7-11便利店",
        "shop": "convenience",
        "source": "Kaart Ground Survey 2017"
      },
      "geometry": {
        "type": "Point",
        "coordinates": [
          103.9099564,
          1.3082167
        ]
      },
      "id": "node/4682734911"
    },
    {
      "type": "Feature",
      "properties": {
        "@id": "node/4683756263",
        "addr:street": "Upper East Coast Road",
        "brand": "Shell",
        "brand:wikidata": "Q110716465",
        "brand:wikipedia": "en:7-Eleven",
        "name": "Shell Select",
        "name:zh": "7-11便利店",
        "shop": "convenience",
        "source": "Kaart Ground Survey 2017"
      },
      "geometry": {
        "type": "Point",
        "coordinates": [
          103.9266349,
          1.3126508
        ]
      },
      "id": "node/4683756263"
    },
    {
      "type": "Feature",
      "properties": {
        "@id": "node/4683779083",
        "addr:street": "East Coast Road",
        "brand": "Cheers",
        "brand:wikidata": "Q64154066",
        "name": "Cheers",
        "name:zh": "Cheers(雀喜)便利商店",
        "opening_hours": "24/7",
        "shop": "convenience",
        "source": "Kaart Ground Survey 2017"
      },
      "geometry": {
        "type": "Point",
        "coordinates": [
          103.9204278,
          1.3109952
        ]
      },
      "id": "node/4683779083"
    },
    {
      "type": "Feature",
      "properties": {
        "@id": "node/4684122140",
        "addr:street": "East Coast Road",
        "brand": "7-Eleven",
        "brand:wikidata": "Q259340",
        "brand:wikipedia": "en:7-Eleven",
        "name": "7-Eleven",
        "name:zh": "7-11便利店",
        "shop": "convenience",
        "source": "Kaart Ground Survey 2017"
      },
      "geometry": {
        "type": "Point",
        "coordinates": [
          103.9224284,
          1.3120298
        ]
      },
      "id": "node/4684122140"
    },
    {
      "type": "Feature",
      "properties": {
        "@id": "node/4684283561",
        "addr:street": "Bedok North Road",
        "name": "FairPrice",
        "shop": "convenience",
        "source": "Kaart Ground Survey 2017"
      },
      "geometry": {
        "type": "Point",
        "coordinates": [
          103.9396233,
          1.3283589
        ]
      },
      "id": "node/4684283561"
    },
    {
      "type": "Feature",
      "properties": {
        "@id": "node/4684914891",
        "brand": "7-Eleven",
        "brand:wikidata": "Q259340",
        "brand:wikipedia": "en:7-Eleven",
        "name": "7-Eleven",
        "name:en": "7-Eleven",
        "name:zh": "7-11便利店",
        "shop": "convenience",
        "wheelchair": "yes"
      },
      "geometry": {
        "type": "Point",
        "coordinates": [
          103.8286065,
          1.3065884
        ]
      },
      "id": "node/4684914891"
    },
    {
      "type": "Feature",
      "properties": {
        "@id": "node/4684915189",
        "addr:city": "Singapore",
        "addr:housenumber": "163",
        "addr:postcode": "247933",
        "addr:street": "Tanglin Road",
        "air_conditioning": "yes",
        "brand": "7-Eleven",
        "brand:wikidata": "Q259340",
        "brand:wikipedia": "en:7-Eleven",
        "description": "convenience store",
        "email": "pr@7-eleven.com.sg",
        "level": "1",
        "name": "7-Eleven",
        "name:en": "7-Eleven",
        "name:zh": "7-11便利店",
        "opening_hours": "24/7",
        "payment:cards": "yes",
        "payment:cash": "yes",
        "phone": "+65 67332071",
        "shop": "convenience",
        "source": "local knowledge",
        "stroller": "yes",
        "website": "https://www.7-eleven.com.sg/",
        "wheelchair": "yes"
      },
      "geometry": {
        "type": "Point",
        "coordinates": [
          103.823337,
          1.3048499
        ]
      },
      "id": "node/4684915189"
    },
    {
      "type": "Feature",
      "properties": {
        "@id": "node/4685856383",
        "addr:street": "Jalan Tiga",
        "brand": "7-Eleven",
        "brand:wikidata": "Q259340",
        "brand:wikipedia": "en:7-Eleven",
        "name": "7-Eleven",
        "name:zh": "7-11便利店",
        "shop": "convenience",
        "source": "Kaart Ground Survey 2017"
      },
      "geometry": {
        "type": "Point",
        "coordinates": [
          103.8849268,
          1.307674
        ]
      },
      "id": "node/4685856383"
    },
    {
      "type": "Feature",
      "properties": {
        "@id": "node/4687674204",
        "addr:city": "Singapore",
        "addr:housenumber": "385",
        "addr:postcode": "367870",
        "addr:street": "Upper Ajunied Road",
        "level": "0",
        "name": "Good Price Centre",
        "opening_hours": "Mo-Su 08:00-21:30",
        "phone": "+65 6280 9829",
        "shop": "convenience",
        "source": "Kaart Ground Survey 2017"
      },
      "geometry": {
        "type": "Point",
        "coordinates": [
          103.8788019,
          1.3330593
        ]
      },
      "id": "node/4687674204"
    },
    {
      "type": "Feature",
      "properties": {
        "@id": "node/4689544985",
        "addr:street": "Yio Chu Kang Road",
        "brand": "Cheers",
        "brand:wikidata": "Q64154066",
        "name": "Cheers",
        "name:zh": "Cheers(雀喜)便利商店",
        "opening_hours": "24/7",
        "shop": "convenience",
        "source": "Kaart Ground Survey 2017"
      },
      "geometry": {
        "type": "Point",
        "coordinates": [
          103.874011,
          1.3610339
        ]
      },
      "id": "node/4689544985"
    },
    {
      "type": "Feature",
      "properties": {
        "@id": "node/4689544986",
        "addr:street": "Yio Chu Kang Road",
        "brand": "7-Eleven",
        "brand:wikidata": "Q259340",
        "name": "7-Eleven",
        "name:zh": "7-11便利店",
        "shop": "convenience",
        "source": "Kaart Ground Survey 2017"
      },
      "geometry": {
        "type": "Point",
        "coordinates": [
          103.8739181,
          1.3606591
        ]
      },
      "id": "node/4689544986"
    },
    {
      "type": "Feature",
      "properties": {
        "@id": "node/4689610591",
        "addr:street": "Geylang Road",
        "brand": "7-Eleven",
        "brand:wikidata": "Q259340",
        "brand:wikipedia": "en:7-Eleven",
        "name": "7-Eleven",
        "name:zh": "7-11便利店",
        "shop": "convenience",
        "source": "Kaart Ground Survey 2017",
        "wheelchair": "no"
      },
      "geometry": {
        "type": "Point",
        "coordinates": [
          103.8909841,
          1.3147383
        ]
      },
      "id": "node/4689610591"
    },
    {
      "type": "Feature",
      "properties": {
        "@id": "node/4689643589",
        "addr:street": "Geylang Road",
        "name": "HAO mart",
        "opening_hours": "24/7",
        "shop": "convenience",
        "source": "Kaart Ground Survey 2017"
      },
      "geometry": {
        "type": "Point",
        "coordinates": [
          103.8813005,
          1.3128031
        ]
      },
      "id": "node/4689643589"
    },
    {
      "type": "Feature",
      "properties": {
        "@id": "node/4689653664",
        "addr:street": "Geylang Road",
        "name": "B&S MiniMart Private LTD",
        "shop": "convenience",
        "source": "Kaart Ground Survey 2017"
      },
      "geometry": {
        "type": "Point",
        "coordinates": [
          103.8795631,
          1.31251
        ]
      },
      "id": "node/4689653664"
    },
    {
      "type": "Feature",
      "properties": {
        "@id": "node/4689653678",
        "addr:street": "Geylang Road",
        "brand": "7-Eleven",
        "brand:wikidata": "Q259340",
        "brand:wikipedia": "en:7-Eleven",
        "name": "7-Eleven",
        "name:zh": "7-11便利店",
        "shop": "convenience",
        "source": "Kaart Ground Survey 2017",
        "wheelchair": "no"
      },
      "geometry": {
        "type": "Point",
        "coordinates": [
          103.8772837,
          1.3121626
        ]
      },
      "id": "node/4689653678"
    },
    {
      "type": "Feature",
      "properties": {
        "@id": "node/4689653682",
        "addr:street": "Geylang Road",
        "name": "208e Geylang",
        "shop": "supermarket",
        "source": "Kaart Ground Survey 2017"
      },
      "geometry": {
        "type": "Point",
        "coordinates": [
          103.8765016,
          1.3119052
        ]
      },
      "id": "node/4689653682"
    },
    {
      "type": "Feature",
      "properties": {
        "@id": "node/4691049657",
        "addr:city": "Singapore",
        "addr:housenumber": "19",
        "addr:postcode": "554913",
        "addr:street": "Serangoon North Avenue 5",
        "brand": "Sheng Siong",
        "brand:wikidata": "Q3481878",
        "fixme": "name",
        "name": "Sheng Siong",
        "name:zh": "昇菘超市",
        "shop": "supermarket",
        "source": "Kaart Ground Survey 2017"
      },
      "geometry": {
        "type": "Point",
        "coordinates": [
          103.8718519,
          1.3757418
        ]
      },
      "id": "node/4691049657"
    },
    {
      "type": "Feature",
      "properties": {
        "@id": "node/4692203100",
        "addr:city": "Singapore",
        "addr:housenumber": "4",
        "addr:postcode": "669554",
        "addr:street": "Hillview Rise",
        "check_date": "2024-07-11",
        "check_date:opening_hours": "2024-05-01",
        "email": "customer.service@coldstorage.com.sg",
        "level": "1",
        "name": "CS Fresh",
        "opening_hours": "Mo-Th 10:00-22:00, Fr-Su 09:00-23:00",
        "payment:american_express": "yes",
        "payment:cash": "yes",
        "payment:credit_cards": "yes",
        "phone": "+65 67107161",
        "shop": "supermarket",
        "website": "https://coldstorage.com.sg/corporate/page/market-place",
        "wheelchair": "yes"
      },
      "geometry": {
        "type": "Point",
        "coordinates": [
          103.7643794,
          1.3636865
        ]
      },
      "id": "node/4692203100"
    },
    {
      "type": "Feature",
      "properties": {
        "@id": "node/4696039689",
        "addr:street": "Eunos Crescent",
        "brand": "7-Eleven",
        "brand:wikidata": "Q259340",
        "brand:wikipedia": "en:7-Eleven",
        "name": "7-Eleven",
        "name:zh": "7-11便利店",
        "shop": "convenience",
        "source": "Kaart Ground Survey 2017"
      },
      "geometry": {
        "type": "Point",
        "coordinates": [
          103.9025998,
          1.3212974
        ]
      },
      "id": "node/4696039689"
    },
    {
      "type": "Feature",
      "properties": {
        "@id": "node/4700578110",
        "brand": "7-Eleven",
        "brand:wikidata": "Q259340",
        "name": "7-Eleven",
        "name:zh": "7-11便利店",
        "shop": "convenience"
      },
      "geometry": {
        "type": "Point",
        "coordinates": [
          103.766586,
          1.3850974
        ]
      },
      "id": "node/4700578110"
    },
    {
      "type": "Feature",
      "properties": {
        "@id": "node/4700578113",
        "addr:city": "Singapore",
        "addr:housenumber": "#03-13/18",
        "addr:postcode": "671524",
        "addr:street": "Blk 524A Jelapang Road, Greenridge Shopping Centre",
        "name": "Giant",
        "name:zh": "Giant超级",
        "shop": "supermarket"
      },
      "geometry": {
        "type": "Point",
        "coordinates": [
          103.7662073,
          1.3854121
        ]
      },
      "id": "node/4700578113"
    },
    {
      "type": "Feature",
      "properties": {
        "@id": "node/4703971117",
        "addr:street": "Upper Serangoon Road",
        "brand": "7-Eleven",
        "brand:wikidata": "Q259340",
        "name": "7-Eleven",
        "name:zh": "7-11便利店",
        "shop": "convenience",
        "source": "Kaart Ground Survey 2017"
      },
      "geometry": {
        "type": "Point",
        "coordinates": [
          103.8788923,
          1.3543007
        ]
      },
      "id": "node/4703971117"
    },
    {
      "type": "Feature",
      "properties": {
        "@id": "node/4703971118",
        "addr:street": "Upper Serangoon Road",
        "brand": "7-Eleven",
        "brand:wikidata": "Q259340",
        "name": "7-Eleven",
        "name:zh": "7-11便利店",
        "shop": "convenience",
        "source": "Kaart Ground Survey 2017"
      },
      "geometry": {
        "type": "Point",
        "coordinates": [
          103.8787196,
          1.3541471
        ]
      },
      "id": "node/4703971118"
    },
    {
      "type": "Feature",
      "properties": {
        "@id": "node/4704906889",
        "brand": "7-Eleven",
        "brand:wikidata": "Q259340",
        "brand:wikipedia": "en:7-Eleven",
        "name": "7-Eleven",
        "name:de": "7-Eleven",
        "name:zh": "7-11便利店",
        "shop": "convenience"
      },
      "geometry": {
        "type": "Point",
        "coordinates": [
          103.8329529,
          1.2847087
        ]
      },
      "id": "node/4704906889"
    },
    {
      "type": "Feature",
      "properties": {
        "@id": "node/4712233183",
        "addr:street": "Tanglin Road",
        "brand": "Cheers",
        "brand:wikidata": "Q64154066",
        "name": "Cheers",
        "name:zh": "Cheers(雀喜)便利商店",
        "opening_hours": "24/7",
        "shop": "convenience",
        "source": "Kaart Ground Survey 2017"
      },
      "geometry": {
        "type": "Point",
        "coordinates": [
          103.816423,
          1.2947522
        ]
      },
      "id": "node/4712233183"
    },
    {
      "type": "Feature",
      "properties": {
        "@id": "node/4715369286",
        "addr:street": "Bukit Timah Road",
        "name": "German Market Place",
        "shop": "supermarket",
        "source": "Kaart Ground Survey 2017"
      },
      "geometry": {
        "type": "Point",
        "coordinates": [
          103.8094584,
          1.3243853
        ]
      },
      "id": "node/4715369286"
    },
    {
      "type": "Feature",
      "properties": {
        "@id": "node/4715369591",
        "addr:street": "Bukit Timah Road",
        "name": "Eat Organic",
        "organic": "only",
        "shop": "supermarket",
        "source": "Kaart Ground Survey 2017"
      },
      "geometry": {
        "type": "Point",
        "coordinates": [
          103.8091521,
          1.3245822
        ]
      },
      "id": "node/4715369591"
    },
    {
      "type": "Feature",
      "properties": {
        "@id": "node/4715487769",
        "addr:street": "MacPherson Road",
        "name": "JC Super Market",
        "shop": "convenience",
        "source": "Kaart Ground Survey 2017"
      },
      "geometry": {
        "type": "Point",
        "coordinates": [
          103.8831091,
          1.3321284
        ]
      },
      "id": "node/4715487769"
    },
    {
      "type": "Feature",
      "properties": {
        "@id": "node/4715801593",
        "addr:city": "Singapore",
        "addr:street": "Serangoon Road",
        "brand": "7-Eleven",
        "brand:wikidata": "Q259340",
        "name": "7-Eleven",
        "name:zh": "7-11便利店",
        "shop": "convenience",
        "source": "Kaart Ground Survey 2017",
        "wheelchair": "yes"
      },
      "geometry": {
        "type": "Point",
        "coordinates": [
          103.8637244,
          1.3225036
        ]
      },
      "id": "node/4715801593"
    },
    {
      "type": "Feature",
      "properties": {
        "@id": "node/4722882714",
        "addr:street": "Chaun Garden",
        "name": "Fair Price",
        "shop": "convenience",
        "source": "Kaart Ground Survey 2017"
      },
      "geometry": {
        "type": "Point",
        "coordinates": [
          103.8682345,
          1.3624863
        ]
      },
      "id": "node/4722882714"
    },
    {
      "type": "Feature",
      "properties": {
        "@id": "node/4723049347",
        "addr:street": "South Bridge Road",
        "name": "Wall's",
        "shop": "convenience",
        "source": "Kaart Ground Survey 2017"
      },
      "geometry": {
        "type": "Point",
        "coordinates": [
          103.8450963,
          1.2821571
        ]
      },
      "id": "node/4723049347"
    },
    {
      "type": "Feature",
      "properties": {
        "@id": "node/4723314847",
        "addr:street": "South Bridge Road",
        "name": "Cheers",
        "shop": "convenience",
        "source": "Kaart Ground Survey 2017"
      },
      "geometry": {
        "type": "Point",
        "coordinates": [
          103.8456465,
          1.2826835
        ]
      },
      "id": "node/4723314847"
    },
    {
      "type": "Feature",
      "properties": {
        "@id": "node/4723314866",
        "addr:city": "Singapore",
        "addr:country": "SG",
        "addr:street": "China Street",
        "brand": "7-Eleven",
        "brand:wikidata": "Q259340",
        "brand:wikipedia": "en:7-Eleven",
        "name": "7-Eleven",
        "name:zh": "7-11便利店",
        "shop": "convenience",
        "source": "Kaart Ground Survey 2017"
      },
      "geometry": {
        "type": "Point",
        "coordinates": [
          103.8479186,
          1.2839565
        ]
      },
      "id": "node/4723314866"
    },
    {
      "type": "Feature",
      "properties": {
        "@id": "node/4724301486",
        "addr:street": "North Canal Road",
        "brand": "7-Eleven",
        "brand:wikidata": "Q259340",
        "brand:wikipedia": "en:7-Eleven",
        "check_date": "2024-04-04",
        "level": "0",
        "name": "7-Eleven",
        "name:zh": "7-11便利店",
        "shop": "convenience",
        "source": "Kaart Ground Survey 2017",
        "wheelchair": "no"
      },
      "geometry": {
        "type": "Point",
        "coordinates": [
          103.8491466,
          1.2859771
        ]
      },
      "id": "node/4724301486"
    },
    {
      "type": "Feature",
      "properties": {
        "@id": "node/4724336425",
        "addr:street": "Telok Ayer Street",
        "fixme": "name",
        "shop": "convenience",
        "source": "Kaart Ground Survey 2017"
      },
      "geometry": {
        "type": "Point",
        "coordinates": [
          103.8487351,
          1.2827764
        ]
      },
      "id": "node/4724336425"
    },
    {
      "type": "Feature",
      "properties": {
        "@id": "node/4724556537",
        "addr:street": "Yishun Avenue 5",
        "name": "7-Eleven",
        "name:zh": "7-11便利店",
        "shop": "convenience",
        "source": "Kaart Ground Survey 2017"
      },
      "geometry": {
        "type": "Point",
        "coordinates": [
          103.8329218,
          1.4307556
        ]
      },
      "id": "node/4724556537"
    },
    {
      "type": "Feature",
      "properties": {
        "@id": "node/4726775777",
        "addr:street": "Robinson Road",
        "brand": "Cheers",
        "brand:wikidata": "Q64154066",
        "check_date": "2026-01-26",
        "name": "Cheers",
        "name:zh": "Cheers(雀喜)便利商店",
        "opening_hours": "24/7",
        "shop": "convenience",
        "source": "Kaart Ground Survey 2017"
      },
      "geometry": {
        "type": "Point",
        "coordinates": [
          103.8501924,
          1.280686
        ]
      },
      "id": "node/4726775777"
    },
    {
      "type": "Feature",
      "properties": {
        "@id": "node/4726776649",
        "addr:city": "Singapore",
        "addr:street": "Upper Thomson Road",
        "brand": "7-Eleven",
        "brand:wikidata": "Q259340",
        "name": "7-Eleven",
        "name:zh": "7-11便利店",
        "shop": "convenience",
        "source": "Kaart Ground Survey 2017"
      },
      "geometry": {
        "type": "Point",
        "coordinates": [
          103.8346521,
          1.353351
        ]
      },
      "id": "node/4726776649"
    },
    {
      "type": "Feature",
      "properties": {
        "@id": "node/4726861610",
        "addr:city": "Singapore",
        "addr:street": "Upper Thomson Road",
        "brand": "Shell Select",
        "brand:wikidata": "Q110716465",
        "name": "Shell Select",
        "shop": "convenience",
        "source": "Kaart Ground Survey 2017"
      },
      "geometry": {
        "type": "Point",
        "coordinates": [
          103.83831,
          1.3481748
        ]
      },
      "id": "node/4726861610"
    },
    {
      "type": "Feature",
      "properties": {
        "@id": "node/4727957666",
        "addr:street": "Upper Thomson Road",
        "name": "Cheers",
        "name:zh": "Cheers(雀喜)便利商店",
        "shop": "convenience",
        "source": "Kaart Ground Survey 2017"
      },
      "geometry": {
        "type": "Point",
        "coordinates": [
          103.8283545,
          1.3579508
        ]
      },
      "id": "node/4727957666"
    },
    {
      "type": "Feature",
      "properties": {
        "@id": "node/4732557583",
        "addr:city": "Singapore",
        "addr:street": "River Valley Road",
        "name": "I-Tec Supermart",
        "shop": "convenience",
        "source": "Kaart Ground Survey 2017"
      },
      "geometry": {
        "type": "Point",
        "coordinates": [
          103.8421912,
          1.2942554
        ]
      },
      "id": "node/4732557583"
    },
    {
      "type": "Feature",
      "properties": {
        "@id": "node/4732627246",
        "addr:street": "Haji Lane",
        "brand": "7-Eleven",
        "brand:wikidata": "Q259340",
        "brand:wikipedia": "en:7-Eleven",
        "name": "7-Eleven",
        "name:zh": "7-11便利店",
        "shop": "convenience",
        "source": "Kaart Ground Survey 2017",
        "wheelchair": "no"
      },
      "geometry": {
        "type": "Point",
        "coordinates": [
          103.859304,
          1.3004629
        ]
      },
      "id": "node/4732627246"
    },
    {
      "type": "Feature",
      "properties": {
        "@id": "node/4733077210",
        "addr:street": "North Bridge Road",
        "name": "I-Tec Supermart",
        "shop": "convenience",
        "source": "Kaart Ground Survey 2017"
      },
      "geometry": {
        "type": "Point",
        "coordinates": [
          103.8584284,
          1.3017634
        ]
      },
      "id": "node/4733077210"
    },
    {
      "type": "Feature",
      "properties": {
        "@id": "node/4734749601",
        "brand": "7-Eleven",
        "brand:wikidata": "Q259340",
        "brand:wikipedia": "en:7-Eleven",
        "name": "7-Eleven",
        "name:zh": "7-11便利店",
        "shop": "convenience",
        "source": "Kaart Ground Survey 2017"
      },
      "geometry": {
        "type": "Point",
        "coordinates": [
          103.8611162,
          1.3038295
        ]
      },
      "id": "node/4734749601"
    },
    {
      "type": "Feature",
      "properties": {
        "@id": "node/4735055776",
        "addr:street": "Sembawang Drive",
        "name": "Fortune Supermarket",
        "name:en": "Fortune Supermarket",
        "name:zh": "福田超市",
        "shop": "supermarket",
        "source": "Kaart Ground Survey 2017"
      },
      "geometry": {
        "type": "Point",
        "coordinates": [
          103.8145673,
          1.4556955
        ]
      },
      "id": "node/4735055776"
    },
    {
      "type": "Feature",
      "properties": {
        "@id": "node/4736636896",
        "addr:city": "Singapore",
        "addr:floor": "B1",
        "addr:housenumber": "1",
        "addr:postcode": "209037",
        "addr:street": "Jalan Berseh",
        "check_date": "2024-02-03",
        "internet_access": "no",
        "level": "-1",
        "name": "Sheng Siong",
        "name:zh": "昇菘超市",
        "opening_hours": "24/7",
        "payment:cash": "yes",
        "payment:credit_cards": "yes",
        "payment:debit_cards": "yes",
        "shop": "supermarket",
        "source": "Kaart Ground Survey 2017",
        "wheelchair": "limited"
      },
      "geometry": {
        "type": "Point",
        "coordinates": [
          103.8572122,
          1.3079553
        ]
      },
      "id": "node/4736636896"
    },
    {
      "type": "Feature",
      "properties": {
        "@id": "node/4736735165",
        "addr:street": "Woodlands Avenue 9",
        "name": "7-Eleven",
        "name:zh": "7-11便利店",
        "shop": "convenience",
        "source": "Kaart Ground Survey 2017"
      },
      "geometry": {
        "type": "Point",
        "coordinates": [
          103.7901405,
          1.4441894
        ]
      },
      "id": "node/4736735165"
    },
    {
      "type": "Feature",
      "properties": {
        "@id": "node/4737129408",
        "addr:street": "Syed Alwi Road",
        "name": "Goutham Minimart",
        "shop": "convenience",
        "source": "Kaart Ground Survey 2017"
      },
      "geometry": {
        "type": "Point",
        "coordinates": [
          103.856316,
          1.3088269
        ]
      },
      "id": "node/4737129408"
    },
    {
      "type": "Feature",
      "properties": {
        "@id": "node/4738171712",
        "addr:city": "Singapore",
        "addr:housenumber": "423",
        "addr:postcode": "248322",
        "addr:street": "River Valley Road",
        "brand": "7-Eleven",
        "brand:wikidata": "Q259340",
        "brand:wikipedia": "en:7-Eleven",
        "name": "7-Eleven",
        "name:zh": "7-11便利店",
        "opening_hours": "24/7",
        "shop": "convenience",
        "source": "Kaart Ground Survey 2017"
      },
      "geometry": {
        "type": "Point",
        "coordinates": [
          103.8294773,
          1.2951737
        ]
      },
      "id": "node/4738171712"
    },
    {
      "type": "Feature",
      "properties": {
        "@id": "node/4738681925",
        "addr:housenumber": "772",
        "addr:postcode": "678122",
        "addr:street": "Upper Bukit Timah Road",
        "air_conditioning": "yes",
        "brand": "Shell Select",
        "check_date": "2025-02-12",
        "name": "Shell Select",
        "payment:cash": "yes",
        "payment:credit_cards": "yes",
        "payment:debit_cards": "yes",
        "shop": "convenience",
        "source": "Kaart Ground Survey 2017"
      },
      "geometry": {
        "type": "Point",
        "coordinates": [
          103.7634365,
          1.3723686
        ]
      },
      "id": "node/4738681925"
    },
    {
      "type": "Feature",
      "properties": {
        "@id": "node/4738747599",
        "addr:street": "Choa Chu Kang Park Connector",
        "brand": "7-Eleven",
        "brand:wikidata": "Q259340",
        "brand:wikipedia": "en:7-Eleven",
        "name": "7-Eleven",
        "name:zh": "7-11便利店",
        "shop": "convenience",
        "source": "Kaart Ground Survey 2017"
      },
      "geometry": {
        "type": "Point",
        "coordinates": [
          103.7464877,
          1.385475
        ]
      },
      "id": "node/4738747599"
    },
    {
      "type": "Feature",
      "properties": {
        "@id": "node/4738763664",
        "addr:street": "Upper Cross Street",
        "brand": "Cheers",
        "brand:wikidata": "Q64154066",
        "name": "Cheers",
        "name:zh": "Cheers(雀喜)便利商店",
        "opening_hours": "24/7",
        "shop": "convenience",
        "source": "Kaart Ground Survey 2017"
      },
      "geometry": {
        "type": "Point",
        "coordinates": [
          103.8444848,
          1.2844459
        ]
      },
      "id": "node/4738763664"
    },
    {
      "type": "Feature",
      "properties": {
        "@id": "node/4738769924",
        "addr:city": "Singapore",
        "addr:housenumber": "42",
        "addr:postcode": "239351",
        "addr:street": "Kim Yam Road",
        "name": "Cold Storage",
        "opening_hours": "Mo-Su 08:30-22:00",
        "operator": "Cold Storage",
        "payment:cash": "yes",
        "payment:credit_cards": "yes",
        "payment:debit_cards": "yes",
        "shop": "supermarket"
      },
      "geometry": {
        "type": "Point",
        "coordinates": [
          103.839246,
          1.2922121
        ]
      },
      "id": "node/4738769924"
    },
    {
      "type": "Feature",
      "properties": {
        "@id": "node/4739815315",
        "addr:street": "New Bridge Road",
        "brand": "Cheers",
        "brand:wikidata": "Q64154066",
        "name": "Cheers",
        "name:zh": "Cheers(雀喜)便利商店",
        "opening_hours": "24/7",
        "shop": "convenience",
        "source": "Kaart Ground Survey 2017"
      },
      "geometry": {
        "type": "Point",
        "coordinates": [
          103.8433875,
          1.2838319
        ]
      },
      "id": "node/4739815315"
    },
    {
      "type": "Feature",
      "properties": {
        "@id": "node/4745267767",
        "addr:city": "Singapore",
        "addr:street": "Serangoon Road",
        "brand": "7-Eleven",
        "brand:wikidata": "Q259340",
        "brand:wikipedia": "en:7-Eleven",
        "name": "7-Eleven",
        "name:zh": "7-11便利店",
        "shop": "convenience",
        "source": "Kaart Ground Survey 2017"
      },
      "geometry": {
        "type": "Point",
        "coordinates": [
          103.8572888,
          1.3145504
        ]
      },
      "id": "node/4745267767"
    },
    {
      "type": "Feature",
      "properties": {
        "@id": "node/4745513588",
        "addr:city": "Singapore",
        "addr:country": "SG",
        "addr:housenumber": "44",
        "addr:postcode": "278116",
        "addr:street": "Jalan Merah Saga",
        "addr:unit": "#01-48",
        "name": "Redman",
        "opening_hours": "Mo-Su 10:30-20:00",
        "shop": "supermarket"
      },
      "geometry": {
        "type": "Point",
        "coordinates": [
          103.7969327,
          1.3119239
        ]
      },
      "id": "node/4745513588"
    },
    {
      "type": "Feature",
      "properties": {
        "@id": "node/4745592068",
        "addr:city": "Singapore",
        "addr:housenumber": "33",
        "addr:street": "Jalan Besar",
        "check_date": "2022-11-08",
        "name": "Mannai Supermarket",
        "shop": "supermarket",
        "source": "Kaart Ground Survey 2017"
      },
      "geometry": {
        "type": "Point",
        "coordinates": [
          103.8545898,
          1.3044903
        ]
      },
      "id": "node/4745592068"
    },
    {
      "type": "Feature",
      "properties": {
        "@id": "node/4745613614",
        "addr:street": "Kim Tian Road",
        "brand": "7-Eleven",
        "brand:wikidata": "Q259340",
        "brand:wikipedia": "en:7-Eleven",
        "name": "7-Eleven",
        "name:zh": "7-11便利店",
        "shop": "convenience",
        "source": "Kaart Ground Survey 2017"
      },
      "geometry": {
        "type": "Point",
        "coordinates": [
          103.8293522,
          1.2851032
        ]
      },
      "id": "node/4745613614"
    },
    {
      "type": "Feature",
      "properties": {
        "@id": "node/4745692777",
        "addr:city": "Singapore",
        "addr:country": "SG",
        "addr:housenumber": "171",
        "addr:postcode": "189641",
        "addr:street": "Bencoolen Street",
        "branch": "Ang Mo Kio",
        "brand": "RedMan",
        "name": "Phoon Huat",
        "opening_hours": "09:00-20:30",
        "shop": "convenience",
        "source": "Kaart Ground Survey 2017",
        "website": "http://www.phoonhuat.com/"
      },
      "geometry": {
        "type": "Point",
        "coordinates": [
          103.8523516,
          1.3014536
        ]
      },
      "id": "node/4745692777"
    },
    {
      "type": "Feature",
      "properties": {
        "@id": "node/4745739912",
        "name": "Cheers",
        "name:zh": "Cheers(雀喜)便利商店",
        "shop": "convenience",
        "source": "Kaart Ground Survey 2017"
      },
      "geometry": {
        "type": "Point",
        "coordinates": [
          103.8024214,
          1.3068568
        ]
      },
      "id": "node/4745739912"
    },
    {
      "type": "Feature",
      "properties": {
        "@id": "node/4746595973",
        "addr:city": "Singapore",
        "addr:housenumber": "#01-07/08/09",
        "addr:postcode": "161026",
        "addr:street": "Blk 26 Jalan Membina",
        "name": "Giant",
        "name:zh": "Giant超级",
        "shop": "supermarket"
      },
      "geometry": {
        "type": "Point",
        "coordinates": [
          103.8257856,
          1.2826694
        ]
      },
      "id": "node/4746595973"
    },
    {
      "type": "Feature",
      "properties": {
        "@id": "node/4746595983",
        "addr:city": "Singapore",
        "addr:housenumber": "50",
        "addr:postcode": "160050",
        "addr:street": "Havelock Road",
        "brand": "NTUC Fairprice",
        "brand:wikidata": "Q6955519",
        "brand:wikipedia": "en:NTUC FairPrice",
        "name": "NTUC FairPrice",
        "name:en": "NTUC FairPrice",
        "name:zh": "职总平价超市",
        "operator": "Fairprice",
        "shop": "supermarket"
      },
      "geometry": {
        "type": "Point",
        "coordinates": [
          103.8267592,
          1.2898277
        ]
      },
      "id": "node/4746595983"
    },
    {
      "type": "Feature",
      "properties": {
        "@id": "node/4747611641",
        "brand": "7-Eleven",
        "brand:wikidata": "Q259340",
        "brand:wikipedia": "en:7-Eleven",
        "name": "7-Eleven",
        "name:zh": "7-11便利店",
        "shop": "convenience",
        "source": "Kaart Ground Survey 2017",
        "wheelchair": "yes"
      },
      "geometry": {
        "type": "Point",
        "coordinates": [
          103.8408921,
          1.3008611
        ]
      },
      "id": "node/4747611641"
    },
    {
      "type": "Feature",
      "properties": {
        "@id": "node/4747914896",
        "addr:street": "West Coast Drive",
        "brand": "7-Eleven",
        "brand:wikidata": "Q259340",
        "brand:wikipedia": "en:7-Eleven",
        "name": "7-Eleven",
        "name:zh": "7-11便利店",
        "shop": "convenience"
      },
      "geometry": {
        "type": "Point",
        "coordinates": [
          103.7600319,
          1.3120241
        ]
      },
      "id": "node/4747914896"
    },
    {
      "type": "Feature",
      "properties": {
        "@id": "node/4749012577",
        "brand": "7-Eleven",
        "brand:wikidata": "Q259340",
        "brand:wikipedia": "en:7-Eleven",
        "check_date": "2023-05-09",
        "level": "0",
        "name": "7-Eleven",
        "name:zh": "7-11便利店",
        "opening_hours": "24/7",
        "shop": "convenience",
        "source": "Kaart Ground Survey 2017",
        "survey:date": "2021-10-01",
        "wheelchair": "no"
      },
      "geometry": {
        "type": "Point",
        "coordinates": [
          103.8517904,
          1.3240694
        ]
      },
      "id": "node/4749012577"
    },
    {
      "type": "Feature",
      "properties": {
        "@id": "node/4749080340",
        "addr:city": "Singapore",
        "addr:street": "Orchard Road",
        "name": "7-Eleven",
        "name:zh": "7-11便利店",
        "shop": "convenience",
        "source": "Kaart Ground Survey 2017"
      },
      "geometry": {
        "type": "Point",
        "coordinates": [
          103.8291046,
          1.3067191
        ]
      },
      "id": "node/4749080340"
    },
    {
      "type": "Feature",
      "properties": {
        "@id": "node/4749101769",
        "addr:street": "Balestier Road",
        "brand": "Cheers",
        "brand:wikidata": "Q64154066",
        "name": "Cheers",
        "name:zh": "Cheers(雀喜)便利商店",
        "opening_hours": "24/7",
        "shop": "convenience",
        "source": "Kaart Ground Survey 2017"
      },
      "geometry": {
        "type": "Point",
        "coordinates": [
          103.8427325,
          1.3267085
        ]
      },
      "id": "node/4749101769"
    },
    {
      "type": "Feature",
      "properties": {
        "@id": "node/4749128061",
        "addr:street": "Balestier Road",
        "brand": "Cheers",
        "brand:wikidata": "Q64154066",
        "check_date": "2023-05-15",
        "level": "0",
        "name": "Cheers",
        "name:zh": "Cheers(雀喜)便利商店",
        "opening_hours": "24/7",
        "shop": "convenience",
        "source": "Kaart Ground Survey 2017",
        "wheelchair": "no"
      },
      "geometry": {
        "type": "Point",
        "coordinates": [
          103.8526875,
          1.3221686
        ]
      },
      "id": "node/4749128061"
    },
    {
      "type": "Feature",
      "properties": {
        "@id": "node/4749128063",
        "addr:street": "Balestier Road",
        "check_date": "2023-12-21",
        "level": "0",
        "name": "Fei Qian Minimart",
        "note": "Not always open despite 24/7 sign",
        "opening_hours": "24/7",
        "shop": "convenience",
        "source": "Kaart Ground Survey 2017"
      },
      "geometry": {
        "type": "Point",
        "coordinates": [
          103.852619,
          1.3225099
        ]
      },
      "id": "node/4749128063"
    },
    {
      "type": "Feature",
      "properties": {
        "@id": "node/4749144147",
        "addr:housenumber": "36",
        "addr:street": "Kim Keat Road",
        "air_conditioning": "yes",
        "brand": "7-Eleven",
        "brand:wikidata": "Q259340",
        "brand:wikipedia": "en:7-Eleven",
        "check_date": "2022-12-20",
        "level": "0",
        "name": "7-Eleven",
        "name:zh": "7-11便利店",
        "shop": "convenience",
        "source": "Kaart Ground Survey 2017",
        "wheelchair": "no"
      },
      "geometry": {
        "type": "Point",
        "coordinates": [
          103.8533577,
          1.3246754
        ]
      },
      "id": "node/4749144147"
    },
    {
      "type": "Feature",
      "properties": {
        "@id": "node/4749144152",
        "addr:street": "Kim Keat Road",
        "name": "Annai Super Mart",
        "shop": "convenience",
        "source": "Kaart Ground Survey 2017"
      },
      "geometry": {
        "type": "Point",
        "coordinates": [
          103.8530205,
          1.3242475
        ]
      },
      "id": "node/4749144152"
    },
    {
      "type": "Feature",
      "properties": {
        "@id": "node/4749181585",
        "addr:street": "Balestier Road",
        "check_date": "2022-12-23",
        "level": "0",
        "name": "I-Tec Supermart",
        "opening_hours": "24/7",
        "shop": "convenience",
        "source": "Kaart Ground Survey 2017",
        "wheelchair": "limited"
      },
      "geometry": {
        "type": "Point",
        "coordinates": [
          103.8504942,
          1.3249033
        ]
      },
      "id": "node/4749181585"
    },
    {
      "type": "Feature",
      "properties": {
        "@id": "node/4749738867",
        "brand": "7-Eleven",
        "brand:wikidata": "Q259340",
        "brand:wikipedia": "en:7-Eleven",
        "name": "7-Eleven",
        "name:zh": "7-11便利店",
        "shop": "convenience",
        "source": "Kaart Ground Survey 2017",
        "wheelchair": "limited"
      },
      "geometry": {
        "type": "Point",
        "coordinates": [
          103.7190502,
          1.350428
        ]
      },
      "id": "node/4749738867"
    },
    {
      "type": "Feature",
      "properties": {
        "@id": "node/4753458007",
        "name": "Choices",
        "shop": "convenience",
        "source": "Kaart Ground Survey 2017"
      },
      "geometry": {
        "type": "Point",
        "coordinates": [
          103.7372633,
          1.342261
        ]
      },
      "id": "node/4753458007"
    },
    {
      "type": "Feature",
      "properties": {
        "@id": "node/4756206327",
        "brand": "7-Eleven",
        "brand:wikidata": "Q259340",
        "check_date": "2024-09-06",
        "level": "1",
        "name": "7-Eleven",
        "shop": "convenience"
      },
      "geometry": {
        "type": "Point",
        "coordinates": [
          103.9902702,
          1.3567245
        ]
      },
      "id": "node/4756206327"
    },
    {
      "type": "Feature",
      "properties": {
        "@id": "node/4788161321",
        "addr:postcode": "460089",
        "addr:street": "Bedok North street 4",
        "brand": "NTUC Fairprice",
        "brand:wikidata": "Q6955519",
        "name": "NTUC FairPrice",
        "name:en": "NTUC FairPrice",
        "name:zh": "职总平价超市",
        "opening_hours": "24/7",
        "shop": "supermarket"
      },
      "geometry": {
        "type": "Point",
        "coordinates": [
          103.9382333,
          1.3321123
        ]
      },
      "id": "node/4788161321"
    },
    {
      "type": "Feature",
      "properties": {
        "@id": "node/4808001109",
        "addr:city": "Singapore",
        "addr:country": "SG",
        "addr:housenumber": "51",
        "addr:postcode": "529684",
        "addr:street": "Tampines Avenue 4",
        "brand": "NTUC Fairprice",
        "brand:wikidata": "Q6955519",
        "level": "-1",
        "name": "NTUC Fairprice",
        "name:en": "NTUC FairPrice",
        "name:zh": "职总平价超市",
        "opening_hours": "24/7",
        "shop": "supermarket",
        "wheelchair": "yes"
      },
      "geometry": {
        "type": "Point",
        "coordinates": [
          103.9405041,
          1.3536024
        ]
      },
      "id": "node/4808001109"
    },
    {
      "type": "Feature",
      "properties": {
        "@id": "node/4820827921",
        "addr:city": "Singapore",
        "addr:country": "SG",
        "addr:housenumber": "36",
        "addr:postcode": "270036",
        "addr:street": "Holland Drive",
        "addr:unit": "#01-03/04/05",
        "branch": "Buona Vista Community Centre",
        "brand": "NTUC Fairprice",
        "brand:wikidata": "Q6955519",
        "name": "NTUC Fairprice",
        "name:en": "NTUC FairPrice",
        "name:zh": "职总平价超市",
        "opening_hours": "24/7",
        "phone": "+65 6773 6387",
        "shop": "supermarket"
      },
      "geometry": {
        "type": "Point",
        "coordinates": [
          103.7928136,
          1.3091415
        ]
      },
      "id": "node/4820827921"
    },
    {
      "type": "Feature",
      "properties": {
        "@id": "node/4823433213",
        "addr:city": "Singapore",
        "addr:housenumber": "50",
        "addr:postcode": "639798",
        "addr:street": "Nanyang Avenue",
        "name": "Octobox",
        "opening_hours": "24/7",
        "shop": "convenience"
      },
      "geometry": {
        "type": "Point",
        "coordinates": [
          103.6807733,
          1.3473643
        ]
      },
      "id": "node/4823433213"
    },
    {
      "type": "Feature",
      "properties": {
        "@id": "node/4828293682",
        "addr:city": "Singapore",
        "addr:housenumber": "399",
        "addr:postcode": "610399",
        "addr:street": "Yung Sheng Road",
        "brand": "NTUC Fairprice",
        "brand:wikidata": "Q6955519",
        "brand:wikipedia": "en:NTUC FairPrice",
        "name": "NTUC FairPrice",
        "name:en": "NTUC FairPrice",
        "name:zh": "职总平价超市",
        "opening_hours": "24/7",
        "shop": "supermarket"
      },
      "geometry": {
        "type": "Point",
        "coordinates": [
          103.7201308,
          1.3345284
        ]
      },
      "id": "node/4828293682"
    },
    {
      "type": "Feature",
      "properties": {
        "@id": "node/4836072446",
        "addr:country": "SG",
        "addr:unit": "29",
        "branch": "Compass One",
        "brand": "7-Eleven",
        "brand:wikidata": "Q259340",
        "brand:wikipedia": "en:7-Eleven",
        "check_date": "2026-01-18",
        "level": "0",
        "name": "7-Eleven",
        "name:zh": "7-11便利店",
        "opening_hours": "24/7",
        "shop": "convenience"
      },
      "geometry": {
        "type": "Point",
        "coordinates": [
          103.8951149,
          1.3915801
        ]
      },
      "id": "node/4836072446"
    },
    {
      "type": "Feature",
      "properties": {
        "@id": "node/4867364321",
        "name": "Telok Blangah Mall",
        "name:en": "Telok Blangah Mall",
        "shop": "supermarket",
        "wheelchair": "yes"
      },
      "geometry": {
        "type": "Point",
        "coordinates": [
          103.8089509,
          1.2736798
        ]
      },
      "id": "node/4867364321"
    },
    {
      "type": "Feature",
      "properties": {
        "@id": "node/4871552123",
        "name": "Shopping Bugis",
        "name:en": "Shopping Bugis",
        "shop": "convenience"
      },
      "geometry": {
        "type": "Point",
        "coordinates": [
          103.8544698,
          1.3001656
        ]
      },
      "id": "node/4871552123"
    },
    {
      "type": "Feature",
      "properties": {
        "@id": "node/4871555321",
        "name": "Chocolate Gallery",
        "name:en": "Chocolate Gallery",
        "shop": "convenience"
      },
      "geometry": {
        "type": "Point",
        "coordinates": [
          103.8426259,
          1.2717482
        ]
      },
      "id": "node/4871555321"
    },
    {
      "type": "Feature",
      "properties": {
        "@id": "node/4883470842",
        "addr:street": "Tampines Street 32",
        "brand": "7-Eleven",
        "brand:wikidata": "Q259340",
        "brand:wikipedia": "en:7-Eleven",
        "name": "7-Eleven",
        "name:en": "7-Eleven",
        "name:zh": "7-11便利店",
        "shop": "convenience"
      },
      "geometry": {
        "type": "Point",
        "coordinates": [
          103.9598239,
          1.3540632
        ]
      },
      "id": "node/4883470842"
    },
    {
      "type": "Feature",
      "properties": {
        "@id": "node/4883470859",
        "name": "Hao Mart",
        "name:en": "Hao Mart",
        "shop": "convenience"
      },
      "geometry": {
        "type": "Point",
        "coordinates": [
          103.9611685,
          1.3518919
        ]
      },
      "id": "node/4883470859"
    },
    {
      "type": "Feature",
      "properties": {
        "@id": "node/4883490027",
        "addr:street": "Tampines Street 32",
        "name": "Tampines Mart",
        "name:en": "Tampines Mart",
        "shop": "supermarket"
      },
      "geometry": {
        "type": "Point",
        "coordinates": [
          103.9600249,
          1.3543718
        ]
      },
      "id": "node/4883490027"
    },
    {
      "type": "Feature",
      "properties": {
        "@id": "node/4907683908",
        "brand": "7-Eleven",
        "brand:wikidata": "Q259340",
        "name": "7-Eleven",
        "name:zh": "7-11便利店",
        "shop": "convenience"
      },
      "geometry": {
        "type": "Point",
        "coordinates": [
          103.801674,
          1.2739777
        ]
      },
      "id": "node/4907683908"
    },
    {
      "type": "Feature",
      "properties": {
        "@id": "node/4933606425",
        "shop": "convenience"
      },
      "geometry": {
        "type": "Point",
        "coordinates": [
          103.8277394,
          1.2794213
        ]
      },
      "id": "node/4933606425"
    },
    {
      "type": "Feature",
      "properties": {
        "@id": "node/4937054117",
        "brand": "7-Eleven",
        "brand:wikidata": "Q259340",
        "brand:wikipedia": "en:7-Eleven",
        "level": "0",
        "name": "7-Eleven",
        "name:zh": "7-11便利店",
        "shop": "convenience",
        "wheelchair": "limited"
      },
      "geometry": {
        "type": "Point",
        "coordinates": [
          103.8383985,
          1.3006848
        ]
      },
      "id": "node/4937054117"
    },
    {
      "type": "Feature",
      "properties": {
        "@id": "node/4960772124",
        "atm:operator": "UOB",
        "brand": "7-Eleven",
        "brand:wikidata": "Q259340",
        "brand:wikipedia": "en:7-Eleven",
        "check_date": "2023-12-01",
        "name": "7-Eleven",
        "name:en": "7-Eleven",
        "name:zh": "7-11便利店",
        "opening_hours": "24/7",
        "shop": "convenience",
        "wheelchair": "no"
      },
      "geometry": {
        "type": "Point",
        "coordinates": [
          103.8600133,
          1.3130273
        ]
      },
      "id": "node/4960772124"
    },
    {
      "type": "Feature",
      "properties": {
        "@id": "node/4972121265",
        "addr:city": "Singapore",
        "addr:housenumber": "312A",
        "addr:postcode": "821312",
        "addr:street": "Sumang Link",
        "brand": "Sheng Siong",
        "brand:wikidata": "Q3481878",
        "level": "0",
        "name": "Sheng Siong",
        "name:zh": "昇菘超市",
        "shop": "supermarket",
        "wheelchair": "yes"
      },
      "geometry": {
        "type": "Point",
        "coordinates": [
          103.9003954,
          1.4110086
        ]
      },
      "id": "node/4972121265"
    },
    {
      "type": "Feature",
      "properties": {
        "@id": "node/4972141472",
        "addr:city": "Singapore",
        "addr:housenumber": "261",
        "addr:postcode": "820261",
        "addr:street": "Punggol Way",
        "addr:unit": "01-02",
        "name": "U Stars Supermarket",
        "operator": "U Stars",
        "shop": "supermarket",
        "wheelchair": "yes"
      },
      "geometry": {
        "type": "Point",
        "coordinates": [
          103.8968874,
          1.4054147
        ]
      },
      "id": "node/4972141472"
    },
    {
      "type": "Feature",
      "properties": {
        "@id": "node/4972141473",
        "addr:city": "Singapore",
        "addr:floor": "01",
        "addr:housenumber": "218",
        "addr:postcode": "821218",
        "addr:street": "Sumang Walk",
        "addr:unit": "01",
        "brand": "Sheng Siong",
        "brand:wikidata": "Q3481878",
        "name": "Sheng Siong",
        "name:zh": "昇菘超市",
        "opening_hours": "24/7",
        "operator": "Sheng Siong",
        "shop": "supermarket",
        "wheelchair": "yes"
      },
      "geometry": {
        "type": "Point",
        "coordinates": [
          103.894994,
          1.403353
        ]
      },
      "id": "node/4972141473"
    },
    {
      "type": "Feature",
      "properties": {
        "@id": "node/5012209347",
        "brand": "Cheers",
        "brand:wikidata": "Q64154066",
        "name": "Cheers",
        "name:zh": "Cheers(雀喜)便利商店",
        "opening_hours": "24/7",
        "shop": "convenience"
      },
      "geometry": {
        "type": "Point",
        "coordinates": [
          103.8487786,
          1.380029
        ]
      },
      "id": "node/5012209347"
    },
    {
      "type": "Feature",
      "properties": {
        "@id": "node/5015950543",
        "name": "Nanyang Guo Huo Convenience Sotre",
        "shop": "convenience"
      },
      "geometry": {
        "type": "Point",
        "coordinates": [
          103.6883584,
          1.3536124
        ]
      },
      "id": "node/5015950543"
    },
    {
      "type": "Feature",
      "properties": {
        "@id": "node/5018345222",
        "addr:housenumber": "612",
        "addr:postcode": "823612",
        "addr:street": "Punggol Drive",
        "brand": "NTUC Fairprice",
        "brand:wikidata": "Q6955519",
        "name": "NTUC FairPrice",
        "name:en": "NTUC FairPrice",
        "name:zh": "职总平价超市",
        "opening_hours": "Mo-Su 07:00-23:00",
        "shop": "supermarket"
      },
      "geometry": {
        "type": "Point",
        "coordinates": [
          103.9085261,
          1.4048623
        ]
      },
      "id": "node/5018345222"
    },
    {
      "type": "Feature",
      "properties": {
        "@id": "node/5022034423",
        "brand": "Cheers",
        "brand:wikidata": "Q64154066",
        "name": "Cheers",
        "name:zh": "Cheers(雀喜)便利商店",
        "opening_hours": "24/7",
        "shop": "convenience"
      },
      "geometry": {
        "type": "Point",
        "coordinates": [
          103.8498281,
          1.3693398
        ]
      },
      "id": "node/5022034423"
    },
    {
      "type": "Feature",
      "properties": {
        "@id": "node/5023770455",
        "brand": "7-Eleven",
        "brand:wikidata": "Q259340",
        "brand:wikipedia": "en:7-Eleven",
        "level": "0",
        "name": "7-Eleven",
        "name:zh": "7-11便利店",
        "shop": "convenience"
      },
      "geometry": {
        "type": "Point",
        "coordinates": [
          103.8579868,
          1.302624
        ]
      },
      "id": "node/5023770455"
    },
    {
      "type": "Feature",
      "properties": {
        "@id": "node/5055589372",
        "brand": "7-Eleven",
        "brand:wikidata": "Q259340",
        "brand:wikipedia": "en:7-Eleven",
        "level": "0",
        "name": "7-Eleven",
        "name:zh": "7-11便利店",
        "shop": "convenience"
      },
      "geometry": {
        "type": "Point",
        "coordinates": [
          103.8599536,
          1.3114473
        ]
      },
      "id": "node/5055589372"
    },
    {
      "type": "Feature",
      "properties": {
        "@id": "node/5055589394",
        "level": "0",
        "name": "Everyday mart",
        "shop": "convenience"
      },
      "geometry": {
        "type": "Point",
        "coordinates": [
          103.8599756,
          1.3114708
        ]
      },
      "id": "node/5055589394"
    },
    {
      "type": "Feature",
      "properties": {
        "@id": "node/5070729049",
        "addr:city": "Singapore",
        "addr:housenumber": "75D",
        "addr:postcode": "154075",
        "addr:street": "Redhill Road",
        "addr:unit": "01-09",
        "name": "Rong Xing Mini Mart",
        "opening_hours": "24/7",
        "shop": "convenience",
        "wheelchair": "limited"
      },
      "geometry": {
        "type": "Point",
        "coordinates": [
          103.8152576,
          1.2882371
        ]
      },
      "id": "node/5070729049"
    },
    {
      "type": "Feature",
      "properties": {
        "@id": "node/5096687750",
        "addr:city": "Singapore",
        "addr:housenumber": "266C",
        "addr:postcode": "820268",
        "addr:street": "Punggol Way",
        "brand": "7-Eleven",
        "brand:wikidata": "Q259340",
        "name": "7-Eleven",
        "name:zh": "7-11便利店",
        "operator": "7 Eleven",
        "shop": "convenience"
      },
      "geometry": {
        "type": "Point",
        "coordinates": [
          103.8975981,
          1.4051692
        ]
      },
      "id": "node/5096687750"
    },
    {
      "type": "Feature",
      "properties": {
        "@id": "node/5104555877",
        "brand": "Cheers",
        "brand:wikidata": "Q64154066",
        "level": "0",
        "name": "Cheers",
        "name:zh": "Cheers(雀喜)便利商店",
        "opening_hours": "24/7",
        "shop": "convenience",
        "wheelchair": "no"
      },
      "geometry": {
        "type": "Point",
        "coordinates": [
          103.7859705,
          1.4369073
        ]
      },
      "id": "node/5104555877"
    },
    {
      "type": "Feature",
      "properties": {
        "@id": "node/5213704523",
        "name": "Eco Mart",
        "shop": "convenience"
      },
      "geometry": {
        "type": "Point",
        "coordinates": [
          103.8379718,
          1.289742
        ]
      },
      "id": "node/5213704523"
    },
    {
      "type": "Feature",
      "properties": {
        "@id": "node/5224918701",
        "name": "Prime",
        "shop": "supermarket",
        "wheelchair": "yes"
      },
      "geometry": {
        "type": "Point",
        "coordinates": [
          103.9240875,
          1.3232119
        ]
      },
      "id": "node/5224918701"
    },
    {
      "type": "Feature",
      "properties": {
        "@id": "node/5232180421",
        "name": "Trading Store",
        "shop": "supermarket"
      },
      "geometry": {
        "type": "Point",
        "coordinates": [
          103.6521903,
          1.3174181
        ]
      },
      "id": "node/5232180421"
    },
    {
      "type": "Feature",
      "properties": {
        "@id": "node/5251515144",
        "addr:unit": "01/03",
        "brand": "7-Eleven",
        "brand:wikidata": "Q259340",
        "level": "0",
        "name": "7-Eleven",
        "name:zh": "7-11便利店",
        "shop": "convenience"
      },
      "geometry": {
        "type": "Point",
        "coordinates": [
          103.8171902,
          1.2894281
        ]
      },
      "id": "node/5251515144"
    },
    {
      "type": "Feature",
      "properties": {
        "@id": "node/5264930496",
        "name": "Mini Mart",
        "shop": "convenience"
      },
      "geometry": {
        "type": "Point",
        "coordinates": [
          103.8880533,
          1.3731238
        ]
      },
      "id": "node/5264930496"
    },
    {
      "type": "Feature",
      "properties": {
        "@id": "node/5264942524",
        "addr:city": "Singapore",
        "addr:housenumber": "698",
        "addr:postcode": "530698",
        "addr:street": "Hougang Street 61",
        "addr:unit": "01-02",
        "brand": "7-Eleven",
        "brand:wikidata": "Q259340",
        "name": "7-Eleven",
        "name:zh": "7-11便利店",
        "opening_hours": "24/7",
        "shop": "convenience"
      },
      "geometry": {
        "type": "Point",
        "coordinates": [
          103.8869975,
          1.3748828
        ]
      },
      "id": "node/5264942524"
    },
    {
      "type": "Feature",
      "properties": {
        "@id": "node/5264942528",
        "addr:city": "Singapore",
        "addr:housenumber": "682",
        "addr:postcode": "530682",
        "addr:street": "Hougang Avenue 4",
        "addr:unit": "01-310",
        "brand": "NTUC Fairprice",
        "brand:wikidata": "Q6955519",
        "name": "NTUC FairPrice",
        "name:en": "NTUC FairPrice",
        "name:zh": "职总平价超市",
        "opening_hours": "24/7",
        "operator": "NTUC",
        "shop": "supermarket"
      },
      "geometry": {
        "type": "Point",
        "coordinates": [
          103.8856498,
          1.3744432
        ]
      },
      "id": "node/5264942528"
    },
    {
      "type": "Feature",
      "properties": {
        "@id": "node/5265296286",
        "brand": "Cheers",
        "brand:wikidata": "Q64154066",
        "check_date": "2023-06-23",
        "level": "0",
        "name": "Cheers",
        "name:zh": "Cheers(雀喜)便利商店",
        "opening_hours": "24/7",
        "operator": "Cheers",
        "shop": "convenience"
      },
      "geometry": {
        "type": "Point",
        "coordinates": [
          103.8936466,
          1.3715821
        ]
      },
      "id": "node/5265296286"
    },
    {
      "type": "Feature",
      "properties": {
        "@id": "node/5265296295",
        "branch": "Kang Kar Mall",
        "brand": "NTUC Fairprice",
        "brand:wikidata": "Q6955519",
        "brand:wikipedia": "en:NTUC FairPrice",
        "diet:halal": "yes",
        "name": "NTUC FairPrice",
        "name:en": "NTUC FairPrice",
        "name:zh": "职总平价超市",
        "opening_hours": "24/7",
        "operator": "NTUC",
        "shop": "supermarket",
        "wheelchair": "yes"
      },
      "geometry": {
        "type": "Point",
        "coordinates": [
          103.8941221,
          1.3718302
        ]
      },
      "id": "node/5265296295"
    },
    {
      "type": "Feature",
      "properties": {
        "@id": "node/5265451728",
        "brand": "7-Eleven",
        "brand:wikidata": "Q259340",
        "level": "0",
        "name": "7-Eleven",
        "name:zh": "7-11便利店",
        "opening_hours": "24/7",
        "shop": "convenience",
        "wheelchair": "limited"
      },
      "geometry": {
        "type": "Point",
        "coordinates": [
          103.8871356,
          1.3589276
        ]
      },
      "id": "node/5265451728"
    },
    {
      "type": "Feature",
      "properties": {
        "@id": "node/5287324036",
        "brand": "NTUC Fairprice",
        "brand:wikidata": "Q6955519",
        "name": "NTUC Fairprice",
        "name:en": "NTUC FairPrice",
        "name:zh": "职总平价超市",
        "opening_hours": "24/7",
        "shop": "supermarket",
        "wheelchair": "limited"
      },
      "geometry": {
        "type": "Point",
        "coordinates": [
          103.8931925,
          1.3863502
        ]
      },
      "id": "node/5287324036"
    },
    {
      "type": "Feature",
      "properties": {
        "@id": "node/5328873748",
        "addr:city": "Singapore",
        "addr:housenumber": "4",
        "addr:postcode": "738623",
        "addr:street": "Woodlands Street 12",
        "brand": "Sheng Siong",
        "brand:wikidata": "Q3481878",
        "brand:wikipedia": "en:Sheng Siong",
        "name": "Sheng Siong",
        "name:zh": "昇菘超市",
        "shop": "supermarket"
      },
      "geometry": {
        "type": "Point",
        "coordinates": [
          103.7799353,
          1.4336189
        ]
      },
      "id": "node/5328873748"
    },
    {
      "type": "Feature",
      "properties": {
        "@id": "node/5340379394",
        "brand": "7-Eleven",
        "brand:wikidata": "Q259340",
        "brand:wikipedia": "en:7-Eleven",
        "name": "7-Eleven",
        "name:zh": "7-11便利店",
        "shop": "convenience"
      },
      "geometry": {
        "type": "Point",
        "coordinates": [
          103.7034605,
          1.3450468
        ]
      },
      "id": "node/5340379394"
    },
    {
      "type": "Feature",
      "properties": {
        "@id": "node/5370142874",
        "brand": "7-Eleven",
        "brand:wikidata": "Q259340",
        "brand:wikipedia": "en:7-Eleven",
        "name": "7-Eleven",
        "name:zh": "7-11便利店",
        "opening_hours": "24/7",
        "shop": "convenience"
      },
      "geometry": {
        "type": "Point",
        "coordinates": [
          103.7018463,
          1.3371458
        ]
      },
      "id": "node/5370142874"
    },
    {
      "type": "Feature",
      "properties": {
        "@id": "node/5377186923",
        "name": "MiniMart",
        "shop": "convenience"
      },
      "geometry": {
        "type": "Point",
        "coordinates": [
          103.8840744,
          1.3789932
        ]
      },
      "id": "node/5377186923"
    },
    {
      "type": "Feature",
      "properties": {
        "@id": "node/5403432642",
        "brand": "7-Eleven",
        "brand:wikidata": "Q259340",
        "disused:shop": "yes",
        "name": "7-Eleven",
        "name:zh": "7-11便利店",
        "shop": "convenience"
      },
      "geometry": {
        "type": "Point",
        "coordinates": [
          103.8422269,
          1.2941772
        ]
      },
      "id": "node/5403432642"
    },
    {
      "type": "Feature",
      "properties": {
        "@id": "node/5410071921",
        "brand": "7-Eleven",
        "brand:wikidata": "Q259340",
        "brand:wikipedia": "en:7-Eleven",
        "name": "7-Eleven",
        "name:zh": "7-11便利店",
        "shop": "convenience"
      },
      "geometry": {
        "type": "Point",
        "coordinates": [
          103.8533778,
          1.3051094
        ]
      },
      "id": "node/5410071921"
    },
    {
      "type": "Feature",
      "properties": {
        "@id": "node/5414528606",
        "addr:city": "Singapore",
        "addr:housenumber": "235",
        "addr:postcode": "428929",
        "addr:street": "East Coast Road",
        "name": "Baltic Supermart",
        "shop": "supermarket",
        "website": "https://balticsupermart.com"
      },
      "geometry": {
        "type": "Point",
        "coordinates": [
          103.9074636,
          1.3077979
        ]
      },
      "id": "node/5414528606"
    },
    {
      "type": "Feature",
      "properties": {
        "@id": "node/5414652968",
        "brand": "7-Eleven",
        "brand:wikidata": "Q259340",
        "brand:wikipedia": "en:7-Eleven",
        "name": "7-Eleven",
        "name:zh": "7-11便利店",
        "shop": "convenience",
        "wheelchair": "yes"
      },
      "geometry": {
        "type": "Point",
        "coordinates": [
          103.9068179,
          1.3073575
        ]
      },
      "id": "node/5414652968"
    },
    {
      "type": "Feature",
      "properties": {
        "@id": "node/5442605722",
        "addr:city": "Singapore",
        "addr:housenumber": "676",
        "addr:postcode": "730676",
        "addr:street": "Woodlands Drive 71",
        "air_conditioning": "yes",
        "brand": "NTUC Fairprice",
        "brand:wikidata": "Q6955519",
        "currency:SGD": "yes",
        "level": "-1",
        "level:ref": "B1",
        "name": "NTUC Fairprice",
        "name:en": "NTUC FairPrice",
        "name:zh": "职总平价超市",
        "opening_hours": "Mo-Su 07:00-23:00",
        "operator": "NTUC",
        "payment:cash": "yes",
        "payment:credit_cards": "yes",
        "payment:debit_cards": "yes",
        "shop": "supermarket"
      },
      "geometry": {
        "type": "Point",
        "coordinates": [
          103.8005133,
          1.4399794
        ]
      },
      "id": "node/5442605722"
    },
    {
      "type": "Feature",
      "properties": {
        "@id": "node/5461729421",
        "name": "Isetan",
        "shop": "supermarket"
      },
      "geometry": {
        "type": "Point",
        "coordinates": [
          103.831586,
          1.305645
        ]
      },
      "id": "node/5461729421"
    },
    {
      "type": "Feature",
      "properties": {
        "@id": "node/5470273192",
        "brand": "Cheers",
        "brand:wikidata": "Q64154066",
        "name": "Cheers",
        "name:zh": "Cheers(雀喜)便利商店",
        "opening_hours": "24/7",
        "shop": "convenience"
      },
      "geometry": {
        "type": "Point",
        "coordinates": [
          103.7626473,
          1.3769862
        ]
      },
      "id": "node/5470273192"
    },
    {
      "type": "Feature",
      "properties": {
        "@id": "node/5470273947",
        "addr:city": "Singapore",
        "addr:housenumber": "152A",
        "addr:street": "Gangsa Road",
        "brand": "7-Eleven",
        "brand:wikidata": "Q259340",
        "brand:wikipedia": "en:7-Eleven",
        "level": "0",
        "name": "7-Eleven",
        "name:zh": "7-11便利店",
        "shop": "convenience",
        "wheelchair": "limited"
      },
      "geometry": {
        "type": "Point",
        "coordinates": [
          103.7653854,
          1.3754527
        ]
      },
      "id": "node/5470273947"
    },
    {
      "type": "Feature",
      "properties": {
        "@id": "node/5474435682",
        "brand": "7-Eleven",
        "brand:wikidata": "Q259340",
        "brand:wikipedia": "en:7-Eleven",
        "name": "7-Eleven",
        "name:zh": "7-11便利店",
        "shop": "convenience"
      },
      "geometry": {
        "type": "Point",
        "coordinates": [
          103.7645946,
          1.3148534
        ]
      },
      "id": "node/5474435682"
    },
    {
      "type": "Feature",
      "properties": {
        "@id": "node/5479301279",
        "brand": "7-Eleven",
        "brand:wikidata": "Q259340",
        "name": "7-Eleven",
        "name:zh": "7-11便利店",
        "shop": "convenience"
      },
      "geometry": {
        "type": "Point",
        "coordinates": [
          103.815904,
          1.2886362
        ]
      },
      "id": "node/5479301279"
    },
    {
      "type": "Feature",
      "properties": {
        "@id": "node/5484076764",
        "name": "Shine Korea Supermarket",
        "name:fa": "سوپرمارکت شاین کره",
        "opening_hours": "Mo-Su 10:30-21:30",
        "shop": "supermarket",
        "wheelchair": "yes"
      },
      "geometry": {
        "type": "Point",
        "coordinates": [
          103.8525786,
          1.3018337
        ]
      },
      "id": "node/5484076764"
    },
    {
      "type": "Feature",
      "properties": {
        "@id": "node/5504922844",
        "brand": "7-Eleven",
        "brand:wikidata": "Q259340",
        "brand:wikipedia": "en:7-Eleven",
        "name": "7-Eleven",
        "name:zh": "7-11便利店",
        "shop": "convenience"
      },
      "geometry": {
        "type": "Point",
        "coordinates": [
          103.8538279,
          1.2869393
        ]
      },
      "id": "node/5504922844"
    },
    {
      "type": "Feature",
      "properties": {
        "@id": "node/5515378634",
        "addr:city": "Singapore",
        "addr:housenumber": "330",
        "addr:postcode": "540330",
        "addr:street": "Anchorvale Street",
        "level": "0",
        "name": "U Stars Supermarket",
        "name:zh": "福星",
        "opening_hours": "24/7",
        "shop": "supermarket"
      },
      "geometry": {
        "type": "Point",
        "coordinates": [
          103.8890273,
          1.3964212
        ]
      },
      "id": "node/5515378634"
    },
    {
      "type": "Feature",
      "properties": {
        "@id": "node/5522289060",
        "name": "Shell Shop",
        "shop": "convenience"
      },
      "geometry": {
        "type": "Point",
        "coordinates": [
          103.7648306,
          1.3476219
        ]
      },
      "id": "node/5522289060"
    },
    {
      "type": "Feature",
      "properties": {
        "@id": "node/5597834579",
        "addr:city": "Singapore",
        "addr:country": "SG",
        "addr:housenumber": "410A",
        "addr:postcode": "571410",
        "addr:street": "Sin Ming Avenue",
        "addr:unit": "#01-02",
        "branch": "Sin Ming Block 410A",
        "brand": "NTUC Fairprice",
        "brand:wikidata": "Q6955519",
        "name": "NTUC FairPrice",
        "name:en": "NTUC FairPrice",
        "name:zh": "职总平价超市",
        "opening_hours": "Mo-Su 07:00-23:00",
        "operator": "NTUC",
        "phone": "+65 6264 3165",
        "shop": "supermarket"
      },
      "geometry": {
        "type": "Point",
        "coordinates": [
          103.8354915,
          1.3633878
        ]
      },
      "id": "node/5597834579"
    },
    {
      "type": "Feature",
      "properties": {
        "@id": "node/5622480704",
        "brand": "Cheers",
        "brand:wikidata": "Q64154066",
        "ele": "Basement",
        "name": "Cheers",
        "name:zh": "Cheers(雀喜)便利商店",
        "opening_hours": "24/7",
        "shop": "convenience"
      },
      "geometry": {
        "type": "Point",
        "coordinates": [
          103.8156218,
          1.2673683
        ]
      },
      "id": "node/5622480704"
    },
    {
      "type": "Feature",
      "properties": {
        "@id": "node/5639427923",
        "name": "Qmart",
        "shop": "convenience"
      },
      "geometry": {
        "type": "Point",
        "coordinates": [
          103.8033436,
          1.2863878
        ]
      },
      "id": "node/5639427923"
    },
    {
      "type": "Feature",
      "properties": {
        "@id": "node/5646121929",
        "addr:city": "Singapore",
        "addr:housenumber": "260",
        "addr:postcode": "560260",
        "addr:street": "Ang Mo Kio Street 21",
        "name": "Ang Mo Supermarket",
        "shop": "supermarket"
      },
      "geometry": {
        "type": "Point",
        "coordinates": [
          103.8346254,
          1.3687701
        ]
      },
      "id": "node/5646121929"
    },
    {
      "type": "Feature",
      "properties": {
        "@id": "node/5668048040",
        "name": "NTUC FairPrice",
        "name:en": "NTUC FairPrice",
        "name:zh": "职总平价超市",
        "shop": "supermarket"
      },
      "geometry": {
        "type": "Point",
        "coordinates": [
          103.7573892,
          1.3477065
        ]
      },
      "id": "node/5668048040"
    },
    {
      "type": "Feature",
      "properties": {
        "@id": "node/5672381066",
        "addr:city": "Singapore",
        "addr:housenumber": "720",
        "addr:postcode": "120720",
        "addr:street": "Clementi West Street 2",
        "brand": "Sheng Siong",
        "brand:wikidata": "Q3481878",
        "brand:wikipedia": "en:Sheng Siong",
        "name": "Sheng Siong",
        "name:zh": "昇菘超市",
        "opening_hours": "24/7",
        "payment:cash": "yes",
        "payment:coins": "yes",
        "payment:credit_cards": "yes",
        "shop": "supermarket"
      },
      "geometry": {
        "type": "Point",
        "coordinates": [
          103.7637976,
          1.3023596
        ]
      },
      "id": "node/5672381066"
    },
    {
      "type": "Feature",
      "properties": {
        "@id": "node/5686498121",
        "addr:city": "Singapore",
        "addr:housenumber": "#01-251",
        "addr:postcode": "650284",
        "addr:street": "Blk 284 Bukit Batok East Avenue 3",
        "name": "Giant (Express)",
        "shop": "supermarket"
      },
      "geometry": {
        "type": "Point",
        "coordinates": [
          103.757482,
          1.346701
        ]
      },
      "id": "node/5686498121"
    },
    {
      "type": "Feature",
      "properties": {
        "@id": "node/5686794044",
        "addr:housenumber": "30",
        "addr:postcode": "739065",
        "addr:street": "Woodlands Avenue 1",
        "addr:unit": "#01-11",
        "name": "NTUC FairPrice",
        "name:en": "NTUC FairPrice",
        "name:zh": "职总平价超市",
        "opening_hours": "24/7",
        "phone": "+65 6893 1203",
        "shop": "supermarket"
      },
      "geometry": {
        "type": "Point",
        "coordinates": [
          103.7811686,
          1.4290442
        ]
      },
      "id": "node/5686794044"
    },
    {
      "type": "Feature",
      "properties": {
        "@id": "node/5719651633",
        "brand": "Cheers",
        "brand:wikidata": "Q64154066",
        "name": "Cheers",
        "name:zh": "Cheers(雀喜)便利商店",
        "opening_hours": "24/7",
        "operator": "Cheers",
        "shop": "convenience"
      },
      "geometry": {
        "type": "Point",
        "coordinates": [
          103.8013735,
          1.2868052
        ]
      },
      "id": "node/5719651633"
    },
    {
      "type": "Feature",
      "properties": {
        "@id": "node/5808536804",
        "brand": "Cheers",
        "brand:wikidata": "Q64154066",
        "level": "0",
        "name": "Cheers",
        "name:zh": "Cheers(雀喜)便利商店",
        "opening_hours": "24/7",
        "shop": "convenience",
        "wheelchair": "yes"
      },
      "geometry": {
        "type": "Point",
        "coordinates": [
          103.8738206,
          1.3024698
        ]
      },
      "id": "node/5808536804"
    },
    {
      "type": "Feature",
      "properties": {
        "@id": "node/5808854454",
        "level": "1",
        "name": "Shine Korea",
        "shop": "convenience"
      },
      "geometry": {
        "type": "Point",
        "coordinates": [
          103.8764724,
          1.3019884
        ]
      },
      "id": "node/5808854454"
    },
    {
      "type": "Feature",
      "properties": {
        "@id": "node/5825269281",
        "level": "-2",
        "name": "Iroha Mart",
        "shop": "supermarket",
        "wheelchair": "yes"
      },
      "geometry": {
        "type": "Point",
        "coordinates": [
          103.8452662,
          1.3008678
        ]
      },
      "id": "node/5825269281"
    },
    {
      "type": "Feature",
      "properties": {
        "@id": "node/5828043085",
        "name": "U Stars Super Market",
        "shop": "supermarket"
      },
      "geometry": {
        "type": "Point",
        "coordinates": [
          103.7494678,
          1.3778545
        ]
      },
      "id": "node/5828043085"
    },
    {
      "type": "Feature",
      "properties": {
        "@id": "node/5848402688",
        "addr:city": "Singapore",
        "addr:country": "SG",
        "brand": "7-Eleven",
        "brand:wikidata": "Q259340",
        "brand:wikipedia": "en:7-Eleven",
        "name": "7-Eleven",
        "name:zh": "7-11便利店",
        "shop": "convenience"
      },
      "geometry": {
        "type": "Point",
        "coordinates": [
          103.850533,
          1.2828542
        ]
      },
      "id": "node/5848402688"
    },
    {
      "type": "Feature",
      "properties": {
        "@id": "node/5850184188",
        "addr:city": "Singapore",
        "addr:housenumber": "306",
        "addr:postcode": "400306",
        "addr:street": "Ubi Avenue 1",
        "name": "Giant",
        "name:zh": "Giant超级",
        "shop": "supermarket"
      },
      "geometry": {
        "type": "Point",
        "coordinates": [
          103.9019594,
          1.3299687
        ]
      },
      "id": "node/5850184188"
    },
    {
      "type": "Feature",
      "properties": {
        "@id": "node/5850832705",
        "brand": "7-Eleven",
        "brand:wikidata": "Q259340",
        "brand:wikipedia": "en:7-Eleven",
        "level": "0",
        "name": "7-Eleven",
        "name:zh": "7-11便利店",
        "shop": "convenience"
      },
      "geometry": {
        "type": "Point",
        "coordinates": [
          103.8595266,
          1.2933127
        ]
      },
      "id": "node/5850832705"
    },
    {
      "type": "Feature",
      "properties": {
        "@id": "node/5853018485",
        "air_conditioning": "yes",
        "level": "1",
        "name": "U Stars Supermarket",
        "name:zh": "福星超市坊",
        "payment:cash": "yes",
        "payment:credit_cards": "yes",
        "payment:debit_cards": "yes",
        "payment:mastercard": "yes",
        "payment:visa": "yes",
        "shop": "supermarket",
        "wheelchair": "yes"
      },
      "geometry": {
        "type": "Point",
        "coordinates": [
          103.7465004,
          1.3742952
        ]
      },
      "id": "node/5853018485"
    },
    {
      "type": "Feature",
      "properties": {
        "@id": "node/5867134472",
        "addr:city": "Singapore",
        "addr:housenumber": "632",
        "addr:postcode": "470632",
        "addr:street": "Bedok Reservoir Road",
        "name": "Lit Heng Seng Minimart",
        "shop": "convenience"
      },
      "geometry": {
        "type": "Point",
        "coordinates": [
          103.9139143,
          1.3320923
        ]
      },
      "id": "node/5867134472"
    },
    {
      "type": "Feature",
      "properties": {
        "@id": "node/5867134477",
        "addr:city": "Singapore",
        "addr:housenumber": "632",
        "addr:postcode": "470632",
        "addr:street": "Bedok Reservoir Road",
        "name": "Top Plus Supermarket",
        "shop": "convenience"
      },
      "geometry": {
        "type": "Point",
        "coordinates": [
          103.9144393,
          1.332067
        ]
      },
      "id": "node/5867134477"
    },
    {
      "type": "Feature",
      "properties": {
        "@id": "node/5870209593",
        "addr:city": "Singapore",
        "addr:housenumber": "632",
        "addr:postcode": "470632",
        "addr:street": "Bedok Reservoir Road",
        "name": "Bee Kee Hong KongThiam Sim",
        "note": "Selling meat bao and other tim sum (snacks)",
        "shop": "convenience"
      },
      "geometry": {
        "type": "Point",
        "coordinates": [
          103.9137964,
          1.3328982
        ]
      },
      "id": "node/5870209593"
    },
    {
      "type": "Feature",
      "properties": {
        "@id": "node/5870218280",
        "addr:city": "Singapore",
        "addr:housenumber": "631",
        "addr:postcode": "470631",
        "addr:street": "Bedok Reservoir Road",
        "name": "NTUC",
        "name:zh": "NTUC",
        "opening_hours": "24/7",
        "shop": "supermarket"
      },
      "geometry": {
        "type": "Point",
        "coordinates": [
          103.914137,
          1.3334291
        ]
      },
      "id": "node/5870218280"
    },
    {
      "type": "Feature",
      "properties": {
        "@id": "node/5871245685",
        "brand": "7-Eleven",
        "brand:wikidata": "Q259340",
        "brand:wikipedia": "en:7-Eleven",
        "check_date": "2023-07-08",
        "level": "0",
        "name": "7-Eleven",
        "name:zh": "7-11便利店",
        "opening_hours": "Mo-Su 07:00-23:00",
        "shop": "convenience"
      },
      "geometry": {
        "type": "Point",
        "coordinates": [
          103.855939,
          1.2895584
        ]
      },
      "id": "node/5871245685"
    },
    {
      "type": "Feature",
      "properties": {
        "@id": "node/5873790586",
        "brand": "7-Eleven",
        "brand:wikidata": "Q259340",
        "brand:wikipedia": "en:7-Eleven",
        "name": "7-Eleven",
        "name:zh": "7-11便利店",
        "shop": "convenience"
      },
      "geometry": {
        "type": "Point",
        "coordinates": [
          103.747326,
          1.3981942
        ]
      },
      "id": "node/5873790586"
    },
    {
      "type": "Feature",
      "properties": {
        "@id": "node/5886868568",
        "addr:city": "Singapore",
        "addr:housenumber": "338",
        "addr:postcode": "540338",
        "addr:street": "Anchorvale Crescent",
        "brand": "Sheng Siong",
        "brand:wikidata": "Q3481878",
        "brand:wikipedia": "en:Sheng Siong",
        "name": "Sheng Siong",
        "name:zh": "昇菘超市",
        "operator": "Sheng Siong",
        "payment:cash": "yes",
        "payment:coins": "yes",
        "shop": "supermarket"
      },
      "geometry": {
        "type": "Point",
        "coordinates": [
          103.8894388,
          1.3990861
        ]
      },
      "id": "node/5886868568"
    },
    {
      "type": "Feature",
      "properties": {
        "@id": "node/5892144290",
        "addr:city": "Singapore",
        "addr:housenumber": "631",
        "addr:postcode": "470631",
        "addr:street": "Bedok Reservoir Road",
        "mobile": "+65 8228 7057",
        "name": "Vaseegara Traders Pte Ltd",
        "phone": "+65 6493 2799",
        "shop": "convenience"
      },
      "geometry": {
        "type": "Point",
        "coordinates": [
          103.9144664,
          1.3331052
        ]
      },
      "id": "node/5892144290"
    },
    {
      "type": "Feature",
      "properties": {
        "@id": "node/5892423974",
        "addr:city": "Singapore",
        "addr:housenumber": "632",
        "addr:postcode": "470632",
        "addr:street": "Bedok Reservoir Road",
        "name": "U Stars Supermarket",
        "opening_hours": "24/7",
        "shop": "supermarket",
        "start_date": "31Mar 2019"
      },
      "geometry": {
        "type": "Point",
        "coordinates": [
          103.9145443,
          1.3326569
        ]
      },
      "id": "node/5892423974"
    },
    {
      "type": "Feature",
      "properties": {
        "@id": "node/5892423978",
        "addr:city": "Singapore",
        "addr:housenumber": "632",
        "addr:postcode": "470632",
        "addr:street": "Bedok Reservoir Road",
        "name": "Fook Ann Siang Medicine & Trading Co.",
        "shop": "convenience"
      },
      "geometry": {
        "type": "Point",
        "coordinates": [
          103.9141909,
          1.3325325
        ]
      },
      "id": "node/5892423978"
    },
    {
      "type": "Feature",
      "properties": {
        "@id": "node/5899408962",
        "addr:city": "Singapore",
        "addr:housenumber": "121",
        "addr:postcode": "470121",
        "addr:street": "Bedok Reservoir Road",
        "name": "Chee Hoe Seng Minimart",
        "shop": "convenience"
      },
      "geometry": {
        "type": "Point",
        "coordinates": [
          103.9100487,
          1.3313109
        ]
      },
      "id": "node/5899408962"
    },
    {
      "type": "Feature",
      "properties": {
        "@id": "node/5899408963",
        "addr:city": "Singapore",
        "addr:housenumber": "121",
        "addr:postcode": "470121",
        "addr:street": "Bedok Reservoir Road",
        "brand": "7-Eleven",
        "brand:wikidata": "Q259340",
        "brand:wikipedia": "en:7-Eleven",
        "name": "7-Eleven",
        "name:zh": "7-11便利店",
        "shop": "convenience"
      },
      "geometry": {
        "type": "Point",
        "coordinates": [
          103.9096332,
          1.3313502
        ]
      },
      "id": "node/5899408963"
    },
    {
      "type": "Feature",
      "properties": {
        "@id": "node/5899995456",
        "brand": "7-Eleven",
        "brand:wikidata": "Q259340",
        "brand:wikipedia": "en:7-Eleven",
        "level": "0",
        "name": "7-Eleven",
        "name:zh": "7-11便利店",
        "opening_hours": "24/7",
        "shop": "convenience"
      },
      "geometry": {
        "type": "Point",
        "coordinates": [
          103.8313372,
          1.3546862
        ]
      },
      "id": "node/5899995456"
    },
    {
      "type": "Feature",
      "properties": {
        "@id": "node/5909081287",
        "addr:housenumber": "3",
        "addr:street": "Lorong Liput",
        "name": "Little Farms",
        "opening_hours": "Mo-Su 07:30-21:30",
        "shop": "supermarket"
      },
      "geometry": {
        "type": "Point",
        "coordinates": [
          103.795202,
          1.3107524
        ]
      },
      "id": "node/5909081287"
    },
    {
      "type": "Feature",
      "properties": {
        "@id": "node/5909089085",
        "addr:housenumber": "491",
        "addr:street": "River Valley Road",
        "name": "Little Farms",
        "opening_hours": "Mo-Su 07:30-21:30",
        "shop": "supermarket"
      },
      "geometry": {
        "type": "Point",
        "coordinates": [
          103.8267442,
          1.2930751
        ]
      },
      "id": "node/5909089085"
    },
    {
      "type": "Feature",
      "properties": {
        "@id": "node/5909089086",
        "name": "Little Farms",
        "opening_hours": "Mo-Su 07:30-21:30",
        "shop": "supermarket"
      },
      "geometry": {
        "type": "Point",
        "coordinates": [
          103.8434398,
          1.3170084
        ]
      },
      "id": "node/5909089086"
    },
    {
      "type": "Feature",
      "properties": {
        "@id": "node/5909089185",
        "addr:housenumber": "7",
        "level": "-2",
        "name": "Little Farms",
        "opening_hours": "Mo-Fr 07:30-21:30; Sa 07:30-20:00; Su 07:30-18:00",
        "shop": "supermarket"
      },
      "geometry": {
        "type": "Point",
        "coordinates": [
          103.845801,
          1.2768898
        ]
      },
      "id": "node/5909089185"
    },
    {
      "type": "Feature",
      "properties": {
        "@id": "node/5924078228",
        "brand": "7-Eleven",
        "brand:wikidata": "Q259340",
        "brand:wikipedia": "en:7-Eleven",
        "name": "7-Eleven",
        "name:zh": "7-11便利店",
        "shop": "convenience"
      },
      "geometry": {
        "type": "Point",
        "coordinates": [
          103.8267858,
          1.2857395
        ]
      },
      "id": "node/5924078228"
    },
    {
      "type": "Feature",
      "properties": {
        "@id": "node/5948891224",
        "name": "Fair Price",
        "shop": "supermarket"
      },
      "geometry": {
        "type": "Point",
        "coordinates": [
          103.8435897,
          1.4110973
        ]
      },
      "id": "node/5948891224"
    },
    {
      "type": "Feature",
      "properties": {
        "@id": "node/5951170501",
        "level": "-1",
        "name": "Kuriya Market",
        "shop": "convenience"
      },
      "geometry": {
        "type": "Point",
        "coordinates": [
          103.8717903,
          1.3508557
        ]
      },
      "id": "node/5951170501"
    },
    {
      "type": "Feature",
      "properties": {
        "@id": "node/5974146592",
        "addr:city": "Singapore",
        "addr:housenumber": "6",
        "addr:postcode": "358361",
        "addr:street": "Potong Pasir Avenue 2",
        "brand": "Sheng Siong",
        "brand:wikidata": "Q3481878",
        "name": "Sheng Siong",
        "name:zh": "昇菘超市",
        "opening_hours": "Mo-Su 07:00-23:00",
        "operator": "Sheng Siong",
        "payment:coins": "yes",
        "payment:credit_cards": "yes",
        "payment:notes": "yes",
        "phone": "+65 6908 4583",
        "shop": "supermarket",
        "website": "https://corporate.shengsiong.com.sg/",
        "wheelchair": "yes"
      },
      "geometry": {
        "type": "Point",
        "coordinates": [
          103.8671383,
          1.3324962
        ]
      },
      "id": "node/5974146592"
    },
    {
      "type": "Feature",
      "properties": {
        "@id": "node/5974155596",
        "addr:city": "Singapore",
        "addr:housenumber": "148",
        "addr:postcode": "350148",
        "addr:street": "Potong Pasir Avenue 1",
        "name": "Ang Mo Supermarket",
        "opening_hours": "Mo-Su 08:00-22:00",
        "operator": "Ang Mo",
        "payment:coins": "yes",
        "payment:credit_cards": "yes",
        "payment:notes": "yes",
        "shop": "supermarket"
      },
      "geometry": {
        "type": "Point",
        "coordinates": [
          103.8684226,
          1.3322734
        ]
      },
      "id": "node/5974155596"
    },
    {
      "type": "Feature",
      "properties": {
        "@id": "node/5974207276",
        "addr:city": "Singapore",
        "addr:housenumber": "148",
        "addr:postcode": "350148",
        "addr:street": "Potong Pasir Avenue 1",
        "brand": "7-Eleven",
        "brand:wikidata": "Q259340",
        "brand:wikipedia": "en:7-Eleven",
        "level": "0",
        "name": "7-Eleven",
        "name:zh": "7-11便利店",
        "opening_hours": "24/7",
        "payment:cash": "yes",
        "payment:coins": "yes",
        "payment:credit_cards": "yes",
        "payment:debit_cards": "yes",
        "payment:mastercard": "yes",
        "payment:notes": "yes",
        "payment:visa": "yes",
        "shop": "convenience",
        "wheelchair": "no"
      },
      "geometry": {
        "type": "Point",
        "coordinates": [
          103.8677915,
          1.3322504
        ]
      },
      "id": "node/5974207276"
    },
    {
      "type": "Feature",
      "properties": {
        "@id": "node/6070535486",
        "addr:city": "Singapore",
        "addr:housenumber": "211",
        "addr:postcode": "218454",
        "addr:street": "Rangoon Road",
        "name": "U Stars Xpress",
        "opening_hours": "24/7",
        "shop": "supermarket"
      },
      "geometry": {
        "type": "Point",
        "coordinates": [
          103.8524655,
          1.3175959
        ]
      },
      "id": "node/6070535486"
    },
    {
      "type": "Feature",
      "properties": {
        "@id": "node/6082899987",
        "addr:city": "Singapore",
        "addr:housenumber": "817",
        "addr:postcode": "680817",
        "addr:street": "Keat Hong Link",
        "name": "U Stars Mega Mart",
        "opening_hours": "24/7",
        "operator": "U Stars",
        "shop": "supermarket",
        "website": "https://www.ustarssupermarket.sg"
      },
      "geometry": {
        "type": "Point",
        "coordinates": [
          103.7494081,
          1.3778764
        ]
      },
      "id": "node/6082899987"
    },
    {
      "type": "Feature",
      "properties": {
        "@id": "node/6086607401",
        "name": "Lion Mart",
        "opening_hours": "Mo-Su 09:00-18:00",
        "payment:cash": "yes",
        "payment:coins": "yes",
        "shop": "convenience"
      },
      "geometry": {
        "type": "Point",
        "coordinates": [
          103.9703627,
          1.3677806
        ]
      },
      "id": "node/6086607401"
    },
    {
      "type": "Feature",
      "properties": {
        "@id": "node/6128474787",
        "brand": "7-Eleven",
        "brand:wikidata": "Q259340",
        "brand:wikipedia": "en:7-Eleven",
        "name": "7-Eleven",
        "name:zh": "7-11便利店",
        "shop": "convenience"
      },
      "geometry": {
        "type": "Point",
        "coordinates": [
          103.8499881,
          1.2801114
        ]
      },
      "id": "node/6128474787"
    },
    {
      "type": "Feature",
      "properties": {
        "@id": "node/6139736334",
        "addr:unit": "01",
        "level": "0",
        "name": "U Stars Supermarket",
        "name:zh": "福星超市坊",
        "opening_hours": "24/7",
        "shop": "supermarket"
      },
      "geometry": {
        "type": "Point",
        "coordinates": [
          103.8928342,
          1.3899417
        ]
      },
      "id": "node/6139736334"
    },
    {
      "type": "Feature",
      "properties": {
        "@id": "node/6144079548",
        "brand": "NTUC Fairprice",
        "brand:wikidata": "Q6955519",
        "name": "NTUC Fairprice",
        "name:en": "NTUC FairPrice",
        "name:zh": "职总平价超市",
        "shop": "supermarket"
      },
      "geometry": {
        "type": "Point",
        "coordinates": [
          103.8013013,
          1.2738786
        ]
      },
      "id": "node/6144079548"
    },
    {
      "type": "Feature",
      "properties": {
        "@id": "node/6172305186",
        "name": "ACE Fresh supermarket",
        "shop": "supermarket"
      },
      "geometry": {
        "type": "Point",
        "coordinates": [
          103.9347053,
          1.3210368
        ]
      },
      "id": "node/6172305186"
    },
    {
      "type": "Feature",
      "properties": {
        "@id": "node/6176031885",
        "branch": "Serangoon North",
        "brand": "NTUC Fairprice",
        "brand:wikidata": "Q6955519",
        "name": "NTUC FairPrice",
        "name:en": "NTUC FairPrice",
        "name:zh": "职总平价超市",
        "opening_hours": "24/7",
        "shop": "supermarket"
      },
      "geometry": {
        "type": "Point",
        "coordinates": [
          103.8731096,
          1.3698274
        ]
      },
      "id": "node/6176031885"
    },
    {
      "type": "Feature",
      "properties": {
        "@id": "node/6212980047",
        "addr:city": "Singapore",
        "addr:country": "SG",
        "addr:housenumber": "804",
        "addr:postcode": "530804",
        "addr:street": "Hougang Central",
        "addr:unit": "#01-134",
        "branch": "Hougang",
        "name": "Phoon Huat",
        "opening_hours": "10:00-21:30",
        "shop": "convenience",
        "website": "http://www.phoonhuat.com/",
        "wheelchair": "limited"
      },
      "geometry": {
        "type": "Point",
        "coordinates": [
          103.8946061,
          1.3710725
        ]
      },
      "id": "node/6212980047"
    },
    {
      "type": "Feature",
      "properties": {
        "@id": "node/6212980048",
        "level": "0",
        "name": "Xiang Xiang Vegetarian Food",
        "name:zh": "香香素食品供應商",
        "shop": "convenience"
      },
      "geometry": {
        "type": "Point",
        "coordinates": [
          103.8932571,
          1.3715839
        ]
      },
      "id": "node/6212980048"
    },
    {
      "type": "Feature",
      "properties": {
        "@id": "node/6258864486",
        "brand": "NTUC Fairprice",
        "brand:wikidata": "Q6955519",
        "name": "NTUC FairPrice",
        "name:en": "NTUC FairPrice",
        "name:zh": "职总平价超市",
        "shop": "supermarket"
      },
      "geometry": {
        "type": "Point",
        "coordinates": [
          103.9035432,
          1.3773078
        ]
      },
      "id": "node/6258864486"
    },
    {
      "type": "Feature",
      "properties": {
        "@id": "node/6259556449",
        "addr:city": "Singapore",
        "addr:country": "SG",
        "addr:housenumber": "161",
        "addr:postcode": "150161",
        "addr:street": "Bukit Merah Central",
        "name": "Hao Mart",
        "shop": "convenience"
      },
      "geometry": {
        "type": "Point",
        "coordinates": [
          103.8159294,
          1.2837098
        ]
      },
      "id": "node/6259556449"
    },
    {
      "type": "Feature",
      "properties": {
        "@id": "node/6259594708",
        "addr:city": "Singapore",
        "addr:country": "SG",
        "addr:housenumber": "162",
        "addr:postcode": "150162",
        "addr:street": "Jalan Bukit Merah",
        "addr:unit": "#01-3543/3545",
        "name": "Phoon Huat",
        "opening_hours": "10:00-20:00",
        "shop": "convenience",
        "website": "http://www.phoonhuat.com/"
      },
      "geometry": {
        "type": "Point",
        "coordinates": [
          103.8174877,
          1.283797
        ]
      },
      "id": "node/6259594708"
    },
    {
      "type": "Feature",
      "properties": {
        "@id": "node/6259606999",
        "addr:city": "Singapore",
        "addr:country": "SG",
        "addr:housename": "The Star Vista",
        "addr:housenumber": "1",
        "addr:postcode": "150162",
        "addr:street": "Vista Exchange Green",
        "addr:unit": "#B1-14/15",
        "name": "RedMan",
        "opening_hours": "10:00-20:00",
        "operator": "Phoon Huat",
        "shop": "convenience",
        "website": "http://www.phoonhuat.com/"
      },
      "geometry": {
        "type": "Point",
        "coordinates": [
          103.7884761,
          1.3068507
        ]
      },
      "id": "node/6259606999"
    },
    {
      "type": "Feature",
      "properties": {
        "@id": "node/6259607340",
        "addr:city": "Singapore",
        "addr:country": "SG",
        "addr:housenumber": "204",
        "addr:postcode": "550204",
        "addr:street": "Serangoon Central",
        "addr:unit": "#01-108",
        "name": "RedMan",
        "opening_hours": "09:30-21:30",
        "operator": "Phoon Huat",
        "shop": "convenience",
        "website": "http://www.phoonhuat.com/",
        "wheelchair": "no"
      },
      "geometry": {
        "type": "Point",
        "coordinates": [
          103.8732755,
          1.3524681
        ]
      },
      "id": "node/6259607340"
    },
    {
      "type": "Feature",
      "properties": {
        "@id": "node/6259611528",
        "addr:city": "Singapore",
        "addr:country": "SG",
        "addr:housenumber": "422",
        "addr:postcode": "560422",
        "addr:street": "Ang Mo Kio Avenue 3",
        "addr:unit": "#01-2526",
        "branch": "Ang Mo Kio",
        "name": "Phoon Huat",
        "opening_hours": "10:00-21:30",
        "shop": "convenience",
        "website": "http://www.phoonhuat.com/"
      },
      "geometry": {
        "type": "Point",
        "coordinates": [
          103.8514987,
          1.3679146
        ]
      },
      "id": "node/6259611528"
    },
    {
      "type": "Feature",
      "properties": {
        "@id": "node/6259640295",
        "addr:city": "Singapore",
        "addr:country": "SG",
        "addr:housename": "Buona Vista Station",
        "addr:housenumber": "432",
        "addr:postcode": "120432",
        "addr:street": "Clementi Avenue 3",
        "addr:unit": "#01-292/294",
        "branch": "Clementi",
        "name": "Phoon Huat",
        "opening_hours": "10:00-21:30",
        "shop": "convenience",
        "website": "http://www.phoonhuat.com/"
      },
      "geometry": {
        "type": "Point",
        "coordinates": [
          103.7625606,
          1.3140344
        ]
      },
      "id": "node/6259640295"
    },
    {
      "type": "Feature",
      "properties": {
        "@id": "node/6259649439",
        "addr:city": "Singapore",
        "addr:country": "SG",
        "addr:housenumber": "302",
        "addr:postcode": "730302",
        "addr:street": "Woodlands Street 31",
        "addr:unit": "#01-273",
        "branch": "Marsiling",
        "name": "Phoon Huat",
        "opening_hours": "08:30-21:30",
        "shop": "convenience",
        "website": "http://www.phoonhuat.com/"
      },
      "geometry": {
        "type": "Point",
        "coordinates": [
          103.7743811,
          1.4314962
        ]
      },
      "id": "node/6259649439"
    },
    {
      "type": "Feature",
      "properties": {
        "@id": "node/6259652145",
        "addr:city": "Singapore",
        "addr:country": "SG",
        "addr:housenumber": "248",
        "addr:postcode": "520248",
        "addr:street": "Simei Street 3",
        "addr:unit": "#01-120",
        "branch": "Simei",
        "name": "Phoon Huat",
        "opening_hours": "09:00-21:00",
        "shop": "convenience",
        "website": "http://www.phoonhuat.com/"
      },
      "geometry": {
        "type": "Point",
        "coordinates": [
          103.9536533,
          1.3433847
        ]
      },
      "id": "node/6259652145"
    },
    {
      "type": "Feature",
      "properties": {
        "@id": "node/6259666432",
        "addr:city": "Singapore",
        "addr:country": "SG",
        "addr:housenumber": "248",
        "addr:postcode": "387355",
        "addr:street": "Lorong 23 Geylang",
        "addr:unit": "#01-108",
        "branch": "Sims Lane",
        "name": "Phoon Huat",
        "opening_hours": "10:00-20:30",
        "shop": "convenience",
        "website": "http://www.phoonhuat.com/"
      },
      "geometry": {
        "type": "Point",
        "coordinates": [
          103.8809279,
          1.3165805
        ]
      },
      "id": "node/6259666432"
    },
    {
      "type": "Feature",
      "properties": {
        "@id": "node/6259668213",
        "addr:city": "Singapore",
        "addr:country": "SG",
        "addr:housenumber": "107",
        "addr:postcode": "310107",
        "addr:street": "Lorong 1 Toa Payoh",
        "addr:unit": "#01-270",
        "branch": "Toa Payoh",
        "name": "Phoon Huat",
        "opening_hours": "09:00-21:30",
        "shop": "convenience",
        "website": "http://www.phoonhuat.com/"
      },
      "geometry": {
        "type": "Point",
        "coordinates": [
          103.846986,
          1.3412499
        ]
      },
      "id": "node/6259668213"
    },
    {
      "type": "Feature",
      "properties": {
        "@id": "node/6259798710",
        "addr:city": "Singapore",
        "addr:country": "SG",
        "addr:housenumber": "85",
        "addr:postcode": "239532",
        "addr:street": "Killiney Road",
        "brand": "7-Eleven",
        "brand:wikidata": "Q259340",
        "brand:wikipedia": "en:7-Eleven",
        "check_date": "2024-06",
        "name": "7-Eleven",
        "name:en": "7-Eleven",
        "name:zh": "7-11便利店",
        "opening_hours": "24/7",
        "shop": "convenience",
        "wheelchair": "limited"
      },
      "geometry": {
        "type": "Point",
        "coordinates": [
          103.8391586,
          1.2985134
        ]
      },
      "id": "node/6259798710"
    },
    {
      "type": "Feature",
      "properties": {
        "@id": "node/6259820663",
        "brand": "Cheers",
        "brand:wikidata": "Q64154066",
        "name": "Cheers",
        "name:zh": "Cheers(雀喜)便利商店",
        "opening_hours": "24/7",
        "shop": "convenience",
        "wheelchair": "limited"
      },
      "geometry": {
        "type": "Point",
        "coordinates": [
          103.888092,
          1.3633294
        ]
      },
      "id": "node/6259820663"
    },
    {
      "type": "Feature",
      "properties": {
        "@id": "node/6260001642",
        "brand": "7-Eleven",
        "brand:wikidata": "Q259340",
        "name": "7-Eleven",
        "name:zh": "7-11便利店",
        "shop": "convenience"
      },
      "geometry": {
        "type": "Point",
        "coordinates": [
          103.9551593,
          1.3591664
        ]
      },
      "id": "node/6260001642"
    },
    {
      "type": "Feature",
      "properties": {
        "@id": "node/6294904054",
        "brand": "NTUC Fairprice",
        "brand:wikidata": "Q6955519",
        "brand:wikipedia": "en:NTUC_FairPrice",
        "level": "1",
        "name": "NTUC Fairprice",
        "name:en": "NTUC FairPrice",
        "name:zh": "职总平价超市",
        "shop": "supermarket"
      },
      "geometry": {
        "type": "Point",
        "coordinates": [
          103.7846403,
          1.2934982
        ]
      },
      "id": "node/6294904054"
    },
    {
      "type": "Feature",
      "properties": {
        "@id": "node/6304207406",
        "name": "Khan Products",
        "shop": "convenience"
      },
      "geometry": {
        "type": "Point",
        "coordinates": [
          103.8550398,
          1.3092573
        ]
      },
      "id": "node/6304207406"
    },
    {
      "type": "Feature",
      "properties": {
        "@id": "node/6304207414",
        "name": "Aysha",
        "shop": "convenience"
      },
      "geometry": {
        "type": "Point",
        "coordinates": [
          103.8546221,
          1.3093317
        ]
      },
      "id": "node/6304207414"
    },
    {
      "type": "Feature",
      "properties": {
        "@id": "node/6304207416",
        "name": "Minimart",
        "shop": "convenience"
      },
      "geometry": {
        "type": "Point",
        "coordinates": [
          103.8545188,
          1.3094035
        ]
      },
      "id": "node/6304207416"
    },
    {
      "type": "Feature",
      "properties": {
        "@id": "node/6304207419",
        "name": "Al-Amin",
        "shop": "convenience"
      },
      "geometry": {
        "type": "Point",
        "coordinates": [
          103.854554,
          1.309381
        ]
      },
      "id": "node/6304207419"
    },
    {
      "type": "Feature",
      "properties": {
        "@id": "node/6304207429",
        "name": "Bangala Stores",
        "shop": "convenience"
      },
      "geometry": {
        "type": "Point",
        "coordinates": [
          103.8545664,
          1.3099626
        ]
      },
      "id": "node/6304207429"
    },
    {
      "type": "Feature",
      "properties": {
        "@id": "node/6318347001",
        "addr:city": "Singapore",
        "addr:housenumber": "9",
        "addr:postcode": "169343",
        "addr:street": "Kampong Bahru Road",
        "brand": "7-Eleven",
        "brand:wikidata": "Q259340",
        "name": "7-Eleven",
        "name:zh": "7-11便利店",
        "shop": "convenience",
        "website": "https://7-eleven.com.sg/"
      },
      "geometry": {
        "type": "Point",
        "coordinates": [
          103.8367959,
          1.2772216
        ]
      },
      "id": "node/6318347001"
    },
    {
      "type": "Feature",
      "properties": {
        "@id": "node/6326830475",
        "addr:city": "Singapore",
        "addr:housenumber": "7",
        "addr:postcode": "649486",
        "addr:street": "Jurong West Avenue 5",
        "brand": "Sheng Siong",
        "brand:wikidata": "Q3481878",
        "name": "Sheng Siong",
        "name:zh": "昇菘超市",
        "operator": "Sheng Siong",
        "shop": "supermarket"
      },
      "geometry": {
        "type": "Point",
        "coordinates": [
          103.7032901,
          1.3487508
        ]
      },
      "id": "node/6326830475"
    },
    {
      "type": "Feature",
      "properties": {
        "@id": "node/6326830482",
        "addr:city": "Singapore",
        "addr:country": "SG",
        "addr:housenumber": "21",
        "addr:postcode": "649481",
        "addr:street": "Jurong West Avenue 5",
        "brand": "7-Eleven",
        "brand:wikidata": "Q259340",
        "brand:wikipedia": "en:7-Eleven",
        "name": "7-Eleven",
        "name:zh": "7-11便利店",
        "shop": "convenience"
      },
      "geometry": {
        "type": "Point",
        "coordinates": [
          103.7012145,
          1.3500428
        ]
      },
      "id": "node/6326830482"
    },
    {
      "type": "Feature",
      "properties": {
        "@id": "node/6326830790",
        "addr:city": "Singapore",
        "addr:country": "SG",
        "addr:housenumber": "763",
        "addr:street": "Jurong West Street 75",
        "name": "Prime Supermarket",
        "operator": "Prime",
        "shop": "supermarket",
        "website": "https://www.primesupermarket.com/"
      },
      "geometry": {
        "type": "Point",
        "coordinates": [
          103.6983097,
          1.3485988
        ]
      },
      "id": "node/6326830790"
    },
    {
      "type": "Feature",
      "properties": {
        "@id": "node/6356072963",
        "brand": "7-Eleven",
        "brand:wikidata": "Q259340",
        "brand:wikipedia": "en:7-Eleven",
        "check_date": "2025-10-21",
        "level": "0",
        "name": "7-Eleven",
        "name:zh": "7-11便利店",
        "opening_hours": "24/7",
        "shop": "convenience",
        "wheelchair": "yes"
      },
      "geometry": {
        "type": "Point",
        "coordinates": [
          103.8368237,
          1.3014829
        ]
      },
      "id": "node/6356072963"
    },
    {
      "type": "Feature",
      "properties": {
        "@id": "node/6357840483",
        "addr:city": "Singapore",
        "addr:housenumber": "500",
        "addr:postcode": "389458",
        "addr:street": "Geylang Road",
        "name": "I-Tec",
        "opening_hours": "24/7",
        "payment:cash": "yes",
        "shop": "supermarket"
      },
      "geometry": {
        "type": "Point",
        "coordinates": [
          103.8851494,
          1.3134045
        ]
      },
      "id": "node/6357840483"
    },
    {
      "type": "Feature",
      "properties": {
        "@id": "node/6357848515",
        "name": "Yes Natural Retail",
        "shop": "supermarket"
      },
      "geometry": {
        "type": "Point",
        "coordinates": [
          103.8837425,
          1.3158211
        ]
      },
      "id": "node/6357848515"
    },
    {
      "type": "Feature",
      "properties": {
        "@id": "node/6357905602",
        "brand": "7-Eleven",
        "brand:wikidata": "Q259340",
        "brand:wikipedia": "en:7-Eleven",
        "check_date": "2024-12-06",
        "name": "7-Eleven",
        "name:zh": "7-11便利店",
        "opening_hours": "24/7",
        "shop": "convenience",
        "wheelchair": "yes"
      },
      "geometry": {
        "type": "Point",
        "coordinates": [
          103.8525887,
          1.2841464
        ]
      },
      "id": "node/6357905602"
    },
    {
      "type": "Feature",
      "properties": {
        "@id": "node/6362678587",
        "addr:city": "Singapore",
        "addr:country": "SG",
        "addr:housenumber": "544",
        "addr:postcode": "640544",
        "addr:street": "Jurong West Street 42",
        "addr:unit": "#01-97/99",
        "branch": "Jurong West 544",
        "name": "Sheng Siong",
        "name:zh": "昇菘超市",
        "phone": "+65 6562 2820",
        "shop": "supermarket",
        "website": "https://www.shengsiong.com.sg/"
      },
      "geometry": {
        "type": "Point",
        "coordinates": [
          103.715901,
          1.3522389
        ]
      },
      "id": "node/6362678587"
    },
    {
      "type": "Feature",
      "properties": {
        "@id": "node/6364949109",
        "name": "The Real Wholesale Mart",
        "shop": "convenience"
      },
      "geometry": {
        "type": "Point",
        "coordinates": [
          103.7187528,
          1.3540027
        ]
      },
      "id": "node/6364949109"
    },
    {
      "type": "Feature",
      "properties": {
        "@id": "node/6373832431",
        "brand": "7-Eleven",
        "brand:wikidata": "Q259340",
        "brand:wikipedia": "en:7-Eleven",
        "name": "7-Eleven",
        "name:zh": "7-11便利店",
        "shop": "convenience"
      },
      "geometry": {
        "type": "Point",
        "coordinates": [
          103.7468643,
          1.3207529
        ]
      },
      "id": "node/6373832431"
    },
    {
      "type": "Feature",
      "properties": {
        "@id": "node/6373943537",
        "name": "Shafen Supermarket",
        "shop": "supermarket"
      },
      "geometry": {
        "type": "Point",
        "coordinates": [
          103.7382196,
          1.3211109
        ]
      },
      "id": "node/6373943537"
    },
    {
      "type": "Feature",
      "properties": {
        "@id": "node/6377370586",
        "addr:city": "Singapore",
        "addr:housenumber": "138",
        "addr:postcode": "068906",
        "addr:street": "Robinson Road",
        "addr:unit": "#01-05",
        "brand": "7-Eleven",
        "brand:wikidata": "Q259340",
        "brand:wikipedia": "en:7-Eleven",
        "level": "0",
        "name": "7-Eleven",
        "name:zh": "7-11便利店",
        "opening_hours": "24/7",
        "phone": "+65 6891 8100",
        "shop": "convenience"
      },
      "geometry": {
        "type": "Point",
        "coordinates": [
          103.8486232,
          1.2788141
        ]
      },
      "id": "node/6377370586"
    },
    {
      "type": "Feature",
      "properties": {
        "@id": "node/6378309586",
        "name": "Wah Cheong",
        "shop": "supermarket"
      },
      "geometry": {
        "type": "Point",
        "coordinates": [
          103.8842703,
          1.30967
        ]
      },
      "id": "node/6378309586"
    },
    {
      "type": "Feature",
      "properties": {
        "@id": "node/6382449323",
        "addr:city": "Singapore",
        "addr:country": "SG",
        "addr:housenumber": "32",
        "addr:postcode": "050032",
        "addr:street": "New Market Road",
        "addr:unit": "#02-1002;#02-1004",
        "name": "Swanston",
        "opening_hours": "Mo-Su 10:00-21:00",
        "phone": "+65 65356763",
        "shop": "supermarket",
        "website": "https://www.facebook.com/Swanston-Your-Essential-Store-136511420255004/"
      },
      "geometry": {
        "type": "Point",
        "coordinates": [
          103.8430302,
          1.2854613
        ]
      },
      "id": "node/6382449323"
    },
    {
      "type": "Feature",
      "properties": {
        "@id": "node/6390805186",
        "name": "KDS Supermarket",
        "shop": "supermarket"
      },
      "geometry": {
        "type": "Point",
        "coordinates": [
          103.8711163,
          1.3127942
        ]
      },
      "id": "node/6390805186"
    },
    {
      "type": "Feature",
      "properties": {
        "@id": "node/6390805195",
        "name": "DS Mini Mart",
        "shop": "convenience"
      },
      "geometry": {
        "type": "Point",
        "coordinates": [
          103.8723706,
          1.3124705
        ]
      },
      "id": "node/6390805195"
    },
    {
      "type": "Feature",
      "properties": {
        "@id": "node/6391185161",
        "name": "Cosway",
        "shop": "convenience"
      },
      "geometry": {
        "type": "Point",
        "coordinates": [
          103.8707355,
          1.314167
        ]
      },
      "id": "node/6391185161"
    },
    {
      "type": "Feature",
      "properties": {
        "@id": "node/6398250288",
        "brand": "Cheers",
        "brand:wikidata": "Q64154066",
        "name": "Cheers",
        "name:zh": "Cheers(雀喜)便利商店",
        "opening_hours": "24/7",
        "shop": "convenience",
        "wheelchair": "yes"
      },
      "geometry": {
        "type": "Point",
        "coordinates": [
          103.8608461,
          1.3059449
        ]
      },
      "id": "node/6398250288"
    },
    {
      "type": "Feature",
      "properties": {
        "@id": "node/6403503372",
        "alt_name": "New Econ",
        "name": "Li Feng Yuan Minimart",
        "shop": "convenience"
      },
      "geometry": {
        "type": "Point",
        "coordinates": [
          103.885232,
          1.3277739
        ]
      },
      "id": "node/6403503372"
    },
    {
      "type": "Feature",
      "properties": {
        "@id": "node/6415409985",
        "addr:postcode": "100065",
        "name": "Maha mart",
        "opening_hours": "Mo-Su 07:00-10:30",
        "phone": "+65 6774 6373",
        "shop": "supermarket"
      },
      "geometry": {
        "type": "Point",
        "coordinates": [
          103.8103393,
          1.2740384
        ]
      },
      "id": "node/6415409985"
    },
    {
      "type": "Feature",
      "properties": {
        "@id": "node/6417350987",
        "brand": "7-Eleven",
        "brand:wikidata": "Q259340",
        "fixme": "position around here, not exactly sure in which building",
        "name": "7-Eleven",
        "name:zh": "7-11便利店",
        "shop": "convenience",
        "wheelchair": "yes"
      },
      "geometry": {
        "type": "Point",
        "coordinates": [
          103.8217964,
          1.2494329
        ]
      },
      "id": "node/6417350987"
    },
    {
      "type": "Feature",
      "properties": {
        "@id": "node/6436392749",
        "name": "Kumaran Mini Mart",
        "shop": "convenience"
      },
      "geometry": {
        "type": "Point",
        "coordinates": [
          103.7200342,
          1.3506934
        ]
      },
      "id": "node/6436392749"
    },
    {
      "type": "Feature",
      "properties": {
        "@id": "node/6437694985",
        "brand": "7-Eleven",
        "brand:wikidata": "Q259340",
        "brand:wikipedia": "en:7-Eleven",
        "level": "1",
        "name": "7-Eleven",
        "name:zh": "7-11便利店",
        "shop": "convenience"
      },
      "geometry": {
        "type": "Point",
        "coordinates": [
          103.8890361,
          1.3364251
        ]
      },
      "id": "node/6437694985"
    },
    {
      "type": "Feature",
      "properties": {
        "@id": "node/6461673885",
        "name": "Scoop Wholefoods",
        "opening_hours": "Mo-Su 10:00-20:00",
        "shop": "supermarket"
      },
      "geometry": {
        "type": "Point",
        "coordinates": [
          103.8234804,
          1.3047518
        ]
      },
      "id": "node/6461673885"
    },
    {
      "type": "Feature",
      "properties": {
        "@id": "node/6472864416",
        "brand": "7-Eleven",
        "brand:wikidata": "Q259340",
        "brand:wikipedia": "en:7-Eleven",
        "name": "7-Eleven",
        "name:zh": "7-11便利店",
        "shop": "convenience"
      },
      "geometry": {
        "type": "Point",
        "coordinates": [
          103.731428,
          1.3500695
        ]
      },
      "id": "node/6472864416"
    },
    {
      "type": "Feature",
      "properties": {
        "@id": "node/6480321640",
        "name": "Prime SuperMarket",
        "shop": "supermarket"
      },
      "geometry": {
        "type": "Point",
        "coordinates": [
          103.8332429,
          1.4251164
        ]
      },
      "id": "node/6480321640"
    },
    {
      "type": "Feature",
      "properties": {
        "@id": "node/6493279098",
        "addr:unit": "23",
        "brand": "Cheers",
        "brand:wikidata": "Q64154066",
        "level": "0",
        "name": "Cheers",
        "name:zh": "Cheers(雀喜)便利商店",
        "opening_hours": "24/7",
        "shop": "convenience",
        "wheelchair": "no"
      },
      "geometry": {
        "type": "Point",
        "coordinates": [
          103.8920609,
          1.3957883
        ]
      },
      "id": "node/6493279098"
    },
    {
      "type": "Feature",
      "properties": {
        "@id": "node/6494878887",
        "name": "UnPackt",
        "opening_hours": "Mo-Fr 11:00-20:00; Sa-Su 10:00-18:00",
        "shop": "supermarket"
      },
      "geometry": {
        "type": "Point",
        "coordinates": [
          103.8486417,
          1.2772417
        ]
      },
      "id": "node/6494878887"
    },
    {
      "type": "Feature",
      "properties": {
        "@id": "node/6494878888",
        "addr:housenumber": "6",
        "addr:street": "Jalan Kuras",
        "name": "UnPackt",
        "opening_hours": "Tu-Su 10:00-20:00",
        "shop": "supermarket"
      },
      "geometry": {
        "type": "Point",
        "coordinates": [
          103.8295882,
          1.3727295
        ]
      },
      "id": "node/6494878888"
    },
    {
      "type": "Feature",
      "properties": {
        "@id": "node/6497423049",
        "addr:housenumber": "12",
        "addr:postcode": "339511",
        "addr:street": "Kallang Avenue",
        "air_conditioning": "yes",
        "check_date": "2024-04-08",
        "contact:facebook": "https://www.facebook.com/sg.coldstorage",
        "contact:instagram": "https://www.instagram.com/coldstoragesg",
        "level": "0",
        "name": "Cold Storage",
        "name:fa": "کولد استوریج",
        "name:ja": "コールド・ストレージ",
        "name:zh": "冷藏公司超市",
        "payment:cash": "yes",
        "payment:credit_cards": "yes",
        "shop": "supermarket",
        "website": "https://coldstorage.com.sg/",
        "wheelchair": "yes",
        "wikidata": "Q5142390",
        "wikipedia": "en:\tCold Storage (supermarket)"
      },
      "geometry": {
        "type": "Point",
        "coordinates": [
          103.8638602,
          1.3107963
        ]
      },
      "id": "node/6497423049"
    },
    {
      "type": "Feature",
      "properties": {
        "@id": "node/6499063408",
        "shop": "convenience"
      },
      "geometry": {
        "type": "Point",
        "coordinates": [
          103.878013,
          1.3982442
        ]
      },
      "id": "node/6499063408"
    },
    {
      "type": "Feature",
      "properties": {
        "@id": "node/6503251149",
        "addr:floor": "1",
        "addr:housenumber": "20",
        "addr:street": "Ah Hood Road",
        "addr:unit": "#01-27",
        "air_conditioning": "yes",
        "brand": "7-Eleven",
        "brand:wikidata": "Q259340",
        "brand:wikipedia": "en:7-Eleven",
        "check_date": "2023-10-18",
        "level": "0",
        "name": "7-Eleven",
        "name:zh": "7-11便利店",
        "payment:cash": "yes",
        "payment:credit_cards": "yes",
        "payment:mastercard": "yes",
        "payment:visa": "yes",
        "shop": "convenience",
        "wheelchair": "yes"
      },
      "geometry": {
        "type": "Point",
        "coordinates": [
          103.8466337,
          1.3272075
        ]
      },
      "id": "node/6503251149"
    },
    {
      "type": "Feature",
      "properties": {
        "@id": "node/6510975824",
        "brand": "7-Eleven",
        "brand:wikidata": "Q259340",
        "brand:wikipedia": "en:7-Eleven",
        "level": "2",
        "name": "7-Eleven",
        "name:zh": "7-11便利店",
        "shop": "convenience"
      },
      "geometry": {
        "type": "Point",
        "coordinates": [
          103.8583951,
          1.2907524
        ]
      },
      "id": "node/6510975824"
    },
    {
      "type": "Feature",
      "properties": {
        "@id": "node/6510975835",
        "level": "1",
        "name": "Shine Korea",
        "shop": "convenience"
      },
      "geometry": {
        "type": "Point",
        "coordinates": [
          103.8584033,
          1.290933
        ]
      },
      "id": "node/6510975835"
    },
    {
      "type": "Feature",
      "properties": {
        "@id": "node/6510975868",
        "addr:city": "Singapore",
        "addr:housenumber": "6",
        "addr:postcode": "039594",
        "addr:street": "Raffles Boulevard",
        "air_conditioning": "yes",
        "currency:SGD": "yes",
        "level": "1",
        "name": "HAO Eccellente",
        "opening_hours": "Mo-Su 10:00-22:00",
        "payment:cash": "yes",
        "payment:coins": "yes",
        "payment:credit_cards": "yes",
        "payment:debit_cards": "yes",
        "payment:notes": "yes",
        "shop": "supermarket",
        "website": "https://www.haomart.com.sg/eccellente/",
        "wheelchair": "yes"
      },
      "geometry": {
        "type": "Point",
        "coordinates": [
          103.8583556,
          1.2924588
        ]
      },
      "id": "node/6510975868"
    },
    {
      "type": "Feature",
      "properties": {
        "@id": "node/6511646348",
        "brand": "Cheers",
        "brand:wikidata": "Q64154066",
        "name": "Cheers",
        "name:zh": "Cheers(雀喜)便利商店",
        "opening_hours": "24/7",
        "shop": "convenience"
      },
      "geometry": {
        "type": "Point",
        "coordinates": [
          103.8369559,
          1.3162934
        ]
      },
      "id": "node/6511646348"
    },
    {
      "type": "Feature",
      "properties": {
        "@id": "node/6511660755",
        "name": "Star Mart",
        "shop": "convenience"
      },
      "geometry": {
        "type": "Point",
        "coordinates": [
          103.8335938,
          1.3187818
        ]
      },
      "id": "node/6511660755"
    },
    {
      "type": "Feature",
      "properties": {
        "@id": "node/6513118587",
        "level": "-1",
        "name": "SuperNature",
        "opening_hours": "Mo-Su 10:00-19:30",
        "organic": "yes",
        "shop": "supermarket"
      },
      "geometry": {
        "type": "Point",
        "coordinates": [
          103.8288115,
          1.3061755
        ]
      },
      "id": "node/6513118587"
    },
    {
      "type": "Feature",
      "properties": {
        "@id": "node/6514811747",
        "brand": "7-Eleven",
        "brand:wikidata": "Q259340",
        "brand:wikipedia": "en:7-Eleven",
        "level": "-2",
        "name": "7-Eleven",
        "name:zh": "7-11便利店",
        "shop": "convenience"
      },
      "geometry": {
        "type": "Point",
        "coordinates": [
          103.8540257,
          1.280156
        ]
      },
      "id": "node/6514811747"
    },
    {
      "type": "Feature",
      "properties": {
        "@id": "node/6515042555",
        "name": "Haveen Minimart Pte Ltd",
        "shop": "convenience"
      },
      "geometry": {
        "type": "Point",
        "coordinates": [
          103.7296149,
          1.3490258
        ]
      },
      "id": "node/6515042555"
    },
    {
      "type": "Feature",
      "properties": {
        "@id": "node/6531508595",
        "addr:city": "Singapore",
        "addr:housenumber": "23",
        "addr:street": "New Bridge Road",
        "air_conditioning": "yes",
        "brand": "7-Eleven",
        "brand:wikidata": "Q259340",
        "brand:wikipedia": "en:7-Eleven",
        "check_date": "2024-10-11",
        "level": "0",
        "name": "7-Eleven",
        "name:zh": "7-11便利店",
        "opening_hours": "Mo-Su 07:00-23:00",
        "shop": "convenience",
        "wheelchair": "no"
      },
      "geometry": {
        "type": "Point",
        "coordinates": [
          103.8475049,
          1.288768
        ]
      },
      "id": "node/6531508595"
    },
    {
      "type": "Feature",
      "properties": {
        "@id": "node/6531516885",
        "level": "-2",
        "name": "Don Don Donki",
        "name:ja": "ドン ドン ドンキー",
        "opening_hours": "Mo-Su 09:00-24:00",
        "phone": "+65 6444 2422",
        "shop": "supermarket"
      },
      "geometry": {
        "type": "Point",
        "coordinates": [
          103.8565105,
          1.311611
        ]
      },
      "id": "node/6531516885"
    },
    {
      "type": "Feature",
      "properties": {
        "@id": "node/6549175919",
        "level": "0",
        "name": "Shine Korea",
        "shop": "convenience",
        "wheelchair": "yes"
      },
      "geometry": {
        "type": "Point",
        "coordinates": [
          103.8202174,
          1.2639548
        ]
      },
      "id": "node/6549175919"
    },
    {
      "type": "Feature",
      "properties": {
        "@id": "node/6565863077",
        "addr:city": "Singapore",
        "addr:country": "SG",
        "addr:housenumber": "71",
        "addr:postcode": "330071",
        "addr:street": "Kallang Bahru",
        "branch": "Kallang Bahru",
        "brand": "NTUC Fairprice",
        "brand:wikidata": "Q6955519",
        "name": "NTUC FairPrice",
        "name:en": "NTUC FairPrice",
        "name:zh": "职总平价超市",
        "opening_hours": "Mo-Su 07:00-23:00",
        "phone": "+65 6298 5369",
        "shop": "supermarket",
        "source": "Kaart Ground Survey 2017"
      },
      "geometry": {
        "type": "Point",
        "coordinates": [
          103.8702956,
          1.3209299
        ]
      },
      "id": "node/6565863077"
    },
    {
      "type": "Feature",
      "properties": {
        "@id": "node/6575952459",
        "name": "FairPrice",
        "shop": "supermarket"
      },
      "geometry": {
        "type": "Point",
        "coordinates": [
          103.8638661,
          1.3190161
        ]
      },
      "id": "node/6575952459"
    },
    {
      "type": "Feature",
      "properties": {
        "@id": "node/6583281502",
        "addr:city": "Singapore",
        "addr:housenumber": "107 #B1-10",
        "addr:postcode": "179105",
        "addr:street": "North Bridge Road",
        "air_conditioning": "yes",
        "branch": "Funan",
        "level": "-1",
        "name": "NTUC FairPrice Finest",
        "name:en": "NTUC FairPrice Finest",
        "name:zh-Hans": "职总平价精品超市",
        "name:zh-Hant": "職總平價精品超市",
        "not:brand:wikidata": "Q6955519",
        "opening_hours": "Mo-Su 10:00-22:00",
        "payment:american_express": "yes",
        "payment:cash": "yes",
        "payment:coins": "yes",
        "payment:contactless": "yes",
        "payment:credit_cards": "yes",
        "payment:debit_cards": "yes",
        "payment:mastercard": "yes",
        "payment:notes": "yes",
        "payment:visa": "yes",
        "self_checkout": "only",
        "shop": "supermarket",
        "stroller": "yes",
        "wheelchair": "limited"
      },
      "geometry": {
        "type": "Point",
        "coordinates": [
          103.8502148,
          1.2910424
        ]
      },
      "id": "node/6583281502"
    },
    {
      "type": "Feature",
      "properties": {
        "@id": "node/6589891324",
        "name": "Hao Mart",
        "opening_hours": "24/7",
        "shop": "convenience"
      },
      "geometry": {
        "type": "Point",
        "coordinates": [
          103.7737256,
          1.373593
        ]
      },
      "id": "node/6589891324"
    },
    {
      "type": "Feature",
      "properties": {
        "@id": "node/6614228950",
        "name": "Sri Selvi",
        "operator": "Sri Selvi Store Pte Ltd",
        "shop": "convenience"
      },
      "geometry": {
        "type": "Point",
        "coordinates": [
          103.8735513,
          1.3474419
        ]
      },
      "id": "node/6614228950"
    },
    {
      "type": "Feature",
      "properties": {
        "@id": "node/6618303009",
        "addr:unit": "05",
        "check_date": "2025-10-22",
        "level": "-1",
        "name": "Koryo Mart",
        "note": "flexible lunch break",
        "opening_hours": "10:00-22:00",
        "opening_hours:url": "https://compassone.sg/koryo-mart/",
        "shop": "convenience"
      },
      "geometry": {
        "type": "Point",
        "coordinates": [
          103.8949003,
          1.3924726
        ]
      },
      "id": "node/6618303009"
    },
    {
      "type": "Feature",
      "properties": {
        "@id": "node/6633499666",
        "addr:city": "Singapore",
        "addr:country": "SG",
        "addr:housenumber": "51",
        "addr:postcode": "347697",
        "addr:street": "Upper Serangoon Road",
        "addr:unit": "#01-30/31/32",
        "branch": "POIZ",
        "brand": "NTUC Fairprice",
        "brand:wikidata": "Q6955519",
        "name": "NTUC FairPrice",
        "name:en": "NTUC FairPrice",
        "name:zh": "职总平价超市",
        "opening_hours": "24/7",
        "operator": "NTUC",
        "payment:american_express": "yes",
        "payment:coins": "yes",
        "payment:contactless": "yes",
        "payment:credit_cards": "yes",
        "payment:mastercard": "yes",
        "payment:notes": "yes",
        "payment:visa": "yes",
        "self_checkout": "yes",
        "shop": "supermarket",
        "wheelchair": "yes"
      },
      "geometry": {
        "type": "Point",
        "coordinates": [
          103.8685537,
          1.331674
        ]
      },
      "id": "node/6633499666"
    },
    {
      "type": "Feature",
      "properties": {
        "@id": "node/6639589386",
        "brand": "7-Eleven",
        "brand:wikidata": "Q259340",
        "check_date": "2025-12-20",
        "level": "0",
        "name": "7-Eleven",
        "name:en": "7-Eleven",
        "name:zh": "7-11便利店",
        "shop": "convenience",
        "wheelchair": "no"
      },
      "geometry": {
        "type": "Point",
        "coordinates": [
          103.9026609,
          1.4059392
        ]
      },
      "id": "node/6639589386"
    },
    {
      "type": "Feature",
      "properties": {
        "@id": "node/6648442685",
        "brand": "7-Eleven",
        "brand:wikidata": "Q259340",
        "name": "7-Eleven",
        "name:zh": "7-11便利店",
        "shop": "convenience"
      },
      "geometry": {
        "type": "Point",
        "coordinates": [
          103.7512257,
          1.3624203
        ]
      },
      "id": "node/6648442685"
    },
    {
      "type": "Feature",
      "properties": {
        "@id": "node/6649097786",
        "name": "Sri Murugan",
        "shop": "convenience"
      },
      "geometry": {
        "type": "Point",
        "coordinates": [
          103.836616,
          1.4300361
        ]
      },
      "id": "node/6649097786"
    },
    {
      "type": "Feature",
      "properties": {
        "@id": "node/6649603949",
        "addr:city": "Singapore",
        "addr:floor": "B2",
        "addr:housenumber": "#B2-103/104/105/106/107",
        "addr:postcode": "768019",
        "addr:street": "Northpoint City",
        "branch": "Northpoint City",
        "level": "-2",
        "level:ref": "B2",
        "name": "NTUC FairPrice",
        "name:en": "NTUC FairPrice",
        "name:zh-Hans": "职总平价超市",
        "name:zh-Hant": "職總平價超市",
        "not:brand:wikidata": "Q6955519",
        "opening_hours": "Mo-Su 08:00-23:00",
        "payment:cash": "yes",
        "payment:credit_cards": "yes",
        "payment:debit_cards": "yes",
        "payment:ezlink": "yes",
        "payment:nets": "yes",
        "phone": "+65 64813420",
        "shop": "supermarket",
        "stroller": "yes",
        "website": "https://fairprice.com.sg/",
        "wheelchair": "yes"
      },
      "geometry": {
        "type": "Point",
        "coordinates": [
          103.8359955,
          1.4289409
        ]
      },
      "id": "node/6649603949"
    },
    {
      "type": "Feature",
      "properties": {
        "@id": "node/6652483045",
        "level": "0",
        "name": "EZ Home Products Pte Ltd",
        "shop": "convenience"
      },
      "geometry": {
        "type": "Point",
        "coordinates": [
          103.8932964,
          1.3915499
        ]
      },
      "id": "node/6652483045"
    },
    {
      "type": "Feature",
      "properties": {
        "@id": "node/6665214341",
        "brand": "7-Eleven",
        "brand:wikidata": "Q259340",
        "name": "7-Eleven",
        "name:zh": "7-11便利店",
        "opening_hours": "24/7",
        "shop": "convenience",
        "wheelchair": "yes"
      },
      "geometry": {
        "type": "Point",
        "coordinates": [
          103.8436953,
          1.3177775
        ]
      },
      "id": "node/6665214341"
    },
    {
      "type": "Feature",
      "properties": {
        "@id": "node/6714923101",
        "addr:city": "Singapore",
        "addr:housenumber": "231",
        "addr:postcode": "820231",
        "addr:street": "Sumang Lane",
        "brand": "Sheng Siong",
        "brand:wikidata": "Q3481878",
        "name": "Sheng Siong",
        "name:zh": "昇菘超市",
        "operator": "Sheng Siong",
        "shop": "supermarket",
        "wheelchair": "limited"
      },
      "geometry": {
        "type": "Point",
        "coordinates": [
          103.8921304,
          1.4018757
        ]
      },
      "id": "node/6714923101"
    },
    {
      "type": "Feature",
      "properties": {
        "@id": "node/6743669037",
        "addr:city": "Singapore",
        "level": "2",
        "name": "Scarlett",
        "name:zh": "司家客",
        "shop": "supermarket"
      },
      "geometry": {
        "type": "Point",
        "coordinates": [
          103.8543229,
          1.29999
        ]
      },
      "id": "node/6743669037"
    },
    {
      "type": "Feature",
      "properties": {
        "@id": "node/6749841389",
        "brand": "7-Eleven",
        "brand:wikidata": "Q259340",
        "level": "0",
        "name": "7-Eleven",
        "name:zh": "7-11便利店",
        "shop": "convenience",
        "wheelchair": "limited"
      },
      "geometry": {
        "type": "Point",
        "coordinates": [
          103.8491932,
          1.3329424
        ]
      },
      "id": "node/6749841389"
    },
    {
      "type": "Feature",
      "properties": {
        "@id": "node/6760919987",
        "name": "on 2nd floor",
        "shop": "convenience"
      },
      "geometry": {
        "type": "Point",
        "coordinates": [
          103.8791979,
          1.3318126
        ]
      },
      "id": "node/6760919987"
    },
    {
      "type": "Feature",
      "properties": {
        "@id": "node/6766238578",
        "addr:city": "Singapore",
        "addr:housenumber": "510",
        "addr:postcode": "570510",
        "addr:street": "Bishan Street 13",
        "brand": "NTUC Fairprice",
        "brand:wikidata": "Q6955519",
        "brand:wikipedia": "en:NTUC FairPrice",
        "level": "0;1",
        "name": "NTUC FairPrice",
        "name:en": "NTUC FairPrice",
        "name:zh": "职总平价超市",
        "operator": "NTUC FairPrice",
        "shop": "supermarket"
      },
      "geometry": {
        "type": "Point",
        "coordinates": [
          103.8496434,
          1.3487949
        ]
      },
      "id": "node/6766238578"
    },
    {
      "type": "Feature",
      "properties": {
        "@id": "node/6766268292",
        "brand": "NTUC Fairprice",
        "brand:wikidata": "Q6955519",
        "name": "NTUC Fairprice",
        "name:en": "NTUC FairPrice",
        "name:zh": "职总平价超市",
        "shop": "supermarket"
      },
      "geometry": {
        "type": "Point",
        "coordinates": [
          103.8313294,
          1.2769332
        ]
      },
      "id": "node/6766268292"
    },
    {
      "type": "Feature",
      "properties": {
        "@id": "node/6766330669",
        "name": "NTUC FairPrice",
        "name:en": "NTUC FairPrice",
        "name:zh": "职总平价超市",
        "opening_hours": "24/7",
        "shop": "supermarket"
      },
      "geometry": {
        "type": "Point",
        "coordinates": [
          103.7428387,
          1.3471669
        ]
      },
      "id": "node/6766330669"
    },
    {
      "type": "Feature",
      "properties": {
        "@id": "node/6768920189",
        "brand": "NTUC Fairprice",
        "brand:wikidata": "Q6955519",
        "name": "NTUC Fairprice",
        "name:en": "NTUC FairPrice",
        "name:zh": "职总平价超市",
        "shop": "supermarket"
      },
      "geometry": {
        "type": "Point",
        "coordinates": [
          103.8197907,
          1.4538401
        ]
      },
      "id": "node/6768920189"
    },
    {
      "type": "Feature",
      "properties": {
        "@id": "node/6771180739",
        "brand": "NTUC Fairprice",
        "brand:wikidata": "Q6955519",
        "brand:wikipedia": "en:NTUC FairPrice",
        "name": "NTUC Fairprice",
        "shop": "supermarket"
      },
      "geometry": {
        "type": "Point",
        "coordinates": [
          103.8853008,
          1.328377
        ]
      },
      "id": "node/6771180739"
    },
    {
      "type": "Feature",
      "properties": {
        "@id": "node/6771496469",
        "name": "FairPrice Shop Blk 5 Eunos Crescent",
        "operator": "NTUC FairPrice",
        "shop": "supermarket"
      },
      "geometry": {
        "type": "Point",
        "coordinates": [
          103.9035553,
          1.3211968
        ]
      },
      "id": "node/6771496469"
    },
    {
      "type": "Feature",
      "properties": {
        "@id": "node/6773507512",
        "addr:city": "Singapore",
        "addr:country": "SG",
        "addr:housenumber": "8",
        "addr:postcode": "486018",
        "addr:street": "Changi Business Park Avenue 1",
        "addr:unit": "#01-51, #02-51",
        "branch": "Hyper Changi (FFS)",
        "brand": "NTUC Fairprice",
        "check_date": "2024-11-06",
        "internet_access": "no",
        "level": "0;1",
        "name": "NTUC FairPrice Xtra",
        "name:en": "NTUC FairPrice Xtra",
        "name:zh": "职总平价超市",
        "not:brand:wikidata": "Q6955519",
        "opening_hours": "Mo-Su 08:00-23:00",
        "payment:american_express": "yes",
        "payment:cash": "yes",
        "payment:mastercard": "yes",
        "payment:visa": "yes",
        "phone": "+65 66047548",
        "shop": "supermarket",
        "website": "https://www.fairprice.com.sg/",
        "wheelchair": "yes"
      },
      "geometry": {
        "type": "Point",
        "coordinates": [
          103.9637744,
          1.3348478
        ]
      },
      "id": "node/6773507512"
    },
    {
      "type": "Feature",
      "properties": {
        "@id": "node/6773538106",
        "addr:housenumber": "1",
        "addr:street": "Jalan Bukit Merah",
        "addr:unit": "#01-4500",
        "brand": "NTUC Fairprice",
        "brand:wikidata": "Q6955519",
        "name": "NTUC Fairprice",
        "name:en": "NTUC FairPrice",
        "name:zh": "职总平价超市",
        "shop": "supermarket"
      },
      "geometry": {
        "type": "Point",
        "coordinates": [
          103.8083891,
          1.2864788
        ]
      },
      "id": "node/6773538106"
    },
    {
      "type": "Feature",
      "properties": {
        "@id": "node/6773549549",
        "name": "NTUC FairPrice",
        "name:en": "NTUC FairPrice",
        "name:zh": "职总平价超市",
        "shop": "supermarket",
        "wheelchair": "yes"
      },
      "geometry": {
        "type": "Point",
        "coordinates": [
          103.8982559,
          1.3158326
        ]
      },
      "id": "node/6773549549"
    },
    {
      "type": "Feature",
      "properties": {
        "@id": "node/6773555407",
        "brand": "NTUC Fairprice",
        "brand:wikidata": "Q6955519",
        "name": "NTUC FairPrice",
        "name:en": "NTUC FairPrice",
        "name:zh": "职总平价超市",
        "shop": "supermarket"
      },
      "geometry": {
        "type": "Point",
        "coordinates": [
          103.872624,
          1.3923315
        ]
      },
      "id": "node/6773555407"
    },
    {
      "type": "Feature",
      "properties": {
        "@id": "node/6773991589",
        "name": "NTUC FairPrice",
        "name:en": "NTUC FairPrice",
        "name:zh": "职总平价超市",
        "shop": "supermarket"
      },
      "geometry": {
        "type": "Point",
        "coordinates": [
          103.7393663,
          1.3425048
        ]
      },
      "id": "node/6773991589"
    },
    {
      "type": "Feature",
      "properties": {
        "@id": "node/6773995585",
        "brand": "NTUC Fairprice",
        "brand:wikidata": "Q6955519",
        "name": "NTUC Fairprice",
        "name:en": "NTUC FairPrice",
        "name:zh": "职总平价超市",
        "shop": "supermarket"
      },
      "geometry": {
        "type": "Point",
        "coordinates": [
          103.7309506,
          1.3454906
        ]
      },
      "id": "node/6773995585"
    },
    {
      "type": "Feature",
      "properties": {
        "@id": "node/6774014753",
        "addr:city": "Singapore",
        "addr:housenumber": "498",
        "addr:postcode": "640498",
        "addr:street": "Jurong West Street 41",
        "brand": "NTUC Fairprice",
        "brand:wikidata": "Q6955519",
        "brand:wikipedia": "en:NTUC FairPrice",
        "name": "NTUC Fairprice",
        "name:en": "NTUC FairPrice",
        "name:zh": "职总平价超市",
        "shop": "supermarket",
        "wheelchair": "yes"
      },
      "geometry": {
        "type": "Point",
        "coordinates": [
          103.7241529,
          1.3485084
        ]
      },
      "id": "node/6774014753"
    },
    {
      "type": "Feature",
      "properties": {
        "@id": "node/6774046360",
        "name": "NTUC FairPrice",
        "name:en": "NTUC FairPrice",
        "name:zh": "职总平价超市",
        "shop": "supermarket"
      },
      "geometry": {
        "type": "Point",
        "coordinates": [
          103.8353476,
          1.4170652
        ]
      },
      "id": "node/6774046360"
    },
    {
      "type": "Feature",
      "properties": {
        "@id": "node/6774109999",
        "addr:city": "Singapore",
        "addr:housenumber": "533",
        "addr:street": "Choa Chu Kang Street 51",
        "name": "NTUC FairPrice",
        "name:en": "NTUC FairPrice",
        "name:zh": "职总平价超市",
        "shop": "supermarket",
        "wheelchair": "yes"
      },
      "geometry": {
        "type": "Point",
        "coordinates": [
          103.7432068,
          1.3919821
        ]
      },
      "id": "node/6774109999"
    },
    {
      "type": "Feature",
      "properties": {
        "@id": "node/6774120902",
        "brand": "NTUC Fairprice",
        "brand:wikidata": "Q6955519",
        "name": "NTUC FairPrice",
        "name:en": "NTUC FairPrice",
        "name:zh": "职总平价超市",
        "shop": "supermarket"
      },
      "geometry": {
        "type": "Point",
        "coordinates": [
          103.8791816,
          1.3317511
        ]
      },
      "id": "node/6774120902"
    },
    {
      "type": "Feature",
      "properties": {
        "@id": "node/6774238572",
        "brand": "NTUC Fairprice",
        "brand:wikidata": "Q6955519",
        "name": "NTUC Fairprice",
        "name:en": "NTUC FairPrice",
        "name:zh": "职总平价超市",
        "shop": "supermarket"
      },
      "geometry": {
        "type": "Point",
        "coordinates": [
          103.8435315,
          1.4112844
        ]
      },
      "id": "node/6774238572"
    },
    {
      "type": "Feature",
      "properties": {
        "@id": "node/6774282101",
        "brand": "NTUC Fairprice",
        "brand:wikidata": "Q6955519",
        "level": "-1",
        "name": "NTUC Fairprice",
        "name:en": "NTUC FairPrice",
        "name:zh": "职总平价超市",
        "shop": "supermarket",
        "wheelchair": "yes"
      },
      "geometry": {
        "type": "Point",
        "coordinates": [
          103.9133166,
          1.4027599
        ]
      },
      "id": "node/6774282101"
    },
    {
      "type": "Feature",
      "properties": {
        "@id": "node/6774439228",
        "brand": "NTUC Fairprice",
        "brand:wikidata": "Q6955519",
        "name": "NTUC Fairprice",
        "name:en": "NTUC FairPrice",
        "name:zh": "职总平价超市",
        "shop": "supermarket",
        "wheelchair": "yes"
      },
      "geometry": {
        "type": "Point",
        "coordinates": [
          103.8142036,
          1.2863838
        ]
      },
      "id": "node/6774439228"
    },
    {
      "type": "Feature",
      "properties": {
        "@id": "node/6774457742",
        "addr:city": "Singapore",
        "addr:floor": "B2",
        "addr:housenumber": "#B2-24",
        "addr:postcode": "797653",
        "addr:street": "The Seletar Mall",
        "branch": "The Seletar Mall",
        "brand": "NTUC FairPrice Finest",
        "check_date": "2025-01",
        "level": "-2",
        "level:ref": "B2",
        "name": "NTUC FairPrice Finest",
        "name:en": "NTUC FairPrice Finest",
        "name:zh-Hans": "职总平价精品超市",
        "name:zh-Hant": "職總平價精品超市",
        "not:brand:wikidata": "Q6955519",
        "opening_hours": "24/7",
        "operator": "NTUC FairPrice",
        "organic": "yes",
        "payment:cash": "yes",
        "payment:credit_cards": "yes",
        "payment:debit_cards": "yes",
        "payment:ezlink": "yes",
        "payment:nets": "yes",
        "phone": "+65 63416177",
        "shop": "supermarket",
        "stroller": "yes",
        "website": "https://fairprice.com.sg/",
        "wheelchair": "yes"
      },
      "geometry": {
        "type": "Point",
        "coordinates": [
          103.8759756,
          1.3911684
        ]
      },
      "id": "node/6774457742"
    },
    {
      "type": "Feature",
      "properties": {
        "@id": "node/6774459828",
        "brand": "NTUC Fairprice",
        "brand:wikidata": "Q6955519",
        "name": "NTUC FairPrice",
        "name:en": "NTUC FairPrice",
        "name:zh": "职总平价超市",
        "shop": "supermarket"
      },
      "geometry": {
        "type": "Point",
        "coordinates": [
          103.8707537,
          1.3540387
        ]
      },
      "id": "node/6774459828"
    },
    {
      "type": "Feature",
      "properties": {
        "@id": "node/6774577351",
        "brand": "NTUC Fairprice",
        "brand:wikidata": "Q6955519",
        "name": "NTUC FairPrice",
        "name:en": "NTUC FairPrice",
        "name:zh": "职总平价超市",
        "shop": "supermarket"
      },
      "geometry": {
        "type": "Point",
        "coordinates": [
          103.8888115,
          1.3364335
        ]
      },
      "id": "node/6774577351"
    },
    {
      "type": "Feature",
      "properties": {
        "@id": "node/6774615783",
        "addr:housenumber": "866A",
        "brand": "NTUC Fairprice",
        "brand:wikidata": "Q6955519",
        "name": "NTUC Fairprice",
        "name:en": "NTUC FairPrice",
        "name:zh": "职总平价超市",
        "shop": "supermarket"
      },
      "geometry": {
        "type": "Point",
        "coordinates": [
          103.9343161,
          1.3553517
        ]
      },
      "id": "node/6774615783"
    },
    {
      "type": "Feature",
      "properties": {
        "@id": "node/6774619956",
        "brand": "NTUC Fairprice",
        "brand:wikidata": "Q6955519",
        "name": "NTUC FairPrice",
        "name:en": "NTUC FairPrice",
        "name:zh": "职总平价超市",
        "shop": "supermarket"
      },
      "geometry": {
        "type": "Point",
        "coordinates": [
          103.9569647,
          1.3472751
        ]
      },
      "id": "node/6774619956"
    },
    {
      "type": "Feature",
      "properties": {
        "@id": "node/6775983832",
        "brand": "NTUC Fairprice",
        "brand:wikidata": "Q6955519",
        "name": "NTUC FairPrice",
        "name:en": "NTUC FairPrice",
        "name:zh": "职总平价超市",
        "shop": "supermarket"
      },
      "geometry": {
        "type": "Point",
        "coordinates": [
          103.8727631,
          1.3126523
        ]
      },
      "id": "node/6775983832"
    },
    {
      "type": "Feature",
      "properties": {
        "@id": "node/6775990889",
        "brand": "NTUC Fairprice",
        "brand:wikidata": "Q6955519",
        "name": "NTUC FairPrice",
        "name:en": "NTUC FairPrice",
        "name:zh": "职总平价超市",
        "shop": "supermarket",
        "wheelchair": "no"
      },
      "geometry": {
        "type": "Point",
        "coordinates": [
          103.8489919,
          1.3388217
        ]
      },
      "id": "node/6775990889"
    },
    {
      "type": "Feature",
      "properties": {
        "@id": "node/6776013581",
        "brand": "NTUC Fairprice",
        "brand:wikidata": "Q6955519",
        "name": "NTUC FairPrice",
        "name:en": "NTUC FairPrice",
        "name:zh": "职总平价超市",
        "shop": "supermarket"
      },
      "geometry": {
        "type": "Point",
        "coordinates": [
          103.7591074,
          1.3117956
        ]
      },
      "id": "node/6776013581"
    },
    {
      "type": "Feature",
      "properties": {
        "@id": "node/6780648703",
        "addr:floor": "1",
        "addr:housenumber": "6",
        "addr:street": "Eu Tong Sen Street",
        "brand": "Cheers",
        "brand:wikidata": "Q64154066",
        "check_date": "2024-04-16",
        "level": "0",
        "name": "Cheers",
        "name:en": "Cheers",
        "name:zh": "Cheers(雀喜)便利商店",
        "opening_hours": "Mo-Su 07:00-23:00",
        "shop": "convenience",
        "wheelchair": "yes"
      },
      "geometry": {
        "type": "Point",
        "coordinates": [
          103.8472487,
          1.2892081
        ]
      },
      "id": "node/6780648703"
    },
    {
      "type": "Feature",
      "properties": {
        "@id": "node/6781738556",
        "brand": "NTUC Fairprice",
        "brand:wikidata": "Q6955519",
        "brand:wikipedia": "en:NTUC FairPrice",
        "name": "NTUC FairPrice",
        "name:en": "NTUC FairPrice",
        "name:zh": "职总平价超市",
        "shop": "supermarket"
      },
      "geometry": {
        "type": "Point",
        "coordinates": [
          103.7226023,
          1.3320147
        ]
      },
      "id": "node/6781738556"
    },
    {
      "type": "Feature",
      "properties": {
        "@id": "node/6781740825",
        "level": "0",
        "name": "NTUC FairPrice Finest",
        "name:zh": "职总平价精品超市",
        "opening_hours": "Mo-Su 08:00-23:00",
        "phone": "+65 6339 0802",
        "shop": "supermarket",
        "wheelchair": "yes"
      },
      "geometry": {
        "type": "Point",
        "coordinates": [
          103.8410061,
          1.4180875
        ]
      },
      "id": "node/6781740825"
    },
    {
      "type": "Feature",
      "properties": {
        "@id": "node/6781782400",
        "addr:city": "Singapore",
        "addr:housenumber": "414",
        "addr:postcode": "760414",
        "addr:street": "Yishun Ring Road",
        "brand": "NTUC Fairprice",
        "brand:wikidata": "Q6955519",
        "brand:wikipedia": "en:NTUC FairPrice",
        "name": "NTUC FairPrice",
        "name:en": "NTUC FairPrice",
        "name:zh": "职总平价超市",
        "shop": "supermarket",
        "wheelchair": "yes"
      },
      "geometry": {
        "type": "Point",
        "coordinates": [
          103.8466717,
          1.4246275
        ]
      },
      "id": "node/6781782400"
    },
    {
      "type": "Feature",
      "properties": {
        "@id": "node/6787005018",
        "addr:city": "Singapore",
        "addr:housenumber": "20",
        "addr:postcode": "289215",
        "addr:street": "Greenwood Avenue",
        "name": "Cold Storage",
        "name:zh": "冷藏公司超市",
        "shop": "supermarket"
      },
      "geometry": {
        "type": "Point",
        "coordinates": [
          103.8067968,
          1.3314654
        ]
      },
      "id": "node/6787005018"
    },
    {
      "type": "Feature",
      "properties": {
        "@id": "node/6787286589",
        "addr:city": "Singapore",
        "addr:housenumber": "5",
        "addr:postcode": "018935",
        "addr:street": "Straits View",
        "level": "-2",
        "name": "Cold Storage",
        "name:zh": "冷藏公司超市",
        "shop": "supermarket"
      },
      "geometry": {
        "type": "Point",
        "coordinates": [
          103.8525052,
          1.2775827
        ]
      },
      "id": "node/6787286589"
    },
    {
      "type": "Feature",
      "properties": {
        "@id": "node/6787467048",
        "addr:city": "Singapore",
        "addr:housenumber": "896",
        "addr:postcode": "589472",
        "addr:street": "Dunearn Road",
        "level": "1",
        "name": "Cold Storage",
        "name:zh": "冷藏公司超市",
        "shop": "supermarket"
      },
      "geometry": {
        "type": "Point",
        "coordinates": [
          103.783834,
          1.3368125
        ]
      },
      "id": "node/6787467048"
    },
    {
      "type": "Feature",
      "properties": {
        "@id": "node/6796639014",
        "air_conditioning": "yes",
        "branch": "Xtra",
        "brand": "NTUC FairPrice",
        "internet_access": "wlan",
        "internet_access:fee": "no",
        "level": "-1;-2",
        "name": "NTUC FairPrice Xtra",
        "not:brand:wikidata": "Q6955519",
        "opening_hours": "Mo-Su 08:00-23:00",
        "operator": "NTUC",
        "payment:american_express": "yes",
        "payment:coins": "yes",
        "payment:credit_cards": "yes",
        "payment:debit_cards": "yes",
        "payment:mastercard": "yes",
        "payment:notes": "yes",
        "payment:visa": "yes",
        "shop": "supermarket",
        "stroller": "yes",
        "toilets:wheelchair": "no",
        "website": "https://www.fairprice.com.sg/",
        "wheelchair": "limited"
      },
      "geometry": {
        "type": "Point",
        "coordinates": [
          103.8230258,
          1.2647712
        ]
      },
      "id": "node/6796639014"
    },
    {
      "type": "Feature",
      "properties": {
        "@id": "node/6799825420",
        "addr:city": "Singapore",
        "addr:housenumber": "168",
        "addr:street": "Robinson Road",
        "brand": "7-Eleven",
        "brand:wikidata": "Q259340",
        "brand:wikipedia": "en:7-Eleven",
        "name": "7-Eleven",
        "name:zh": "7-11便利店",
        "shop": "convenience"
      },
      "geometry": {
        "type": "Point",
        "coordinates": [
          103.8473906,
          1.2777381
        ]
      },
      "id": "node/6799825420"
    },
    {
      "type": "Feature",
      "properties": {
        "@id": "node/6800745687",
        "name": "Mini Mart",
        "shop": "convenience"
      },
      "geometry": {
        "type": "Point",
        "coordinates": [
          103.9456642,
          1.3564661
        ]
      },
      "id": "node/6800745687"
    },
    {
      "type": "Feature",
      "properties": {
        "@id": "node/6817445808",
        "addr:city": "Singapore",
        "addr:housenumber": "#01-29",
        "addr:postcode": "752468",
        "addr:street": "Blk 468B Admiralty Drive",
        "name": "Giant Express",
        "shop": "supermarket"
      },
      "geometry": {
        "type": "Point",
        "coordinates": [
          103.81414,
          1.4499976
        ]
      },
      "id": "node/6817445808"
    },
    {
      "type": "Feature",
      "properties": {
        "@id": "node/6817491689",
        "addr:city": "Singapore",
        "addr:housenumber": "#01-504",
        "addr:postcode": "560161",
        "addr:street": "Blk 161 Ang Mo Kio Avenue 4",
        "name": "Giant",
        "name:zh": "Giant超级",
        "shop": "supermarket"
      },
      "geometry": {
        "type": "Point",
        "coordinates": [
          103.8392817,
          1.3742656
        ]
      },
      "id": "node/6817491689"
    },
    {
      "type": "Feature",
      "properties": {
        "@id": "node/6817614548",
        "addr:city": "Singapore",
        "addr:housenumber": "27",
        "addr:postcode": "608538",
        "addr:street": "Penjuru Walk",
        "addr:unit": "#01-24",
        "brand": "Sheng Shiong",
        "name": "Sheng Siong",
        "name:zh": "昇菘超市",
        "opening_hours": "Mo-Su 12:30-22:30",
        "phone": "+65 68980345",
        "shop": "supermarket"
      },
      "geometry": {
        "type": "Point",
        "coordinates": [
          103.7333208,
          1.319175
        ]
      },
      "id": "node/6817614548"
    },
    {
      "type": "Feature",
      "properties": {
        "@id": "node/6817625800",
        "addr:city": "Singapore",
        "addr:housenumber": "292",
        "addr:postcode": "650292",
        "addr:street": "Bukit Batok East Avenue 6",
        "name": "Sheng Siong",
        "name:zh": "昇菘超市",
        "shop": "supermarket"
      },
      "geometry": {
        "type": "Point",
        "coordinates": [
          103.7553403,
          1.3444059
        ]
      },
      "id": "node/6817625800"
    },
    {
      "type": "Feature",
      "properties": {
        "@id": "node/6817644618",
        "addr:city": "Singapore",
        "addr:housenumber": "154A",
        "addr:postcode": "651154",
        "addr:street": "Bukit Batok West Avenue 8",
        "name": "Sheng Siong",
        "name:zh": "昇菘超市",
        "shop": "supermarket"
      },
      "geometry": {
        "type": "Point",
        "coordinates": [
          103.7437317,
          1.3474556
        ]
      },
      "id": "node/6817644618"
    },
    {
      "type": "Feature",
      "properties": {
        "@id": "node/6817648573",
        "addr:city": "Singapore",
        "addr:housenumber": "200",
        "addr:postcode": "757177",
        "addr:street": "Woodlands Industrial Park E7",
        "name": "Sheng Siong",
        "name:zh": "昇菘超市",
        "shop": "supermarket"
      },
      "geometry": {
        "type": "Point",
        "coordinates": [
          103.7968231,
          1.4507862
        ]
      },
      "id": "node/6817648573"
    },
    {
      "type": "Feature",
      "properties": {
        "@id": "node/6817674416",
        "addr:city": "Singapore",
        "addr:housenumber": "446",
        "addr:postcode": "670446",
        "addr:street": "Fajar Road",
        "brand": "Sheng Siong",
        "brand:wikidata": "Q3481878",
        "brand:wikipedia": "en:Sheng Siong",
        "name": "Sheng Siong",
        "name:zh": "昇菘超市",
        "shop": "supermarket"
      },
      "geometry": {
        "type": "Point",
        "coordinates": [
          103.7708865,
          1.3839521
        ]
      },
      "id": "node/6817674416"
    },
    {
      "type": "Feature",
      "properties": {
        "@id": "node/6817678203",
        "addr:city": "Singapore",
        "addr:housenumber": "573",
        "addr:postcode": "730573",
        "addr:street": "Woodlands Drive 16",
        "name": "Sheng Siong",
        "name:zh": "昇菘超市",
        "shop": "supermarket",
        "wheelchair": "yes"
      },
      "geometry": {
        "type": "Point",
        "coordinates": [
          103.7985065,
          1.4311005
        ]
      },
      "id": "node/6817678203"
    },
    {
      "type": "Feature",
      "properties": {
        "@id": "node/6817701303",
        "addr:city": "Singapore",
        "addr:housenumber": "785E",
        "addr:postcode": "735785",
        "addr:street": "Woodlands Rise",
        "air_conditioning": "yes",
        "brand": "Sheng Siong",
        "brand:wikidata": "Q3481878",
        "name": "Sheng Siong",
        "name:zh": "昇菘超市",
        "opening_hours": "24/7",
        "payment:cash": "yes",
        "payment:mastercard": "yes",
        "payment:visa": "yes",
        "phone": "+65 62590316",
        "shop": "supermarket",
        "website": "https://www.shengsiong.com.sg/"
      },
      "geometry": {
        "type": "Point",
        "coordinates": [
          103.8055002,
          1.4468922
        ]
      },
      "id": "node/6817701303"
    },
    {
      "type": "Feature",
      "properties": {
        "@id": "node/6817714003",
        "addr:city": "Singapore",
        "addr:housenumber": "105",
        "addr:postcode": "750105",
        "addr:street": "Canberra Street",
        "brand": "Sheng Siong",
        "brand:wikidata": "Q3481878",
        "name": "Sheng Siong",
        "name:zh": "昇菘超市",
        "shop": "supermarket",
        "wheelchair": "yes"
      },
      "geometry": {
        "type": "Point",
        "coordinates": [
          103.8323549,
          1.4489117
        ]
      },
      "id": "node/6817714003"
    },
    {
      "type": "Feature",
      "properties": {
        "@id": "node/6817725013",
        "addr:city": "Singapore",
        "addr:housenumber": "845",
        "addr:postcode": "760845",
        "addr:street": "Yishun Street 81",
        "brand": "Sheng Siong",
        "brand:wikidata": "Q3481878",
        "name": "Sheng Siong",
        "name:zh": "昇菘超市",
        "shop": "supermarket"
      },
      "geometry": {
        "type": "Point",
        "coordinates": [
          103.8349534,
          1.4160254
        ]
      },
      "id": "node/6817725013"
    },
    {
      "type": "Feature",
      "properties": {
        "@id": "node/6817773138",
        "addr:city": "Singapore",
        "addr:housenumber": "675",
        "addr:postcode": "760675",
        "addr:street": "Yishun Avenue 4",
        "brand": "Sheng Siong",
        "brand:wikidata": "Q3481878",
        "name": "Sheng Siong",
        "name:zh": "昇菘超市",
        "shop": "supermarket",
        "wheelchair": "yes"
      },
      "geometry": {
        "type": "Point",
        "coordinates": [
          103.8435456,
          1.4202258
        ]
      },
      "id": "node/6817773138"
    },
    {
      "type": "Feature",
      "properties": {
        "@id": "node/6817790059",
        "addr:city": "Singapore",
        "addr:housenumber": "506",
        "addr:postcode": "520506",
        "addr:street": "Tampines Central",
        "brand": "Sheng Siong",
        "brand:wikidata": "Q3481878",
        "name": "Sheng Siong",
        "name:zh": "昇菘超市",
        "opening_hours": "PH,Mo-Su 00:00-24:00+",
        "shop": "supermarket"
      },
      "geometry": {
        "type": "Point",
        "coordinates": [
          103.9459483,
          1.3561466
        ]
      },
      "id": "node/6817790059"
    },
    {
      "type": "Feature",
      "properties": {
        "@id": "node/6817791328",
        "addr:city": "Singapore",
        "addr:housenumber": "11",
        "addr:postcode": "380011",
        "addr:street": "Upper Boon Keng Road",
        "name": "Sheng Siong",
        "name:fa": "شنگ سیانگ",
        "name:zh": "昇菘超市",
        "shop": "supermarket"
      },
      "geometry": {
        "type": "Point",
        "coordinates": [
          103.8704826,
          1.3140474
        ]
      },
      "id": "node/6817791328"
    },
    {
      "type": "Feature",
      "properties": {
        "@id": "node/6817794743",
        "addr:city": "Singapore",
        "addr:housenumber": "85",
        "addr:postcode": "141085",
        "addr:street": "Dawson Road",
        "branch": "昇菘",
        "brand": "Sheng Siong",
        "brand:wikidata": "Q3481878",
        "level": "0",
        "name": "Sheng Siong",
        "name:zh": "昇菘超市",
        "opening_hours": "24/7",
        "shop": "supermarket"
      },
      "geometry": {
        "type": "Point",
        "coordinates": [
          103.8100462,
          1.2954188
        ]
      },
      "id": "node/6817794743"
    },
    {
      "type": "Feature",
      "properties": {
        "@id": "node/6817805409",
        "addr:city": "Singapore",
        "addr:housenumber": "108",
        "addr:postcode": "321108",
        "addr:street": "McNair Road",
        "brand": "Sheng Siong",
        "brand:wikidata": "Q3481878",
        "name": "Sheng Siong",
        "shop": "supermarket"
      },
      "geometry": {
        "type": "Point",
        "coordinates": [
          103.8596186,
          1.3216926
        ]
      },
      "id": "node/6817805409"
    },
    {
      "type": "Feature",
      "properties": {
        "@id": "node/6817845254",
        "addr:city": "Singapore",
        "addr:housenumber": "115",
        "addr:postcode": "460115",
        "addr:street": "Bedok North Road",
        "brand": "Sheng Siong",
        "brand:wikidata": "Q3481878",
        "name": "Sheng Siong",
        "name:zh": "昇菘超市",
        "shop": "supermarket"
      },
      "geometry": {
        "type": "Point",
        "coordinates": [
          103.9366634,
          1.3313147
        ]
      },
      "id": "node/6817845254"
    },
    {
      "type": "Feature",
      "properties": {
        "@id": "node/6817845971",
        "addr:city": "Singapore",
        "addr:housenumber": "258",
        "addr:postcode": "510258",
        "addr:street": "Pasir Ris Street 21",
        "brand": "Sheng Siong",
        "brand:wikidata": "Q3481878",
        "name": "Sheng Siong",
        "name:zh": "昇菘超市",
        "shop": "supermarket"
      },
      "geometry": {
        "type": "Point",
        "coordinates": [
          103.9647716,
          1.3670929
        ]
      },
      "id": "node/6817845971"
    },
    {
      "type": "Feature",
      "properties": {
        "@id": "node/6817851554",
        "addr:city": "Singapore",
        "addr:housenumber": "527D",
        "addr:postcode": "514527",
        "addr:street": "Pasir Ris Street 51",
        "brand": "Sheng Siong",
        "brand:wikidata": "Q3481878",
        "brand:wikipedia": "en:Sheng Siong",
        "name": "Sheng Siong",
        "name:zh": "昇菘超市",
        "opening_hours": "24/7",
        "shop": "supermarket",
        "wheelchair": "yes"
      },
      "geometry": {
        "type": "Point",
        "coordinates": [
          103.9479234,
          1.3696509
        ]
      },
      "id": "node/6817851554"
    },
    {
      "type": "Feature",
      "properties": {
        "@id": "node/6817854870",
        "addr:city": "Singapore",
        "addr:housenumber": "351",
        "addr:postcode": "540351",
        "addr:street": "Anchorvale Road",
        "brand": "Sheng Siong",
        "brand:wikidata": "Q3481878",
        "name": "Sheng Siong",
        "name:zh": "昇菘超市",
        "opening_hours": "24/7",
        "shop": "supermarket"
      },
      "geometry": {
        "type": "Point",
        "coordinates": [
          103.8870307,
          1.393146
        ]
      },
      "id": "node/6817854870"
    },
    {
      "type": "Feature",
      "properties": {
        "@id": "node/6817860014",
        "addr:city": "Singapore",
        "addr:housenumber": "200",
        "addr:postcode": "574424",
        "addr:street": "Upper Thomson Road",
        "brand": "Sheng Siong",
        "brand:wikidata": "Q3481878",
        "name": "Sheng Siong",
        "name:zh": "昇菘超市",
        "shop": "supermarket"
      },
      "geometry": {
        "type": "Point",
        "coordinates": [
          103.8360699,
          1.3518705
        ]
      },
      "id": "node/6817860014"
    },
    {
      "type": "Feature",
      "properties": {
        "@id": "node/6817866204",
        "addr:city": "Singapore",
        "addr:housenumber": "623",
        "addr:postcode": "510623",
        "addr:street": "Elias Road",
        "name": "Sheng Siong",
        "name:zh": "昇菘超市",
        "shop": "supermarket",
        "toilets:wheelchair": "yes",
        "wheelchair": "yes"
      },
      "geometry": {
        "type": "Point",
        "coordinates": [
          103.9419858,
          1.3783709
        ]
      },
      "id": "node/6817866204"
    },
    {
      "type": "Feature",
      "properties": {
        "@id": "node/6817868676",
        "addr:city": "Singapore",
        "addr:housenumber": "4",
        "addr:postcode": "310004",
        "addr:street": "Lorong 7 Toa Payoh",
        "brand": "Sheng Siong",
        "brand:wikidata": "Q3481878",
        "name": "Sheng Siong",
        "name:zh": "昇菘超市",
        "shop": "supermarket"
      },
      "geometry": {
        "type": "Point",
        "coordinates": [
          103.8554033,
          1.3390393
        ]
      },
      "id": "node/6817868676"
    },
    {
      "type": "Feature",
      "properties": {
        "@id": "node/6817879121",
        "addr:city": "Singapore",
        "addr:housenumber": "417",
        "addr:postcode": "790417",
        "addr:street": "Fernvale Link",
        "addr:unit": "11",
        "brand": "Sheng Siong",
        "brand:wikidata": "Q3481878",
        "level": "0",
        "name": "Sheng Siong",
        "name:zh": "昇菘超市",
        "opening_hours": "24/7",
        "phone": "+65 6312 9093",
        "shop": "supermarket"
      },
      "geometry": {
        "type": "Point",
        "coordinates": [
          103.8801703,
          1.3917064
        ]
      },
      "id": "node/6817879121"
    },
    {
      "type": "Feature",
      "properties": {
        "@id": "node/6817879378",
        "addr:city": "Singapore",
        "addr:housenumber": "473",
        "addr:postcode": "790473",
        "addr:street": "Fernvale Street",
        "brand": "Sheng Siong",
        "brand:wikidata": "Q3481878",
        "name": "Sheng Siong",
        "name:zh": "昇菘超市",
        "shop": "supermarket"
      },
      "geometry": {
        "type": "Point",
        "coordinates": [
          103.8813041,
          1.3978089
        ]
      },
      "id": "node/6817879378"
    },
    {
      "type": "Feature",
      "properties": {
        "@id": "node/6817895357",
        "addr:city": "Singapore",
        "addr:housenumber": "660A",
        "addr:postcode": "821660",
        "addr:street": "Edgedale Plains",
        "brand": "Sheng Siong",
        "brand:wikidata": "Q3481878",
        "name": "Sheng Siong",
        "name:zh": "昇菘超市",
        "shop": "supermarket"
      },
      "geometry": {
        "type": "Point",
        "coordinates": [
          103.9165726,
          1.402634
        ]
      },
      "id": "node/6817895357"
    },
    {
      "type": "Feature",
      "properties": {
        "@id": "node/6817895715",
        "addr:city": "Singapore",
        "addr:housenumber": "301",
        "addr:postcode": "820301",
        "addr:street": "Punggol Central",
        "brand": "Sheng Siong",
        "brand:wikidata": "Q3481878",
        "level": "0",
        "name": "Sheng Siong",
        "name:zh": "昇菘超市",
        "opening_hours": "24/7",
        "operator": "Sheng Siong",
        "shop": "supermarket"
      },
      "geometry": {
        "type": "Point",
        "coordinates": [
          103.9061683,
          1.4037905
        ]
      },
      "id": "node/6817895715"
    },
    {
      "type": "Feature",
      "properties": {
        "@id": "node/6819055577",
        "addr:city": "Singapore",
        "addr:country": "SG",
        "addr:housenumber": "406A",
        "addr:postcode": "751406",
        "addr:street": "Sembawang Drive",
        "addr:unit": "#01-02",
        "name": "Giant",
        "name:zh": "Giant超级",
        "shop": "supermarket",
        "wheelchair": "yes"
      },
      "geometry": {
        "type": "Point",
        "coordinates": [
          103.8172929,
          1.4524553
        ]
      },
      "id": "node/6819055577"
    },
    {
      "type": "Feature",
      "properties": {
        "@id": "node/6819090855",
        "addr:city": "Singapore",
        "addr:housenumber": "#01-37",
        "addr:postcode": "730548",
        "addr:street": "Blk 548 Woodlands Drive 44, Vista Point",
        "name": "Giant",
        "name:zh": "Giant超级",
        "shop": "supermarket",
        "wheelchair": "yes"
      },
      "geometry": {
        "type": "Point",
        "coordinates": [
          103.7941833,
          1.4311426
        ]
      },
      "id": "node/6819090855"
    },
    {
      "type": "Feature",
      "properties": {
        "@id": "node/6819096067",
        "addr:city": "Singapore",
        "addr:housenumber": "#01-11, Blk 316B",
        "addr:postcode": "563316",
        "addr:street": "Ang Mo Kio Street 31",
        "name": "Giant",
        "name:zh": "Giant超级",
        "shop": "supermarket"
      },
      "geometry": {
        "type": "Point",
        "coordinates": [
          103.847405,
          1.3647722
        ]
      },
      "id": "node/6819096067"
    },
    {
      "type": "Feature",
      "properties": {
        "@id": "node/6819104339",
        "addr:city": "Singapore",
        "addr:housenumber": "#02-01",
        "addr:postcode": "820671",
        "addr:street": "Blk 671 Edgefield Plains",
        "name": "Giant",
        "name:zh": "Giant超级",
        "shop": "supermarket"
      },
      "geometry": {
        "type": "Point",
        "coordinates": [
          103.912079,
          1.4057405
        ]
      },
      "id": "node/6819104339"
    },
    {
      "type": "Feature",
      "properties": {
        "@id": "node/6819105304",
        "addr:city": "Singapore",
        "addr:housenumber": "#01-2401/2403/2405",
        "addr:postcode": "560525",
        "addr:street": "Blk 525 Ang Mo Kio Avenue 10",
        "name": "Giant",
        "name:zh": "Giant超级",
        "shop": "supermarket"
      },
      "geometry": {
        "type": "Point",
        "coordinates": [
          103.8539753,
          1.372842
        ]
      },
      "id": "node/6819105304"
    },
    {
      "type": "Feature",
      "properties": {
        "@id": "node/6819106349",
        "addr:city": "Singapore",
        "addr:housenumber": "#01-03",
        "addr:postcode": "769092",
        "addr:street": "201 Yishun Avenue 2, Khatib MRT Station",
        "name": "Giant",
        "name:zh": "Giant超级",
        "shop": "supermarket",
        "wheelchair": "yes"
      },
      "geometry": {
        "type": "Point",
        "coordinates": [
          103.832905,
          1.4171386
        ]
      },
      "id": "node/6819106349"
    },
    {
      "type": "Feature",
      "properties": {
        "@id": "node/6819120163",
        "addr:city": "Singapore",
        "addr:housenumber": "#01-06",
        "addr:postcode": "824622",
        "addr:street": "Blk 622D Punggol Central",
        "name": "Giant",
        "name:zh": "Giant超级",
        "shop": "supermarket"
      },
      "geometry": {
        "type": "Point",
        "coordinates": [
          103.9105302,
          1.4005639
        ]
      },
      "id": "node/6819120163"
    },
    {
      "type": "Feature",
      "properties": {
        "@id": "node/6819144925",
        "addr:city": "Singapore",
        "addr:housenumber": "#01-261",
        "addr:postcode": "760293",
        "addr:street": "Blk 293 Yishun St 22",
        "name": "Giant",
        "name:zh": "Giant超级",
        "shop": "supermarket"
      },
      "geometry": {
        "type": "Point",
        "coordinates": [
          103.8374596,
          1.4364339
        ]
      },
      "id": "node/6819144925"
    },
    {
      "type": "Feature",
      "properties": {
        "@id": "node/6819173986",
        "addr:city": "Singapore",
        "addr:housenumber": "#01-433",
        "addr:postcode": "760418",
        "addr:street": "Blk 418 Yishun Avenue 11",
        "name": "Giant",
        "name:zh": "Giant超级",
        "shop": "supermarket",
        "wheelchair": "yes"
      },
      "geometry": {
        "type": "Point",
        "coordinates": [
          103.8473487,
          1.4250761
        ]
      },
      "id": "node/6819173986"
    },
    {
      "type": "Feature",
      "properties": {
        "@id": "node/6819186586",
        "addr:block": "512",
        "addr:city": "Singapore",
        "addr:postcode": "570512",
        "addr:street": "Bishan Street 13",
        "branch": "Bishan 512",
        "level": "0",
        "name": "Giant Bishan 512",
        "opening_hours": "24/7",
        "operator": "Giant",
        "shop": "supermarket"
      },
      "geometry": {
        "type": "Point",
        "coordinates": [
          103.8499272,
          1.3497162
        ]
      },
      "id": "node/6819186586"
    },
    {
      "type": "Feature",
      "properties": {
        "@id": "node/6819191014",
        "addr:city": "Singapore",
        "addr:housenumber": "#01-171",
        "addr:postcode": "090008",
        "addr:street": "Blk 8 Telok Blangah Crescent",
        "name": "Giant",
        "name:zh": "Giant超级",
        "shop": "supermarket",
        "wheelchair": "yes"
      },
      "geometry": {
        "type": "Point",
        "coordinates": [
          103.8192758,
          1.2777804
        ]
      },
      "id": "node/6819191014"
    },
    {
      "type": "Feature",
      "properties": {
        "@id": "node/6819197893",
        "addr:city": "Singapore",
        "addr:housenumber": "#01-610",
        "addr:postcode": "150086",
        "addr:street": "Blk 86 Redhill Close",
        "name": "Giant",
        "name:zh": "Giant超级",
        "shop": "supermarket"
      },
      "geometry": {
        "type": "Point",
        "coordinates": [
          103.8184225,
          1.2869001
        ]
      },
      "id": "node/6819197893"
    },
    {
      "type": "Feature",
      "properties": {
        "@id": "node/6819222292",
        "addr:city": "Singapore",
        "addr:housenumber": "#01-536",
        "addr:postcode": "670445",
        "addr:street": "Blk 445 Fajar Road, Fajar Shopping Centre",
        "name": "Giant Express",
        "shop": "supermarket"
      },
      "geometry": {
        "type": "Point",
        "coordinates": [
          103.7711297,
          1.3833813
        ]
      },
      "id": "node/6819222292"
    },
    {
      "type": "Feature",
      "properties": {
        "@id": "node/6819677131",
        "addr:city": "Singapore",
        "addr:housenumber": "266",
        "addr:postcode": "550266",
        "addr:street": "Serangoon Central Drive",
        "name": "Giant",
        "name:zh": "Giant超级",
        "shop": "supermarket"
      },
      "geometry": {
        "type": "Point",
        "coordinates": [
          103.8714468,
          1.3533018
        ]
      },
      "id": "node/6819677131"
    },
    {
      "type": "Feature",
      "properties": {
        "@id": "node/6819677140",
        "addr:city": "Singapore",
        "addr:housenumber": "683",
        "addr:postcode": "530683",
        "addr:street": "Hougang Avenue 8",
        "level": "0",
        "name": "Giant Hougang 683",
        "operator": "Giant",
        "shop": "supermarket"
      },
      "geometry": {
        "type": "Point",
        "coordinates": [
          103.8861522,
          1.3737908
        ]
      },
      "id": "node/6819677140"
    },
    {
      "type": "Feature",
      "properties": {
        "@id": "node/6819728732",
        "addr:city": "Singapore",
        "addr:housenumber": "9",
        "addr:postcode": "529286",
        "addr:street": "Tampines Street 32",
        "name": "Giant",
        "name:zh": "Giant超级",
        "shop": "supermarket"
      },
      "geometry": {
        "type": "Point",
        "coordinates": [
          103.9602606,
          1.3543836
        ]
      },
      "id": "node/6819728732"
    },
    {
      "type": "Feature",
      "properties": {
        "@id": "node/6819737323",
        "addr:city": "Singapore",
        "addr:housenumber": "440",
        "addr:postcode": "510440",
        "addr:street": "Pasir Ris Drive 4",
        "name": "Giant",
        "name:zh": "Giant超级",
        "shop": "supermarket",
        "wheelchair": "yes"
      },
      "geometry": {
        "type": "Point",
        "coordinates": [
          103.9585122,
          1.3690709
        ]
      },
      "id": "node/6819737323"
    },
    {
      "type": "Feature",
      "properties": {
        "@id": "node/6819737753",
        "addr:city": "Singapore",
        "addr:housenumber": "776",
        "addr:postcode": "510776",
        "addr:street": "Pasir Ris Street 71",
        "name": "Giant",
        "name:zh": "Giant超级",
        "shop": "supermarket"
      },
      "geometry": {
        "type": "Point",
        "coordinates": [
          103.9369813,
          1.3748971
        ]
      },
      "id": "node/6819737753"
    },
    {
      "type": "Feature",
      "properties": {
        "@id": "node/6819756338",
        "addr:city": "Singapore",
        "addr:housenumber": "259",
        "addr:postcode": "510259",
        "addr:street": "Pasir Ris Street 21",
        "name": "Giant",
        "name:zh": "Giant超级",
        "shop": "supermarket"
      },
      "geometry": {
        "type": "Point",
        "coordinates": [
          103.9645143,
          1.3663512
        ]
      },
      "id": "node/6819756338"
    },
    {
      "type": "Feature",
      "properties": {
        "@id": "node/6819764351",
        "addr:city": "Singapore",
        "addr:housenumber": "829",
        "addr:postcode": "520829",
        "addr:street": "Tampines Street 81",
        "name": "Giant",
        "name:zh": "Giant超级",
        "shop": "supermarket"
      },
      "geometry": {
        "type": "Point",
        "coordinates": [
          103.9348376,
          1.3492091
        ]
      },
      "id": "node/6819764351"
    },
    {
      "type": "Feature",
      "properties": {
        "@id": "node/6819785510",
        "addr:city": "Singapore",
        "addr:housenumber": "509",
        "addr:postcode": "460509",
        "addr:street": "Bedok North Street 3",
        "name": "Giant",
        "name:zh": "Giant超级",
        "shop": "supermarket"
      },
      "geometry": {
        "type": "Point",
        "coordinates": [
          103.9308648,
          1.3337835
        ]
      },
      "id": "node/6819785510"
    },
    {
      "type": "Feature",
      "properties": {
        "@id": "node/6819872136",
        "addr:city": "Singapore",
        "addr:housenumber": "60",
        "addr:postcode": "409051",
        "addr:street": "Paya Lebar Road",
        "level": "-1",
        "name": "Scarlett 思家客",
        "shop": "supermarket",
        "wheelchair": "yes"
      },
      "geometry": {
        "type": "Point",
        "coordinates": [
          103.8924825,
          1.3191162
        ]
      },
      "id": "node/6819872136"
    },
    {
      "type": "Feature",
      "properties": {
        "@id": "node/6819937475",
        "addr:city": "Singapore",
        "addr:housenumber": "56",
        "addr:postcode": "440056",
        "addr:street": "Marine Terrace",
        "name": "Giant",
        "name:zh": "Giant超级",
        "shop": "supermarket"
      },
      "geometry": {
        "type": "Point",
        "coordinates": [
          103.9154038,
          1.3056156
        ]
      },
      "id": "node/6819937475"
    },
    {
      "type": "Feature",
      "properties": {
        "@id": "node/6856660237",
        "level": "2",
        "name": "IKEA Swedish Food Market",
        "shop": "convenience",
        "wheelchair": "yes"
      },
      "geometry": {
        "type": "Point",
        "coordinates": [
          103.9325304,
          1.3735867
        ]
      },
      "id": "node/6856660237"
    },
    {
      "type": "Feature",
      "properties": {
        "@id": "node/6880552158",
        "addr:city": "Singapore",
        "addr:housenumber": "Blk 55 #01-399/401",
        "addr:postcode": "151055",
        "addr:street": "Lengkok Bahru",
        "fixme": "payment:No_Nets_or_CC = yes; payment:PayNow_or_PayLah = yes",
        "name": "Scootz",
        "note": "Provision shop at #01-401. Warehouse: Northland Industrial Building 2, 3 Woodlands Industrial Park E1, #06-04, Singapore 757726",
        "opening_hours": "Mo closed",
        "payment:cash": "yes",
        "shop": "convenience"
      },
      "geometry": {
        "type": "Point",
        "coordinates": [
          103.8134788,
          1.2873618
        ]
      },
      "id": "node/6880552158"
    },
    {
      "type": "Feature",
      "properties": {
        "@id": "node/6887550379",
        "addr:city": "Singapore",
        "addr:housenumber": "120",
        "addr:postcode": "750120",
        "addr:street": "Canberra Crescent",
        "name": "Ang Mo Supermarket",
        "operator": "Ang Mo",
        "payment:cash": "yes",
        "shop": "supermarket",
        "wheelchair": "limited"
      },
      "geometry": {
        "type": "Point",
        "coordinates": [
          103.8310112,
          1.4456364
        ]
      },
      "id": "node/6887550379"
    },
    {
      "type": "Feature",
      "properties": {
        "@id": "node/6887559776",
        "addr:city": "Singapore",
        "addr:housenumber": "279",
        "addr:postcode": "570279",
        "addr:street": "Bishan Street 24",
        "air_conditioning": "yes",
        "brand": "Ang Mo",
        "building:levels": "0",
        "check_date": "2023-01-02",
        "name": "Ang Mo Supermarket",
        "operator": "Ang Mo",
        "payment:cash": "yes",
        "shop": "supermarket",
        "wheelchair": "limited"
      },
      "geometry": {
        "type": "Point",
        "coordinates": [
          103.8442103,
          1.3580864
        ]
      },
      "id": "node/6887559776"
    },
    {
      "type": "Feature",
      "properties": {
        "@id": "node/6887559777",
        "addr:city": "Singapore",
        "addr:housenumber": "407",
        "addr:postcode": "560407",
        "addr:street": "Ang Mo Kio Avenue 10",
        "name": "Ang Mo Supermarket",
        "operator": "Ang Mo",
        "payment:cash": "yes",
        "shop": "supermarket",
        "wheelchair": "limited"
      },
      "geometry": {
        "type": "Point",
        "coordinates": [
          103.8554186,
          1.3618993
        ]
      },
      "id": "node/6887559777"
    },
    {
      "type": "Feature",
      "properties": {
        "@id": "node/6887559778",
        "addr:city": "Singapore",
        "addr:housenumber": "642",
        "addr:postcode": "530642",
        "addr:street": "Hougang Avenue 8",
        "name": "Ang Mo Supermarket",
        "operator": "Ang Mo",
        "payment:cash": "yes",
        "shop": "supermarket",
        "wheelchair": "limited"
      },
      "geometry": {
        "type": "Point",
        "coordinates": [
          103.8802545,
          1.3716327
        ]
      },
      "id": "node/6887559778"
    },
    {
      "type": "Feature",
      "properties": {
        "@id": "node/6887559779",
        "addr:city": "Singapore",
        "addr:housenumber": "639",
        "addr:postcode": "820639",
        "addr:street": "Punggol Drive",
        "name": "Ang Mo Supermarket",
        "operator": "Ang Mo",
        "payment:cash": "yes",
        "shop": "supermarket",
        "wheelchair": "limited"
      },
      "geometry": {
        "type": "Point",
        "coordinates": [
          103.9161651,
          1.3994303
        ]
      },
      "id": "node/6887559779"
    },
    {
      "type": "Feature",
      "properties": {
        "@id": "node/6887559780",
        "addr:city": "Singapore",
        "addr:housenumber": "196A",
        "addr:postcode": "821196",
        "addr:street": "Punggol Field",
        "level": "1",
        "name": "Ang Mo Supermarket",
        "name:zh": "宏茂超级市场",
        "operator": "Ang Mo",
        "payment:cash": "yes",
        "shop": "supermarket",
        "wheelchair": "limited"
      },
      "geometry": {
        "type": "Point",
        "coordinates": [
          103.9064796,
          1.3993974
        ]
      },
      "id": "node/6887559780"
    },
    {
      "type": "Feature",
      "properties": {
        "@id": "node/6895146922",
        "brand": "7-Eleven",
        "brand:wikidata": "Q259340",
        "brand:wikipedia": "en:7-Eleven",
        "name": "7-Eleven",
        "name:zh": "7-11便利店",
        "shop": "convenience"
      },
      "geometry": {
        "type": "Point",
        "coordinates": [
          103.8601957,
          1.2944945
        ]
      },
      "id": "node/6895146922"
    },
    {
      "type": "Feature",
      "properties": {
        "@id": "node/6930038185",
        "addr:city": "Singapore",
        "addr:country": "SG",
        "brand": "7-Eleven",
        "brand:wikidata": "Q259340",
        "brand:wikipedia": "en:7-Eleven",
        "check_date": "2024-05-09",
        "level": "0",
        "name": "7-Eleven",
        "name:zh": "7-11便利店",
        "shop": "convenience",
        "wheelchair": "yes"
      },
      "geometry": {
        "type": "Point",
        "coordinates": [
          103.84676,
          1.2845726
        ]
      },
      "id": "node/6930038185"
    },
    {
      "type": "Feature",
      "properties": {
        "@id": "node/6932017985",
        "brand": "7-Eleven",
        "brand:wikidata": "Q259340",
        "brand:wikipedia": "en:7-Eleven",
        "name": "7-Eleven",
        "name:fa": "سون الون",
        "name:zh": "7-11便利店",
        "opening_hours": "24/7",
        "shop": "convenience"
      },
      "geometry": {
        "type": "Point",
        "coordinates": [
          103.8624348,
          1.3079861
        ]
      },
      "id": "node/6932017985"
    },
    {
      "type": "Feature",
      "properties": {
        "@id": "node/6935689736",
        "addr:city": "Singapore",
        "addr:housenumber": "5",
        "addr:postcode": "130005",
        "addr:street": "Dover Crescent",
        "payment:cash": "yes",
        "shop": "convenience"
      },
      "geometry": {
        "type": "Point",
        "coordinates": [
          103.7825227,
          1.3041405
        ]
      },
      "id": "node/6935689736"
    },
    {
      "type": "Feature",
      "properties": {
        "@id": "node/6939018372",
        "brand": "7-Eleven",
        "brand:wikidata": "Q259340",
        "brand:wikipedia": "en:7-Eleven",
        "name": "7-Eleven",
        "name:zh": "7-11便利店",
        "shop": "convenience"
      },
      "geometry": {
        "type": "Point",
        "coordinates": [
          103.8492155,
          1.2884012
        ]
      },
      "id": "node/6939018372"
    },
    {
      "type": "Feature",
      "properties": {
        "@id": "node/6975908293",
        "addr:city": "Singapore",
        "addr:housenumber": "80",
        "addr:postcode": "449269",
        "addr:street": "Marine Parade Road",
        "level": "2",
        "name": "Cold Storage",
        "name:zh": "冷藏公司超市",
        "shop": "supermarket",
        "wheelchair": "yes"
      },
      "geometry": {
        "type": "Point",
        "coordinates": [
          103.9054998,
          1.3008369
        ]
      },
      "id": "node/6975908293"
    },
    {
      "type": "Feature",
      "properties": {
        "@id": "node/6976881192",
        "addr:city": "Singapore",
        "addr:housenumber": "80",
        "addr:postcode": "449269",
        "addr:street": "Marine Parade Road",
        "level": "3",
        "name": "Cold Storage",
        "name:zh": "冷藏公司超市",
        "shop": "supermarket",
        "wheelchair": "yes"
      },
      "geometry": {
        "type": "Point",
        "coordinates": [
          103.9054998,
          1.3008369
        ]
      },
      "id": "node/6976881192"
    },
    {
      "type": "Feature",
      "properties": {
        "@id": "node/6979554018",
        "brand": "7-Eleven",
        "brand:wikidata": "Q259340",
        "brand:wikipedia": "en:7-Eleven",
        "name": "7-Eleven",
        "name:zh": "7-11便利店",
        "shop": "convenience"
      },
      "geometry": {
        "type": "Point",
        "coordinates": [
          103.720077,
          1.3441026
        ]
      },
      "id": "node/6979554018"
    },
    {
      "type": "Feature",
      "properties": {
        "@id": "node/7005482945",
        "brand": "7-Eleven",
        "brand:wikidata": "Q259340",
        "brand:wikipedia": "en:7-Eleven",
        "check_date": "2024-04-04",
        "level": "0",
        "name": "7-Eleven",
        "name:zh": "7-11便利店",
        "opening_hours": "24/7",
        "shop": "convenience"
      },
      "geometry": {
        "type": "Point",
        "coordinates": [
          103.8433104,
          1.3199037
        ]
      },
      "id": "node/7005482945"
    },
    {
      "type": "Feature",
      "properties": {
        "@id": "node/7040000654",
        "addr:city": "Singapore",
        "addr:housenumber": "202",
        "addr:postcode": "730202",
        "addr:street": "Marsiling Drive",
        "addr:unit": "#01-138",
        "brand": "Sheng Siong",
        "brand:wikidata": "Q3481878",
        "brand:wikipedia": "en:Sheng Siong",
        "name": "Sheng Siong",
        "name:zh": "昇菘超市",
        "opening_hours": "24/7",
        "operator": "Sheng Siong",
        "shop": "supermarket"
      },
      "geometry": {
        "type": "Point",
        "coordinates": [
          103.7748706,
          1.4428927
        ]
      },
      "id": "node/7040000654"
    },
    {
      "type": "Feature",
      "properties": {
        "@id": "node/7049663481",
        "addr:street": "Selegie Road",
        "alt_name": "7-11",
        "brand": "7-Eleven",
        "brand:wikidata": "Q259340",
        "check_date": "2023-06-20",
        "name": "7-Eleven",
        "name:zh": "7-11便利店",
        "opening_hours": "24/7",
        "shop": "convenience"
      },
      "geometry": {
        "type": "Point",
        "coordinates": [
          103.849989,
          1.3036665
        ]
      },
      "id": "node/7049663481"
    },
    {
      "type": "Feature",
      "properties": {
        "@id": "node/7053716974",
        "addr:city": "Singapore",
        "brand": "Cheers",
        "brand:wikidata": "Q64154066",
        "level": "0",
        "name": "Cheers",
        "name:zh": "Cheers(雀喜)便利商店",
        "opening_hours": "24/7",
        "shop": "convenience"
      },
      "geometry": {
        "type": "Point",
        "coordinates": [
          103.8539341,
          1.2965756
        ]
      },
      "id": "node/7053716974"
    },
    {
      "type": "Feature",
      "properties": {
        "@id": "node/7053748487",
        "level": "1",
        "name": "Sri Murugan Trading",
        "shop": "convenience",
        "survey:date": "2020-11-20"
      },
      "geometry": {
        "type": "Point",
        "coordinates": [
          103.7556839,
          1.3363953
        ]
      },
      "id": "node/7053748487"
    },
    {
      "type": "Feature",
      "properties": {
        "@id": "node/7055976422",
        "brand": "7-Eleven",
        "brand:wikidata": "Q259340",
        "brand:wikipedia": "en:7-Eleven",
        "level": "0",
        "name": "7-Eleven",
        "name:zh": "7-11便利店",
        "shop": "convenience"
      },
      "geometry": {
        "type": "Point",
        "coordinates": [
          103.9317635,
          1.3726048
        ]
      },
      "id": "node/7055976422"
    },
    {
      "type": "Feature",
      "properties": {
        "@id": "node/7079734537",
        "addr:housenumber": "432 #01-440",
        "addr:street": "Balestier Road",
        "check_date": "2024-01-08",
        "name": "GG Mart",
        "shop": "convenience",
        "stroller": "limited",
        "wheelchair": "no"
      },
      "geometry": {
        "type": "Point",
        "coordinates": [
          103.8486257,
          1.3263796
        ]
      },
      "id": "node/7079734537"
    },
    {
      "type": "Feature",
      "properties": {
        "@id": "node/7082565853",
        "addr:city": "Singapore",
        "addr:country": "SG",
        "addr:housenumber": "1110",
        "addr:postcode": "449880",
        "addr:street": "East Coast Parkway",
        "addr:unit": "#01-01/02",
        "air_conditioning": "yes",
        "branch": "ECP Cyclist Park",
        "brand": "7-Eleven",
        "brand:wikidata": "Q259340",
        "brand:wikipedia": "en:7-Eleven",
        "brewery": "Heineken",
        "check_date": "2023-05-12",
        "email": "pr@7-eleven.com.sg",
        "level": "0",
        "name": "7-Eleven",
        "name:zh": "7-11便利店",
        "opening_hours": "24/7",
        "operator": "07:00-23:00",
        "payment:cash": "yes",
        "payment:credit_cards": "yes",
        "payment:debit_cards": "yes",
        "payment:mastercard": "yes",
        "payment:nets": "yes",
        "payment:visa": "yes",
        "shop": "convenience",
        "website": "https://www.facebook.com/7Eleven.Singapore/"
      },
      "geometry": {
        "type": "Point",
        "coordinates": [
          103.9238404,
          1.3043671
        ]
      },
      "id": "node/7082565853"
    },
    {
      "type": "Feature",
      "properties": {
        "@id": "node/7129649710",
        "addr:city": "Singapore",
        "addr:housenumber": "2",
        "addr:postcode": "238801",
        "addr:street": "Orchard Turn",
        "addr:unit": "#B2-72",
        "brand": "7-Eleven",
        "brand:wikidata": "Q259340",
        "brand:wikipedia": "en:7-Eleven",
        "name": "7-Eleven",
        "name:zh": "7-11便利店",
        "opening_hours": "Mo-Su 10:00-22:00",
        "payment:cash": "yes",
        "phone": "+65 65094839",
        "shop": "convenience",
        "website": "https://www.7-eleven.com.sg/"
      },
      "geometry": {
        "type": "Point",
        "coordinates": [
          103.8323083,
          1.3041442
        ]
      },
      "id": "node/7129649710"
    },
    {
      "type": "Feature",
      "properties": {
        "@id": "node/7129655562",
        "brand": "7-Eleven",
        "brand:wikidata": "Q259340",
        "brand:wikipedia": "en:7-Eleven",
        "building:levels": "1",
        "name": "7-Eleven",
        "name:zh": "7-11便利店",
        "opening_hours": "24/7",
        "operator": "7 11",
        "shop": "convenience",
        "wheelchair": "yes"
      },
      "geometry": {
        "type": "Point",
        "coordinates": [
          103.7761097,
          1.3424079
        ]
      },
      "id": "node/7129655562"
    },
    {
      "type": "Feature",
      "properties": {
        "@id": "node/7130042985",
        "addr:postcode": "150078",
        "level": "0",
        "name": "Hao mart",
        "shop": "convenience"
      },
      "geometry": {
        "type": "Point",
        "coordinates": [
          103.8185263,
          1.2884015
        ]
      },
      "id": "node/7130042985"
    },
    {
      "type": "Feature",
      "properties": {
        "@id": "node/7139407679",
        "addr:housenumber": "116",
        "addr:postcode": "320116",
        "addr:street": "Jalan Tenteram",
        "name": "Prime Supermarket",
        "opening_hours": "24/7",
        "operator": "Prime",
        "payment:app": "yes",
        "payment:cash": "yes",
        "payment:coins": "yes",
        "payment:contactless": "yes",
        "payment:credit_cards": "yes",
        "payment:debit_cards": "yes",
        "payment:mastercard": "yes",
        "payment:visa": "yes",
        "phone": "+65 6258 0496",
        "shop": "supermarket"
      },
      "geometry": {
        "type": "Point",
        "coordinates": [
          103.8611225,
          1.3278267
        ]
      },
      "id": "node/7139407679"
    },
    {
      "type": "Feature",
      "properties": {
        "@id": "node/7139429522",
        "addr:housenumber": "17",
        "addr:street": "Jalan Tenteram",
        "name": "Hao Mart",
        "shop": "supermarket"
      },
      "geometry": {
        "type": "Point",
        "coordinates": [
          103.8602173,
          1.3281476
        ]
      },
      "id": "node/7139429522"
    },
    {
      "type": "Feature",
      "properties": {
        "@id": "node/7141345782",
        "addr:city": "Singapore",
        "addr:housenumber": "34",
        "addr:postcode": "440034",
        "addr:street": "Marine Crescent #01-49",
        "name": "Marine Villa Express",
        "shop": "convenience"
      },
      "geometry": {
        "type": "Point",
        "coordinates": [
          103.9124606,
          1.303802
        ]
      },
      "id": "node/7141345782"
    },
    {
      "type": "Feature",
      "properties": {
        "@id": "node/7143735346",
        "addr:city": "Singapore",
        "addr:housenumber": "10",
        "addr:postcode": "258748",
        "addr:street": "Jalan Serene #02-09",
        "name": "Toy Station",
        "opening_hours": "Mo off; Tu-Sa 11:00-19:00",
        "shop": "supermarket"
      },
      "geometry": {
        "type": "Point",
        "coordinates": [
          103.8137376,
          1.3225742
        ]
      },
      "id": "node/7143735346"
    },
    {
      "type": "Feature",
      "properties": {
        "@id": "node/7158646337",
        "addr:city": "Singapore",
        "addr:housenumber": "361",
        "addr:postcode": "750361",
        "addr:street": "Sembawang Crescent",
        "name": "Ang Mo Supermarket",
        "operator": "Ang Mo",
        "payment:cash": "yes",
        "shop": "supermarket",
        "wheelchair": "limited"
      },
      "geometry": {
        "type": "Point",
        "coordinates": [
          103.8143512,
          1.4462194
        ]
      },
      "id": "node/7158646337"
    },
    {
      "type": "Feature",
      "properties": {
        "@id": "node/7162237585",
        "addr:city": "Singapore",
        "addr:country": "SG",
        "addr:housenumber": "15",
        "addr:postcode": "589824",
        "addr:street": "Binjai Park",
        "brand": "FairPrice Xpress",
        "brand:wikidata": "Q6955519",
        "fax": "+65 64693727",
        "name": "NTUC Fairprice",
        "opening_hours": "Mo-Fr 09:00-18:00; Sa 09:00-13:00; Su 09:30-11:00",
        "phone": "+65 64693737",
        "shop": "supermarket"
      },
      "geometry": {
        "type": "Point",
        "coordinates": [
          103.7868805,
          1.3361915
        ]
      },
      "id": "node/7162237585"
    },
    {
      "type": "Feature",
      "properties": {
        "@id": "node/7196776996",
        "name": "Ai Jai Grocery & Minimart",
        "shop": "convenience"
      },
      "geometry": {
        "type": "Point",
        "coordinates": [
          103.9190219,
          1.3267877
        ]
      },
      "id": "node/7196776996"
    },
    {
      "type": "Feature",
      "properties": {
        "@id": "node/7232166459",
        "addr:city": "Singapore",
        "addr:housenumber": "263",
        "addr:postcode": "540263",
        "addr:street": "Compassvale Street",
        "check_date": "2026-02-18",
        "name": "Prime",
        "opening_hours": "24/7",
        "payment:cash": "yes",
        "payment:credit_cards": "yes",
        "payment:debit_cards": "yes",
        "shop": "supermarket",
        "website": "https://www.primesupermarket.com",
        "wheelchair": "yes"
      },
      "geometry": {
        "type": "Point",
        "coordinates": [
          103.8959287,
          1.3952215
        ]
      },
      "id": "node/7232166459"
    },
    {
      "type": "Feature",
      "properties": {
        "@id": "node/7234506585",
        "addr:city": "Singapore",
        "addr:housenumber": "2",
        "addr:postcode": "238801",
        "addr:street": "Orchard Turn",
        "air_conditioning": "yes",
        "name": "Jasons Deli",
        "opening_hours": "Mo-Su 10:00-22:00",
        "operator": "Dairy Farm",
        "payment:american_express": "yes",
        "payment:cash": "yes",
        "payment:coins": "yes",
        "payment:contactless": "yes",
        "payment:credit_cards": "yes",
        "payment:debit_cards": "yes",
        "payment:mastercard": "yes",
        "payment:notes": "yes",
        "payment:visa": "yes",
        "second_hand": "no",
        "shop": "convenience"
      },
      "geometry": {
        "type": "Point",
        "coordinates": [
          103.8316123,
          1.3040771
        ]
      },
      "id": "node/7234506585"
    },
    {
      "type": "Feature",
      "properties": {
        "@id": "node/7256025190",
        "brand": "Sheng Siong",
        "brand:wikidata": "Q3481878",
        "brand:wikipedia": "en:Sheng Siong",
        "name": "Sheng Siong",
        "name:zh": "昇菘超市",
        "shop": "supermarket"
      },
      "geometry": {
        "type": "Point",
        "coordinates": [
          103.7759132,
          1.4353435
        ]
      },
      "id": "node/7256025190"
    },
    {
      "type": "Feature",
      "properties": {
        "@id": "node/7283605843",
        "brand": "7-Eleven",
        "brand:wikidata": "Q259340",
        "name": "7-Eleven",
        "name:zh": "7-11便利店",
        "shop": "convenience",
        "wheelchair": "limited"
      },
      "geometry": {
        "type": "Point",
        "coordinates": [
          103.8105454,
          1.2812461
        ]
      },
      "id": "node/7283605843"
    },
    {
      "type": "Feature",
      "properties": {
        "@id": "node/7302271622",
        "addr:city": "Singapore",
        "addr:country": "SG",
        "addr:housenumber": "920",
        "addr:postcode": "449875",
        "addr:street": "East Coast Parkway",
        "addr:unit": "#01-01",
        "email": "MCPLGN@cheersstore.com",
        "name": "Cheers",
        "name:zh": "Cheers(雀喜)便利商店",
        "opening_hours": "Su-Th,Ph 07:00-21:00;Fr,Sa, 07:00-23:00",
        "phone": "+65 6342 0266",
        "shop": "convenience",
        "website": "http://www.cheersstore.com/"
      },
      "geometry": {
        "type": "Point",
        "coordinates": [
          103.9077224,
          1.3000215
        ]
      },
      "id": "node/7302271622"
    },
    {
      "type": "Feature",
      "properties": {
        "@id": "node/7302286632",
        "name": "Hao Mart",
        "shop": "supermarket"
      },
      "geometry": {
        "type": "Point",
        "coordinates": [
          103.8295881,
          1.3730856
        ]
      },
      "id": "node/7302286632"
    },
    {
      "type": "Feature",
      "properties": {
        "@id": "node/7353896557",
        "addr:city": "Singapore",
        "addr:housenumber": "1",
        "addr:postcode": "237994",
        "addr:street": "Kim Seng Promenade",
        "air_conditioning": "yes",
        "currency:SGD": "yes",
        "fax": "+65 6235 4079",
        "level": "-2",
        "name": "Meidi-Ya",
        "name:ja": "明治屋",
        "name:ja-Latn": "Meiji-ya",
        "opening_hours": "Mo-Su 10:00-22:00",
        "phone": "+65 6771 1111",
        "shop": "supermarket",
        "website": "http://www.meidi-ya.com.sg/",
        "wikidata": "Q11512349",
        "wikimedia_commons": "Category:Meidi-Ya",
        "wikipedia": "en:Meidi-Ya"
      },
      "geometry": {
        "type": "Point",
        "coordinates": [
          103.8319923,
          1.2939643
        ]
      },
      "id": "node/7353896557"
    },
    {
      "type": "Feature",
      "properties": {
        "@id": "node/7451059488",
        "addr:housenumber": "662",
        "addr:street": "Buffalo Road",
        "addr:unit": "#01-19",
        "check_date": "2024-11-24",
        "name": "Selvi Stores",
        "shop": "supermarket"
      },
      "geometry": {
        "type": "Point",
        "coordinates": [
          103.8500303,
          1.3061466
        ]
      },
      "id": "node/7451059488"
    },
    {
      "type": "Feature",
      "properties": {
        "@id": "node/7512005961",
        "addr:city": "Singapore",
        "addr:housenumber": "649",
        "addr:postcode": "411649",
        "addr:street": "Jalan Tenaga",
        "name": "Tenaga mini mart",
        "opening_hours": "Sa-Th 10:00-20:00; Fr 16:30 - 20:00",
        "payment:cash": "yes",
        "payment:coins": "yes",
        "payment:debit_cards": "yes",
        "payment:notes": "yes",
        "shop": "convenience"
      },
      "geometry": {
        "type": "Point",
        "coordinates": [
          103.9061071,
          1.3323285
        ]
      },
      "id": "node/7512005961"
    },
    {
      "type": "Feature",
      "properties": {
        "@id": "node/7513336021",
        "addr:housenumber": "735",
        "addr:postcode": "640735",
        "addr:street": "Jurong West Street 75",
        "air_conditioning": "yes",
        "brand": "7-Eleven",
        "brand:wikidata": "Q259340",
        "brand:wikipedia": "en:7-Eleven",
        "name": "7-Eleven",
        "name:zh": "7-11便利店",
        "opening_hours": "24/7",
        "payment:apple_pay": "yes",
        "payment:cards": "yes",
        "payment:cash": "yes",
        "shop": "convenience"
      },
      "geometry": {
        "type": "Point",
        "coordinates": [
          103.7008018,
          1.3458874
        ]
      },
      "id": "node/7513336021"
    },
    {
      "type": "Feature",
      "properties": {
        "@id": "node/7528488886",
        "brand": "7-Eleven",
        "brand:wikidata": "Q259340",
        "name": "7-Eleven",
        "name:zh": "7-11便利店",
        "shop": "convenience"
      },
      "geometry": {
        "type": "Point",
        "coordinates": [
          103.9220124,
          1.337581
        ]
      },
      "id": "node/7528488886"
    },
    {
      "type": "Feature",
      "properties": {
        "@id": "node/7616935702",
        "brand": "Cheers",
        "brand:wikidata": "Q64154066",
        "level": "1",
        "name": "Cheers",
        "name:zh": "Cheers(雀喜)便利商店",
        "opening_hours": "24/7",
        "shop": "convenience"
      },
      "geometry": {
        "type": "Point",
        "coordinates": [
          103.9292908,
          1.324381
        ]
      },
      "id": "node/7616935702"
    },
    {
      "type": "Feature",
      "properties": {
        "@id": "node/7627751987",
        "brand": "Cheers",
        "brand:wikidata": "Q64154066",
        "name": "Cheers",
        "name:zh": "Cheers(雀喜)便利商店",
        "opening_hours": "24/7",
        "shop": "convenience"
      },
      "geometry": {
        "type": "Point",
        "coordinates": [
          103.7442599,
          1.347451
        ]
      },
      "id": "node/7627751987"
    },
    {
      "type": "Feature",
      "properties": {
        "@id": "node/7627757986",
        "name": "Wet Market",
        "name:ms": "Pasar Basah",
        "shop": "supermarket"
      },
      "geometry": {
        "type": "Point",
        "coordinates": [
          103.7438535,
          1.3473084
        ]
      },
      "id": "node/7627757986"
    },
    {
      "type": "Feature",
      "properties": {
        "@id": "node/7693363394",
        "name": "Sheng Siong",
        "name:zh": "昇菘超市",
        "shop": "supermarket"
      },
      "geometry": {
        "type": "Point",
        "coordinates": [
          103.7550894,
          1.3443716
        ]
      },
      "id": "node/7693363394"
    },
    {
      "type": "Feature",
      "properties": {
        "@id": "node/7728528992",
        "alt_name": "7-11",
        "brand": "7-Eleven",
        "brand:wikidata": "Q259340",
        "name": "7-Eleven",
        "name:zh": "7-11便利店",
        "shop": "convenience"
      },
      "geometry": {
        "type": "Point",
        "coordinates": [
          103.6974449,
          1.3419953
        ]
      },
      "id": "node/7728528992"
    },
    {
      "type": "Feature",
      "properties": {
        "@id": "node/7731052994",
        "layer": "-1",
        "level": "-1",
        "name": "888 Triple Eight Minimart",
        "shop": "convenience"
      },
      "geometry": {
        "type": "Point",
        "coordinates": [
          103.7755159,
          1.341684
        ]
      },
      "id": "node/7731052994"
    },
    {
      "type": "Feature",
      "properties": {
        "@id": "node/7750359954",
        "addr:city": "Singapore",
        "addr:housenumber": "135",
        "addr:postcode": "600135",
        "addr:street": "Jurong Gateway Road",
        "brand": "NTUC Fairprice",
        "brand:wikidata": "Q6955519",
        "brand:wikipedia": "en:NTUC FairPrice",
        "name": "NTUC FairPrice",
        "name:en": "NTUC FairPrice",
        "name:zh": "职总平价超市",
        "shop": "supermarket"
      },
      "geometry": {
        "type": "Point",
        "coordinates": [
          103.7403709,
          1.334117
        ]
      },
      "id": "node/7750359954"
    },
    {
      "type": "Feature",
      "properties": {
        "@id": "node/7773243303",
        "addr:city": "Singapore",
        "addr:housenumber": "338",
        "addr:street": "Ang Mo Kio Street 32",
        "name": "Jmart",
        "shop": "supermarket"
      },
      "geometry": {
        "type": "Point",
        "coordinates": [
          103.8489685,
          1.364222
        ]
      },
      "id": "node/7773243303"
    },
    {
      "type": "Feature",
      "properties": {
        "@id": "node/7773260154",
        "shop": "convenience"
      },
      "geometry": {
        "type": "Point",
        "coordinates": [
          103.8727391,
          1.3700677
        ]
      },
      "id": "node/7773260154"
    },
    {
      "type": "Feature",
      "properties": {
        "@id": "node/7821675218",
        "brand": "Cheers",
        "brand:wikidata": "Q64154066",
        "name": "Cheers",
        "name:zh": "Cheers(雀喜)便利商店",
        "opening_hours": "24/7",
        "shop": "convenience"
      },
      "geometry": {
        "type": "Point",
        "coordinates": [
          103.7236849,
          1.3510908
        ]
      },
      "id": "node/7821675218"
    },
    {
      "type": "Feature",
      "properties": {
        "@id": "node/7821675341",
        "shop": "convenience"
      },
      "geometry": {
        "type": "Point",
        "coordinates": [
          103.7527469,
          1.3371952
        ]
      },
      "id": "node/7821675341"
    },
    {
      "type": "Feature",
      "properties": {
        "@id": "node/7840444151",
        "name": "Petti Shop",
        "shop": "convenience"
      },
      "geometry": {
        "type": "Point",
        "coordinates": [
          103.8516787,
          1.3066017
        ]
      },
      "id": "node/7840444151"
    },
    {
      "type": "Feature",
      "properties": {
        "@id": "node/7851557778",
        "addr:housenumber": "30",
        "addr:street": "Race Course Road",
        "name": "Annai Marketing",
        "shop": "convenience"
      },
      "geometry": {
        "type": "Point",
        "coordinates": [
          103.8506453,
          1.3079012
        ]
      },
      "id": "node/7851557778"
    },
    {
      "type": "Feature",
      "properties": {
        "@id": "node/7883268941",
        "addr:city": "Singapore",
        "addr:housenumber": "6",
        "addr:postcode": "271006",
        "addr:street": "Holland Close",
        "name": "H M Hussain",
        "opening_hours": "Mo-Su 06:30-23:30",
        "shop": "convenience"
      },
      "geometry": {
        "type": "Point",
        "coordinates": [
          103.7956057,
          1.307321
        ]
      },
      "id": "node/7883268941"
    },
    {
      "type": "Feature",
      "properties": {
        "@id": "node/7908930034",
        "brand": "7-Eleven",
        "brand:wikidata": "Q259340",
        "name": "7-Eleven",
        "name:zh": "7-11便利店",
        "shop": "convenience"
      },
      "geometry": {
        "type": "Point",
        "coordinates": [
          103.8606151,
          1.3130883
        ]
      },
      "id": "node/7908930034"
    },
    {
      "type": "Feature",
      "properties": {
        "@id": "node/8071596346",
        "name": "7-Eleven",
        "name:zh": "7-11便利店",
        "shop": "convenience"
      },
      "geometry": {
        "type": "Point",
        "coordinates": [
          103.8547866,
          1.312229
        ]
      },
      "id": "node/8071596346"
    },
    {
      "type": "Feature",
      "properties": {
        "@id": "node/8071622514",
        "addr:street": "Dunlop Road",
        "diet:halal": "yes",
        "name": "Haniffa",
        "shop": "supermarket"
      },
      "geometry": {
        "type": "Point",
        "coordinates": [
          103.8526085,
          1.3058966
        ]
      },
      "id": "node/8071622514"
    },
    {
      "type": "Feature",
      "properties": {
        "@id": "node/8108577830",
        "name": "Choices",
        "shop": "convenience"
      },
      "geometry": {
        "type": "Point",
        "coordinates": [
          103.8193579,
          1.3232432
        ]
      },
      "id": "node/8108577830"
    },
    {
      "type": "Feature",
      "properties": {
        "@id": "node/8150844098",
        "addr:city": "Singapore",
        "addr:country": "SG",
        "addr:housenumber": "912",
        "addr:street": "Upper Thomson Road",
        "brand": "7-Eleven",
        "brand:wikidata": "Q259340",
        "name": "7-Eleven",
        "name:zh": "7-11便利店",
        "shop": "convenience"
      },
      "geometry": {
        "type": "Point",
        "coordinates": [
          103.8181031,
          1.3989584
        ]
      },
      "id": "node/8150844098"
    },
    {
      "type": "Feature",
      "properties": {
        "@id": "node/8181546070",
        "addr:city": "Singapore",
        "addr:housenumber": "9",
        "addr:postcode": "039596",
        "addr:street": "Raffles Boulevard",
        "air_conditioning": "yes",
        "currency:SGD": "yes",
        "level": "1;2",
        "name": "Meidi-Ya",
        "name:en": "Meidi-Ya",
        "name:ja": "明治屋",
        "opening_hours": "Mo-Fr 10:30-21:30; Sa-Su,PH 10:00-21:30",
        "phone": "+65 6339 1111",
        "second_hand": "no",
        "shop": "supermarket",
        "start_date": "2020-11-25",
        "stroller": "yes",
        "website": "https://www.meidi-ya.com.sg/",
        "wheelchair": "yes",
        "wikidata": "Q11512349",
        "wikimedia_commons": "Category:Meidi-Ya",
        "wikipedia": "en:Meidi-Ya"
      },
      "geometry": {
        "type": "Point",
        "coordinates": [
          103.8595448,
          1.2918384
        ]
      },
      "id": "node/8181546070"
    },
    {
      "type": "Feature",
      "properties": {
        "@id": "node/8182543273",
        "addr:city": "Singapore",
        "addr:housenumber": "1",
        "addr:postcode": "099253",
        "addr:street": "Maritime Square",
        "air_conditioning": "yes",
        "currency:SGD": "yes",
        "level": "2",
        "name": "Don Don Donki",
        "name:ja": "ドン ドン ドンキ",
        "opening_hours": "Mo-Su 10:00-23:00",
        "payment:american_express": "yes",
        "payment:cash": "yes",
        "payment:coins": "yes",
        "payment:contactless": "yes",
        "payment:credit_cards": "yes",
        "payment:debit_cards": "yes",
        "payment:mastercard": "yes",
        "payment:notes": "yes",
        "payment:visa": "yes",
        "phone": "+65 6261 1211",
        "second_hand": "no",
        "shop": "supermarket",
        "website": "https://www.dondondonki.com/sg/",
        "wheelchair": "yes"
      },
      "geometry": {
        "type": "Point",
        "coordinates": [
          103.8202252,
          1.2635544
        ]
      },
      "id": "node/8182543273"
    },
    {
      "type": "Feature",
      "properties": {
        "@id": "node/8184564127",
        "addr:city": "Singapore",
        "addr:postcode": "189562",
        "air_conditioning": "yes",
        "currency:SGD": "yes",
        "level": "-1",
        "name": "HAO Eccellente",
        "opening_hours": "Mo-Su 08:00-22:00",
        "payment:american_express": "yes",
        "payment:cash": "yes",
        "payment:coins": "yes",
        "payment:credit_cards": "yes",
        "payment:notes": "yes",
        "shop": "supermarket",
        "website": "https://www.haomart.com.sg/eccellente/"
      },
      "geometry": {
        "type": "Point",
        "coordinates": [
          103.855349,
          1.293658
        ]
      },
      "id": "node/8184564127"
    },
    {
      "type": "Feature",
      "properties": {
        "@id": "node/8199101434",
        "addr:housename": "Enterprise Hub",
        "addr:housenumber": "48",
        "addr:street": "Toh Guan Road East",
        "level": "1",
        "shop": "convenience"
      },
      "geometry": {
        "type": "Point",
        "coordinates": [
          103.7539333,
          1.3372937
        ]
      },
      "id": "node/8199101434"
    },
    {
      "type": "Feature",
      "properties": {
        "@id": "node/8208601386",
        "name": "王家莊迷你超级市场",
        "shop": "convenience"
      },
      "geometry": {
        "type": "Point",
        "coordinates": [
          103.9373019,
          1.3515591
        ]
      },
      "id": "node/8208601386"
    },
    {
      "type": "Feature",
      "properties": {
        "@id": "node/8208601387",
        "addr:unit": "#01-70",
        "name": "iEcon",
        "name:zh": "宜康",
        "official_name": "Tai Yee Trading",
        "shop": "convenience"
      },
      "geometry": {
        "type": "Point",
        "coordinates": [
          103.9372563,
          1.3515779
        ]
      },
      "id": "node/8208601387"
    },
    {
      "type": "Feature",
      "properties": {
        "@id": "node/8208607238",
        "brand": "7-Eleven",
        "brand:wikidata": "Q259340",
        "name": "7-Eleven",
        "name:zh": "7-11便利店",
        "shop": "convenience"
      },
      "geometry": {
        "type": "Point",
        "coordinates": [
          103.9403266,
          1.357477
        ]
      },
      "id": "node/8208607238"
    },
    {
      "type": "Feature",
      "properties": {
        "@id": "node/8208629140",
        "addr:city": "Singapore",
        "addr:country": "SG",
        "addr:housenumber": "602A",
        "addr:neighbourhood": "Tampines GreenRidges",
        "addr:postcode": "521602",
        "addr:street": "Tampines Avenue 9",
        "air_conditioning": "yes",
        "brand": "Sheng Siong",
        "brand:wikidata": "Q3481878",
        "brand:wikipedia": "en:Sheng Siong",
        "height": "4",
        "layer": "-1",
        "name": "Sheng Siong",
        "name:zh": "昇菘超市",
        "opening_hours": "24/7",
        "operator": "Sheng Siong Pte Ltd",
        "payment:cash": "yes",
        "payment:credit_cards": "yes",
        "payment:mastercard": "yes",
        "payment:visa": "yes",
        "shop": "supermarket"
      },
      "geometry": {
        "type": "Point",
        "coordinates": [
          103.9374407,
          1.3610846
        ]
      },
      "id": "node/8208629140"
    },
    {
      "type": "Feature",
      "properties": {
        "@id": "node/8209602270",
        "addr:city": "Singapore",
        "addr:country": "SG",
        "addr:housenumber": "1",
        "addr:street": "Tampines Avenue 8",
        "brand": "Star Mart",
        "brand:wikidata": "Q61994857",
        "name": "Star Mart",
        "shop": "convenience",
        "source": "Kaart Ground Survey 2017"
      },
      "geometry": {
        "type": "Point",
        "coordinates": [
          103.9282581,
          1.3495058
        ]
      },
      "id": "node/8209602270"
    },
    {
      "type": "Feature",
      "properties": {
        "@id": "node/8223862809",
        "addr:street": "Outram Road",
        "brand": "Shell Select",
        "brand:wikidata": "Q110716465",
        "brand:wikipedia": "en:Royal Dutch Shell",
        "building": "yes",
        "name": "Shell Select",
        "shop": "convenience",
        "source": "Kaart Ground Survey 2017"
      },
      "geometry": {
        "type": "Point",
        "coordinates": [
          103.8344284,
          1.2867909
        ]
      },
      "id": "node/8223862809"
    },
    {
      "type": "Feature",
      "properties": {
        "@id": "node/8223864775",
        "addr:city": "Singapore",
        "addr:country": "SG",
        "addr:housenumber": "397",
        "addr:postcode": "169630",
        "addr:street": "Havelock Road",
        "building": "yes",
        "name": "Choices",
        "shop": "convenience",
        "source": "Kaart Ground Survey 2017"
      },
      "geometry": {
        "type": "Point",
        "coordinates": [
          103.8379609,
          1.2884085
        ]
      },
      "id": "node/8223864775"
    },
    {
      "type": "Feature",
      "properties": {
        "@id": "node/8226146716",
        "brand": "NTUC Fairprice",
        "brand:wikidata": "Q6955519",
        "brand:wikipedia": "en:NTUC FairPrice",
        "name": "NTUC Fairprice",
        "name:en": "NTUC FairPrice",
        "name:zh": "职总平价超市",
        "shop": "supermarket"
      },
      "geometry": {
        "type": "Point",
        "coordinates": [
          103.6779931,
          1.3271466
        ]
      },
      "id": "node/8226146716"
    },
    {
      "type": "Feature",
      "properties": {
        "@id": "node/8233160393",
        "brand": "Cheers",
        "brand:wikidata": "Q64154066",
        "name": "Cheers",
        "name:zh": "Cheers(雀喜)便利商店",
        "opening_hours": "24/7",
        "shop": "convenience"
      },
      "geometry": {
        "type": "Point",
        "coordinates": [
          103.9126426,
          1.3210315
        ]
      },
      "id": "node/8233160393"
    },
    {
      "type": "Feature",
      "properties": {
        "@id": "node/8233160394",
        "brand": "7-Eleven",
        "brand:wikidata": "Q259340",
        "brand:wikipedia": "en:7-Eleven",
        "name": "7-Eleven",
        "name:zh": "7-11便利店",
        "shop": "convenience"
      },
      "geometry": {
        "type": "Point",
        "coordinates": [
          103.9124273,
          1.3203859
        ]
      },
      "id": "node/8233160394"
    },
    {
      "type": "Feature",
      "properties": {
        "@id": "node/8254154680",
        "addr:city": "Singapore",
        "addr:housenumber": "455",
        "addr:postcode": "790455",
        "addr:street": "Sengkang West Avenue",
        "brand": "Sheng Siong",
        "brand:wikidata": "Q3481878",
        "brand:wikipedia": "en:Sheng Siong",
        "name": "Sheng Siong",
        "name:zh": "昇菘超市",
        "opening_hours": "24/7",
        "operator": "Sheng Siong",
        "shop": "supermarket",
        "wheelchair": "yes"
      },
      "geometry": {
        "type": "Point",
        "coordinates": [
          103.871457,
          1.3918936
        ]
      },
      "id": "node/8254154680"
    },
    {
      "type": "Feature",
      "properties": {
        "@id": "node/8266903961",
        "brand": "7-Eleven",
        "brand:wikidata": "Q259340",
        "name": "7-Eleven",
        "name:zh": "7-11便利店",
        "opening_hours": "24/7",
        "shop": "convenience"
      },
      "geometry": {
        "type": "Point",
        "coordinates": [
          103.8519188,
          1.3081933
        ]
      },
      "id": "node/8266903961"
    },
    {
      "type": "Feature",
      "properties": {
        "@id": "node/8266907110",
        "addr:housenumber": "651",
        "addr:street": "Jurong West Street 41",
        "check_date": "2025-06-03",
        "internet_access": "no",
        "level": "0",
        "name": "Li Li Cheng Minimart",
        "opening_hours": "24/7",
        "payment:cash": "yes",
        "payment:nets": "yes",
        "shop": "convenience",
        "wheelchair": "limited"
      },
      "geometry": {
        "type": "Point",
        "coordinates": [
          103.6973856,
          1.3372872
        ]
      },
      "id": "node/8266907110"
    },
    {
      "type": "Feature",
      "properties": {
        "@id": "node/8362831997",
        "brand": "Star Mart",
        "name": "Star Mart",
        "shop": "convenience"
      },
      "geometry": {
        "type": "Point",
        "coordinates": [
          103.8269649,
          1.3250426
        ]
      },
      "id": "node/8362831997"
    },
    {
      "type": "Feature",
      "properties": {
        "@id": "node/8427208513",
        "shop": "convenience"
      },
      "geometry": {
        "type": "Point",
        "coordinates": [
          103.8562412,
          1.3263838
        ]
      },
      "id": "node/8427208513"
    },
    {
      "type": "Feature",
      "properties": {
        "@id": "node/8460359371",
        "name": "Buzz",
        "shop": "convenience",
        "toilets": "no"
      },
      "geometry": {
        "type": "Point",
        "coordinates": [
          103.8266624,
          1.2858598
        ]
      },
      "id": "node/8460359371"
    },
    {
      "type": "Feature",
      "properties": {
        "@id": "node/8474547229",
        "level": "1",
        "name": "Triple H Kiosk",
        "shop": "convenience"
      },
      "geometry": {
        "type": "Point",
        "coordinates": [
          103.9125762,
          1.3939175
        ]
      },
      "id": "node/8474547229"
    },
    {
      "type": "Feature",
      "properties": {
        "@id": "node/8474547240",
        "brand": "Cheers",
        "brand:wikidata": "Q64154066",
        "level": "0",
        "name": "Cheers",
        "name:zh": "Cheers(雀喜)便利商店",
        "opening_hours": "24/7",
        "shop": "convenience"
      },
      "geometry": {
        "type": "Point",
        "coordinates": [
          103.9129612,
          1.3940803
        ]
      },
      "id": "node/8474547240"
    },
    {
      "type": "Feature",
      "properties": {
        "@id": "node/8474835242",
        "level": "0",
        "name": "Prime",
        "shop": "supermarket"
      },
      "geometry": {
        "type": "Point",
        "coordinates": [
          103.9090457,
          1.3963709
        ]
      },
      "id": "node/8474835242"
    },
    {
      "type": "Feature",
      "properties": {
        "@id": "node/8474835244",
        "level": "1",
        "shop": "convenience"
      },
      "geometry": {
        "type": "Point",
        "coordinates": [
          103.9089802,
          1.3968685
        ]
      },
      "id": "node/8474835244"
    },
    {
      "type": "Feature",
      "properties": {
        "@id": "node/8496654288",
        "level": "0",
        "name": "Papercup Market Place",
        "shop": "convenience"
      },
      "geometry": {
        "type": "Point",
        "coordinates": [
          103.9024878,
          1.3194209
        ]
      },
      "id": "node/8496654288"
    },
    {
      "type": "Feature",
      "properties": {
        "@id": "node/8496654293",
        "brand": "7-Eleven",
        "brand:wikidata": "Q259340",
        "diet:halal": "yes",
        "name": "7-Eleven",
        "name:zh": "7-11便利店",
        "shop": "convenience",
        "wheelchair": "yes"
      },
      "geometry": {
        "type": "Point",
        "coordinates": [
          103.9023603,
          1.3197023
        ]
      },
      "id": "node/8496654293"
    },
    {
      "type": "Feature",
      "properties": {
        "@id": "node/8496654300",
        "name": "Smiles Eunos",
        "shop": "convenience"
      },
      "geometry": {
        "type": "Point",
        "coordinates": [
          103.9042471,
          1.3212754
        ]
      },
      "id": "node/8496654300"
    },
    {
      "type": "Feature",
      "properties": {
        "@id": "node/8505795942",
        "name": "Pao Fu",
        "shop": "convenience"
      },
      "geometry": {
        "type": "Point",
        "coordinates": [
          103.8145259,
          1.2885142
        ]
      },
      "id": "node/8505795942"
    },
    {
      "type": "Feature",
      "properties": {
        "@id": "node/8514439927",
        "addr:city": "Singapore",
        "addr:housenumber": "50",
        "addr:postcode": "608549",
        "addr:street": "Jurong Gateway Road",
        "addr:unit": "#02-24/46;#03-27/29",
        "alt_name": "Don Quixote",
        "level": "1;2",
        "name": "DON DON DONKI Jem",
        "name:ja": "ドン・ドン・ドンキ",
        "opening_hours": "Mo-Su 09:00-00:00",
        "phone": "+65 6694 1011",
        "shop": "supermarket",
        "website": "https://www.dondondonki.com/sg/"
      },
      "geometry": {
        "type": "Point",
        "coordinates": [
          103.7430876,
          1.3327906
        ]
      },
      "id": "node/8514439927"
    },
    {
      "type": "Feature",
      "properties": {
        "@id": "node/8526792784",
        "brand": "7-Eleven",
        "brand:wikidata": "Q259340",
        "level": "0",
        "name": "7-Eleven",
        "name:zh": "7-11便利店",
        "opening_hours": "07:00-23:00",
        "shop": "convenience",
        "wheelchair": "yes"
      },
      "geometry": {
        "type": "Point",
        "coordinates": [
          103.8456916,
          1.2978099
        ]
      },
      "id": "node/8526792784"
    },
    {
      "type": "Feature",
      "properties": {
        "@id": "node/8526971984",
        "addr:city": "Singapore",
        "addr:housenumber": "10",
        "addr:postcode": "408600",
        "addr:street": "Eunos Road 8",
        "addr:unit": "#01-105",
        "air_conditioning": "yes",
        "brand": "7-Eleven",
        "brand:wikidata": "Q259340",
        "brand:wikipedia": "en:7-Eleven",
        "level": "0",
        "name": "7-Eleven",
        "name:zh": "7-11便利店",
        "opening_hours": "24/7",
        "shop": "convenience",
        "website": "https://www.7-eleven.com.sg/"
      },
      "geometry": {
        "type": "Point",
        "coordinates": [
          103.8935142,
          1.3189362
        ]
      },
      "id": "node/8526971984"
    },
    {
      "type": "Feature",
      "properties": {
        "@id": "node/8526971996",
        "addr:city": "Singapore",
        "addr:housenumber": "10",
        "addr:postcode": "409057",
        "addr:street": "Paya Lebar Road",
        "addr:unit": "#B2-09",
        "level": "-2",
        "name": "NTUC FairPrice Finest",
        "name:zh": "职总平价精品超市",
        "opening_hours": "Mo-Su 07:00-23:00",
        "shop": "supermarket"
      },
      "geometry": {
        "type": "Point",
        "coordinates": [
          103.8929956,
          1.317775
        ]
      },
      "id": "node/8526971996"
    },
    {
      "type": "Feature",
      "properties": {
        "@id": "node/8526972000",
        "addr:city": "Singapore",
        "addr:housenumber": "30",
        "addr:postcode": "409006",
        "addr:street": "Paya Lebar Road",
        "addr:unit": "#01-11/12",
        "brand": "Cheers",
        "brand:wikidata": "Q64154066",
        "level": "0",
        "name": "Cheers",
        "name:zh": "Cheers(雀喜)便利商店",
        "opening_hours": "Mo-Su 07:00-23:00",
        "shop": "convenience",
        "website": "https://cheers.com.sg/",
        "wheelchair": "no"
      },
      "geometry": {
        "type": "Point",
        "coordinates": [
          103.8932833,
          1.3182708
        ]
      },
      "id": "node/8526972000"
    },
    {
      "type": "Feature",
      "properties": {
        "@id": "node/8556122306",
        "brand": "Cheers",
        "brand:wikidata": "Q64154066",
        "level": "-1",
        "name": "Cheers",
        "name:zh": "Cheers(雀喜)便利商店",
        "opening_hours": "24/7",
        "shop": "convenience"
      },
      "geometry": {
        "type": "Point",
        "coordinates": [
          103.8490966,
          1.3693675
        ]
      },
      "id": "node/8556122306"
    },
    {
      "type": "Feature",
      "properties": {
        "@id": "node/8556164724",
        "brand": "Cheers",
        "brand:wikidata": "Q64154066",
        "level": "0",
        "name": "Cheers",
        "name:zh": "Cheers(雀喜)便利商店",
        "opening_hours": "24/7",
        "shop": "convenience"
      },
      "geometry": {
        "type": "Point",
        "coordinates": [
          103.8475803,
          1.3692413
        ]
      },
      "id": "node/8556164724"
    },
    {
      "type": "Feature",
      "properties": {
        "@id": "node/8556333498",
        "brand": "7-Eleven",
        "brand:wikidata": "Q259340",
        "brand:wikipedia": "en:7-Eleven",
        "level": "0",
        "name": "7-Eleven",
        "name:zh": "7-11便利店",
        "shop": "convenience"
      },
      "geometry": {
        "type": "Point",
        "coordinates": [
          103.8479712,
          1.3714259
        ]
      },
      "id": "node/8556333498"
    },
    {
      "type": "Feature",
      "properties": {
        "@id": "node/8566305133",
        "brand": "7-Eleven",
        "brand:wikidata": "Q259340",
        "level": "1",
        "name": "7-Eleven",
        "name:zh": "7-11便利店",
        "shop": "convenience",
        "wheelchair": "yes"
      },
      "geometry": {
        "type": "Point",
        "coordinates": [
          103.9130341,
          1.402684
        ]
      },
      "id": "node/8566305133"
    },
    {
      "type": "Feature",
      "properties": {
        "@id": "node/8566518437",
        "name": "Feyazi Fancy Centre (Mini Mart)",
        "shop": "convenience"
      },
      "geometry": {
        "type": "Point",
        "coordinates": [
          103.8299939,
          1.3056741
        ]
      },
      "id": "node/8566518437"
    },
    {
      "type": "Feature",
      "properties": {
        "@id": "node/8566518449",
        "brand": "Cheers",
        "level": "0",
        "name": "Cheers",
        "name:zh": "Cheers(雀喜)便利商店",
        "opening_hours": "24/7",
        "shop": "convenience"
      },
      "geometry": {
        "type": "Point",
        "coordinates": [
          103.8301761,
          1.3056065
        ]
      },
      "id": "node/8566518449"
    },
    {
      "type": "Feature",
      "properties": {
        "@id": "node/8568738790",
        "addr:housenumber": "428",
        "shop": "convenience"
      },
      "geometry": {
        "type": "Point",
        "coordinates": [
          103.7252839,
          1.3515972
        ]
      },
      "id": "node/8568738790"
    },
    {
      "type": "Feature",
      "properties": {
        "@id": "node/8573380053",
        "shop": "convenience"
      },
      "geometry": {
        "type": "Point",
        "coordinates": [
          103.6257824,
          1.2893636
        ]
      },
      "id": "node/8573380053"
    },
    {
      "type": "Feature",
      "properties": {
        "@id": "node/8582266734",
        "brand": "NTUC Fairprice",
        "brand:wikidata": "Q6955519",
        "level": "-1",
        "name": "NTUC Fairprice",
        "operator": "NTUC FairPrice",
        "organic": "yes",
        "shop": "supermarket",
        "toilets": "no",
        "wheelchair": "yes"
      },
      "geometry": {
        "type": "Point",
        "coordinates": [
          103.8513117,
          1.30519
        ]
      },
      "id": "node/8582266734"
    },
    {
      "type": "Feature",
      "properties": {
        "@id": "node/8597539837",
        "brand": "7-Eleven",
        "level": "0",
        "name": "7-Eleven",
        "name:zh": "7-11便利店",
        "opening_hours": "09:00-23:00",
        "shop": "convenience"
      },
      "geometry": {
        "type": "Point",
        "coordinates": [
          103.8932786,
          1.3177835
        ]
      },
      "id": "node/8597539837"
    },
    {
      "type": "Feature",
      "properties": {
        "@id": "node/8598400998",
        "level": "-1",
        "name": "FairPrice SingPost Centre",
        "shop": "supermarket"
      },
      "geometry": {
        "type": "Point",
        "coordinates": [
          103.8938497,
          1.3190301
        ]
      },
      "id": "node/8598400998"
    },
    {
      "type": "Feature",
      "properties": {
        "@id": "node/8613927475",
        "brand": "7-Eleven",
        "brand:wikidata": "Q259340",
        "level": "0",
        "name": "7-Eleven",
        "name:zh": "7-11便利店",
        "shop": "convenience"
      },
      "geometry": {
        "type": "Point",
        "coordinates": [
          103.847954,
          1.3505982
        ]
      },
      "id": "node/8613927475"
    },
    {
      "type": "Feature",
      "properties": {
        "@id": "node/8627880687",
        "brand": "Cheers",
        "brand:wikidata": "Q64154066",
        "level": "0",
        "name": "Cheers",
        "name:zh": "Cheers(雀喜)便利商店",
        "opening_hours": "24/7",
        "shop": "convenience",
        "wheelchair": "yes"
      },
      "geometry": {
        "type": "Point",
        "coordinates": [
          103.8471318,
          1.3331139
        ]
      },
      "id": "node/8627880687"
    },
    {
      "type": "Feature",
      "properties": {
        "@id": "node/8628474466",
        "addr:city": "Singapore",
        "addr:housenumber": "200",
        "addr:street": "Holland Avenue",
        "addr:unit": "#B1-04",
        "air_conditioning": "yes",
        "branch": "Holland Village MRT",
        "brand": "7-Eleven",
        "brand:wikidata": "Q259340",
        "brand:wikipedia": "en:7-Eleven",
        "currency:SGD": "yes",
        "level": "-1",
        "location": "underground",
        "name": "7-Eleven",
        "name:zh": "7-11便利店",
        "opening_hours": "Mo-Su 07:00-23:00",
        "shop": "convenience",
        "website": "https://www.7-eleven.com.sg/"
      },
      "geometry": {
        "type": "Point",
        "coordinates": [
          103.7959073,
          1.3115447
        ]
      },
      "id": "node/8628474466"
    },
    {
      "type": "Feature",
      "properties": {
        "@id": "node/8642464774",
        "brand": "7-Eleven",
        "brand:wikidata": "Q259340",
        "brand:wikipedia": "en:7-Eleven",
        "level": "0",
        "name": "7-Eleven",
        "name:zh": "7-11便利店",
        "shop": "convenience"
      },
      "geometry": {
        "type": "Point",
        "coordinates": [
          103.8460415,
          1.2761558
        ]
      },
      "id": "node/8642464774"
    },
    {
      "type": "Feature",
      "properties": {
        "@id": "node/8642592344",
        "brand": "7-Eleven",
        "brand:wikidata": "Q259340",
        "brand:wikipedia": "en:7-Eleven",
        "level": "0",
        "name": "7-Eleven",
        "name:zh": "7-11便利店",
        "opening_hours": "Mo-Sa 07:00-23:00; Su 09:00-19:00",
        "shop": "convenience"
      },
      "geometry": {
        "type": "Point",
        "coordinates": [
          103.8498498,
          1.278374
        ]
      },
      "id": "node/8642592344"
    },
    {
      "type": "Feature",
      "properties": {
        "@id": "node/8642719436",
        "brand": "7-Eleven",
        "brand:wikidata": "Q259340",
        "brand:wikipedia": "en:7-Eleven",
        "level": "-1",
        "name": "7-Eleven",
        "name:zh": "7-11便利店",
        "shop": "convenience"
      },
      "geometry": {
        "type": "Point",
        "coordinates": [
          103.8596191,
          1.2827675
        ]
      },
      "id": "node/8642719436"
    },
    {
      "type": "Feature",
      "properties": {
        "@id": "node/8647876886",
        "name": "Leeds Mart",
        "shop": "convenience"
      },
      "geometry": {
        "type": "Point",
        "coordinates": [
          103.8523563,
          1.3053676
        ]
      },
      "id": "node/8647876886"
    },
    {
      "type": "Feature",
      "properties": {
        "@id": "node/8658484692",
        "brand": "7-Eleven",
        "level": "0",
        "name": "7-Eleven",
        "name:zh": "7-11便利店",
        "shop": "convenience",
        "wheelchair": "limited"
      },
      "geometry": {
        "type": "Point",
        "coordinates": [
          103.935971,
          1.379167
        ]
      },
      "id": "node/8658484692"
    },
    {
      "type": "Feature",
      "properties": {
        "@id": "node/8658564752",
        "brand": "7-Eleven",
        "brand:wikidata": "Q259340",
        "level": "0",
        "name": "7-Eleven",
        "name:zh": "7-11便利店",
        "shop": "convenience"
      },
      "geometry": {
        "type": "Point",
        "coordinates": [
          103.9468396,
          1.3719152
        ]
      },
      "id": "node/8658564752"
    },
    {
      "type": "Feature",
      "properties": {
        "@id": "node/8709291802",
        "brand": "7-Eleven",
        "brand:wikidata": "Q259340",
        "brand:wikipedia": "en:7-Eleven",
        "name": "7-Eleven",
        "name:zh": "7-11便利店",
        "shop": "convenience"
      },
      "geometry": {
        "type": "Point",
        "coordinates": [
          103.9585957,
          1.3451501
        ]
      },
      "id": "node/8709291802"
    },
    {
      "type": "Feature",
      "properties": {
        "@id": "node/8738551201",
        "name": "Prime Supermarket",
        "shop": "supermarket"
      },
      "geometry": {
        "type": "Point",
        "coordinates": [
          103.8605103,
          1.3081107
        ]
      },
      "id": "node/8738551201"
    },
    {
      "type": "Feature",
      "properties": {
        "@id": "node/8738575960",
        "name": "Hao Mart",
        "shop": "supermarket"
      },
      "geometry": {
        "type": "Point",
        "coordinates": [
          103.8604142,
          1.3082098
        ]
      },
      "id": "node/8738575960"
    },
    {
      "type": "Feature",
      "properties": {
        "@id": "node/8738582943",
        "name": "Sri Natraj Stores",
        "shop": "convenience"
      },
      "geometry": {
        "type": "Point",
        "coordinates": [
          103.8582264,
          1.3156185
        ]
      },
      "id": "node/8738582943"
    },
    {
      "type": "Feature",
      "properties": {
        "@id": "node/8757902075",
        "shop": "convenience"
      },
      "geometry": {
        "type": "Point",
        "coordinates": [
          103.9365033,
          1.3072298
        ]
      },
      "id": "node/8757902075"
    },
    {
      "type": "Feature",
      "properties": {
        "@id": "node/8863052812",
        "addr:city": "Singapore",
        "addr:housenumber": "631",
        "addr:postcode": "470631",
        "addr:street": "Bedok Reservoir Road",
        "name": "Value Dollar",
        "opening_hours": "24/7",
        "shop": "supermarket"
      },
      "geometry": {
        "type": "Point",
        "coordinates": [
          103.9142968,
          1.3337369
        ]
      },
      "id": "node/8863052812"
    },
    {
      "type": "Feature",
      "properties": {
        "@id": "node/8895494557",
        "branch": "Canberra Plaza",
        "brand": "NTUC FairPrice",
        "brand:wikidata": "Q6955519",
        "brand:wikipedia": "en:NTUC FairPrice",
        "level": "-1",
        "name": "NTUC FairPrice",
        "name:en": "NTUC FairPrice",
        "name:zh": "职总平价超市",
        "opening_hours": "Mo-Su 08:00-23:00",
        "shop": "supermarket",
        "website": "https://www.fairprice.com.sg/",
        "wheelchair": "yes"
      },
      "geometry": {
        "type": "Point",
        "coordinates": [
          103.8306834,
          1.4430051
        ]
      },
      "id": "node/8895494557"
    },
    {
      "type": "Feature",
      "properties": {
        "@id": "node/8898712944",
        "addr:city": "Singapore",
        "addr:housenumber": "442",
        "addr:postcode": "218135",
        "addr:street": "Serangoon Road",
        "name": "Interior Artist Pte Ltd",
        "opening_hours": "Mo-Fr 12:00-17:00",
        "phone": "+6588218968",
        "shop": "supermarket",
        "website": "https://www.facebook.com/InteriorArtist.Sg"
      },
      "geometry": {
        "type": "Point",
        "coordinates": [
          103.8566188,
          1.3131662
        ]
      },
      "id": "node/8898712944"
    },
    {
      "type": "Feature",
      "properties": {
        "@id": "node/8941732248",
        "addr:housenumber": "89",
        "addr:postcode": "188017",
        "addr:street": "Victoria Street",
        "brand": "7-Eleven",
        "brand:wikidata": "Q259340",
        "check_date": "2023-08-31",
        "level": "0",
        "name": "7-Eleven",
        "name:zh": "7-11便利店",
        "opening_hours": "24/7",
        "ref": "3842",
        "shop": "convenience",
        "wheelchair": "yes"
      },
      "geometry": {
        "type": "Point",
        "coordinates": [
          103.8525303,
          1.2970663
        ]
      },
      "id": "node/8941732248"
    },
    {
      "type": "Feature",
      "properties": {
        "@id": "node/8957615773",
        "brand": "U Mart",
        "shop": "supermarket"
      },
      "geometry": {
        "type": "Point",
        "coordinates": [
          103.8614978,
          1.3180595
        ]
      },
      "id": "node/8957615773"
    },
    {
      "type": "Feature",
      "properties": {
        "@id": "node/8976385062",
        "brand": "7-Eleven",
        "brand:wikidata": "Q259340",
        "check_date": "2024-03-11",
        "name": "7-Eleven",
        "name:zh": "7-11便利店",
        "opening_hours": "24/7",
        "shop": "convenience",
        "wheelchair": "limited"
      },
      "geometry": {
        "type": "Point",
        "coordinates": [
          103.8647727,
          1.3035409
        ]
      },
      "id": "node/8976385062"
    },
    {
      "type": "Feature",
      "properties": {
        "@id": "node/9019981344",
        "name": "YeoExpress",
        "shop": "supermarket"
      },
      "geometry": {
        "type": "Point",
        "coordinates": [
          103.7696864,
          1.380551
        ]
      },
      "id": "node/9019981344"
    },
    {
      "type": "Feature",
      "properties": {
        "@id": "node/9025813291",
        "name": "Prime",
        "shop": "supermarket"
      },
      "geometry": {
        "type": "Point",
        "coordinates": [
          103.7428281,
          1.3485388
        ]
      },
      "id": "node/9025813291"
    },
    {
      "type": "Feature",
      "properties": {
        "@id": "node/9051004456",
        "addr:housenumber": "468",
        "addr:street": "Serangoon Road",
        "name": "my Supermarket",
        "shop": "supermarket"
      },
      "geometry": {
        "type": "Point",
        "coordinates": [
          103.8569542,
          1.313576
        ]
      },
      "id": "node/9051004456"
    },
    {
      "type": "Feature",
      "properties": {
        "@id": "node/9051004869",
        "addr:housenumber": "635",
        "addr:street": "Balestier Road",
        "air_conditioning": "yes",
        "check_date": "2024-02-24",
        "level": "0",
        "name": "The Captain Superstore",
        "opening_hours": "Mo-Su 08:00-22:30",
        "payment:cash": "yes",
        "shop": "supermarket",
        "wheelchair": "limited"
      },
      "geometry": {
        "type": "Point",
        "coordinates": [
          103.8425333,
          1.3263118
        ]
      },
      "id": "node/9051004869"
    },
    {
      "type": "Feature",
      "properties": {
        "@id": "node/9061396264",
        "addr:city": "Singapore",
        "addr:street": "Jalan Bukit Ho Swee",
        "name": "retail shop",
        "payment:cash": "yes",
        "payment:coins": "yes",
        "shop": "convenience"
      },
      "geometry": {
        "type": "Point",
        "coordinates": [
          103.8312169,
          1.2874053
        ]
      },
      "id": "node/9061396264"
    },
    {
      "type": "Feature",
      "properties": {
        "@id": "node/9061404017",
        "addr:housenumber": "532",
        "addr:street": "Ang Mo Kio Avenue 10",
        "brand": "7-Eleven",
        "brand:wikidata": "Q259340",
        "brand:wikipedia": "en:7-Eleven",
        "name": "7-Eleven",
        "name:zh": "7-11便利店",
        "opening_hours": "24/7",
        "shop": "convenience"
      },
      "geometry": {
        "type": "Point",
        "coordinates": [
          103.8551237,
          1.3736652
        ]
      },
      "id": "node/9061404017"
    },
    {
      "type": "Feature",
      "properties": {
        "@id": "node/9061431417",
        "name": "Giant Express",
        "shop": "supermarket"
      },
      "geometry": {
        "type": "Point",
        "coordinates": [
          103.8538715,
          1.3726391
        ]
      },
      "id": "node/9061431417"
    },
    {
      "type": "Feature",
      "properties": {
        "@id": "node/9061506917",
        "addr:city": "Singapore",
        "addr:housenumber": "1G",
        "addr:postcode": "085701",
        "addr:street": "Cantonment Road",
        "name": "ALFA H MART",
        "opening_hours": "Mo-Su 10:00-22:00",
        "operator": "ALFA TRADELINKS PTE LTD",
        "payment:cash": "yes",
        "payment:contactless": "yes",
        "payment:credit_cards": "yes",
        "phone": "+6565091845",
        "shop": "convenience"
      },
      "geometry": {
        "type": "Point",
        "coordinates": [
          103.8412528,
          1.2755248
        ]
      },
      "id": "node/9061506917"
    },
    {
      "type": "Feature",
      "properties": {
        "@id": "node/9067145814",
        "payment:contactless": "yes",
        "shop": "convenience"
      },
      "geometry": {
        "type": "Point",
        "coordinates": [
          103.7171129,
          1.3411761
        ]
      },
      "id": "node/9067145814"
    },
    {
      "type": "Feature",
      "properties": {
        "@id": "node/9072672145",
        "addr:city": "Singapore",
        "air_conditioning": "yes",
        "brand": "NTUC Fairprice",
        "brand:wikidata": "Q6955519",
        "brand:wikipedia": "en:NTUC FairPrice",
        "name": "NTUC FairPrice",
        "name:en": "NTUC FairPrice",
        "name:zh": "职总平价超市",
        "shop": "supermarket"
      },
      "geometry": {
        "type": "Point",
        "coordinates": [
          103.9696555,
          1.3599355
        ]
      },
      "id": "node/9072672145"
    },
    {
      "type": "Feature",
      "properties": {
        "@id": "node/9075868768",
        "addr:city": "Singapore",
        "addr:housenumber": "29A",
        "addr:postcode": "271029",
        "addr:street": "Ghim Moh Link",
        "brand": "NTUC Fairprice",
        "brand:wikidata": "Q6955519",
        "brand:wikipedia": "en:NTUC FairPrice",
        "name": "NTUC Fairprice",
        "name:en": "NTUC FairPrice",
        "name:zh": "职总平价超市",
        "opening_hours": "24/7",
        "operator": "NTUC Fairprice",
        "payment:cash": "yes",
        "payment:coins": "yes",
        "payment:credit_cards": "yes",
        "payment:debit_cards": "yes",
        "payment:notes": "yes",
        "phone": "+6566942513",
        "shop": "supermarket",
        "website": "https://www.fairprice.com.sg/"
      },
      "geometry": {
        "type": "Point",
        "coordinates": [
          103.7847344,
          1.3085642
        ]
      },
      "id": "node/9075868768"
    },
    {
      "type": "Feature",
      "properties": {
        "@id": "node/9080767156",
        "air_conditioning": "yes",
        "name": "Yak Hong Family Mart",
        "shop": "convenience"
      },
      "geometry": {
        "type": "Point",
        "coordinates": [
          103.7234428,
          1.3267022
        ]
      },
      "id": "node/9080767156"
    },
    {
      "type": "Feature",
      "properties": {
        "@id": "node/9083490740",
        "addr:city": "Singapore",
        "addr:housenumber": "334",
        "addr:postcode": "080334",
        "addr:street": "Kreta Ayer Road",
        "name": "Save Mart",
        "opening_hours": "Mo-Su 11:00-24:00",
        "operator": "Save Mart",
        "payment:cash": "yes",
        "payment:mastercard": "yes",
        "payment:visa": "yes",
        "phone": "+65 90199963",
        "shop": "supermarket"
      },
      "geometry": {
        "type": "Point",
        "coordinates": [
          103.8421059,
          1.2814277
        ]
      },
      "id": "node/9083490740"
    },
    {
      "type": "Feature",
      "properties": {
        "@id": "node/9084096616",
        "addr:city": "Singapore",
        "addr:postcode": "120415",
        "addr:street": "Clementi Road",
        "name": "Univers-Markt Enterprise Pte. Ltd.",
        "opening_hours": "Mo-Su 08:00-22:00",
        "phone": "+6567751288",
        "shop": "supermarket"
      },
      "geometry": {
        "type": "Point",
        "coordinates": [
          103.7716015,
          1.3110935
        ]
      },
      "id": "node/9084096616"
    },
    {
      "type": "Feature",
      "properties": {
        "@id": "node/9108000217",
        "addr:city": "Singapore",
        "addr:housenumber": "431",
        "addr:postcode": "120431",
        "addr:street": "Clementi Avenue 3",
        "name": "Free & Easy Minimart",
        "opening_hours": "24/7",
        "shop": "supermarket"
      },
      "geometry": {
        "type": "Point",
        "coordinates": [
          103.7624229,
          1.3137808
        ]
      },
      "id": "node/9108000217"
    },
    {
      "type": "Feature",
      "properties": {
        "@id": "node/9109499996",
        "addr:city": "Singapore",
        "addr:country": "SG",
        "addr:housenumber": "345",
        "addr:postcode": "120345",
        "addr:street": "Clementi Avenue 5",
        "air_conditioning": "yes",
        "level": "1",
        "name": "U Stars Supermarket @ 345",
        "opening_hours": "24/7",
        "operator": "U Stars",
        "shop": "supermarket",
        "website": "https://www.ustarssupermarket.sg/"
      },
      "geometry": {
        "type": "Point",
        "coordinates": [
          103.7693303,
          1.3175955
        ]
      },
      "id": "node/9109499996"
    },
    {
      "type": "Feature",
      "properties": {
        "@id": "node/9123394239",
        "brand": "Cheers",
        "brand:wikidata": "Q64154066",
        "level": "1",
        "name": "Cheers",
        "name:zh": "Cheers(雀喜)便利商店",
        "opening_hours": "24/7",
        "shop": "convenience"
      },
      "geometry": {
        "type": "Point",
        "coordinates": [
          103.8450848,
          1.2764717
        ]
      },
      "id": "node/9123394239"
    },
    {
      "type": "Feature",
      "properties": {
        "@id": "node/9130852217",
        "addr:housenumber": "1",
        "addr:street": "Jalan Dusun",
        "check_date": "2023-07-20",
        "level": "0",
        "name": "Mini Mart SM Tresha",
        "payment:cash": "yes",
        "payment:nets": "yes",
        "shop": "convenience",
        "survey:date": "2021-08-21",
        "wheelchair": "yes"
      },
      "geometry": {
        "type": "Point",
        "coordinates": [
          103.843634,
          1.3267649
        ]
      },
      "id": "node/9130852217"
    },
    {
      "type": "Feature",
      "properties": {
        "@id": "node/9142407240",
        "brand": "7-Eleven",
        "brand:wikidata": "Q259340",
        "brand:wikipedia": "en:7-Eleven",
        "name": "7-Eleven",
        "name:zh": "7-11便利店",
        "shop": "convenience"
      },
      "geometry": {
        "type": "Point",
        "coordinates": [
          103.7602946,
          1.3850571
        ]
      },
      "id": "node/9142407240"
    },
    {
      "type": "Feature",
      "properties": {
        "@id": "node/9165286732",
        "addr:housenumber": "434",
        "addr:street": "Serangoon Road",
        "name": "Kalam Mart",
        "shop": "convenience"
      },
      "geometry": {
        "type": "Point",
        "coordinates": [
          103.8563509,
          1.3128594
        ]
      },
      "id": "node/9165286732"
    },
    {
      "type": "Feature",
      "properties": {
        "@id": "node/9229721519",
        "name": "Orange Mart",
        "shop": "convenience"
      },
      "geometry": {
        "type": "Point",
        "coordinates": [
          103.8517742,
          1.3618316
        ]
      },
      "id": "node/9229721519"
    },
    {
      "type": "Feature",
      "properties": {
        "@id": "node/9238076261",
        "name": "Preethika",
        "shop": "convenience"
      },
      "geometry": {
        "type": "Point",
        "coordinates": [
          103.8555996,
          1.323066
        ]
      },
      "id": "node/9238076261"
    },
    {
      "type": "Feature",
      "properties": {
        "@id": "node/9269019948",
        "branch": "Northshore",
        "level": "1",
        "name": "Redman",
        "shop": "supermarket"
      },
      "geometry": {
        "type": "Point",
        "coordinates": [
          103.9019048,
          1.4169957
        ]
      },
      "id": "node/9269019948"
    },
    {
      "type": "Feature",
      "properties": {
        "@id": "node/9269072798",
        "brand": "Giant Hypermarket",
        "brand:wikidata": "Q4217013",
        "level": "0",
        "name": "Giant Supermarket",
        "opening_hours": "24/7",
        "shop": "supermarket"
      },
      "geometry": {
        "type": "Point",
        "coordinates": [
          103.9017438,
          1.4166861
        ]
      },
      "id": "node/9269072798"
    },
    {
      "type": "Feature",
      "properties": {
        "@id": "node/9271218389",
        "level": "0",
        "name": "Arshad Minimart",
        "shop": "convenience"
      },
      "geometry": {
        "type": "Point",
        "coordinates": [
          103.8360245,
          1.3546852
        ]
      },
      "id": "node/9271218389"
    },
    {
      "type": "Feature",
      "properties": {
        "@id": "node/9276836117",
        "addr:city": "Singapore",
        "addr:housenumber": "498A",
        "addr:postcode": "520498",
        "addr:street": "Tampines Street 45",
        "name": "Ramya Minimart",
        "payment:cash": "yes",
        "payment:contactless": "yes",
        "shop": "supermarket"
      },
      "geometry": {
        "type": "Point",
        "coordinates": [
          103.9580841,
          1.3614167
        ]
      },
      "id": "node/9276836117"
    },
    {
      "type": "Feature",
      "properties": {
        "@id": "node/9298202657",
        "level": "1",
        "name": "Choices",
        "shop": "convenience"
      },
      "geometry": {
        "type": "Point",
        "coordinates": [
          103.9396022,
          1.3279258
        ]
      },
      "id": "node/9298202657"
    },
    {
      "type": "Feature",
      "properties": {
        "@id": "node/9317765912",
        "name": "M28 Minimart",
        "shop": "supermarket"
      },
      "geometry": {
        "type": "Point",
        "coordinates": [
          103.7726114,
          1.3873727
        ]
      },
      "id": "node/9317765912"
    },
    {
      "type": "Feature",
      "properties": {
        "@id": "node/9331357657",
        "level": "-1",
        "name": "888 Mini Mart",
        "shop": "convenience"
      },
      "geometry": {
        "type": "Point",
        "coordinates": [
          103.7830757,
          1.3355253
        ]
      },
      "id": "node/9331357657"
    },
    {
      "type": "Feature",
      "properties": {
        "@id": "node/9331402603",
        "brand": "7-Eleven",
        "brand:wikidata": "Q259340",
        "level": "2",
        "name": "7-Eleven",
        "name:zh": "7-11便利店",
        "shop": "convenience"
      },
      "geometry": {
        "type": "Point",
        "coordinates": [
          103.8328079,
          1.3038238
        ]
      },
      "id": "node/9331402603"
    },
    {
      "type": "Feature",
      "properties": {
        "@id": "node/9340863332",
        "addr:city": "Singapore",
        "addr:housenumber": "693",
        "addr:postcode": "730693",
        "addr:street": "Woodlands Avenue 6",
        "name": "Ang Mo Supermarket",
        "shop": "supermarket"
      },
      "geometry": {
        "type": "Point",
        "coordinates": [
          103.803627,
          1.4382576
        ]
      },
      "id": "node/9340863332"
    },
    {
      "type": "Feature",
      "properties": {
        "@id": "node/9368959878",
        "addr:housenumber": "271",
        "addr:postcode": "259708",
        "addr:street": "Bukit Timah Road",
        "brand": "7-Eleven",
        "brand:wikidata": "Q259340",
        "check_date": "2024-01-12",
        "name": "7-Eleven",
        "shop": "convenience"
      },
      "geometry": {
        "type": "Point",
        "coordinates": [
          103.8355655,
          1.3163433
        ]
      },
      "id": "node/9368959878"
    },
    {
      "type": "Feature",
      "properties": {
        "@id": "node/9369322155",
        "addr:city": "Singapore",
        "addr:housenumber": "826",
        "addr:postcode": "520826",
        "addr:street": "Tampines Street 81",
        "name": "Sri Murugan",
        "shop": "supermarket"
      },
      "geometry": {
        "type": "Point",
        "coordinates": [
          103.9332669,
          1.3495601
        ]
      },
      "id": "node/9369322155"
    },
    {
      "type": "Feature",
      "properties": {
        "@id": "node/9374861017",
        "name": "Ang Mo Supermarket",
        "shop": "supermarket"
      },
      "geometry": {
        "type": "Point",
        "coordinates": [
          103.8036399,
          1.4382764
        ]
      },
      "id": "node/9374861017"
    },
    {
      "type": "Feature",
      "properties": {
        "@id": "node/9378474779",
        "addr:city": "Singapore",
        "addr:housenumber": "365",
        "addr:postcode": "750365",
        "addr:street": "Sembawang Crescent",
        "name": "Prime Supermarket",
        "shop": "supermarket",
        "wheelchair": "yes"
      },
      "geometry": {
        "type": "Point",
        "coordinates": [
          103.8159919,
          1.4447047
        ]
      },
      "id": "node/9378474779"
    },
    {
      "type": "Feature",
      "properties": {
        "@id": "node/9378482487",
        "addr:city": "Singapore",
        "addr:housenumber": "153",
        "addr:postcode": "550153",
        "addr:street": "Serangoon North Avenue 1",
        "name": "U Stars Xpress",
        "shop": "supermarket"
      },
      "geometry": {
        "type": "Point",
        "coordinates": [
          103.8721951,
          1.3702816
        ]
      },
      "id": "node/9378482487"
    },
    {
      "type": "Feature",
      "properties": {
        "@id": "node/9378497370",
        "addr:city": "Singapore",
        "addr:housenumber": "306A",
        "addr:postcode": "681306",
        "addr:street": "Choa Chu Kang Avenue 4",
        "name": "Krishna Stores",
        "shop": "supermarket"
      },
      "geometry": {
        "type": "Point",
        "coordinates": [
          103.7429918,
          1.3851473
        ]
      },
      "id": "node/9378497370"
    },
    {
      "type": "Feature",
      "properties": {
        "@id": "node/9378513492",
        "addr:city": "Singapore",
        "addr:housenumber": "78B",
        "addr:postcode": "102078",
        "addr:street": "Telok Blangah Street 32",
        "name": "U Stars Supermarket",
        "shop": "supermarket"
      },
      "geometry": {
        "type": "Point",
        "coordinates": [
          103.8086629,
          1.2739509
        ]
      },
      "id": "node/9378513492"
    },
    {
      "type": "Feature",
      "properties": {
        "@id": "node/9378530695",
        "addr:city": "Singapore",
        "addr:housenumber": "878C",
        "addr:postcode": "523878",
        "addr:street": "Tampines Avenue 8",
        "name": "U Stars Supermarket",
        "shop": "supermarket"
      },
      "geometry": {
        "type": "Point",
        "coordinates": [
          103.9293207,
          1.3510967
        ]
      },
      "id": "node/9378530695"
    },
    {
      "type": "Feature",
      "properties": {
        "@id": "node/9378533991",
        "addr:city": "Singapore",
        "addr:housenumber": "507",
        "addr:postcode": "760507",
        "addr:street": "Yishun Avenue 4",
        "name": "U Stars Supermarket",
        "shop": "supermarket"
      },
      "geometry": {
        "type": "Point",
        "coordinates": [
          103.8399222,
          1.4151041
        ]
      },
      "id": "node/9378533991"
    },
    {
      "type": "Feature",
      "properties": {
        "@id": "node/9378596849",
        "addr:city": "Singapore",
        "addr:housenumber": "691",
        "addr:postcode": "730691",
        "addr:street": "Woodlands Drive 73",
        "name": "U Stars Supermarket",
        "shop": "supermarket"
      },
      "geometry": {
        "type": "Point",
        "coordinates": [
          103.806297,
          1.4404745
        ]
      },
      "id": "node/9378596849"
    },
    {
      "type": "Feature",
      "properties": {
        "@id": "node/9391508360",
        "addr:city": "Singapore",
        "addr:housenumber": "201A",
        "addr:postcode": "521201",
        "addr:street": "Tampines Street 21",
        "name": "U Stars Supermarket",
        "shop": "supermarket"
      },
      "geometry": {
        "type": "Point",
        "coordinates": [
          103.9525615,
          1.3533544
        ]
      },
      "id": "node/9391508360"
    },
    {
      "type": "Feature",
      "properties": {
        "@id": "node/9391515250",
        "addr:city": "Singapore",
        "addr:housenumber": "144",
        "addr:postcode": "680144",
        "addr:street": "Teck Whye Lane",
        "name": "U Stars Supermarket",
        "shop": "supermarket"
      },
      "geometry": {
        "type": "Point",
        "coordinates": [
          103.7522696,
          1.3810408
        ]
      },
      "id": "node/9391515250"
    },
    {
      "type": "Feature",
      "properties": {
        "@id": "node/9391540590",
        "addr:city": "Singapore",
        "addr:housenumber": "625",
        "addr:postcode": "510625",
        "addr:street": "Elias Road",
        "name": "U Stars Supermarket",
        "shop": "supermarket"
      },
      "geometry": {
        "type": "Point",
        "coordinates": [
          103.9421553,
          1.3786288
        ]
      },
      "id": "node/9391540590"
    },
    {
      "type": "Feature",
      "properties": {
        "@id": "node/9391542091",
        "addr:city": "Singapore",
        "addr:housenumber": "291",
        "addr:postcode": "760291",
        "addr:street": "Yishun Street 22",
        "name": "U Stars Supermarket",
        "shop": "supermarket"
      },
      "geometry": {
        "type": "Point",
        "coordinates": [
          103.8366613,
          1.4366436
        ]
      },
      "id": "node/9391542091"
    },
    {
      "type": "Feature",
      "properties": {
        "@id": "node/9391561489",
        "addr:city": "Singapore",
        "addr:housenumber": "510",
        "addr:postcode": "460510",
        "addr:street": "Bedok North Street 3",
        "name": "U Stars Supermarket",
        "opening_hours": "24/7",
        "shop": "supermarket"
      },
      "geometry": {
        "type": "Point",
        "coordinates": [
          103.9305111,
          1.3320409
        ]
      },
      "id": "node/9391561489"
    },
    {
      "type": "Feature",
      "properties": {
        "@id": "node/9391564761",
        "addr:city": "Singapore",
        "addr:housenumber": "43",
        "addr:postcode": "388309",
        "addr:street": "Lorong 25 Geylang",
        "name": "U Stars Supermarket",
        "opening_hours": "24/7",
        "shop": "supermarket"
      },
      "geometry": {
        "type": "Point",
        "coordinates": [
          103.8823136,
          1.3148526
        ]
      },
      "id": "node/9391564761"
    },
    {
      "type": "Feature",
      "properties": {
        "@id": "node/9391574454",
        "addr:city": "Singapore",
        "addr:housenumber": "138",
        "addr:postcode": "521138",
        "addr:street": "Tampines Street 11",
        "name": "U Stars Supermarket",
        "opening_hours": "24/7",
        "shop": "supermarket",
        "wheelchair": "yes"
      },
      "geometry": {
        "type": "Point",
        "coordinates": [
          103.9454948,
          1.345878
        ]
      },
      "id": "node/9391574454"
    },
    {
      "type": "Feature",
      "properties": {
        "@id": "node/9391577063",
        "addr:city": "Singapore",
        "addr:housenumber": "302",
        "addr:postcode": "400302",
        "addr:street": "Ubi Avenue 1",
        "name": "U Stars Supermarket",
        "opening_hours": "24/7",
        "shop": "supermarket"
      },
      "geometry": {
        "type": "Point",
        "coordinates": [
          103.9010705,
          1.3300973
        ]
      },
      "id": "node/9391577063"
    },
    {
      "type": "Feature",
      "properties": {
        "@id": "node/9391578473",
        "addr:city": "Singapore",
        "addr:housenumber": "18",
        "addr:postcode": "590018",
        "addr:street": "Toh Yi Drive",
        "name": "U Stars Supermarket",
        "opening_hours": "24/7",
        "shop": "supermarket"
      },
      "geometry": {
        "type": "Point",
        "coordinates": [
          103.7731494,
          1.3399945
        ]
      },
      "id": "node/9391578473"
    },
    {
      "type": "Feature",
      "properties": {
        "@id": "node/9391583719",
        "addr:city": "Singapore",
        "addr:housenumber": "960",
        "addr:postcode": "640960",
        "addr:street": "Jurong West Street 92",
        "name": "U Stars Supermarket",
        "opening_hours": "24/7",
        "shop": "supermarket"
      },
      "geometry": {
        "type": "Point",
        "coordinates": [
          103.6912467,
          1.3414333
        ]
      },
      "id": "node/9391583719"
    },
    {
      "type": "Feature",
      "properties": {
        "@id": "node/9391584935",
        "addr:city": "Singapore",
        "addr:housenumber": "108",
        "addr:postcode": "530108",
        "addr:street": "Hougang Avenue 1",
        "name": "U Stars Supermarket",
        "opening_hours": "24/7",
        "shop": "supermarket"
      },
      "geometry": {
        "type": "Point",
        "coordinates": [
          103.8897356,
          1.3532511
        ]
      },
      "id": "node/9391584935"
    },
    {
      "type": "Feature",
      "properties": {
        "@id": "node/9393432303",
        "addr:city": "Singapore",
        "addr:housenumber": "115A",
        "addr:postcode": "341115",
        "addr:street": "Alkaff Crescent",
        "addr:unit": "#01-12",
        "name": "Ang Mo Supermarket",
        "shop": "supermarket"
      },
      "geometry": {
        "type": "Point",
        "coordinates": [
          103.8728643,
          1.336438
        ]
      },
      "id": "node/9393432303"
    },
    {
      "type": "Feature",
      "properties": {
        "@id": "node/9393432836",
        "addr:city": "Singapore",
        "addr:housenumber": "829",
        "addr:postcode": "520829",
        "addr:street": "Tampines Street 81",
        "addr:unit": "#01-272",
        "name": "U Star Supermarket",
        "shop": "supermarket"
      },
      "geometry": {
        "type": "Point",
        "coordinates": [
          103.9348381,
          1.3492994
        ]
      },
      "id": "node/9393432836"
    },
    {
      "type": "Feature",
      "properties": {
        "@id": "node/9393453018",
        "addr:city": "Singapore",
        "addr:housenumber": "1",
        "addr:postcode": "519599",
        "addr:street": "Pasir Ris Close",
        "addr:unit": "#01-339",
        "name": "Don Don Donki",
        "opening_hours": "Mo-Su 09:00-00:00",
        "shop": "supermarket"
      },
      "geometry": {
        "type": "Point",
        "coordinates": [
          103.9549765,
          1.377213
        ]
      },
      "id": "node/9393453018"
    },
    {
      "type": "Feature",
      "properties": {
        "@id": "node/9407235700",
        "description": "level 1",
        "level": "1",
        "name": "Jason's Deli",
        "shop": "supermarket"
      },
      "geometry": {
        "type": "Point",
        "coordinates": [
          103.8602433,
          1.2844899
        ]
      },
      "id": "node/9407235700"
    },
    {
      "type": "Feature",
      "properties": {
        "@id": "node/9409089640",
        "addr:city": "Singapore",
        "addr:housenumber": "542B",
        "addr:postcode": "552542",
        "addr:street": "Serangoon North Avenue 3",
        "name": "Prime Supermarket",
        "shop": "supermarket"
      },
      "geometry": {
        "type": "Point",
        "coordinates": [
          103.8713274,
          1.3736137
        ]
      },
      "id": "node/9409089640"
    },
    {
      "type": "Feature",
      "properties": {
        "@id": "node/9409092749",
        "addr:city": "Singapore",
        "addr:housenumber": "1",
        "addr:postcode": "360001",
        "addr:street": "Upper Aljunied Road",
        "addr:unit": "#01-01",
        "name": "Prime Supermarket",
        "operator": "Prime Supermarket",
        "shop": "supermarket"
      },
      "geometry": {
        "type": "Point",
        "coordinates": [
          103.8788956,
          1.334275
        ]
      },
      "id": "node/9409092749"
    },
    {
      "type": "Feature",
      "properties": {
        "@id": "node/9409094941",
        "addr:city": "Singapore",
        "addr:housenumber": "159A",
        "addr:postcode": "531159",
        "addr:street": "Hougang Street 11",
        "addr:unit": "#01-01",
        "name": "Prime Supermarket",
        "operator": "Prime Supermarket",
        "shop": "supermarket"
      },
      "geometry": {
        "type": "Point",
        "coordinates": [
          103.8796115,
          1.3518731
        ]
      },
      "id": "node/9409094941"
    },
    {
      "type": "Feature",
      "properties": {
        "@id": "node/9409097368",
        "addr:city": "Singapore",
        "addr:housenumber": "461",
        "addr:postcode": "760461",
        "addr:street": "Yishun Avenue 6",
        "addr:unit": "#01-01",
        "name": "Prime Supermarket",
        "operator": "Prime Supermarket",
        "shop": "supermarket"
      },
      "geometry": {
        "type": "Point",
        "coordinates": [
          103.8499883,
          1.4280068
        ]
      },
      "id": "node/9409097368"
    },
    {
      "type": "Feature",
      "properties": {
        "@id": "node/9409097568",
        "addr:city": "Singapore",
        "addr:housenumber": "106",
        "addr:postcode": "530106",
        "addr:street": "Hougang Avenue 1",
        "addr:unit": "#01-1213",
        "name": "Prime Supermarket",
        "operator": "Prime Supermarket",
        "shop": "supermarket"
      },
      "geometry": {
        "type": "Point",
        "coordinates": [
          103.8909356,
          1.3540084
        ]
      },
      "id": "node/9409097568"
    },
    {
      "type": "Feature",
      "properties": {
        "@id": "node/9409346926",
        "addr:city": "Singapore",
        "addr:housenumber": "823",
        "addr:postcode": "520823",
        "addr:street": "Tampines Street 81",
        "addr:unit": "#01-160",
        "name": "Prime Supermarket",
        "operator": "Prime Supermarket",
        "shop": "supermarket"
      },
      "geometry": {
        "type": "Point",
        "coordinates": [
          103.9340179,
          1.3488775
        ]
      },
      "id": "node/9409346926"
    },
    {
      "type": "Feature",
      "properties": {
        "@id": "node/9409357165",
        "addr:city": "Singapore",
        "addr:housenumber": "610",
        "addr:postcode": "520610",
        "addr:street": "Tampines North Drive 1",
        "addr:unit": "#01-11",
        "name": "Prime Supermarket",
        "operator": "Prime Supermarket",
        "shop": "supermarket"
      },
      "geometry": {
        "type": "Point",
        "coordinates": [
          103.9373235,
          1.3647233
        ]
      },
      "id": "node/9409357165"
    },
    {
      "type": "Feature",
      "properties": {
        "@id": "node/9422326217",
        "brand": "7-Eleven",
        "brand:wikidata": "Q259340",
        "name": "7-Eleven",
        "name:zh": "7-11便利店",
        "shop": "convenience",
        "wheelchair": "limited"
      },
      "geometry": {
        "type": "Point",
        "coordinates": [
          103.807194,
          1.2866409
        ]
      },
      "id": "node/9422326217"
    },
    {
      "type": "Feature",
      "properties": {
        "@id": "node/9432959798",
        "addr:city": "Singapore",
        "addr:housenumber": "4",
        "addr:postcode": "657991",
        "addr:street": "Bukit Batok Street 41",
        "addr:unit": "#01-91/92",
        "brand": "NTUC Fairprice",
        "brand:wikidata": "Q6955519",
        "brand:wikipedia": "en:NTUC FairPrice",
        "name": "NTUC Fairprice",
        "name:en": "NTUC FairPrice",
        "name:zh": "职总平价超市",
        "shop": "supermarket"
      },
      "geometry": {
        "type": "Point",
        "coordinates": [
          103.7407008,
          1.3561864
        ]
      },
      "id": "node/9432959798"
    },
    {
      "type": "Feature",
      "properties": {
        "@id": "node/9446948399",
        "addr:city": "Singapore",
        "addr:housenumber": "453",
        "addr:postcode": "560453",
        "addr:street": "Ang Mo Kio Avenue 10",
        "addr:unit": "#01-1801",
        "brand": "NTUC Fairprice",
        "brand:wikidata": "Q6955519",
        "brand:wikipedia": "en:NTUC FairPrice",
        "name": "NTUC Fairprice",
        "name:en": "NTUC FairPrice",
        "name:zh": "职总平价超市",
        "shop": "supermarket"
      },
      "geometry": {
        "type": "Point",
        "coordinates": [
          103.856046,
          1.3686099
        ]
      },
      "id": "node/9446948399"
    },
    {
      "type": "Feature",
      "properties": {
        "@id": "node/9446978000",
        "addr:city": "Singapore",
        "addr:housenumber": "138",
        "addr:postcode": "521138",
        "addr:street": "Tampines Street 11",
        "addr:unit": "#01-136",
        "brand": "NTUC Fairprice",
        "brand:wikidata": "Q6955519",
        "brand:wikipedia": "en:NTUC FairPrice",
        "name": "NTUC FairPrice",
        "name:en": "NTUC FairPrice",
        "name:zh": "职总平价超市",
        "shop": "supermarket",
        "wheelchair": "yes"
      },
      "geometry": {
        "type": "Point",
        "coordinates": [
          103.9454495,
          1.345386
        ]
      },
      "id": "node/9446978000"
    },
    {
      "type": "Feature",
      "properties": {
        "@id": "node/9447014061",
        "addr:city": "Singapore",
        "addr:housenumber": "107",
        "addr:postcode": "521107",
        "addr:street": "Tampines Street 11",
        "addr:unit": "#01-353/355/357/359",
        "brand": "NTUC Fairprice",
        "brand:wikidata": "Q6955519",
        "brand:wikipedia": "en:NTUC FairPrice",
        "name": "NTUC FairPrice",
        "name:en": "NTUC FairPrice",
        "name:zh": "职总平价超市",
        "shop": "supermarket"
      },
      "geometry": {
        "type": "Point",
        "coordinates": [
          103.9481354,
          1.3483943
        ]
      },
      "id": "node/9447014061"
    },
    {
      "type": "Feature",
      "properties": {
        "@id": "node/9454125714",
        "addr:city": "Singapore",
        "addr:housenumber": "05-50",
        "addr:postcode": "188504",
        "addr:street": "Rochor Canal Road",
        "air_conditioning": "yes",
        "brand": "Seagate; Samsung; WD; TP-Link; Cisco; Lenovo; HP; Aruba; 3M; Jabra; Logitech; Corsair; Kingston; Crucial; Sandisk;. PNY; Sapphire; MSI; Asus; Gigabyte; Asrock; Klevv",
        "name": "Bizgram Asia Pte Ltd",
        "opening_hours": "Mo-Sa 10:00-19:30",
        "operator": "Bizgram Asia Pte Ltd",
        "payment:american_express": "yes",
        "payment:cash": "yes",
        "payment:contactless": "yes",
        "payment:credit_cards": "yes",
        "payment:debit_cards": "yes",
        "payment:visa_debit": "yes",
        "phone": "+65 6334 1373",
        "shop": "supermarket",
        "website": "https://www.bizgram.com"
      },
      "geometry": {
        "type": "Point",
        "coordinates": [
          103.8531612,
          1.3032323
        ]
      },
      "id": "node/9454125714"
    },
    {
      "type": "Feature",
      "properties": {
        "@id": "node/9457223908",
        "addr:city": "Singapore",
        "addr:housenumber": "#01-201, 8",
        "addr:postcode": "487372",
        "addr:street": "Somapah Road",
        "description": "Singapore’s first artificial intelligence (AI) retail convenience store that provides customers with a “No Queue, No Hassle, Just Pick & GO Shopping experience”.",
        "name": "Pick & Go",
        "opening_hours": "24/7",
        "shop": "supermarket",
        "website": "https://pickngo.com.sg/"
      },
      "geometry": {
        "type": "Point",
        "coordinates": [
          103.9627729,
          1.3407298
        ]
      },
      "id": "node/9457223908"
    },
    {
      "type": "Feature",
      "properties": {
        "@id": "node/9457223909",
        "addr:city": "Singapore",
        "addr:housenumber": "#01-202, 8",
        "addr:postcode": "487372",
        "addr:street": "Somapah Road",
        "description": "We operate in the fruits and vegetables space by selling excess or ugly produce, our own branded products, and sustainably sourced goods.",
        "name": "UglyFood",
        "opening_hours": "Tu-Fr 11:00-17:00, Sa 11:00-14:30",
        "shop": "supermarket",
        "website": "https://www.uglyfood.com.sg/"
      },
      "geometry": {
        "type": "Point",
        "coordinates": [
          103.9626627,
          1.3407334
        ]
      },
      "id": "node/9457223909"
    },
    {
      "type": "Feature",
      "properties": {
        "@id": "node/9482669238",
        "addr:housenumber": "16",
        "addr:street": "Baghdad Street",
        "brand": "7-Eleven",
        "brand:wikidata": "Q259340",
        "name": "7-Eleven",
        "name:zh": "7-11便利店",
        "shop": "convenience"
      },
      "geometry": {
        "type": "Point",
        "coordinates": [
          103.8597143,
          1.3011625
        ]
      },
      "id": "node/9482669238"
    },
    {
      "type": "Feature",
      "properties": {
        "@id": "node/9482669248",
        "brand": "7-Eleven",
        "brand:wikidata": "Q259340",
        "level": "0",
        "name": "7-Eleven",
        "name:zh": "7-11便利店",
        "opening_hours": "24/7",
        "organic": "no",
        "shop": "convenience"
      },
      "geometry": {
        "type": "Point",
        "coordinates": [
          103.8596796,
          1.301653
        ]
      },
      "id": "node/9482669248"
    },
    {
      "type": "Feature",
      "properties": {
        "@id": "node/9547199627",
        "name": "Farmer",
        "opening_hours": "24/7",
        "shop": "supermarket",
        "wheelchair": "no"
      },
      "geometry": {
        "type": "Point",
        "coordinates": [
          103.8467095,
          1.326405
        ]
      },
      "id": "node/9547199627"
    },
    {
      "type": "Feature",
      "properties": {
        "@id": "node/9547232352",
        "addr:housenumber": "207",
        "addr:street": "Balestier Road",
        "check_date": "2023-12-15",
        "level": "0",
        "name": "uMart",
        "shop": "convenience"
      },
      "geometry": {
        "type": "Point",
        "coordinates": [
          103.8526761,
          1.3209065
        ]
      },
      "id": "node/9547232352"
    },
    {
      "type": "Feature",
      "properties": {
        "@id": "node/9570750117",
        "check_date": "2024-01-30",
        "level": "0",
        "name": "EverydayMart",
        "shop": "convenience"
      },
      "geometry": {
        "type": "Point",
        "coordinates": [
          103.8469701,
          1.2849013
        ]
      },
      "id": "node/9570750117"
    },
    {
      "type": "Feature",
      "properties": {
        "@id": "node/9604806888",
        "name": "7-Eleven",
        "name:zh": "7-11便利店",
        "shop": "convenience"
      },
      "geometry": {
        "type": "Point",
        "coordinates": [
          103.7445158,
          1.3303516
        ]
      },
      "id": "node/9604806888"
    },
    {
      "type": "Feature",
      "properties": {
        "@id": "node/9611026607",
        "shop": "supermarket"
      },
      "geometry": {
        "type": "Point",
        "coordinates": [
          103.8508677,
          1.2919972
        ]
      },
      "id": "node/9611026607"
    },
    {
      "type": "Feature",
      "properties": {
        "@id": "node/9613453632",
        "brand": "Star Mart",
        "brand:wikidata": "Q61994857",
        "name": "Star Mart",
        "shop": "convenience"
      },
      "geometry": {
        "type": "Point",
        "coordinates": [
          103.89083,
          1.3255918
        ]
      },
      "id": "node/9613453632"
    },
    {
      "type": "Feature",
      "properties": {
        "@id": "node/9621199182",
        "name": "Murugan Trading",
        "shop": "convenience"
      },
      "geometry": {
        "type": "Point",
        "coordinates": [
          103.8530659,
          1.3055598
        ]
      },
      "id": "node/9621199182"
    },
    {
      "type": "Feature",
      "properties": {
        "@id": "node/9621281248",
        "name": "Convenient Value Selection",
        "shop": "convenience"
      },
      "geometry": {
        "type": "Point",
        "coordinates": [
          103.8555784,
          1.3122881
        ]
      },
      "id": "node/9621281248"
    },
    {
      "type": "Feature",
      "properties": {
        "@id": "node/9621281368",
        "brand": "Cheers",
        "brand:wikidata": "Q64154066",
        "name": "Cheers",
        "name:zh": "Cheers(雀喜)便利商店",
        "opening_hours": "24/7",
        "shop": "convenience"
      },
      "geometry": {
        "type": "Point",
        "coordinates": [
          103.8626937,
          1.3081013
        ]
      },
      "id": "node/9621281368"
    },
    {
      "type": "Feature",
      "properties": {
        "@id": "node/9621283818",
        "shop": "convenience"
      },
      "geometry": {
        "type": "Point",
        "coordinates": [
          103.858037,
          1.3088479
        ]
      },
      "id": "node/9621283818"
    },
    {
      "type": "Feature",
      "properties": {
        "@id": "node/9644754417",
        "name": "PRIME",
        "shop": "supermarket"
      },
      "geometry": {
        "type": "Point",
        "coordinates": [
          103.9240385,
          1.3230167
        ]
      },
      "id": "node/9644754417"
    },
    {
      "type": "Feature",
      "properties": {
        "@id": "node/9653458060",
        "brand": "7-Eleven",
        "level": "0",
        "name": "7-Eleven",
        "name:zh": "7-11便利店",
        "shop": "convenience"
      },
      "geometry": {
        "type": "Point",
        "coordinates": [
          103.8933327,
          1.3159932
        ]
      },
      "id": "node/9653458060"
    },
    {
      "type": "Feature",
      "properties": {
        "@id": "node/9659942374",
        "check_date": "2025-12-20",
        "level": "0",
        "name": "Scoop Wholefoods",
        "opening_hours": "Mo-Th,Su 10:00-21:00; Fr-Sa 10:00-22:00",
        "shop": "supermarket"
      },
      "geometry": {
        "type": "Point",
        "coordinates": [
          103.9021265,
          1.4060061
        ]
      },
      "id": "node/9659942374"
    },
    {
      "type": "Feature",
      "properties": {
        "@id": "node/9676920217",
        "brand": "7-Eleven",
        "brand:wikidata": "Q259340",
        "name": "7-Eleven",
        "name:zh": "7-11便利店",
        "shop": "convenience"
      },
      "geometry": {
        "type": "Point",
        "coordinates": [
          103.8440001,
          1.2845757
        ]
      },
      "id": "node/9676920217"
    },
    {
      "type": "Feature",
      "properties": {
        "@id": "node/9677203015",
        "brand": "7-Eleven",
        "brand:wikidata": "Q259340",
        "name": "7-Eleven",
        "name:zh": "7-11便利店",
        "shop": "convenience"
      },
      "geometry": {
        "type": "Point",
        "coordinates": [
          103.8597121,
          1.3034172
        ]
      },
      "id": "node/9677203015"
    },
    {
      "type": "Feature",
      "properties": {
        "@id": "node/9710704323",
        "brand": "7-Eleven",
        "level": "-1",
        "name": "7-Eleven",
        "name:zh": "7-11便利店",
        "opening_hours": "07:00-23:00",
        "shop": "convenience"
      },
      "geometry": {
        "type": "Point",
        "coordinates": [
          103.9017536,
          1.3040999
        ]
      },
      "id": "node/9710704323"
    },
    {
      "type": "Feature",
      "properties": {
        "@id": "node/9710870166",
        "level": "-1",
        "name": "Fancy Mart",
        "shop": "supermarket"
      },
      "geometry": {
        "type": "Point",
        "coordinates": [
          103.9047745,
          1.3053624
        ]
      },
      "id": "node/9710870166"
    },
    {
      "type": "Feature",
      "properties": {
        "@id": "node/9710870168",
        "addr:city": "Singapore",
        "addr:country": "SG",
        "addr:housenumber": "112",
        "addr:postcode": "428802",
        "addr:street": "East Coast Road",
        "addr:unit": "#B1-13",
        "branch": "i12 Katong",
        "level": "-1",
        "name": "J-mart",
        "phone": "+65 6513 2477",
        "shop": "supermarket"
      },
      "geometry": {
        "type": "Point",
        "coordinates": [
          103.904823,
          1.3054399
        ]
      },
      "id": "node/9710870168"
    },
    {
      "type": "Feature",
      "properties": {
        "@id": "node/9710976712",
        "brand": "7-Eleven",
        "brand:wikidata": "Q259340",
        "name": "7-Eleven",
        "name:zh": "7-11便利店",
        "shop": "convenience"
      },
      "geometry": {
        "type": "Point",
        "coordinates": [
          103.8446282,
          1.367849
        ]
      },
      "id": "node/9710976712"
    },
    {
      "type": "Feature",
      "properties": {
        "@id": "node/9732663989",
        "addr:floor": "1",
        "addr:housenumber": "520",
        "addr:street": "Balestier Road",
        "addr:unit": "#01-02",
        "check_date": "2023-12-31",
        "level": "0",
        "name": "Everyday Mart",
        "opening_hours": "Mo-Tu,Th-Su 11:00-21:00; We off",
        "payment:apple_pay": "yes",
        "payment:cash": "yes",
        "payment:credit_cards": "yes",
        "payment:debit_cards": "yes",
        "payment:google_pay": "yes",
        "payment:mastercard": "yes",
        "payment:nets": "yes",
        "payment:visa": "yes",
        "shop": "convenience",
        "wheelchair": "yes"
      },
      "geometry": {
        "type": "Point",
        "coordinates": [
          103.8458629,
          1.3269207
        ]
      },
      "id": "node/9732663989"
    },
    {
      "type": "Feature",
      "properties": {
        "@id": "node/9737347767",
        "branch": "Northshore",
        "brand": "Cheers",
        "brand:wikidata": "Q64154066",
        "level": "1",
        "name": "Cheers",
        "name:zh": "Cheers(雀喜)便利商店",
        "opening_hours": "24/7",
        "shop": "convenience"
      },
      "geometry": {
        "type": "Point",
        "coordinates": [
          103.9013087,
          1.4179752
        ]
      },
      "id": "node/9737347767"
    },
    {
      "type": "Feature",
      "properties": {
        "@id": "node/9739022113",
        "brand": "7-Eleven",
        "level": "0",
        "name": "7-Eleven",
        "name:zh": "7-11便利店",
        "shop": "convenience"
      },
      "geometry": {
        "type": "Point",
        "coordinates": [
          103.8620802,
          1.3085329
        ]
      },
      "id": "node/9739022113"
    },
    {
      "type": "Feature",
      "properties": {
        "@id": "node/9771166717",
        "name": "Fairprice Xpress",
        "shop": "convenience"
      },
      "geometry": {
        "type": "Point",
        "coordinates": [
          103.8350236,
          1.2775855
        ]
      },
      "id": "node/9771166717"
    },
    {
      "type": "Feature",
      "properties": {
        "@id": "node/9787669579",
        "brand": "7-Eleven",
        "brand:wikidata": "Q259340",
        "name": "7-Eleven",
        "name:zh": "7-11便利店",
        "shop": "convenience"
      },
      "geometry": {
        "type": "Point",
        "coordinates": [
          103.8353464,
          1.2794321
        ]
      },
      "id": "node/9787669579"
    },
    {
      "type": "Feature",
      "properties": {
        "@id": "node/9810396717",
        "level": "3",
        "name": "Sri Murugan",
        "shop": "supermarket"
      },
      "geometry": {
        "type": "Point",
        "coordinates": [
          103.9531897,
          1.3429652
        ]
      },
      "id": "node/9810396717"
    },
    {
      "type": "Feature",
      "properties": {
        "@id": "node/9810396750",
        "level": "0",
        "name": "Giant Supermarket",
        "shop": "supermarket"
      },
      "geometry": {
        "type": "Point",
        "coordinates": [
          103.9532924,
          1.3432179
        ]
      },
      "id": "node/9810396750"
    },
    {
      "type": "Feature",
      "properties": {
        "@id": "node/9810563663",
        "brand": "7-Eleven",
        "brand:wikidata": "Q259340",
        "level": "0",
        "name": "7-Eleven",
        "name:zh": "7-11便利店",
        "shop": "convenience"
      },
      "geometry": {
        "type": "Point",
        "coordinates": [
          103.9538214,
          1.3427171
        ]
      },
      "id": "node/9810563663"
    },
    {
      "type": "Feature",
      "properties": {
        "@id": "node/9810591360",
        "brand": "7-Eleven",
        "brand:wikidata": "Q259340",
        "level": "0",
        "name": "7-Eleven",
        "name:zh": "7-11便利店",
        "shop": "convenience"
      },
      "geometry": {
        "type": "Point",
        "coordinates": [
          103.9448725,
          1.3537444
        ]
      },
      "id": "node/9810591360"
    },
    {
      "type": "Feature",
      "properties": {
        "@id": "node/9810686287",
        "brand": "7-Eleven",
        "brand:wikidata": "Q259340",
        "level": "0",
        "name": "7-Eleven",
        "opening_hours": "24/7",
        "shop": "convenience"
      },
      "geometry": {
        "type": "Point",
        "coordinates": [
          103.9409247,
          1.3533698
        ]
      },
      "id": "node/9810686287"
    },
    {
      "type": "Feature",
      "properties": {
        "@id": "node/9858442989",
        "name": "Get'n'go",
        "shop": "convenience"
      },
      "geometry": {
        "type": "Point",
        "coordinates": [
          103.8517487,
          1.2985982
        ]
      },
      "id": "node/9858442989"
    },
    {
      "type": "Feature",
      "properties": {
        "@id": "node/9858457449",
        "addr:housenumber": "266",
        "addr:street": "Balestier Road",
        "check_date": "2024-05-27",
        "name": "Come N Grab",
        "shop": "convenience"
      },
      "geometry": {
        "type": "Point",
        "coordinates": [
          103.8529654,
          1.3223182
        ]
      },
      "id": "node/9858457449"
    },
    {
      "type": "Feature",
      "properties": {
        "@id": "node/9864032995",
        "name": "HAO Eccellente",
        "opening_hours": "Mo-Su 09:00-22:00",
        "shop": "supermarket",
        "website": "https://haomart.com.sg/"
      },
      "geometry": {
        "type": "Point",
        "coordinates": [
          103.8335416,
          1.3076599
        ]
      },
      "id": "node/9864032995"
    },
    {
      "type": "Feature",
      "properties": {
        "@id": "node/9872240462",
        "addr:unit": "534",
        "brand": "7-Eleven",
        "brand:wikidata": "Q259340",
        "level": "0",
        "name": "7-Eleven",
        "shop": "convenience"
      },
      "geometry": {
        "type": "Point",
        "coordinates": [
          103.8986044,
          1.3900165
        ]
      },
      "id": "node/9872240462"
    },
    {
      "type": "Feature",
      "properties": {
        "@id": "node/9876332636",
        "level": "0",
        "name": "Octobox",
        "noname:zh": "yes",
        "opening_hours": "24/7",
        "shop": "convenience"
      },
      "geometry": {
        "type": "Point",
        "coordinates": [
          103.7728753,
          1.3044723
        ]
      },
      "id": "node/9876332636"
    },
    {
      "type": "Feature",
      "properties": {
        "@id": "node/9882292517",
        "addr:city": "Singapore",
        "addr:housenumber": "167",
        "addr:postcode": "348534",
        "addr:street": "MacPherson Road",
        "name": "KL Mart",
        "shop": "supermarket"
      },
      "geometry": {
        "type": "Point",
        "coordinates": [
          103.8738978,
          1.3298063
        ]
      },
      "id": "node/9882292517"
    },
    {
      "type": "Feature",
      "properties": {
        "@id": "node/9882321317",
        "name": "New Econ",
        "shop": "supermarket"
      },
      "geometry": {
        "type": "Point",
        "coordinates": [
          103.8852282,
          1.327725
        ]
      },
      "id": "node/9882321317"
    },
    {
      "type": "Feature",
      "properties": {
        "@id": "node/9885134556",
        "name": "Hao Mart",
        "shop": "supermarket"
      },
      "geometry": {
        "type": "Point",
        "coordinates": [
          103.9193669,
          1.399826
        ]
      },
      "id": "node/9885134556"
    },
    {
      "type": "Feature",
      "properties": {
        "@id": "node/9885569821",
        "brand": "7-Eleven",
        "brand:wikidata": "Q259340",
        "brand:wikipedia": "en:7-Eleven",
        "level": "0",
        "name": "7-Eleven",
        "name:zh": "7-11便利店",
        "shop": "convenience"
      },
      "geometry": {
        "type": "Point",
        "coordinates": [
          103.8451042,
          1.2854461
        ]
      },
      "id": "node/9885569821"
    },
    {
      "type": "Feature",
      "properties": {
        "@id": "node/9887532386",
        "brand": "7-Eleven",
        "brand:wikidata": "Q259340",
        "level": "0",
        "name": "7-Eleven",
        "name:zh": "7-11便利店",
        "opening_hours": "Mo-Su 07:00-23:00",
        "shop": "convenience",
        "toilets": "no",
        "wheelchair": "yes"
      },
      "geometry": {
        "type": "Point",
        "coordinates": [
          103.8501318,
          1.2982654
        ]
      },
      "id": "node/9887532386"
    },
    {
      "type": "Feature",
      "properties": {
        "@id": "node/9892668516",
        "brand": "Cheers",
        "brand:wikidata": "Q64154066",
        "level": "0",
        "name": "Cheers",
        "name:zh": "Cheers(雀喜)便利商店",
        "opening_hours": "24/7",
        "shop": "convenience"
      },
      "geometry": {
        "type": "Point",
        "coordinates": [
          103.8456383,
          1.2992967
        ]
      },
      "id": "node/9892668516"
    },
    {
      "type": "Feature",
      "properties": {
        "@id": "node/9893218543",
        "name": "Indian Supermarket",
        "shop": "convenience"
      },
      "geometry": {
        "type": "Point",
        "coordinates": [
          103.8535661,
          1.3064976
        ]
      },
      "id": "node/9893218543"
    },
    {
      "type": "Feature",
      "properties": {
        "@id": "node/9893218555",
        "brand": "7-Eleven",
        "name": "7-Eleven",
        "name:zh": "7-11便利店",
        "shop": "convenience"
      },
      "geometry": {
        "type": "Point",
        "coordinates": [
          103.7385109,
          1.3221251
        ]
      },
      "id": "node/9893218555"
    },
    {
      "type": "Feature",
      "properties": {
        "@id": "node/9905602684",
        "branch": "Holland Village",
        "level": "-1",
        "name": "NTUC FairPrice Finest",
        "name:en": "NTUC FairPrice Finest",
        "name:zh-Hans": "职总平价精品超市",
        "not:brand:wikidata": "Q6955519",
        "opening_hours": "Mo-Su 08:00-23:00",
        "payment:american_express": "yes",
        "payment:cash": "yes",
        "payment:mastercard": "yes",
        "payment:visa": "yes",
        "self_checkout": "yes",
        "shop": "supermarket",
        "stroller": "yes",
        "website": "https://fairprice.com.sg",
        "wheelchair": "yes"
      },
      "geometry": {
        "type": "Point",
        "coordinates": [
          103.7961374,
          1.3104
        ]
      },
      "id": "node/9905602684"
    },
    {
      "type": "Feature",
      "properties": {
        "@id": "node/9929710771",
        "brand": "7-Eleven",
        "brand:wikidata": "Q259340",
        "level": "0",
        "name": "7-Eleven",
        "name:zh": "7-11便利店",
        "shop": "convenience",
        "wheelchair": "yes"
      },
      "geometry": {
        "type": "Point",
        "coordinates": [
          103.8412687,
          1.4179767
        ]
      },
      "id": "node/9929710771"
    },
    {
      "type": "Feature",
      "properties": {
        "@id": "node/9931666718",
        "level": "0",
        "name": "J Mart",
        "shop": "supermarket"
      },
      "geometry": {
        "type": "Point",
        "coordinates": [
          103.8887513,
          1.3720748
        ]
      },
      "id": "node/9931666718"
    },
    {
      "type": "Feature",
      "properties": {
        "@id": "node/9941734490",
        "addr:unit": "11",
        "check_date": "2024-11-24",
        "level": "0",
        "name": "Fairprice Xpress",
        "shop": "supermarket"
      },
      "geometry": {
        "type": "Point",
        "coordinates": [
          103.8496842,
          1.3007277
        ]
      },
      "id": "node/9941734490"
    },
    {
      "type": "Feature",
      "properties": {
        "@id": "node/9954715124",
        "level": "0",
        "name": "Li Cheng Supermarket",
        "shop": "supermarket"
      },
      "geometry": {
        "type": "Point",
        "coordinates": [
          103.90126,
          1.4025259
        ]
      },
      "id": "node/9954715124"
    },
    {
      "type": "Feature",
      "properties": {
        "@id": "node/9954734836",
        "brand": "Cheers",
        "brand:wikidata": "Q64154066",
        "level": "0",
        "name": "Cheers",
        "name:zh": "Cheers(雀喜)便利商店",
        "opening_hours": "24/7",
        "shop": "convenience"
      },
      "geometry": {
        "type": "Point",
        "coordinates": [
          103.9020815,
          1.4044318
        ]
      },
      "id": "node/9954734836"
    },
    {
      "type": "Feature",
      "properties": {
        "@id": "node/9994716417",
        "name": "HAO Mart",
        "shop": "supermarket"
      },
      "geometry": {
        "type": "Point",
        "coordinates": [
          103.9194725,
          1.3998191
        ]
      },
      "id": "node/9994716417"
    },
    {
      "type": "Feature",
      "properties": {
        "@id": "node/9996562226",
        "opening_hours": "Mo-Su 09:00-21:00",
        "shop": "convenience"
      },
      "geometry": {
        "type": "Point",
        "coordinates": [
          103.7465795,
          1.3442662
        ]
      },
      "id": "node/9996562226"
    },
    {
      "type": "Feature",
      "properties": {
        "@id": "node/10000868254",
        "addr:city": "Singapore",
        "addr:housenumber": "286E",
        "addr:postcode": "605286",
        "addr:street": "Toh Guan Road",
        "name": "Joo Guan Hin Minimart",
        "opening_hours": "Mo-Su 08:00-22:00",
        "operator": "Mr.Joo",
        "payment:app": "yes",
        "payment:cash": "yes",
        "phone": "+65 65651082",
        "shop": "convenience"
      },
      "geometry": {
        "type": "Point",
        "coordinates": [
          103.7449892,
          1.3394161
        ]
      },
      "id": "node/10000868254"
    },
    {
      "type": "Feature",
      "properties": {
        "@id": "node/10002061510",
        "brand": "7-Eleven",
        "brand:wikidata": "Q259340",
        "level": "0",
        "name": "7-Eleven",
        "name:zh": "7-11便利店",
        "opening_hours": "24/7",
        "shop": "convenience"
      },
      "geometry": {
        "type": "Point",
        "coordinates": [
          103.9012128,
          1.4062095
        ]
      },
      "id": "node/10002061510"
    },
    {
      "type": "Feature",
      "properties": {
        "@id": "node/10010436820",
        "check_date": "2025-12-16",
        "level": "-1",
        "name": "Scarlett",
        "name:zh": "思家客",
        "shop": "supermarket",
        "wheelchair": "yes"
      },
      "geometry": {
        "type": "Point",
        "coordinates": [
          103.9029569,
          1.4068218
        ]
      },
      "id": "node/10010436820"
    },
    {
      "type": "Feature",
      "properties": {
        "@id": "node/10015221485",
        "level": "0",
        "name": "Bangkit Kiosk",
        "shop": "convenience"
      },
      "geometry": {
        "type": "Point",
        "coordinates": [
          103.8408905,
          1.3009709
        ]
      },
      "id": "node/10015221485"
    },
    {
      "type": "Feature",
      "properties": {
        "@id": "node/10017979846",
        "brand": "7-Eleven",
        "brand:wikidata": "Q259340",
        "name": "7-Eleven",
        "name:zh": "7-11便利店",
        "opening_hours": "24/7",
        "shop": "convenience"
      },
      "geometry": {
        "type": "Point",
        "coordinates": [
          103.849222,
          1.2983904
        ]
      },
      "id": "node/10017979846"
    },
    {
      "type": "Feature",
      "properties": {
        "@id": "node/10027091318",
        "addr:street": "East Coast Road",
        "name": "Star Mart",
        "shop": "convenience"
      },
      "geometry": {
        "type": "Point",
        "coordinates": [
          103.9108134,
          1.3090877
        ]
      },
      "id": "node/10027091318"
    },
    {
      "type": "Feature",
      "properties": {
        "@id": "node/10028555317",
        "addr:street": "East Coast Road",
        "name": "7-Eleven",
        "name:zh": "7-11便利店",
        "shop": "convenience"
      },
      "geometry": {
        "type": "Point",
        "coordinates": [
          103.9117256,
          1.3087349
        ]
      },
      "id": "node/10028555317"
    },
    {
      "type": "Feature",
      "properties": {
        "@id": "node/10030129567",
        "addr:city": "Singapore",
        "addr:housename": "ibis Budget Hotel Clarke Quay",
        "addr:housenumber": "20",
        "addr:postcode": "059663",
        "addr:street": "Hongkong Street",
        "brand": "7-Eleven",
        "brand:wikidata": "Q259340",
        "check_date": "2024-04-26",
        "level": "0",
        "name": "7-Eleven",
        "name:zh": "7-11便利店",
        "opening_hours": "24/7",
        "shop": "convenience",
        "wheelchair": "no"
      },
      "geometry": {
        "type": "Point",
        "coordinates": [
          103.8471937,
          1.2878028
        ]
      },
      "id": "node/10030129567"
    },
    {
      "type": "Feature",
      "properties": {
        "@id": "node/10125572295",
        "addr:city": "Singapore",
        "addr:housenumber": "665A",
        "addr:postcode": "821665",
        "addr:street": "Punggol Drive",
        "addr:unit": "#01-01",
        "air_conditioning": "yes",
        "name": "Fortune Supermarket",
        "opening_hours": "Mo-Su 07:00-23:00",
        "shop": "supermarket"
      },
      "geometry": {
        "type": "Point",
        "coordinates": [
          103.9137946,
          1.4020081
        ]
      },
      "id": "node/10125572295"
    },
    {
      "type": "Feature",
      "properties": {
        "@id": "node/10135413017",
        "name": "Umart",
        "shop": "convenience"
      },
      "geometry": {
        "type": "Point",
        "coordinates": [
          103.8970773,
          1.3835401
        ]
      },
      "id": "node/10135413017"
    },
    {
      "type": "Feature",
      "properties": {
        "@id": "node/10140057893",
        "addr:floor": ";-1",
        "brand": "Don Don Donki",
        "brand:wikidata": "Q1185381",
        "check_date": "2024-11-24",
        "level": "-1",
        "name": "Don Don Donki",
        "payment:mastercard": "yes",
        "payment:visa": "yes",
        "shop": "supermarket"
      },
      "geometry": {
        "type": "Point",
        "coordinates": [
          103.8439889,
          1.3208756
        ]
      },
      "id": "node/10140057893"
    },
    {
      "type": "Feature",
      "properties": {
        "@id": "node/10140211512",
        "brand": "Cheers",
        "brand:wikidata": "Q64154066",
        "check_date": "2023-07-30",
        "layer": "-1",
        "level": "-1",
        "name": "Cheers",
        "name:zh": "Cheers(雀喜)便利商店",
        "opening_hours": "24/7",
        "shop": "convenience"
      },
      "geometry": {
        "type": "Point",
        "coordinates": [
          103.8180439,
          1.3977329
        ]
      },
      "id": "node/10140211512"
    },
    {
      "type": "Feature",
      "properties": {
        "@id": "node/10173455441",
        "name": "Anua",
        "shop": "convenience"
      },
      "geometry": {
        "type": "Point",
        "coordinates": [
          103.7958178,
          1.2701843
        ]
      },
      "id": "node/10173455441"
    },
    {
      "type": "Feature",
      "properties": {
        "@id": "node/10201802665",
        "brand": "7-Eleven",
        "brand:wikidata": "Q259340",
        "name": "7-Eleven",
        "name:zh": "7-11便利店",
        "shop": "convenience",
        "wheelchair": "limited"
      },
      "geometry": {
        "type": "Point",
        "coordinates": [
          103.8198223,
          1.2772604
        ]
      },
      "id": "node/10201802665"
    },
    {
      "type": "Feature",
      "properties": {
        "@id": "node/10208611017",
        "addr:city": "Singapore",
        "addr:housename": "Senja Heights",
        "addr:housenumber": "643",
        "addr:postcode": "670643",
        "addr:street": "Senja Close",
        "brand": "Sheng Siong",
        "brand:wikidata": "Q3481878",
        "name": "Sheng Siong",
        "name:zh": "昇菘超市",
        "opening_hours": "07:00-23:00",
        "phone": "+65 6592 5767",
        "shop": "supermarket"
      },
      "geometry": {
        "type": "Point",
        "coordinates": [
          103.763142,
          1.3878258
        ]
      },
      "id": "node/10208611017"
    },
    {
      "type": "Feature",
      "properties": {
        "@id": "node/10242087186",
        "brand": "Cheers",
        "brand:wikidata": "Q64154066",
        "check_date": "2022-12-02",
        "name": "Cheers",
        "name:zh": "Cheers(雀喜)便利商店",
        "shop": "convenience"
      },
      "geometry": {
        "type": "Point",
        "coordinates": [
          103.8960412,
          1.315615
        ]
      },
      "id": "node/10242087186"
    },
    {
      "type": "Feature",
      "properties": {
        "@id": "node/10242087188",
        "addr:housenumber": "83",
        "addr:street": "East Coast Road",
        "check_date": "2022-12-04",
        "name": "Heritage Fresh",
        "shop": "convenience"
      },
      "geometry": {
        "type": "Point",
        "coordinates": [
          103.9039466,
          1.3054063
        ]
      },
      "id": "node/10242087188"
    },
    {
      "type": "Feature",
      "properties": {
        "@id": "node/10242087194",
        "check_date": "2022-12-03",
        "name": "7-Eleven",
        "name:zh": "7-11便利店",
        "shop": "convenience"
      },
      "geometry": {
        "type": "Point",
        "coordinates": [
          103.9032456,
          1.3044196
        ]
      },
      "id": "node/10242087194"
    },
    {
      "type": "Feature",
      "properties": {
        "@id": "node/10243959801",
        "check_date": "2026-02-10",
        "name": "7-Eleven",
        "name:zh": "7-11便利店",
        "opening_hours": "24/7",
        "shop": "convenience",
        "wheelchair": "limited"
      },
      "geometry": {
        "type": "Point",
        "coordinates": [
          103.9061812,
          1.3029732
        ]
      },
      "id": "node/10243959801"
    },
    {
      "type": "Feature",
      "properties": {
        "@id": "node/10248705287",
        "name": "Food-Joy",
        "opening_hours": "Mo-Su 07:30-22:30",
        "phone": "+6564742111",
        "shop": "convenience"
      },
      "geometry": {
        "type": "Point",
        "coordinates": [
          103.7868416,
          1.280511
        ]
      },
      "id": "node/10248705287"
    },
    {
      "type": "Feature",
      "properties": {
        "@id": "node/10283913609",
        "name": "Balu Supermarket",
        "shop": "supermarket"
      },
      "geometry": {
        "type": "Point",
        "coordinates": [
          103.6605328,
          1.3218547
        ]
      },
      "id": "node/10283913609"
    },
    {
      "type": "Feature",
      "properties": {
        "@id": "node/10288801409",
        "brand": "Cheers",
        "brand:wikidata": "Q64154066",
        "name": "Cheers",
        "name:zh": "Cheers(雀喜)便利商店",
        "opening_hours": "24/7",
        "shop": "convenience"
      },
      "geometry": {
        "type": "Point",
        "coordinates": [
          103.8554604,
          1.3620149
        ]
      },
      "id": "node/10288801409"
    },
    {
      "type": "Feature",
      "properties": {
        "@id": "node/10297814050",
        "addr:city": "Singapore",
        "addr:housenumber": "18",
        "addr:postcode": "327977",
        "addr:street": "Saint Michael's Road",
        "brand": "Mei Tang",
        "email": "meitangsoup@gmail.com",
        "image": "https://d2j6dbq0eux0bg.cloudfront.net/images/83443624/3397857042.jpg",
        "name": "Mei Tang",
        "opening_hours": "24/7",
        "operator": "Mei Tang",
        "organic": "only",
        "phone": "+6597728349",
        "shop": "supermarket",
        "website": "https://meitang.company.site/",
        "wheelchair": "yes"
      },
      "geometry": {
        "type": "Point",
        "coordinates": [
          103.8637132,
          1.3262681
        ]
      },
      "id": "node/10297814050"
    },
    {
      "type": "Feature",
      "properties": {
        "@id": "node/10298236705",
        "brand": "Cheers",
        "brand:wikidata": "Q64154066",
        "name": "Cheers",
        "name:zh": "Cheers(雀喜)便利商店",
        "opening_hours": "24/7",
        "shop": "convenience"
      },
      "geometry": {
        "type": "Point",
        "coordinates": [
          103.8447926,
          1.3579747
        ]
      },
      "id": "node/10298236705"
    },
    {
      "type": "Feature",
      "properties": {
        "@id": "node/10309863709",
        "brand": "Sheng Siong",
        "brand:wikidata": "Q3481878",
        "name": "Sheng Siong",
        "name:zh": "昇菘超市",
        "shop": "supermarket"
      },
      "geometry": {
        "type": "Point",
        "coordinates": [
          103.7435147,
          1.357195
        ]
      },
      "id": "node/10309863709"
    },
    {
      "type": "Feature",
      "properties": {
        "@id": "node/10567469069",
        "addr:city": "Singapore",
        "addr:housenumber": "642",
        "addr:postcode": "670642",
        "addr:street": "Senja Close",
        "brand": "NTUC Fairprice",
        "check_date": "2025-04-27",
        "name": "FairPrice Senja Heights",
        "not:brand:wikidata": "Q6955519",
        "opening_hours": "Mo-Su 07:00-23:00",
        "operator": "NTUC",
        "payment:cash": "yes",
        "payment:credit_cards": "yes",
        "payment:debit_cards": "yes",
        "payment:mastercard": "yes",
        "payment:nets": "yes",
        "payment:visa": "yes",
        "shop": "supermarket",
        "wheelchair": "yes"
      },
      "geometry": {
        "type": "Point",
        "coordinates": [
          103.7616549,
          1.3869539
        ]
      },
      "id": "node/10567469069"
    },
    {
      "type": "Feature",
      "properties": {
        "@id": "node/10567714560",
        "name": "Ashmi",
        "shop": "convenience"
      },
      "geometry": {
        "type": "Point",
        "coordinates": [
          103.7930731,
          1.2761314
        ]
      },
      "id": "node/10567714560"
    },
    {
      "type": "Feature",
      "properties": {
        "@id": "node/10586652587",
        "level": "0",
        "name": "FairPrice Xpress",
        "name:zh": "平价超市 Xpress",
        "operator": "NTUC",
        "shop": "supermarket"
      },
      "geometry": {
        "type": "Point",
        "coordinates": [
          103.7725315,
          1.304817
        ]
      },
      "id": "node/10586652587"
    },
    {
      "type": "Feature",
      "properties": {
        "@id": "node/10605343160",
        "name": "Honest Bee Habitat",
        "shop": "supermarket"
      },
      "geometry": {
        "type": "Point",
        "coordinates": [
          103.7971243,
          1.2762273
        ]
      },
      "id": "node/10605343160"
    },
    {
      "type": "Feature",
      "properties": {
        "@id": "node/10661711850",
        "shop": "convenience"
      },
      "geometry": {
        "type": "Point",
        "coordinates": [
          103.7481547,
          1.3210372
        ]
      },
      "id": "node/10661711850"
    },
    {
      "type": "Feature",
      "properties": {
        "@id": "node/10661711851",
        "shop": "convenience"
      },
      "geometry": {
        "type": "Point",
        "coordinates": [
          103.7484239,
          1.3207219
        ]
      },
      "id": "node/10661711851"
    },
    {
      "type": "Feature",
      "properties": {
        "@id": "node/10692469801",
        "brand": "Sheng Siong",
        "level": "-1",
        "name": "Sheng Siong",
        "name:zh": "昇菘超市",
        "shop": "supermarket"
      },
      "geometry": {
        "type": "Point",
        "coordinates": [
          103.8952516,
          1.3632233
        ]
      },
      "id": "node/10692469801"
    },
    {
      "type": "Feature",
      "properties": {
        "@id": "node/10718876434",
        "brand": "7-Eleven",
        "level": "0",
        "name": "7-Eleven",
        "name:zh": "7-11便利店",
        "opening_hours": "24/7",
        "payment:alipay": "yes",
        "payment:mastercard": "yes",
        "payment:mastercard_contactless": "yes",
        "payment:nets": "yes",
        "payment:sgqr": "yes",
        "payment:visa": "yes",
        "payment:visa_contactless": "yes",
        "payment:wechat": "yes",
        "shop": "convenience",
        "wheelchair": "yes"
      },
      "geometry": {
        "type": "Point",
        "coordinates": [
          103.8928137,
          1.3837947
        ]
      },
      "id": "node/10718876434"
    },
    {
      "type": "Feature",
      "properties": {
        "@id": "node/10718876438",
        "brand": "NTUC Fairprice",
        "diet:halal": "yes",
        "level": "-1",
        "name": "FairPrice Finest",
        "opening_hours": "08:00-23:00",
        "shop": "supermarket",
        "wheelchair": "yes"
      },
      "geometry": {
        "type": "Point",
        "coordinates": [
          103.8922195,
          1.3825576
        ]
      },
      "id": "node/10718876438"
    },
    {
      "type": "Feature",
      "properties": {
        "@id": "node/10722732806",
        "name": "Fairprice Xpress",
        "opening_hours": "Mo-Su 08:00-23:00",
        "shop": "supermarket"
      },
      "geometry": {
        "type": "Point",
        "coordinates": [
          103.9024297,
          1.3184958
        ]
      },
      "id": "node/10722732806"
    },
    {
      "type": "Feature",
      "properties": {
        "@id": "node/10722736505",
        "name": "7-Eleven",
        "name:zh": "7-11便利店",
        "opening_hours": "PH,Mo-Su 07:00-23:00",
        "shop": "convenience"
      },
      "geometry": {
        "type": "Point",
        "coordinates": [
          103.9026121,
          1.3185253
        ]
      },
      "id": "node/10722736505"
    },
    {
      "type": "Feature",
      "properties": {
        "@id": "node/10732752509",
        "brand": "7-Eleven",
        "brand:wikidata": "Q259340",
        "name": "7-Eleven",
        "name:zh": "7-11便利店",
        "shop": "convenience"
      },
      "geometry": {
        "type": "Point",
        "coordinates": [
          103.8208999,
          1.2554609
        ]
      },
      "id": "node/10732752509"
    },
    {
      "type": "Feature",
      "properties": {
        "@id": "node/10765737805",
        "brand": "7-Eleven",
        "brand:wikidata": "Q259340",
        "check_date": "2025-11-04",
        "name": "7-Eleven",
        "name:zh": "7-11便利店",
        "shop": "convenience"
      },
      "geometry": {
        "type": "Point",
        "coordinates": [
          103.8447284,
          1.2887598
        ]
      },
      "id": "node/10765737805"
    },
    {
      "type": "Feature",
      "properties": {
        "@id": "node/10766173405",
        "check_date": "2024-04-11",
        "level": "0",
        "name": "Everyday Mart",
        "shop": "convenience"
      },
      "geometry": {
        "type": "Point",
        "coordinates": [
          103.8479049,
          1.2869515
        ]
      },
      "id": "node/10766173405"
    },
    {
      "type": "Feature",
      "properties": {
        "@id": "node/10771041183",
        "air_conditioning": "yes",
        "brand": "7-Eleven",
        "brand:wikidata": "Q259340",
        "check_date": "2023-12-09",
        "level": "0",
        "name": "7-Eleven",
        "name:zh": "7-11便利店",
        "shop": "convenience",
        "wheelchair": "no"
      },
      "geometry": {
        "type": "Point",
        "coordinates": [
          103.8511339,
          1.3005707
        ]
      },
      "id": "node/10771041183"
    },
    {
      "type": "Feature",
      "properties": {
        "@id": "node/10772545812",
        "brand": "Cheers",
        "brand:wikidata": "Q64154066",
        "name": "Cheers",
        "name:zh": "Cheers(雀喜)便利商店",
        "opening_hours": "Mo-Su 07:00-23:00",
        "shop": "convenience"
      },
      "geometry": {
        "type": "Point",
        "coordinates": [
          103.7321775,
          1.342693
        ]
      },
      "id": "node/10772545812"
    },
    {
      "type": "Feature",
      "properties": {
        "@id": "node/10779473004",
        "name": "Anagreen",
        "shop": "convenience"
      },
      "geometry": {
        "type": "Point",
        "coordinates": [
          103.7579763,
          1.3511504
        ]
      },
      "id": "node/10779473004"
    },
    {
      "type": "Feature",
      "properties": {
        "@id": "node/10798810205",
        "addr:postcode": "579837",
        "name": "FairPrice Finest",
        "opening_hours": "Mo-Su 08:00-23:00",
        "shop": "supermarket",
        "website": "https://fairprice.com.sg/"
      },
      "geometry": {
        "type": "Point",
        "coordinates": [
          103.8488463,
          1.3505336
        ]
      },
      "id": "node/10798810205"
    },
    {
      "type": "Feature",
      "properties": {
        "@id": "node/10804307907",
        "name": "Gin Hin Lee",
        "shop": "convenience"
      },
      "geometry": {
        "type": "Point",
        "coordinates": [
          103.8959475,
          1.314888
        ]
      },
      "id": "node/10804307907"
    },
    {
      "type": "Feature",
      "properties": {
        "@id": "node/10808393877",
        "addr:city": "Singapore",
        "addr:housenumber": "601",
        "addr:postcode": "368242",
        "addr:street": "MacPherson Road",
        "air_conditioning": "yes",
        "level": "1",
        "name": "Scarlett Supermarket",
        "name:zh": "思家客",
        "opening_hours": "Mo-Su 09:00-23:00",
        "shop": "supermarket",
        "website": "https://www.scarlettsupermarket.com.sg/"
      },
      "geometry": {
        "type": "Point",
        "coordinates": [
          103.8877974,
          1.3338571
        ]
      },
      "id": "node/10808393877"
    },
    {
      "type": "Feature",
      "properties": {
        "@id": "node/10833950728",
        "brand": "7-Eleven",
        "brand:wikidata": "Q259340",
        "name": "7-Eleven",
        "name:zh": "7-11便利店",
        "shop": "convenience",
        "wheelchair": "limited"
      },
      "geometry": {
        "type": "Point",
        "coordinates": [
          103.8166963,
          1.4530992
        ]
      },
      "id": "node/10833950728"
    },
    {
      "type": "Feature",
      "properties": {
        "@id": "node/10838701190",
        "addr:city": "Singapore",
        "addr:country": "SG",
        "addr:street": "Blk 258, Pasir Ris Street 21, #01-08 Loyang Point",
        "brand": "7-Eleven",
        "brand:wikidata": "Q259340",
        "name": "7-Eleven",
        "name:zh": "7-11便利店",
        "opening_hours": "24/7",
        "payment:apple_pay": "yes",
        "payment:cash": "yes",
        "payment:coins": "yes",
        "payment:contactless": "yes",
        "payment:credit_cards": "yes",
        "payment:debit_cards": "yes",
        "payment:google_pay": "yes",
        "payment:mastercard": "yes",
        "payment:notes": "yes",
        "payment:visa": "yes",
        "payment:visa_debit": "yes",
        "shop": "convenience",
        "source": "https://www.7-eleven.com.sg/Locate"
      },
      "geometry": {
        "type": "Point",
        "coordinates": [
          103.9645786,
          1.3672033
        ]
      },
      "id": "node/10838701190"
    },
    {
      "type": "Feature",
      "properties": {
        "@id": "node/10855812013",
        "shop": "convenience",
        "wheelchair": "yes"
      },
      "geometry": {
        "type": "Point",
        "coordinates": [
          103.8193158,
          1.2667255
        ]
      },
      "id": "node/10855812013"
    },
    {
      "type": "Feature",
      "properties": {
        "@id": "node/10859794065",
        "addr:city": "Singapore",
        "addr:housenumber": "50",
        "addr:postcode": "739066",
        "addr:street": "Woodlands Avenue 1",
        "brand": "NTUC FairPrice",
        "layer": "1",
        "name": "FairPrice Xpress",
        "opening_hours": "24/7",
        "payment:cash": "yes",
        "payment:credit_cards": "yes",
        "payment:mastercard": "yes",
        "payment:visa": "yes",
        "shop": "convenience",
        "smoking": "no",
        "website": "https://www.fairprice.com.sg/our-retail-formats/"
      },
      "geometry": {
        "type": "Point",
        "coordinates": [
          103.7842892,
          1.430858
        ]
      },
      "id": "node/10859794065"
    },
    {
      "type": "Feature",
      "properties": {
        "@id": "node/10877063851",
        "addr:housenumber": "269",
        "addr:street": "Joo Chiat Road",
        "check_date": "2023-05-07",
        "level": "0",
        "name": "BNM Trading",
        "shop": "supermarket"
      },
      "geometry": {
        "type": "Point",
        "coordinates": [
          103.9018166,
          1.31035
        ]
      },
      "id": "node/10877063851"
    },
    {
      "type": "Feature",
      "properties": {
        "@id": "node/10877165736",
        "addr:city": "Singapore",
        "addr:housenumber": "1",
        "addr:postcode": "068803",
        "addr:street": "Shenton Way",
        "brand": "7-Eleven",
        "brand:wikidata": "Q259340",
        "name": "7-Eleven",
        "name:zh": "7-11便利店",
        "opening_hours": "Mo-Su 07:00-23:00",
        "payment:cash": "yes",
        "payment:credit_cards": "yes",
        "payment:debit_cards": "yes",
        "phone": "+65 6509 6553",
        "shop": "convenience"
      },
      "geometry": {
        "type": "Point",
        "coordinates": [
          103.8508396,
          1.2795626
        ]
      },
      "id": "node/10877165736"
    },
    {
      "type": "Feature",
      "properties": {
        "@id": "node/10891405955",
        "addr:unit": "#01-58",
        "air_conditioning": "yes",
        "branch": "The Woodleigh Mall",
        "brand": "7-Eleven",
        "brand:wikidata": "Q259340",
        "level": "0",
        "name": "7-Eleven",
        "name:zh": "7-11便利店",
        "shop": "convenience"
      },
      "geometry": {
        "type": "Point",
        "coordinates": [
          103.8721172,
          1.3388158
        ]
      },
      "id": "node/10891405955"
    },
    {
      "type": "Feature",
      "properties": {
        "@id": "node/10891405962",
        "addr:city": "Singapore",
        "addr:country": "SG",
        "addr:housenumber": "11",
        "addr:postcode": "367803",
        "addr:street": "Bidadari Park Drive",
        "addr:unit": "#B1-32/33",
        "air_conditioning": "yes",
        "branch": "The Woodleigh Mall",
        "level": "-1",
        "name": "NTUC FairPrice Finest",
        "opening_hours": "24/7",
        "payment:american_express": "yes",
        "payment:coins": "yes",
        "payment:contactless": "yes",
        "payment:mastercard": "yes",
        "payment:notes": "yes",
        "payment:visa": "yes",
        "self_checkout": "yes",
        "shop": "supermarket"
      },
      "geometry": {
        "type": "Point",
        "coordinates": [
          103.8712185,
          1.3385533
        ]
      },
      "id": "node/10891405962"
    },
    {
      "type": "Feature",
      "properties": {
        "@id": "node/10918168209",
        "addr:city": "Singapore",
        "addr:housenumber": "116",
        "addr:postcode": "140117",
        "addr:street": "Commonwealth Crescent",
        "level": "0",
        "name": "Chip Aik Liquor Co.",
        "opening_hours": "Sa-Th 07:30-19:45; Fr 07:30-13:00",
        "phone": "+65 64728461",
        "shop": "convenience"
      },
      "geometry": {
        "type": "Point",
        "coordinates": [
          103.8000189,
          1.3068953
        ]
      },
      "id": "node/10918168209"
    },
    {
      "type": "Feature",
      "properties": {
        "@id": "node/10948389883",
        "addr:housenumber": "111",
        "addr:street": "North Bridge Road",
        "check_date": "2023-06-03",
        "level": "0",
        "shop": "convenience"
      },
      "geometry": {
        "type": "Point",
        "coordinates": [
          103.8505754,
          1.2921326
        ]
      },
      "id": "node/10948389883"
    },
    {
      "type": "Feature",
      "properties": {
        "@id": "node/10948389888",
        "addr:floor": "2",
        "beauty": "spa",
        "check_date": "2023-05-31",
        "name": "YY Supermart",
        "shop": "convenience"
      },
      "geometry": {
        "type": "Point",
        "coordinates": [
          103.848743,
          1.3258884
        ]
      },
      "id": "node/10948389888"
    },
    {
      "type": "Feature",
      "properties": {
        "@id": "node/10956835506",
        "brand": "Cheers",
        "brand:wikidata": "Q64154066",
        "name": "Cheers",
        "opening_hours": "24/7",
        "shop": "convenience"
      },
      "geometry": {
        "type": "Point",
        "coordinates": [
          103.9894134,
          1.3620433
        ]
      },
      "id": "node/10956835506"
    },
    {
      "type": "Feature",
      "properties": {
        "@id": "node/10968855493",
        "addr:unit": "10",
        "brand": "7-Eleven",
        "brand:wikidata": "Q259340",
        "level": "0",
        "name": "7-Eleven",
        "shop": "convenience"
      },
      "geometry": {
        "type": "Point",
        "coordinates": [
          103.8491786,
          1.3003605
        ]
      },
      "id": "node/10968855493"
    },
    {
      "type": "Feature",
      "properties": {
        "@id": "node/10982029074",
        "shop": "convenience"
      },
      "geometry": {
        "type": "Point",
        "coordinates": [
          103.8555765,
          1.3140025
        ]
      },
      "id": "node/10982029074"
    },
    {
      "type": "Feature",
      "properties": {
        "@id": "node/10984154764",
        "addr:country": "SG",
        "addr:floor": "0",
        "diet:halal": "yes",
        "level": "0",
        "name": "Majfa Mini Market",
        "opening_hours": "Mo-Su 07:00-23:00",
        "shop": "convenience"
      },
      "geometry": {
        "type": "Point",
        "coordinates": [
          103.8938136,
          1.3772271
        ]
      },
      "id": "node/10984154764"
    },
    {
      "type": "Feature",
      "properties": {
        "@id": "node/10991987484",
        "addr:unit": "#01-20",
        "brand": "7-Eleven",
        "brand:wikidata": "Q259340",
        "name": "7-Eleven",
        "shop": "convenience"
      },
      "geometry": {
        "type": "Point",
        "coordinates": [
          103.7829893,
          1.3165489
        ]
      },
      "id": "node/10991987484"
    },
    {
      "type": "Feature",
      "properties": {
        "@id": "node/10991987497",
        "addr:unit": "#01-22",
        "name": "Eccellente by Hao Mart",
        "shop": "supermarket"
      },
      "geometry": {
        "type": "Point",
        "coordinates": [
          103.7831583,
          1.316766
        ]
      },
      "id": "node/10991987497"
    },
    {
      "type": "Feature",
      "properties": {
        "@id": "node/10992300852",
        "addr:housename": "Stamford Centre",
        "addr:housenumber": "61",
        "addr:street": "Stamford Road",
        "brand": "Cheers",
        "brand:wikidata": "Q64154066",
        "check_date": "2024-04-16",
        "level": "0",
        "name": "Cheers",
        "opening_hours": "24/7",
        "shop": "convenience",
        "wheelchair": "yes"
      },
      "geometry": {
        "type": "Point",
        "coordinates": [
          103.8503108,
          1.2944986
        ]
      },
      "id": "node/10992300852"
    },
    {
      "type": "Feature",
      "properties": {
        "@id": "node/11003093905",
        "brand": "7-Eleven",
        "brand:wikidata": "Q259340",
        "name": "7-Eleven",
        "shop": "convenience"
      },
      "geometry": {
        "type": "Point",
        "coordinates": [
          103.7059919,
          1.3386798
        ]
      },
      "id": "node/11003093905"
    },
    {
      "type": "Feature",
      "properties": {
        "@id": "node/11012000790",
        "brand": "Cheers",
        "brand:wikidata": "Q64154066",
        "level": "0",
        "name": "Cheers",
        "opening_hours": "24/7",
        "shop": "convenience"
      },
      "geometry": {
        "type": "Point",
        "coordinates": [
          103.8813918,
          1.3707066
        ]
      },
      "id": "node/11012000790"
    },
    {
      "type": "Feature",
      "properties": {
        "@id": "node/11023056262",
        "brand": "7-Eleven",
        "brand:wikidata": "Q259340",
        "level": "0",
        "name": "7-Eleven",
        "shop": "convenience"
      },
      "geometry": {
        "type": "Point",
        "coordinates": [
          103.9619197,
          1.3353279
        ]
      },
      "id": "node/11023056262"
    },
    {
      "type": "Feature",
      "properties": {
        "@id": "node/11023056281",
        "addr:city": "Singapore",
        "addr:housenumber": "89",
        "addr:postcode": "460089",
        "addr:street": "Bedok North Avenue 4",
        "level": "0",
        "name": "MCP FAIRMART 百鮮超市",
        "opening_hours": "24/7",
        "shop": "supermarket"
      },
      "geometry": {
        "type": "Point",
        "coordinates": [
          103.9379857,
          1.3328871
        ]
      },
      "id": "node/11023056281"
    },
    {
      "type": "Feature",
      "properties": {
        "@id": "node/11068641273",
        "addr:city": "Singapore",
        "addr:housenumber": "#01-253",
        "addr:postcode": "600253",
        "addr:street": "Jurong East Street 24",
        "description": "Myanmar Minimart",
        "name": "Chaung Thar Myanmar Minimart",
        "opening_hours": "Mo-Su 09:00-21:00",
        "operator": "Chaung Thar Trading Pte. Ltd.",
        "payment:cash": "yes",
        "payment:paynow": "yes",
        "phone": "+6586601614",
        "shop": "supermarket"
      },
      "geometry": {
        "type": "Point",
        "coordinates": [
          103.7367607,
          1.3438372
        ]
      },
      "id": "node/11068641273"
    },
    {
      "type": "Feature",
      "properties": {
        "@id": "node/11079698217",
        "brand": "7-Eleven",
        "brand:wikidata": "Q259340",
        "level": "0",
        "name": "7-Eleven",
        "shop": "convenience"
      },
      "geometry": {
        "type": "Point",
        "coordinates": [
          103.9550626,
          1.3776063
        ]
      },
      "id": "node/11079698217"
    },
    {
      "type": "Feature",
      "properties": {
        "@id": "node/11085068430",
        "name": "Family needs",
        "shop": "convenience"
      },
      "geometry": {
        "type": "Point",
        "coordinates": [
          103.8543181,
          1.3140063
        ]
      },
      "id": "node/11085068430"
    },
    {
      "type": "Feature",
      "properties": {
        "@id": "node/11090494215",
        "check_date": "2023-07-26",
        "level": "0",
        "name": "Everyday Mart",
        "shop": "convenience"
      },
      "geometry": {
        "type": "Point",
        "coordinates": [
          103.8527093,
          1.3019901
        ]
      },
      "id": "node/11090494215"
    },
    {
      "type": "Feature",
      "properties": {
        "@id": "node/11090494248",
        "addr:city": "Singapore",
        "addr:housenumber": "12",
        "addr:postcode": "339511",
        "addr:street": "Kallang Avenue",
        "air_conditioning": "yes",
        "check_date": "2023-08-09",
        "level": "0",
        "name": "Thai Supermarket",
        "opening_hours": "Mo-Su 10:00-22:00",
        "payment:credit_cards": "yes",
        "payment:debit_cards": "yes",
        "shop": "supermarket"
      },
      "geometry": {
        "type": "Point",
        "coordinates": [
          103.8643862,
          1.3097081
        ]
      },
      "id": "node/11090494248"
    },
    {
      "type": "Feature",
      "properties": {
        "@id": "node/11115314582",
        "addr:city": "Singapore",
        "addr:housenumber": "387",
        "addr:postcode": "367872",
        "addr:street": "Upper Aljunied Road",
        "level": "0",
        "name": "Sing Hiong Market, Bakery & Confectionery",
        "phone": "+65 6280 5537",
        "shop": "supermarket"
      },
      "geometry": {
        "type": "Point",
        "coordinates": [
          103.8787865,
          1.3331217
        ]
      },
      "id": "node/11115314582"
    },
    {
      "type": "Feature",
      "properties": {
        "@id": "node/11115314592",
        "addr:city": "Singapore",
        "addr:housenumber": "27",
        "addr:postcode": "347857",
        "addr:street": "Tai Thong Crescent",
        "air_conditioning": "yes",
        "brand": "7-Eleven",
        "brand:wikidata": "Q259340",
        "name": "7-Eleven",
        "opening_hours": "24/7",
        "phone": "+65 6891 8100",
        "shop": "convenience",
        "website": "https://www.7-eleven.com.sg/",
        "wheelchair": "no"
      },
      "geometry": {
        "type": "Point",
        "coordinates": [
          103.8697216,
          1.329003
        ]
      },
      "id": "node/11115314592"
    },
    {
      "type": "Feature",
      "properties": {
        "@id": "node/11166377840",
        "brand": "7-Eleven",
        "brand:wikidata": "Q259340",
        "name": "7-Eleven",
        "shop": "convenience"
      },
      "geometry": {
        "type": "Point",
        "coordinates": [
          103.849813,
          1.4283329
        ]
      },
      "id": "node/11166377840"
    },
    {
      "type": "Feature",
      "properties": {
        "@id": "node/11166401594",
        "brand": "7-Eleven",
        "brand:wikidata": "Q259340",
        "name": "7-Eleven",
        "shop": "convenience"
      },
      "geometry": {
        "type": "Point",
        "coordinates": [
          103.8440404,
          1.4160474
        ]
      },
      "id": "node/11166401594"
    },
    {
      "type": "Feature",
      "properties": {
        "@id": "node/11173633074",
        "brand": "Cheers",
        "brand:wikidata": "Q64154066",
        "name": "Cheers",
        "opening_hours": "24/7",
        "shop": "convenience"
      },
      "geometry": {
        "type": "Point",
        "coordinates": [
          103.7717876,
          1.2992744
        ]
      },
      "id": "node/11173633074"
    },
    {
      "type": "Feature",
      "properties": {
        "@id": "node/11194372066",
        "brand": "7-Eleven",
        "brand:wikidata": "Q259340",
        "name": "7-Eleven",
        "shop": "convenience",
        "wheelchair": "limited"
      },
      "geometry": {
        "type": "Point",
        "coordinates": [
          103.8461193,
          1.4251368
        ]
      },
      "id": "node/11194372066"
    },
    {
      "type": "Feature",
      "properties": {
        "@id": "node/11194372067",
        "brand": "7-Eleven",
        "brand:wikidata": "Q259340",
        "name": "7-Eleven",
        "shop": "convenience",
        "wheelchair": "yes"
      },
      "geometry": {
        "type": "Point",
        "coordinates": [
          103.8405397,
          1.4228999
        ]
      },
      "id": "node/11194372067"
    },
    {
      "type": "Feature",
      "properties": {
        "@id": "node/11194372068",
        "brand": "7-Eleven",
        "brand:wikidata": "Q259340",
        "name": "7-Eleven",
        "shop": "convenience"
      },
      "geometry": {
        "type": "Point",
        "coordinates": [
          103.8384014,
          1.420792
        ]
      },
      "id": "node/11194372068"
    },
    {
      "type": "Feature",
      "properties": {
        "@id": "node/11194372069",
        "brand": "7-Eleven",
        "brand:wikidata": "Q259340",
        "name": "7-Eleven",
        "shop": "convenience"
      },
      "geometry": {
        "type": "Point",
        "coordinates": [
          103.8371674,
          1.4177162
        ]
      },
      "id": "node/11194372069"
    },
    {
      "type": "Feature",
      "properties": {
        "@id": "node/11210351494",
        "full_name": "Cool Spot | Snacks & Drinks",
        "name": "Cool Spot",
        "note:opening_hours": "approx",
        "opening_hours": "Mo-Fr 06:00-21:00",
        "shop": "convenience"
      },
      "geometry": {
        "type": "Point",
        "coordinates": [
          103.7740902,
          1.294305
        ]
      },
      "id": "node/11210351494"
    },
    {
      "type": "Feature",
      "properties": {
        "@id": "node/11215128292",
        "brand": "7-Eleven",
        "brand:wikidata": "Q259340",
        "name": "7-Eleven",
        "shop": "convenience",
        "wheelchair": "limited"
      },
      "geometry": {
        "type": "Point",
        "coordinates": [
          103.8953614,
          1.4033079
        ]
      },
      "id": "node/11215128292"
    },
    {
      "type": "Feature",
      "properties": {
        "@id": "node/11247741237",
        "brand": "7-Eleven",
        "brand:wikidata": "Q259340",
        "name": "7-Eleven",
        "shop": "convenience"
      },
      "geometry": {
        "type": "Point",
        "coordinates": [
          103.8510991,
          1.347438
        ]
      },
      "id": "node/11247741237"
    },
    {
      "type": "Feature",
      "properties": {
        "@id": "node/11250952337",
        "name": "7-Eleven",
        "shop": "convenience"
      },
      "geometry": {
        "type": "Point",
        "coordinates": [
          103.8491987,
          1.3345658
        ]
      },
      "id": "node/11250952337"
    },
    {
      "type": "Feature",
      "properties": {
        "@id": "node/11250996660",
        "addr:city": "Singapore",
        "addr:housenumber": "283",
        "addr:postcode": "650283",
        "addr:street": "Bukit Batok East Avenue 3",
        "name": "Sri Murugan Trading Pte Ltd",
        "operator": "Sri Murugan Trading Pte Ltd",
        "shop": "supermarket"
      },
      "geometry": {
        "type": "Point",
        "coordinates": [
          103.7576464,
          1.3472178
        ]
      },
      "id": "node/11250996660"
    },
    {
      "type": "Feature",
      "properties": {
        "@id": "node/11251028164",
        "addr:city": "Singapore",
        "addr:housenumber": "81 #01-24",
        "addr:postcode": "239917",
        "addr:street": "Clemenceau Avenue",
        "brand": "7-Eleven",
        "brand:wikidata": "Q259340",
        "check_date": "2024-10-13",
        "name": "7-Eleven",
        "opening_hours": "24/7",
        "operator": "DFI Retail Group Holdings Limited",
        "phone": "+65 6891 8100",
        "shop": "convenience"
      },
      "geometry": {
        "type": "Point",
        "coordinates": [
          103.8425678,
          1.2924056
        ]
      },
      "id": "node/11251028164"
    },
    {
      "type": "Feature",
      "properties": {
        "@id": "node/11276372434",
        "brand": "7-Eleven",
        "brand:wikidata": "Q259340",
        "name": "7-Eleven",
        "shop": "convenience",
        "wheelchair": "limited"
      },
      "geometry": {
        "type": "Point",
        "coordinates": [
          103.8411464,
          1.3804677
        ]
      },
      "id": "node/11276372434"
    },
    {
      "type": "Feature",
      "properties": {
        "@id": "node/11276372438",
        "name": "Valu$",
        "shop": "convenience",
        "wheelchair": "no"
      },
      "geometry": {
        "type": "Point",
        "coordinates": [
          103.8401138,
          1.3798053
        ]
      },
      "id": "node/11276372438"
    },
    {
      "type": "Feature",
      "properties": {
        "@id": "node/11279549816",
        "branch": "Le Quest Mall",
        "brand": "7-Eleven",
        "brand:wikidata": "Q259340",
        "name": "7-Eleven",
        "shop": "convenience"
      },
      "geometry": {
        "type": "Point",
        "coordinates": [
          103.7410212,
          1.3555498
        ]
      },
      "id": "node/11279549816"
    },
    {
      "type": "Feature",
      "properties": {
        "@id": "node/11281483101",
        "brand": "NTUC Fairprice",
        "brand:wikidata": "Q6955519",
        "name": "NTUC Fairprice",
        "name:en": "NTUC FairPrice",
        "name:zh": "职总平价超市",
        "shop": "supermarket"
      },
      "geometry": {
        "type": "Point",
        "coordinates": [
          103.9196121,
          1.397714
        ]
      },
      "id": "node/11281483101"
    },
    {
      "type": "Feature",
      "properties": {
        "@id": "node/11281496361",
        "addr:housenumber": "50",
        "addr:street": "Tagore Lane",
        "check_date": "2024-04-10",
        "internet_access": "no",
        "name": "Quan Shui Wet Market",
        "name:en": "Quan Shui Wet Market",
        "name:ms": "Pasar Basah Quan Shui",
        "name:zh": "泉湿巴刹水",
        "opening_hours": "Tu-Su 09:00-18:00",
        "payment:cash": "yes",
        "payment:mastercard": "yes",
        "payment:visa": "yes",
        "shop": "supermarket",
        "website": "https://quanshuiwetmarket.com",
        "wheelchair": "limited"
      },
      "geometry": {
        "type": "Point",
        "coordinates": [
          103.8280781,
          1.3836916
        ]
      },
      "id": "node/11281496361"
    },
    {
      "type": "Feature",
      "properties": {
        "@id": "node/11297615962",
        "addr:housenumber": "1",
        "addr:street": "Thomson Road",
        "addr:unit": "#01-331",
        "check_date": "2023-10-26",
        "name": "Shirley Fruits Stall",
        "shop": "convenience"
      },
      "geometry": {
        "type": "Point",
        "coordinates": [
          103.8422527,
          1.3248119
        ]
      },
      "id": "node/11297615962"
    },
    {
      "type": "Feature",
      "properties": {
        "@id": "node/11297615968",
        "addr:housenumber": "102",
        "addr:street": "Jalan Rajah",
        "check_date": "2023-10-22",
        "level": "0",
        "name": "Lion View Mini-mart",
        "shop": "convenience"
      },
      "geometry": {
        "type": "Point",
        "coordinates": [
          103.8515688,
          1.3282275
        ]
      },
      "id": "node/11297615968"
    },
    {
      "type": "Feature",
      "properties": {
        "@id": "node/11301184692",
        "addr:floor": "1",
        "brand": "NTUC Fairprice",
        "brand:wikidata": "Q6955519",
        "check_date": "2025-07-06",
        "level": "0",
        "name": "NTUC Fairprice",
        "opening_hours": "Mo-Su 08:00-22:00",
        "payment:cash": "yes",
        "payment:credit_cards": "yes",
        "payment:debit_cards": "yes",
        "payment:mastercard": "yes",
        "payment:nets": "yes",
        "payment:visa": "yes",
        "shop": "supermarket",
        "wheelchair": "yes"
      },
      "geometry": {
        "type": "Point",
        "coordinates": [
          103.7750303,
          1.3655022
        ]
      },
      "id": "node/11301184692"
    },
    {
      "type": "Feature",
      "properties": {
        "@id": "node/11335540708",
        "brand": "7-Eleven",
        "brand:wikidata": "Q259340",
        "check_date": "2023-11-09",
        "level": "0",
        "name": "7-Eleven",
        "shop": "convenience"
      },
      "geometry": {
        "type": "Point",
        "coordinates": [
          103.8489352,
          1.2991186
        ]
      },
      "id": "node/11335540708"
    },
    {
      "type": "Feature",
      "properties": {
        "@id": "node/11343336036",
        "brand": "7-Eleven",
        "brand:wikidata": "Q259340",
        "check_date": "2026-01-26",
        "level": "0",
        "name": "7-Eleven",
        "shop": "convenience"
      },
      "geometry": {
        "type": "Point",
        "coordinates": [
          103.8442524,
          1.3210192
        ]
      },
      "id": "node/11343336036"
    },
    {
      "type": "Feature",
      "properties": {
        "@id": "node/11346722108",
        "addr:housenumber": "32",
        "addr:street": "Lorong 11 Geylang",
        "name": "HAO Mart",
        "shop": "convenience"
      },
      "geometry": {
        "type": "Point",
        "coordinates": [
          103.8769362,
          1.313437
        ]
      },
      "id": "node/11346722108"
    },
    {
      "type": "Feature",
      "properties": {
        "@id": "node/11369596869",
        "addr:housenumber": "78",
        "addr:postcode": "819666",
        "addr:street": "Airport Boulevard",
        "name": "Don Don Donki",
        "opening_hours": "Mo-Su 10:00-23:00",
        "phone": "+65 6286 3811",
        "shop": "supermarket"
      },
      "geometry": {
        "type": "Point",
        "coordinates": [
          103.9895144,
          1.3596752
        ]
      },
      "id": "node/11369596869"
    },
    {
      "type": "Feature",
      "properties": {
        "@id": "node/11381484482",
        "brand": "7-Eleven",
        "brand:wikidata": "Q259340",
        "level": "-1",
        "name": "7-Eleven",
        "shop": "convenience"
      },
      "geometry": {
        "type": "Point",
        "coordinates": [
          103.8687507,
          1.3312478
        ]
      },
      "id": "node/11381484482"
    },
    {
      "type": "Feature",
      "properties": {
        "@id": "node/11381484490",
        "level": "0",
        "name": "Shine Korea",
        "shop": "supermarket"
      },
      "geometry": {
        "type": "Point",
        "coordinates": [
          103.8642993,
          1.30938
        ]
      },
      "id": "node/11381484490"
    },
    {
      "type": "Feature",
      "properties": {
        "@id": "node/11381484493",
        "name": "Buzz",
        "shop": "convenience"
      },
      "geometry": {
        "type": "Point",
        "coordinates": [
          103.8195967,
          1.266617
        ]
      },
      "id": "node/11381484493"
    },
    {
      "type": "Feature",
      "properties": {
        "@id": "node/11383343394",
        "brand": "7-Eleven",
        "brand:wikidata": "Q259340",
        "name": "7-Eleven",
        "shop": "convenience"
      },
      "geometry": {
        "type": "Point",
        "coordinates": [
          103.9160233,
          1.3995317
        ]
      },
      "id": "node/11383343394"
    },
    {
      "type": "Feature",
      "properties": {
        "@id": "node/11390109688",
        "brand": "7-Eleven",
        "brand:wikidata": "Q259340",
        "name": "7-Eleven",
        "name:zh": "7-11便利店",
        "shop": "convenience"
      },
      "geometry": {
        "type": "Point",
        "coordinates": [
          103.6915492,
          1.3524028
        ]
      },
      "id": "node/11390109688"
    },
    {
      "type": "Feature",
      "properties": {
        "@id": "node/11391932593",
        "name": "Octobox",
        "opening_hours": "24/7",
        "self_service": "yes",
        "shop": "convenience"
      },
      "geometry": {
        "type": "Point",
        "coordinates": [
          103.8625803,
          1.31841
        ]
      },
      "id": "node/11391932593"
    },
    {
      "type": "Feature",
      "properties": {
        "@id": "node/11391932596",
        "shop": "supermarket"
      },
      "geometry": {
        "type": "Point",
        "coordinates": [
          103.859819,
          1.3224483
        ]
      },
      "id": "node/11391932596"
    },
    {
      "type": "Feature",
      "properties": {
        "@id": "node/11395308336",
        "name": "SKK Minimart",
        "shop": "convenience"
      },
      "geometry": {
        "type": "Point",
        "coordinates": [
          103.8780952,
          1.3095202
        ]
      },
      "id": "node/11395308336"
    },
    {
      "type": "Feature",
      "properties": {
        "@id": "node/11395312838",
        "shop": "convenience"
      },
      "geometry": {
        "type": "Point",
        "coordinates": [
          103.8811827,
          1.3112131
        ]
      },
      "id": "node/11395312838"
    },
    {
      "type": "Feature",
      "properties": {
        "@id": "node/11402748478",
        "name": "eMart",
        "shop": "convenience"
      },
      "geometry": {
        "type": "Point",
        "coordinates": [
          104.0294101,
          1.4060328
        ]
      },
      "id": "node/11402748478"
    },
    {
      "type": "Feature",
      "properties": {
        "@id": "node/11408710034",
        "name": "Shwe Innwa",
        "shop": "supermarket"
      },
      "geometry": {
        "type": "Point",
        "coordinates": [
          103.8509462,
          1.2921331
        ]
      },
      "id": "node/11408710034"
    },
    {
      "type": "Feature",
      "properties": {
        "@id": "node/11409722849",
        "brand": "7-Eleven",
        "brand:wikidata": "Q259340",
        "check_date": "2023-12-10",
        "level": "0",
        "name": "7-Eleven",
        "shop": "convenience"
      },
      "geometry": {
        "type": "Point",
        "coordinates": [
          103.788086,
          1.3065805
        ]
      },
      "id": "node/11409722849"
    },
    {
      "type": "Feature",
      "properties": {
        "@id": "node/11425781159",
        "addr:city": "Singapore",
        "addr:housenumber": "279",
        "addr:street": "Balestier Road",
        "level": "0",
        "name": "OVM Super Store",
        "shop": "supermarket"
      },
      "geometry": {
        "type": "Point",
        "coordinates": [
          103.8522385,
          1.3228067
        ]
      },
      "id": "node/11425781159"
    },
    {
      "type": "Feature",
      "properties": {
        "@id": "node/11425781164",
        "addr:unit": "B1-02",
        "air_conditioning": "yes",
        "brand": "Cheers",
        "brand:wikidata": "Q64154066",
        "level": "-1",
        "name": "Cheers",
        "opening_hours": "24/7",
        "shop": "convenience"
      },
      "geometry": {
        "type": "Point",
        "coordinates": [
          103.85278,
          1.304057
        ]
      },
      "id": "node/11425781164"
    },
    {
      "type": "Feature",
      "properties": {
        "@id": "node/11428033348",
        "brand": "Sheng Siong",
        "brand:wikidata": "Q3481878",
        "name": "Sheng Siong",
        "shop": "supermarket"
      },
      "geometry": {
        "type": "Point",
        "coordinates": [
          103.8413083,
          1.4328979
        ]
      },
      "id": "node/11428033348"
    },
    {
      "type": "Feature",
      "properties": {
        "@id": "node/11434168629",
        "level": "0",
        "name": "CS Fresh",
        "shop": "supermarket"
      },
      "geometry": {
        "type": "Point",
        "coordinates": [
          103.7938895,
          1.3114694
        ]
      },
      "id": "node/11434168629"
    },
    {
      "type": "Feature",
      "properties": {
        "@id": "node/11453018441",
        "addr:housenumber": "360",
        "addr:street": "Balestier Road",
        "brand": "NTUC Fairprice",
        "brand:wikidata": "Q6955519",
        "check_date": "2023-12-21",
        "level": "1",
        "name": "NTUC Fairprice",
        "payment:cash": "yes",
        "payment:credit_cards": "yes",
        "payment:debit_cards": "yes",
        "shop": "supermarket"
      },
      "geometry": {
        "type": "Point",
        "coordinates": [
          103.8510683,
          1.3251781
        ]
      },
      "id": "node/11453018441"
    },
    {
      "type": "Feature",
      "properties": {
        "@id": "node/11476120570",
        "brand": "7-Eleven",
        "brand:wikidata": "Q259340",
        "name": "7-Eleven",
        "shop": "convenience"
      },
      "geometry": {
        "type": "Point",
        "coordinates": [
          103.8609546,
          1.2930454
        ]
      },
      "id": "node/11476120570"
    },
    {
      "type": "Feature",
      "properties": {
        "@id": "node/11480763369",
        "brand": "7-Eleven",
        "brand:wikidata": "Q259340",
        "name": "7-Eleven",
        "shop": "convenience"
      },
      "geometry": {
        "type": "Point",
        "coordinates": [
          103.8525338,
          1.2972164
        ]
      },
      "id": "node/11480763369"
    },
    {
      "type": "Feature",
      "properties": {
        "@id": "node/11520444363",
        "name": "Big G Market",
        "shop": "supermarket",
        "wheelchair": "limited"
      },
      "geometry": {
        "type": "Point",
        "coordinates": [
          103.9054847,
          1.3153671
        ]
      },
      "id": "node/11520444363"
    },
    {
      "type": "Feature",
      "properties": {
        "@id": "node/11521903331",
        "brand": "NTUC Fairprice",
        "brand:wikidata": "Q6955519",
        "check_date": "2024-01-12",
        "name": "Finest Gourmet",
        "opening_hours": "08:00-22:00",
        "shop": "supermarket"
      },
      "geometry": {
        "type": "Point",
        "coordinates": [
          103.835276,
          1.3167154
        ]
      },
      "id": "node/11521903331"
    },
    {
      "type": "Feature",
      "properties": {
        "@id": "node/11563386250",
        "addr:housenumber": "265",
        "addr:street": "Jalan Besar",
        "check_date": "2025-12-18",
        "name": "Mini Mart by Swee Swee",
        "opening_hours": "12:00-24:00",
        "shop": "convenience"
      },
      "geometry": {
        "type": "Point",
        "coordinates": [
          103.8583834,
          1.3103857
        ]
      },
      "id": "node/11563386250"
    },
    {
      "type": "Feature",
      "properties": {
        "@id": "node/11563386255",
        "brand": "7-Eleven",
        "brand:wikidata": "Q259340",
        "check_date": "2024-01-28",
        "name": "7-Eleven",
        "shop": "convenience"
      },
      "geometry": {
        "type": "Point",
        "coordinates": [
          103.8541332,
          1.3037687
        ]
      },
      "id": "node/11563386255"
    },
    {
      "type": "Feature",
      "properties": {
        "@id": "node/11563386257",
        "addr:housenumber": "122",
        "addr:street": "Jalan Besar",
        "brand": "7-Eleven",
        "brand:wikidata": "Q259340",
        "check_date": "2024-01-28",
        "name": "7-Eleven",
        "shop": "convenience"
      },
      "geometry": {
        "type": "Point",
        "coordinates": [
          103.8561673,
          1.3065145
        ]
      },
      "id": "node/11563386257"
    },
    {
      "type": "Feature",
      "properties": {
        "@id": "node/11563386264",
        "addr:city": "Singapore",
        "addr:housenumber": "231",
        "addr:postcode": "180231",
        "addr:street": "Bain Street",
        "branch": "Bras Basah Complex",
        "brand": "Shine Korea",
        "check_date": "2024-01-24",
        "level": "0",
        "name": "Shine Korea",
        "opening_hours": "Mo-Su 10:30-21:30",
        "phone": "+65 6336 1496",
        "shop": "supermarket",
        "website": "https://www.shinekorea.com.sg/branches"
      },
      "geometry": {
        "type": "Point",
        "coordinates": [
          103.8538356,
          1.2964128
        ]
      },
      "id": "node/11563386264"
    },
    {
      "type": "Feature",
      "properties": {
        "@id": "node/11584408978",
        "brand": "Cheers",
        "brand:wikidata": "Q64154066",
        "check_date": "2024-01-30",
        "level": "0",
        "name": "Cheers",
        "opening_hours": "24/7",
        "shop": "convenience"
      },
      "geometry": {
        "type": "Point",
        "coordinates": [
          103.850661,
          1.2989579
        ]
      },
      "id": "node/11584408978"
    },
    {
      "type": "Feature",
      "properties": {
        "@id": "node/11591805134",
        "shop": "convenience"
      },
      "geometry": {
        "type": "Point",
        "coordinates": [
          103.863108,
          1.3049996
        ]
      },
      "id": "node/11591805134"
    },
    {
      "type": "Feature",
      "properties": {
        "@id": "node/11627248778",
        "brand": "7-Eleven",
        "brand:wikidata": "Q259340",
        "check_date": "2024-02-08",
        "level": "0",
        "name": "7-Eleven",
        "shop": "convenience"
      },
      "geometry": {
        "type": "Point",
        "coordinates": [
          103.8500724,
          1.2850377
        ]
      },
      "id": "node/11627248778"
    },
    {
      "type": "Feature",
      "properties": {
        "@id": "node/11658881480",
        "addr:city": "Singapore",
        "addr:country": "SG",
        "addr:floor": "1",
        "addr:housenumber": "3B",
        "addr:postcode": "179019",
        "addr:street": "River Valley Road",
        "addr:unit": "#01-04/05",
        "branch": "Clarke Quay",
        "check_date": "2024-06",
        "level": "0",
        "level:ref": "1",
        "name": "NTUC FairPrice Finest Clarke Quay",
        "not:brand:wikidata": "Q6955519",
        "opening_hours": "Mo-Th 10:00-23:00; Fr-Sa 08:00-24:00; Su 08:00-23:00",
        "operator": "NTUC FairPrice",
        "organic": "yes",
        "payment:american_express": "yes",
        "payment:coins": "yes",
        "payment:mastercard": "yes",
        "payment:notes": "yes",
        "payment:visa": "yes",
        "phone": "+65 62288040",
        "self_checkout": "yes",
        "shop": "supermarket",
        "start_date": "2024-02",
        "stroller": "yes",
        "website": "https://www.fairprice.com.sg/",
        "wheelchair": "yes"
      },
      "geometry": {
        "type": "Point",
        "coordinates": [
          103.8454824,
          1.2910606
        ]
      },
      "id": "node/11658881480"
    },
    {
      "type": "Feature",
      "properties": {
        "@id": "node/11663229540",
        "brand": "7-Eleven",
        "brand:wikidata": "Q259340",
        "check_date": "2024-02-20",
        "level": "-1",
        "name": "7-Eleven",
        "shop": "convenience"
      },
      "geometry": {
        "type": "Point",
        "coordinates": [
          103.8528358,
          1.2931665
        ]
      },
      "id": "node/11663229540"
    },
    {
      "type": "Feature",
      "properties": {
        "@id": "node/11724980057",
        "check_date": "2025-08-04",
        "name": "S.Mart",
        "shop": "convenience",
        "wheelchair": "no"
      },
      "geometry": {
        "type": "Point",
        "coordinates": [
          103.860837,
          1.3011133
        ]
      },
      "id": "node/11724980057"
    },
    {
      "type": "Feature",
      "properties": {
        "@id": "node/11754949203",
        "addr:housenumber": "28",
        "addr:street": "Jalan Besar",
        "check_date": "2024-03-17",
        "name": "Aruna Minimart",
        "shop": "convenience"
      },
      "geometry": {
        "type": "Point",
        "coordinates": [
          103.85756,
          1.3057989
        ]
      },
      "id": "node/11754949203"
    },
    {
      "type": "Feature",
      "properties": {
        "@id": "node/11826608205",
        "addr:city": "Singapore",
        "addr:country": "SG",
        "addr:street": "Joo Chiat Road",
        "addr:unit": "#01-01",
        "branch": "Katong Point",
        "name": "Little Farms",
        "phone": "+65 6241 2487",
        "shop": "supermarket",
        "website": "https://littlefarms.com/store-locator/katong/"
      },
      "geometry": {
        "type": "Point",
        "coordinates": [
          103.9044849,
          1.3068977
        ]
      },
      "id": "node/11826608205"
    },
    {
      "type": "Feature",
      "properties": {
        "@id": "node/11834966923",
        "check_date": "2024-04-19",
        "name": "Kalam Mart",
        "shop": "convenience"
      },
      "geometry": {
        "type": "Point",
        "coordinates": [
          103.8568393,
          1.3134347
        ]
      },
      "id": "node/11834966923"
    },
    {
      "type": "Feature",
      "properties": {
        "@id": "node/11841394941",
        "check_date": "2024-04-22",
        "shop": "convenience"
      },
      "geometry": {
        "type": "Point",
        "coordinates": [
          103.8638733,
          1.3226544
        ]
      },
      "id": "node/11841394941"
    },
    {
      "type": "Feature",
      "properties": {
        "@id": "node/11898833293",
        "check_date": "2024-05-10",
        "shop": "convenience"
      },
      "geometry": {
        "type": "Point",
        "coordinates": [
          103.857096,
          1.3084518
        ]
      },
      "id": "node/11898833293"
    },
    {
      "type": "Feature",
      "properties": {
        "@id": "node/11898833296",
        "addr:housenumber": "1",
        "addr:street": "Tessensohn Road",
        "check_date": "2024-05-10",
        "level": "0",
        "name": "T&T",
        "shop": "convenience"
      },
      "geometry": {
        "type": "Point",
        "coordinates": [
          103.8577924,
          1.3166161
        ]
      },
      "id": "node/11898833296"
    },
    {
      "type": "Feature",
      "properties": {
        "@id": "node/11935023515",
        "check_date": "2024-05-24",
        "name": "AVM Mart",
        "shop": "convenience"
      },
      "geometry": {
        "type": "Point",
        "coordinates": [
          103.8550091,
          1.3135462
        ]
      },
      "id": "node/11935023515"
    },
    {
      "type": "Feature",
      "properties": {
        "@id": "node/11935055726",
        "check_date": "2024-05-25",
        "name": "Cmart",
        "shop": "convenience"
      },
      "geometry": {
        "type": "Point",
        "coordinates": [
          103.8807963,
          1.3189094
        ]
      },
      "id": "node/11935055726"
    },
    {
      "type": "Feature",
      "properties": {
        "@id": "node/11949558318",
        "addr:city": "Singapore",
        "addr:floor": "01",
        "addr:housenumber": "339",
        "addr:postcode": "540339",
        "addr:street": "Anchorvale Road",
        "addr:unit": "21",
        "air_conditioning": "yes",
        "brand": "7-Eleven",
        "brand:website": "https://www.7-eleven.com.sg/",
        "brand:wikidata": "Q259340",
        "brand:wikipedia": "en:7-Eleven",
        "check_date:opening_hours": "2025-06-24",
        "level": "0",
        "name": "7-Eleven",
        "opening_hours": "Mo-Su 07:00-23:00",
        "payment:cards": "yes",
        "payment:cash": "yes",
        "payment:coins": "yes",
        "payment:contactless": "yes",
        "payment:credit_cards": "yes",
        "payment:debit_cards": "yes",
        "payment:notes": "yes",
        "shop": "convenience"
      },
      "geometry": {
        "type": "Point",
        "coordinates": [
          103.8885574,
          1.3967434
        ]
      },
      "id": "node/11949558318"
    },
    {
      "type": "Feature",
      "properties": {
        "@id": "node/11949558320",
        "addr:unit": "02",
        "brand": "NTUC Fairprice",
        "brand:wikidata": "Q6955519",
        "level": "-1",
        "name": "NTUC Fairprice",
        "opening_hours": "08:00-22:00",
        "shop": "supermarket"
      },
      "geometry": {
        "type": "Point",
        "coordinates": [
          103.8887344,
          1.3968408
        ]
      },
      "id": "node/11949558320"
    },
    {
      "type": "Feature",
      "properties": {
        "@id": "node/11981074572",
        "brand": "7-Eleven",
        "brand:wikidata": "Q259340",
        "name": "7-Eleven",
        "shop": "convenience"
      },
      "geometry": {
        "type": "Point",
        "coordinates": [
          103.8387245,
          1.2771886
        ]
      },
      "id": "node/11981074572"
    },
    {
      "type": "Feature",
      "properties": {
        "@id": "node/12006432723",
        "brand": "7-Eleven",
        "brand:wikidata": "Q259340",
        "name": "7-Eleven",
        "shop": "convenience"
      },
      "geometry": {
        "type": "Point",
        "coordinates": [
          103.8316253,
          1.4169047
        ]
      },
      "id": "node/12006432723"
    },
    {
      "type": "Feature",
      "properties": {
        "@id": "node/12052367779",
        "brand": "Sheng Siong",
        "brand:wikidata": "Q3481878",
        "name": "Sheng Siong",
        "shop": "supermarket"
      },
      "geometry": {
        "type": "Point",
        "coordinates": [
          103.8523288,
          1.4264721
        ]
      },
      "id": "node/12052367779"
    },
    {
      "type": "Feature",
      "properties": {
        "@id": "node/12053283536",
        "addr:floor": "1",
        "brand": "7-Eleven",
        "brand:wikidata": "Q259340",
        "check_date": "2024-07-11",
        "level": "0",
        "name": "7-Eleven",
        "shop": "convenience",
        "wheelchair": "yes"
      },
      "geometry": {
        "type": "Point",
        "coordinates": [
          103.7644818,
          1.3629593
        ]
      },
      "id": "node/12053283536"
    },
    {
      "type": "Feature",
      "properties": {
        "@id": "node/12053284802",
        "check_date": "2024-06-27",
        "name": "Scarlett Choice",
        "shop": "convenience",
        "wheelchair": "limited"
      },
      "geometry": {
        "type": "Point",
        "coordinates": [
          103.8490136,
          1.3329224
        ]
      },
      "id": "node/12053284802"
    },
    {
      "type": "Feature",
      "properties": {
        "@id": "node/12054144080",
        "name": "Ang mo supermarket",
        "shop": "supermarket"
      },
      "geometry": {
        "type": "Point",
        "coordinates": [
          103.8481281,
          1.3362266
        ]
      },
      "id": "node/12054144080"
    },
    {
      "type": "Feature",
      "properties": {
        "@id": "node/12064274438",
        "addr:city": "Singapore",
        "addr:housenumber": "36H",
        "addr:postcode": "309433",
        "addr:street": "Dunearn Road",
        "branch": "Chancery Court",
        "check_date": "2024-07",
        "full_name": "Cold Storage Fresh",
        "level": "0",
        "level:ref": "1",
        "name": "CS Fresh",
        "old_name": "Cold Storage",
        "opening_hours": "24/7",
        "phone": "+65 68115006",
        "shop": "supermarket",
        "website": "https://coldstorage.com.sg/"
      },
      "geometry": {
        "type": "Point",
        "coordinates": [
          103.8361658,
          1.3172829
        ]
      },
      "id": "node/12064274438"
    },
    {
      "type": "Feature",
      "properties": {
        "@id": "node/12091963976",
        "addr:housenumber": "140",
        "addr:street": "Petir Road",
        "name": "No. 1",
        "shop": "convenience"
      },
      "geometry": {
        "type": "Point",
        "coordinates": [
          103.7688959,
          1.3754102
        ]
      },
      "id": "node/12091963976"
    },
    {
      "type": "Feature",
      "properties": {
        "@id": "node/12143316812",
        "addr:city": "Singapore",
        "addr:housenumber": "10",
        "addr:postcode": "519634",
        "addr:street": "Pasir Ris Central",
        "brand": "7-Eleven",
        "brand:wikidata": "Q259340",
        "level": "0",
        "name": "7-Eleven",
        "opening_hours": "24/7",
        "payment:cash": "yes",
        "payment:contactless": "yes",
        "payment:credit_cards": "yes",
        "payment:debit_cards": "yes",
        "shop": "convenience"
      },
      "geometry": {
        "type": "Point",
        "coordinates": [
          103.9492106,
          1.3724442
        ]
      },
      "id": "node/12143316812"
    },
    {
      "type": "Feature",
      "properties": {
        "@id": "node/12143316817",
        "addr:city": "Singapore",
        "addr:housenumber": "1",
        "addr:postcode": "518457",
        "addr:street": "Pasir Ris Central Street 3",
        "branch": "White Sands",
        "brand": "7-Eleven",
        "brand:wikidata": "Q259340",
        "level": "0",
        "name": "7-Eleven",
        "opening_hours": "24/7",
        "payment:cash": "yes",
        "payment:contactless": "yes",
        "payment:credit_cards": "yes",
        "payment:debit_cards": "yes",
        "shop": "convenience",
        "website": "https://www.7-eleven.com.sg/"
      },
      "geometry": {
        "type": "Point",
        "coordinates": [
          103.9496268,
          1.3722569
        ]
      },
      "id": "node/12143316817"
    },
    {
      "type": "Feature",
      "properties": {
        "@id": "node/12143316850",
        "addr:city": "Singapore",
        "addr:housenumber": "7",
        "addr:postcode": "519612",
        "addr:street": "Pasir Ris Central",
        "air_conditioning": "yes",
        "branch": "Pasir Ris Mall",
        "brand": "Cheers",
        "brand:wikidata": "Q64154066",
        "name": "Cheers",
        "opening_hours": "24/7",
        "shop": "convenience",
        "website": "https://cheers.com.sg/"
      },
      "geometry": {
        "type": "Point",
        "coordinates": [
          103.9481601,
          1.3735701
        ]
      },
      "id": "node/12143316850"
    },
    {
      "type": "Feature",
      "properties": {
        "@id": "node/12143316854",
        "addr:city": "Singapore",
        "addr:housenumber": "7",
        "addr:postcode": "519612",
        "addr:street": "Pasir Ris Central",
        "air_conditioning": "yes",
        "branch": "Pasir Ris Mall",
        "brand": "Cold Storage",
        "level": "-1",
        "name": "Cold Storage",
        "opening_hours": "Mo-Su 08:00-22:30",
        "organic": "yes",
        "shop": "supermarket",
        "stroller": "yes",
        "website": "https://coldstorage.com.sg/",
        "wheelchair": "yes"
      },
      "geometry": {
        "type": "Point",
        "coordinates": [
          103.9483566,
          1.3734003
        ]
      },
      "id": "node/12143316854"
    },
    {
      "type": "Feature",
      "properties": {
        "@id": "node/12143901706",
        "addr:city": "Singapore",
        "addr:housenumber": "7",
        "addr:postcode": "519612",
        "addr:street": "Pasir Ris Central",
        "air_conditioning": "yes",
        "branch": "Pasir Ris",
        "level": "-2",
        "name": "Scarlett Supermarket",
        "name:zh": "思家客",
        "opening_hours": "Mo-Su 09:00-23:00",
        "shop": "supermarket",
        "website": "https://www.scarlettsupermarket.com.sg/"
      },
      "geometry": {
        "type": "Point",
        "coordinates": [
          103.9485573,
          1.3735783
        ]
      },
      "id": "node/12143901706"
    },
    {
      "type": "Feature",
      "properties": {
        "@id": "node/12144371951",
        "brand": "7-Eleven",
        "brand:wikidata": "Q259340",
        "check_date": "2024-08-27",
        "layer": "-1",
        "level": "-1",
        "name": "7-Eleven",
        "shop": "convenience"
      },
      "geometry": {
        "type": "Point",
        "coordinates": [
          103.8386503,
          1.3003518
        ]
      },
      "id": "node/12144371951"
    },
    {
      "type": "Feature",
      "properties": {
        "@id": "node/12144394179",
        "addr:floor": "2",
        "brand": "7-Eleven",
        "brand:wikidata": "Q259340",
        "check_date": "2024-08-26",
        "level": "1",
        "name": "7-Eleven",
        "shop": "convenience"
      },
      "geometry": {
        "type": "Point",
        "coordinates": [
          103.7450304,
          1.3339507
        ]
      },
      "id": "node/12144394179"
    },
    {
      "type": "Feature",
      "properties": {
        "@id": "node/12144394184",
        "addr:floor": "2",
        "brand": "7-Eleven",
        "brand:wikidata": "Q259340",
        "check_date": "2024-08-26",
        "level": "1",
        "name": "7-Eleven",
        "shop": "convenience"
      },
      "geometry": {
        "type": "Point",
        "coordinates": [
          103.743411,
          1.3343449
        ]
      },
      "id": "node/12144394184"
    },
    {
      "type": "Feature",
      "properties": {
        "@id": "node/12167950497",
        "air_conditioning": "yes",
        "brand": "7-Eleven",
        "brand:wikidata": "Q259340",
        "name": "7-Eleven",
        "opening_hours": "24/7",
        "shop": "convenience"
      },
      "geometry": {
        "type": "Point",
        "coordinates": [
          103.8052768,
          1.3162611
        ]
      },
      "id": "node/12167950497"
    },
    {
      "type": "Feature",
      "properties": {
        "@id": "node/12206907471",
        "brand": "Shell Select",
        "level": "0",
        "name": "Shell Select",
        "shop": "convenience"
      },
      "geometry": {
        "type": "Point",
        "coordinates": [
          103.9613438,
          1.3355341
        ]
      },
      "id": "node/12206907471"
    },
    {
      "type": "Feature",
      "properties": {
        "@id": "node/12206907474",
        "colour": "blue",
        "level": "0",
        "name": "MiX.Store",
        "shop": "convenience"
      },
      "geometry": {
        "type": "Point",
        "coordinates": [
          103.8925577,
          1.3824432
        ]
      },
      "id": "node/12206907474"
    },
    {
      "type": "Feature",
      "properties": {
        "@id": "node/12208443304",
        "brand": "Shell Select",
        "brand:wikidata": "Q124359752",
        "name": "Shell Select",
        "shop": "convenience"
      },
      "geometry": {
        "type": "Point",
        "coordinates": [
          103.8282028,
          1.3700556
        ]
      },
      "id": "node/12208443304"
    },
    {
      "type": "Feature",
      "properties": {
        "@id": "node/12208481214",
        "brand": "Star Mart",
        "brand:wikidata": "Q61994857",
        "name": "Star Mart",
        "shop": "convenience"
      },
      "geometry": {
        "type": "Point",
        "coordinates": [
          103.8281832,
          1.3710034
        ]
      },
      "id": "node/12208481214"
    },
    {
      "type": "Feature",
      "properties": {
        "@id": "node/12208693703",
        "addr:floor": "2",
        "check_date": "2024-09-27",
        "level": "1",
        "name": "SolPrime",
        "shop": "convenience",
        "wheelchair": "yes"
      },
      "geometry": {
        "type": "Point",
        "coordinates": [
          103.7642903,
          1.3634273
        ]
      },
      "id": "node/12208693703"
    },
    {
      "type": "Feature",
      "properties": {
        "@id": "node/12213651275",
        "name": "Shafen Supermarket",
        "shop": "supermarket"
      },
      "geometry": {
        "type": "Point",
        "coordinates": [
          103.7368405,
          1.3212835
        ]
      },
      "id": "node/12213651275"
    },
    {
      "type": "Feature",
      "properties": {
        "@id": "node/12213651285",
        "name": "Archana Store",
        "shop": "convenience"
      },
      "geometry": {
        "type": "Point",
        "coordinates": [
          103.742554,
          1.3214646
        ]
      },
      "id": "node/12213651285"
    },
    {
      "type": "Feature",
      "properties": {
        "@id": "node/12217258698",
        "addr:city": "Singapore",
        "addr:housenumber": "127",
        "addr:postcode": "690127",
        "addr:street": "Plantation Crescent",
        "air_conditioning": "yes",
        "level": "-1",
        "name": "Giant Supermarket",
        "opening_hours": "Mo-Su 08:00-22:00",
        "shop": "supermarket",
        "website": "https://giant.sg/store/tengah-plantation-plaza"
      },
      "geometry": {
        "type": "Point",
        "coordinates": [
          103.7341028,
          1.3577052
        ]
      },
      "id": "node/12217258698"
    },
    {
      "type": "Feature",
      "properties": {
        "@id": "node/12219352637",
        "name": "Mama shop",
        "shop": "convenience"
      },
      "geometry": {
        "type": "Point",
        "coordinates": [
          103.7923057,
          1.4413891
        ]
      },
      "id": "node/12219352637"
    },
    {
      "type": "Feature",
      "properties": {
        "@id": "node/12221858245",
        "brand": "7-Eleven",
        "brand:wikidata": "Q259340",
        "name": "7-Eleven",
        "shop": "convenience"
      },
      "geometry": {
        "type": "Point",
        "coordinates": [
          103.9549904,
          1.362596
        ]
      },
      "id": "node/12221858245"
    },
    {
      "type": "Feature",
      "properties": {
        "@id": "node/12245486094",
        "addr:housenumber": "65",
        "addr:street": "Airport Boulevard",
        "brand": "7-Eleven",
        "brand:wikidata": "Q259340",
        "check_date": "2024-10-12",
        "level": "-2",
        "name": "7-Eleven",
        "shop": "convenience"
      },
      "geometry": {
        "type": "Point",
        "coordinates": [
          103.9867896,
          1.3552006
        ]
      },
      "id": "node/12245486094"
    },
    {
      "type": "Feature",
      "properties": {
        "@id": "node/12257756773",
        "addr:floor": "1",
        "addr:housenumber": "14",
        "addr:street": "Sago Street",
        "check_date": "2024-10-17",
        "level": "0",
        "name": "Hu Cheng Long",
        "name:zh": "胡振隆",
        "shop": "convenience"
      },
      "geometry": {
        "type": "Point",
        "coordinates": [
          103.8443228,
          1.281739
        ]
      },
      "id": "node/12257756773"
    },
    {
      "type": "Feature",
      "properties": {
        "@id": "node/12260764054",
        "addr:floor": "1",
        "check_date": "2024-10-18",
        "name": "Cheers",
        "shop": "convenience"
      },
      "geometry": {
        "type": "Point",
        "coordinates": [
          103.8571608,
          1.3015936
        ]
      },
      "id": "node/12260764054"
    },
    {
      "type": "Feature",
      "properties": {
        "@id": "node/12260881532",
        "addr:city": "Singapore",
        "addr:housenumber": "126B",
        "addr:postcode": "692126",
        "addr:street": "Tengah Drive",
        "brand": "7-Eleven",
        "brand:wikidata": "Q259340",
        "image": "https://i.imgur.com/pxsfpAN.jpeg",
        "name": "7-Eleven",
        "opening_hours": "24/7",
        "operator": "7-Eleven",
        "shop": "convenience",
        "website": "https://www.7-eleven.com.sg/"
      },
      "geometry": {
        "type": "Point",
        "coordinates": [
          103.7356947,
          1.3589238
        ]
      },
      "id": "node/12260881532"
    },
    {
      "type": "Feature",
      "properties": {
        "@id": "node/12328635151",
        "brand": "Cheers",
        "brand:wikidata": "Q64154066",
        "name": "Cheers",
        "opening_hours": "24/7",
        "shop": "convenience",
        "wheelchair": "yes"
      },
      "geometry": {
        "type": "Point",
        "coordinates": [
          103.8356417,
          1.4283651
        ]
      },
      "id": "node/12328635151"
    },
    {
      "type": "Feature",
      "properties": {
        "@id": "node/12338351033",
        "addr:city": "Singapore",
        "addr:housenumber": "223",
        "addr:postcode": "821223",
        "addr:street": "Sumang Lane",
        "addr:unit": "A",
        "check_date": "2024-11-13",
        "currency:XBT": "yes",
        "name": "Norman",
        "payment:lightning": "yes",
        "payment:lightning_contactless": "yes",
        "payment:onchain": "yes",
        "phone": "+65 88 398 670",
        "shop": "supermarket"
      },
      "geometry": {
        "type": "Point",
        "coordinates": [
          103.8925761,
          1.401599
        ]
      },
      "id": "node/12338351033"
    },
    {
      "type": "Feature",
      "properties": {
        "@id": "node/12348356535",
        "addr:city": "Singapore",
        "addr:housenumber": "156",
        "addr:postcode": "188431",
        "addr:street": "Rochor Road",
        "branch": "Bugis Village",
        "brand": "Shine Korea",
        "check_date": "2025-05-23",
        "name": "Shine Korea",
        "opening_hours": "Mo-Su 10:30-21:30",
        "phone": "+65 6337 8425",
        "shop": "supermarket"
      },
      "geometry": {
        "type": "Point",
        "coordinates": [
          103.8551876,
          1.3011207
        ]
      },
      "id": "node/12348356535"
    },
    {
      "type": "Feature",
      "properties": {
        "@id": "node/12375757825",
        "addr:city": "Singpore",
        "addr:housenumber": "286",
        "addr:postcode": "520286",
        "addr:street": "Tampines Street 22",
        "name": "New Castle Kiosk",
        "opening_hours": "Mo-Sa 05:30:00-17:00",
        "payment:cash": "yes",
        "payment:qr_code": "yes",
        "shop": "convenience"
      },
      "geometry": {
        "type": "Point",
        "coordinates": [
          103.9527154,
          1.3495469
        ]
      },
      "id": "node/12375757825"
    },
    {
      "type": "Feature",
      "properties": {
        "@id": "node/12376339754",
        "brand": "7-Eleven",
        "brand:wikidata": "Q259340",
        "brand:wikipedia": "en:7-Eleven",
        "diet:halal": "yes",
        "name": "7-Eleven",
        "name:zh": "7-11便利店",
        "shop": "convenience"
      },
      "geometry": {
        "type": "Point",
        "coordinates": [
          103.765037,
          1.3155448
        ]
      },
      "id": "node/12376339754"
    },
    {
      "type": "Feature",
      "properties": {
        "@id": "node/12389884514",
        "addr:city": "Singapore",
        "addr:floor": "1",
        "addr:housenumber": "209A",
        "addr:postcode": "121209",
        "addr:street": "Clementi Avenue 6",
        "brand": "Sheng Siong",
        "brand:wikidata": "Q3481878",
        "brand:wikipedia": "en:Sheng Siong",
        "name": "Sheng Siong",
        "name:zh": "昇菘超市",
        "shop": "supermarket"
      },
      "geometry": {
        "type": "Point",
        "coordinates": [
          103.7637347,
          1.3221996
        ]
      },
      "id": "node/12389884514"
    },
    {
      "type": "Feature",
      "properties": {
        "@id": "node/12395685748",
        "shop": "convenience"
      },
      "geometry": {
        "type": "Point",
        "coordinates": [
          103.7668548,
          1.3152277
        ]
      },
      "id": "node/12395685748"
    },
    {
      "type": "Feature",
      "properties": {
        "@id": "node/12395685749",
        "shop": "convenience"
      },
      "geometry": {
        "type": "Point",
        "coordinates": [
          103.7670577,
          1.3140673
        ]
      },
      "id": "node/12395685749"
    },
    {
      "type": "Feature",
      "properties": {
        "@id": "node/12396601849",
        "addr:street": "Rowell Road",
        "level": "0",
        "name": "Starhub",
        "shop": "convenience"
      },
      "geometry": {
        "type": "Point",
        "coordinates": [
          103.8553048,
          1.3087437
        ]
      },
      "id": "node/12396601849"
    },
    {
      "type": "Feature",
      "properties": {
        "@id": "node/12398930598",
        "level": "0",
        "name": "Buzz",
        "shop": "convenience"
      },
      "geometry": {
        "type": "Point",
        "coordinates": [
          103.89241,
          1.383237
        ]
      },
      "id": "node/12398930598"
    },
    {
      "type": "Feature",
      "properties": {
        "@id": "node/12408773894",
        "addr:city": "Singapore",
        "addr:housenumber": "282",
        "addr:postcode": "520282",
        "addr:street": "Tampines Street 22",
        "air_conditioning": "yes",
        "brand": "7-Eleven",
        "brand:wikidata": "Q259340",
        "name": "7-Eleven",
        "opening_hours": "24/7",
        "operator": "7-Eleven",
        "payment:american_express": "yes",
        "payment:app": "yes",
        "payment:cash": "yes",
        "payment:credit_cards": "yes",
        "payment:debit_cards": "yes",
        "payment:mastercard": "yes",
        "payment:visa": "yes",
        "payment:visa_debit": "yes",
        "shop": "convenience"
      },
      "geometry": {
        "type": "Point",
        "coordinates": [
          103.952088,
          1.347772
        ]
      },
      "id": "node/12408773894"
    },
    {
      "type": "Feature",
      "properties": {
        "@id": "node/12408796229",
        "addr:city": "Singapore",
        "addr:housenumber": "280",
        "addr:postcode": "520280",
        "addr:street": "Tampines Street 22",
        "name": "iEcon",
        "operator": "iEcon",
        "shop": "convenience"
      },
      "geometry": {
        "type": "Point",
        "coordinates": [
          103.9517138,
          1.3477101
        ]
      },
      "id": "node/12408796229"
    },
    {
      "type": "Feature",
      "properties": {
        "@id": "node/12412793523",
        "fixme": "exact loction",
        "shop": "convenience"
      },
      "geometry": {
        "type": "Point",
        "coordinates": [
          103.7918887,
          1.2874954
        ]
      },
      "id": "node/12412793523"
    },
    {
      "type": "Feature",
      "properties": {
        "@id": "node/12444176294",
        "brand": "7-Eleven",
        "brand:wikidata": "Q259340",
        "name": "7-Eleven",
        "shop": "convenience"
      },
      "geometry": {
        "type": "Point",
        "coordinates": [
          103.8503022,
          1.3914898
        ]
      },
      "id": "node/12444176294"
    },
    {
      "type": "Feature",
      "properties": {
        "@id": "node/12460807385",
        "brand": "7-Eleven",
        "brand:wikidata": "Q259340",
        "level": "2",
        "name": "7-Eleven",
        "shop": "convenience"
      },
      "geometry": {
        "type": "Point",
        "coordinates": [
          103.9863179,
          1.3572838
        ]
      },
      "id": "node/12460807385"
    },
    {
      "type": "Feature",
      "properties": {
        "@id": "node/12476193466",
        "name": "Grocer @ Interlace",
        "shop": "convenience"
      },
      "geometry": {
        "type": "Point",
        "coordinates": [
          103.8030981,
          1.2817746
        ]
      },
      "id": "node/12476193466"
    },
    {
      "type": "Feature",
      "properties": {
        "@id": "node/12509455047",
        "addr:city": "Singapore",
        "addr:housenumber": "#B1-25",
        "addr:postcode": "059413",
        "addr:street": "Chinatown Point",
        "branch": "Chinatown Point 唐城坊店",
        "level": "-1",
        "level:ref": "B1",
        "name": "Scarlett 思家客",
        "opening_hours": "Mo-Su 09:00-23:00",
        "shop": "supermarket",
        "website": "https://www.scarlettsupermarket.com.sg/"
      },
      "geometry": {
        "type": "Point",
        "coordinates": [
          103.8447256,
          1.2851743
        ]
      },
      "id": "node/12509455047"
    },
    {
      "type": "Feature",
      "properties": {
        "@id": "node/12522217013",
        "addr:city": "Singapore",
        "addr:floor": "B2",
        "addr:housenumber": "#B2-08/09",
        "addr:postcode": "797653",
        "addr:street": "The Seletar Mall",
        "level": "-2",
        "level:ref": "B2",
        "name": "Scarlett 思家客",
        "self_checkout": "yes",
        "shop": "supermarket"
      },
      "geometry": {
        "type": "Point",
        "coordinates": [
          103.8759328,
          1.3918557
        ]
      },
      "id": "node/12522217013"
    },
    {
      "type": "Feature",
      "properties": {
        "@id": "node/12522532888",
        "addr:street": "Westgate",
        "branch": "Westgate Flagship Store",
        "level": "-1,-2",
        "name": "Scarlett 思家客",
        "opening_hours": "Mo-Su 08:00-23:00",
        "shop": "supermarket",
        "website": "https://www.scarlettsupermarket.com.sg/"
      },
      "geometry": {
        "type": "Point",
        "coordinates": [
          103.7427095,
          1.3342909
        ]
      },
      "id": "node/12522532888"
    },
    {
      "type": "Feature",
      "properties": {
        "@id": "node/12526532933",
        "addr:housenumber": "#B1-05",
        "addr:street": "Northpoint City",
        "name": "TaoYuan 桃園",
        "shop": "supermarket"
      },
      "geometry": {
        "type": "Point",
        "coordinates": [
          103.8356806,
          1.4295823
        ]
      },
      "id": "node/12526532933"
    },
    {
      "type": "Feature",
      "properties": {
        "@id": "node/12533886457",
        "brand": "7-Eleven",
        "brand:wikidata": "Q259340",
        "check_date": "2025-12-08",
        "level": "0",
        "name": "7-Eleven",
        "opening_hours": "24/7",
        "shop": "convenience"
      },
      "geometry": {
        "type": "Point",
        "coordinates": [
          103.8462435,
          1.3214767
        ]
      },
      "id": "node/12533886457"
    },
    {
      "type": "Feature",
      "properties": {
        "@id": "node/12534146701",
        "addr:floor": "#B1-02",
        "brand": "Cheers",
        "brand:wikidata": "Q64154066",
        "check_date": "2025-01-25",
        "description": "Convenience store inside MRT station",
        "level": "-1",
        "name": "Cheers",
        "opening_hours": "24/7",
        "payment:nets": "yes",
        "shop": "convenience"
      },
      "geometry": {
        "type": "Point",
        "coordinates": [
          103.8483879,
          1.2822068
        ]
      },
      "id": "node/12534146701"
    },
    {
      "type": "Feature",
      "properties": {
        "@id": "node/12546605560",
        "addr:floor": "B3",
        "addr:housenumber": "7",
        "addr:street": "Fraser Street",
        "addr:unit": "#B3-03",
        "brand": "7-Eleven",
        "brand:wikidata": "Q259340",
        "check_date": "2025-01-28",
        "level": "-3",
        "name": "7-Eleven",
        "shop": "convenience"
      },
      "geometry": {
        "type": "Point",
        "coordinates": [
          103.8576264,
          1.2991636
        ]
      },
      "id": "node/12546605560"
    },
    {
      "type": "Feature",
      "properties": {
        "@id": "node/12571054993",
        "addr:floor": "1",
        "brand": "Cheers",
        "brand:wikidata": "Q64154066",
        "check_date": "2025-02-09",
        "level": "0",
        "name": "Cheers",
        "opening_hours": "24/7",
        "shop": "convenience"
      },
      "geometry": {
        "type": "Point",
        "coordinates": [
          103.9828744,
          1.3379184
        ]
      },
      "id": "node/12571054993"
    },
    {
      "type": "Feature",
      "properties": {
        "@id": "node/12573500731",
        "addr:housenumber": "#B1-07",
        "addr:street": "Century Square",
        "branch": "Century Square",
        "name": "NTUC FairPrice Finest",
        "not:brand:wikidata": "Q6955519",
        "opening_hours": "Mo-Su 08:00-23:00",
        "shop": "supermarket"
      },
      "geometry": {
        "type": "Point",
        "coordinates": [
          103.9439445,
          1.3521474
        ]
      },
      "id": "node/12573500731"
    },
    {
      "type": "Feature",
      "properties": {
        "@id": "node/12606919605",
        "name": "Sheng Siong",
        "shop": "supermarket"
      },
      "geometry": {
        "type": "Point",
        "coordinates": [
          103.9466204,
          1.3171819
        ]
      },
      "id": "node/12606919605"
    },
    {
      "type": "Feature",
      "properties": {
        "@id": "node/12704969530",
        "addr:city": "Singapore",
        "addr:housenumber": "#01-100",
        "addr:postcode": "527201",
        "addr:street": "Tampines Street 23",
        "brand": "7-Eleven",
        "brand:wikidata": "Q259340",
        "name": "7-Eleven",
        "opening_hours": "24/7",
        "payment:app": "yes",
        "payment:apple_pay": "yes",
        "payment:cash": "yes",
        "payment:coins": "yes",
        "payment:contactless": "yes",
        "payment:credit_cards": "yes",
        "payment:debit_cards": "yes",
        "payment:google_pay": "yes",
        "payment:mastercard": "yes",
        "payment:notes": "yes",
        "payment:visa": "yes",
        "phone": "+65 68918100",
        "shop": "convenience"
      },
      "geometry": {
        "type": "Point",
        "coordinates": [
          103.954468,
          1.3528055
        ]
      },
      "id": "node/12704969530"
    },
    {
      "type": "Feature",
      "properties": {
        "@id": "node/12705014482",
        "addr:city": "Singapore",
        "addr:housenumber": "#01-1063",
        "addr:postcode": "527201",
        "addr:street": "Tampines Street 21",
        "brand": "7-Eleven",
        "brand:wikidata": "Q259340",
        "name": "7-Eleven",
        "opening_hours": "24/7",
        "payment:app": "yes",
        "payment:apple_pay": "yes",
        "payment:cards": "yes",
        "payment:cash": "yes",
        "payment:coins": "yes",
        "payment:contactless": "yes",
        "payment:credit_cards": "yes",
        "payment:debit_cards": "yes",
        "payment:google_pay": "yes",
        "payment:mastercard": "yes",
        "payment:notes": "yes",
        "payment:visa": "yes",
        "phone": "+65 68918110",
        "shop": "convenience"
      },
      "geometry": {
        "type": "Point",
        "coordinates": [
          103.9525961,
          1.3536164
        ]
      },
      "id": "node/12705014482"
    },
    {
      "type": "Feature",
      "properties": {
        "@id": "node/12738707256",
        "brand": "NTUC Fairprice",
        "brand:wikidata": "Q6955519",
        "name": "NTUC Fairprice",
        "shop": "supermarket"
      },
      "geometry": {
        "type": "Point",
        "coordinates": [
          103.9113389,
          1.4173577
        ]
      },
      "id": "node/12738707256"
    },
    {
      "type": "Feature",
      "properties": {
        "@id": "node/12761904062",
        "addr:housenumber": "38",
        "addr:street": "Irrawaddy Road",
        "brand": "7-Eleven",
        "brand:wikidata": "Q259340",
        "check_date": "2025-04-14",
        "level": "0",
        "name": "7-Eleven",
        "shop": "convenience"
      },
      "geometry": {
        "type": "Point",
        "coordinates": [
          103.8440238,
          1.3220724
        ]
      },
      "id": "node/12761904062"
    },
    {
      "type": "Feature",
      "properties": {
        "@id": "node/12765879086",
        "brand": "7-Eleven",
        "level": "0",
        "name": "7-Eleven",
        "shop": "convenience"
      },
      "geometry": {
        "type": "Point",
        "coordinates": [
          103.8143452,
          1.2547142
        ]
      },
      "id": "node/12765879086"
    },
    {
      "type": "Feature",
      "properties": {
        "@id": "node/12796970276",
        "brand": "7-Eleven",
        "level": "0",
        "name": "7-Eleven",
        "shop": "convenience"
      },
      "geometry": {
        "type": "Point",
        "coordinates": [
          103.9123354,
          1.4208848
        ]
      },
      "id": "node/12796970276"
    },
    {
      "type": "Feature",
      "properties": {
        "@id": "node/12797074415",
        "level": "1",
        "name": "Wisionly",
        "shop": "convenience"
      },
      "geometry": {
        "type": "Point",
        "coordinates": [
          103.9021036,
          1.4158569
        ]
      },
      "id": "node/12797074415"
    },
    {
      "type": "Feature",
      "properties": {
        "@id": "node/12797683790",
        "check_date": "2025-04-29",
        "name": "Richfield Supermarket",
        "shop": "supermarket"
      },
      "geometry": {
        "type": "Point",
        "coordinates": [
          103.8653676,
          1.3241765
        ]
      },
      "id": "node/12797683790"
    },
    {
      "type": "Feature",
      "properties": {
        "@id": "node/12876887663",
        "brand": "7-Eleven",
        "level": "0",
        "name": "7-Eleven",
        "shop": "convenience"
      },
      "geometry": {
        "type": "Point",
        "coordinates": [
          103.8406304,
          1.3021914
        ]
      },
      "id": "node/12876887663"
    },
    {
      "type": "Feature",
      "properties": {
        "@id": "node/12883587133",
        "check_date": "2025-06-03",
        "internet_access": "no",
        "level": "1",
        "name": "7-11 Seven Eleven",
        "opening_hours": "24/7",
        "payment:cash": "yes",
        "payment:contactless": "yes",
        "payment:nets": "yes",
        "shop": "convenience",
        "wheelchair": "limited"
      },
      "geometry": {
        "type": "Point",
        "coordinates": [
          103.6968528,
          1.3374527
        ]
      },
      "id": "node/12883587133"
    },
    {
      "type": "Feature",
      "properties": {
        "@id": "node/12886653376",
        "addr:door": "B1-23",
        "addr:floor": "B1",
        "addr:housenumber": "3",
        "addr:street": "Gateway Drive",
        "check_date": "2025-06-04",
        "level": "-1",
        "name": "Redman",
        "shop": "supermarket"
      },
      "geometry": {
        "type": "Point",
        "coordinates": [
          103.7430812,
          1.3339982
        ]
      },
      "id": "node/12886653376"
    },
    {
      "type": "Feature",
      "properties": {
        "@id": "node/12888198014",
        "addr:floor": "1",
        "addr:housenumber": "965",
        "addr:street": "Jurong West Street 93",
        "check_date": "2025-06-05",
        "level": "0",
        "shop": "convenience",
        "wheelchair": "no"
      },
      "geometry": {
        "type": "Point",
        "coordinates": [
          103.6923795,
          1.3415229
        ]
      },
      "id": "node/12888198014"
    },
    {
      "type": "Feature",
      "properties": {
        "@id": "node/12888735788",
        "addr:floor": "B1",
        "addr:housenumber": "1",
        "addr:street": "Jurong West Central 2",
        "check_date": "2025-06-05",
        "level": "-1",
        "name": "Scarlett",
        "shop": "supermarket",
        "wheelchair": "yes"
      },
      "geometry": {
        "type": "Point",
        "coordinates": [
          103.7049669,
          1.3386728
        ]
      },
      "id": "node/12888735788"
    },
    {
      "type": "Feature",
      "properties": {
        "@id": "node/12892427130",
        "shop": "convenience"
      },
      "geometry": {
        "type": "Point",
        "coordinates": [
          103.7902231,
          1.4342062
        ]
      },
      "id": "node/12892427130"
    },
    {
      "type": "Feature",
      "properties": {
        "@id": "node/12941398234",
        "name": "Chip Huat",
        "shop": "convenience"
      },
      "geometry": {
        "type": "Point",
        "coordinates": [
          103.7779606,
          1.4380439
        ]
      },
      "id": "node/12941398234"
    },
    {
      "type": "Feature",
      "properties": {
        "@id": "node/12959388847",
        "addr:city": "Singapore",
        "addr:housenumber": "139",
        "addr:postcode": "521139",
        "addr:street": "Tampines Street 11 #01-20",
        "name": "Valu$",
        "payment:cash": "yes",
        "payment:debit_cards": "yes",
        "shop": "convenience"
      },
      "geometry": {
        "type": "Point",
        "coordinates": [
          103.9447478,
          1.3467203
        ]
      },
      "id": "node/12959388847"
    },
    {
      "type": "Feature",
      "properties": {
        "@id": "node/13001005377",
        "check_date": "2025-07-12",
        "name": "Soon Hock Supermart",
        "shop": "supermarket"
      },
      "geometry": {
        "type": "Point",
        "coordinates": [
          103.80512,
          1.2864657
        ]
      },
      "id": "node/13001005377"
    },
    {
      "type": "Feature",
      "properties": {
        "@id": "node/13003730769",
        "name": "Giant",
        "shop": "supermarket"
      },
      "geometry": {
        "type": "Point",
        "coordinates": [
          103.7620036,
          1.4248905
        ]
      },
      "id": "node/13003730769"
    },
    {
      "type": "Feature",
      "properties": {
        "@id": "node/13008933810",
        "addr:housenumber": "1-145",
        "addr:postcode": "730023",
        "description": "from June onwards, Opening hours in effect,  Terima Kasih heart ❤️",
        "name": "P.M Haja store",
        "opening_hours": "Mo-Th, Su 09:00-17:00",
        "shop": "convenience"
      },
      "geometry": {
        "type": "Point",
        "coordinates": [
          103.7734923,
          1.4415007
        ]
      },
      "id": "node/13008933810"
    },
    {
      "type": "Feature",
      "properties": {
        "@id": "node/13038537201",
        "name": "7-Eleven",
        "shop": "convenience"
      },
      "geometry": {
        "type": "Point",
        "coordinates": [
          103.898835,
          1.3163096
        ]
      },
      "id": "node/13038537201"
    },
    {
      "type": "Feature",
      "properties": {
        "@id": "node/13061634064",
        "check_date": "2025-08-10",
        "level": "0",
        "name": "Market",
        "shop": "convenience"
      },
      "geometry": {
        "type": "Point",
        "coordinates": [
          103.8445145,
          1.280687
        ]
      },
      "id": "node/13061634064"
    },
    {
      "type": "Feature",
      "properties": {
        "@id": "node/13072391423",
        "brand": "Sheng Siong",
        "level": "-1",
        "name": "Sheng Siong",
        "shop": "supermarket"
      },
      "geometry": {
        "type": "Point",
        "coordinates": [
          103.8474864,
          1.2994434
        ]
      },
      "id": "node/13072391423"
    },
    {
      "type": "Feature",
      "properties": {
        "@id": "node/13076091384",
        "addr:floor": "1",
        "brand": "7-Eleven",
        "brand:wikidata": "Q259340",
        "check_date": "2025-08-10",
        "level": "0",
        "name": "7-Eleven",
        "shop": "convenience"
      },
      "geometry": {
        "type": "Point",
        "coordinates": [
          103.7625814,
          1.3783141
        ]
      },
      "id": "node/13076091384"
    },
    {
      "type": "Feature",
      "properties": {
        "@id": "node/13095416301",
        "addr:housenumber": "268",
        "addr:street": "River Valley Road",
        "name": "Luna Supermark",
        "shop": "supermarket"
      },
      "geometry": {
        "type": "Point",
        "coordinates": [
          103.8419113,
          1.2946601
        ]
      },
      "id": "node/13095416301"
    },
    {
      "type": "Feature",
      "properties": {
        "@id": "node/13105457401",
        "addr:housenumber": "31",
        "addr:street": "Choa Chu Kang Way",
        "level": "0",
        "name": "FairPrice Xpress",
        "shop": "convenience",
        "website": "http://fairprice.com.sg"
      },
      "geometry": {
        "type": "Point",
        "coordinates": [
          103.7501063,
          1.3775748
        ]
      },
      "id": "node/13105457401"
    },
    {
      "type": "Feature",
      "properties": {
        "@id": "node/13115766609",
        "brand": "7-Eleven",
        "brand:wikidata": "Q259340",
        "name": "7-Eleven",
        "shop": "convenience"
      },
      "geometry": {
        "type": "Point",
        "coordinates": [
          103.9127552,
          1.394261
        ]
      },
      "id": "node/13115766609"
    },
    {
      "type": "Feature",
      "properties": {
        "@id": "node/13127579436",
        "addr:unit": "217",
        "branch": "Punggol Coast Mall",
        "brand": "NTUC Fairprice",
        "brand:wikidata": "Q6955519",
        "level": "0;1",
        "name": "Fairprice Finest",
        "shop": "supermarket"
      },
      "geometry": {
        "type": "Point",
        "coordinates": [
          103.9134749,
          1.4147846
        ]
      },
      "id": "node/13127579436"
    },
    {
      "type": "Feature",
      "properties": {
        "@id": "node/13127579439",
        "addr:unit": "133",
        "brand": "Cheers",
        "brand:wikidata": "Q64154066",
        "level": "0",
        "name": "Cheers",
        "opening_hours": "24/7",
        "shop": "convenience"
      },
      "geometry": {
        "type": "Point",
        "coordinates": [
          103.9108605,
          1.4145912
        ]
      },
      "id": "node/13127579439"
    },
    {
      "type": "Feature",
      "properties": {
        "@id": "node/13148718401",
        "addr:housenumber": "524A",
        "addr:street": "Jelapang Road",
        "name": "Fairprice",
        "opening_hours": "Mo-Su 07:00-23:00",
        "shop": "supermarket"
      },
      "geometry": {
        "type": "Point",
        "coordinates": [
          103.7662801,
          1.3855717
        ]
      },
      "id": "node/13148718401"
    },
    {
      "type": "Feature",
      "properties": {
        "@id": "node/13195491837",
        "addr:floor": "1",
        "check_date": "2025-10-01",
        "level": "0",
        "name": "Valuemart",
        "shop": "convenience"
      },
      "geometry": {
        "type": "Point",
        "coordinates": [
          103.853988,
          1.2965629
        ]
      },
      "id": "node/13195491837"
    },
    {
      "type": "Feature",
      "properties": {
        "@id": "node/13277238484",
        "name": "7 eleven",
        "shop": "convenience"
      },
      "geometry": {
        "type": "Point",
        "coordinates": [
          103.8358439,
          1.2876803
        ]
      },
      "id": "node/13277238484"
    },
    {
      "type": "Feature",
      "properties": {
        "@id": "node/13347701343",
        "addr:city": "Singapore",
        "addr:housenumber": "105",
        "addr:postcode": "126757",
        "addr:street": "West Coast Vale",
        "name": "EZ Mart",
        "opening_hours": "Mo-Fr 09:00-18:00",
        "payment:cash": "yes",
        "payment:coins": "yes",
        "payment:credit_cards": "yes",
        "payment:debit_cards": "yes",
        "payment:mastercard": "yes",
        "payment:visa": "yes",
        "phone": "+65 9145 2459",
        "shop": "convenience"
      },
      "geometry": {
        "type": "Point",
        "coordinates": [
          103.753637,
          1.3201356
        ]
      },
      "id": "node/13347701343"
    },
    {
      "type": "Feature",
      "properties": {
        "@id": "node/13378128305",
        "access": "residents",
        "addr:floor": "1",
        "addr:housenumber": "23",
        "addr:postcode": "678943",
        "addr:street": "Hazel Park Terrace",
        "addr:unit": "#01-02",
        "check_date": "2025-12-23",
        "check_date:opening_hours": "2025-12-23",
        "description": "Shop inside condo. Only accesible to residents",
        "level": "0",
        "name": "AK Supermarket",
        "opening_hours": "Mo-Su 10:00-22:30",
        "shop": "supermarket",
        "wheelchair": "limited"
      },
      "geometry": {
        "type": "Point",
        "coordinates": [
          103.7657473,
          1.3736751
        ]
      },
      "id": "node/13378128305"
    },
    {
      "type": "Feature",
      "properties": {
        "@id": "node/13385951403",
        "addr:housenumber": "305",
        "addr:street": "Jalan Besar",
        "check_date": "2025-12-18",
        "name": "TWMS Supermart Pte Ltd",
        "shop": "supermarket"
      },
      "geometry": {
        "type": "Point",
        "coordinates": [
          103.8589731,
          1.3112267
        ]
      },
      "id": "node/13385951403"
    },
    {
      "type": "Feature",
      "properties": {
        "@id": "node/13395415735",
        "shop": "convenience"
      },
      "geometry": {
        "type": "Point",
        "coordinates": [
          103.9405312,
          1.374867
        ]
      },
      "id": "node/13395415735"
    },
    {
      "type": "Feature",
      "properties": {
        "@id": "node/13446187521",
        "brand": "7-Eleven",
        "brand:wikidata": "Q259340",
        "name": "7-Eleven",
        "shop": "convenience"
      },
      "geometry": {
        "type": "Point",
        "coordinates": [
          103.8560303,
          1.3764616
        ]
      },
      "id": "node/13446187521"
    },
    {
      "type": "Feature",
      "properties": {
        "@id": "node/13446187523",
        "brand": "Sheng Siong",
        "brand:wikidata": "Q3481878",
        "name": "Sheng Siong",
        "shop": "supermarket"
      },
      "geometry": {
        "type": "Point",
        "coordinates": [
          103.8564302,
          1.3765371
        ]
      },
      "id": "node/13446187523"
    },
    {
      "type": "Feature",
      "properties": {
        "@id": "node/13467715548",
        "addr:city": "Singapore",
        "addr:housenumber": "1",
        "addr:postcode": "619599",
        "addr:street": "Tukang Innovation Lane",
        "name": "Little Tukang Minimart",
        "shop": "convenience"
      },
      "geometry": {
        "type": "Point",
        "coordinates": [
          103.7155794,
          1.3265393
        ]
      },
      "id": "node/13467715548"
    },
    {
      "type": "Feature",
      "properties": {
        "@id": "node/13476587355",
        "brand": "Cheers",
        "brand:wikidata": "Q64154066",
        "name": "Cheers",
        "opening_hours": "24/7",
        "shop": "convenience"
      },
      "geometry": {
        "type": "Point",
        "coordinates": [
          103.7638656,
          1.3676942
        ]
      },
      "id": "node/13476587355"
    },
    {
      "type": "Feature",
      "properties": {
        "@id": "node/13505838515",
        "brand": "NTUC Fairprice",
        "brand:wikidata": "Q6955519",
        "name": "NTUC Fairprice",
        "shop": "supermarket"
      },
      "geometry": {
        "type": "Point",
        "coordinates": [
          103.8600811,
          1.3181006
        ]
      },
      "id": "node/13505838515"
    },
    {
      "type": "Feature",
      "properties": {
        "@id": "node/13516693441",
        "brand": "7-Eleven",
        "brand:wikidata": "Q259340",
        "name": "7-Eleven",
        "opening_hours": "24/7",
        "shop": "convenience"
      },
      "geometry": {
        "type": "Point",
        "coordinates": [
          103.9629431,
          1.3711193
        ]
      },
      "id": "node/13516693441"
    },
    {
      "type": "Feature",
      "properties": {
        "@id": "node/13533995130",
        "addr:city": "Singapore",
        "addr:floor": "1",
        "addr:housenumber": "465",
        "addr:postcode": "790465",
        "addr:street": "Fernvale Road",
        "addr:unit": "5",
        "brand": "Sheng Siong",
        "brand:wikidata": "Q3481878",
        "name": "Sheng Siong",
        "opening_hours": "24/7",
        "operator": "Sheng Siong",
        "phone": "+65 6592 5481",
        "shop": "supermarket"
      },
      "geometry": {
        "type": "Point",
        "coordinates": [
          103.8763818,
          1.3982954
        ]
      },
      "id": "node/13533995130"
    },
    {
      "type": "Feature",
      "properties": {
        "@id": "node/13620474174",
        "brand": "7-Eleven",
        "brand:wikidata": "Q259340",
        "name": "7-Eleven",
        "opening_hours": "24/7",
        "shop": "convenience"
      },
      "geometry": {
        "type": "Point",
        "coordinates": [
          103.7376,
          1.3365526
        ]
      },
      "id": "node/13620474174"
    },
    {
      "type": "Feature",
      "properties": {
        "@id": "node/13620474175",
        "addr:city": "Singapore",
        "addr:housenumber": "109",
        "addr:postcode": "600109",
        "addr:street": "Jurong East Street 13",
        "check_date": "2026-03-05",
        "name": "Jurong Provision Shop",
        "payment:cash": "yes",
        "payment:paynow": "yes",
        "shop": "convenience"
      },
      "geometry": {
        "type": "Point",
        "coordinates": [
          103.7359054,
          1.3384227
        ]
      },
      "id": "node/13620474175"
    },
    {
      "type": "Feature",
      "properties": {
        "@id": "node/13620474200",
        "addr:city": "Singapore",
        "addr:housenumber": "114",
        "addr:postcode": "600114",
        "addr:street": "Jurong East Street 13",
        "name": "Bao Sheng Mini Mart",
        "name:zh": "宝胜迷你市场",
        "shop": "convenience"
      },
      "geometry": {
        "type": "Point",
        "coordinates": [
          103.7345938,
          1.3392894
        ]
      },
      "id": "node/13620474200"
    },
    {
      "type": "Feature",
      "properties": {
        "@id": "node/13625840901",
        "addr:housenumber": "28",
        "addr:street": "Stevens Road",
        "name": "7Eleven",
        "shop": "convenience"
      },
      "geometry": {
        "type": "Point",
        "coordinates": [
          103.828838,
          1.313586
        ]
      },
      "id": "node/13625840901"
    },
    {
      "type": "Feature",
      "properties": {
        "@id": "node/13626465071",
        "addr:city": "Singapore",
        "addr:housenumber": "68",
        "addr:postcode": "238839",
        "addr:street": "Orchard Road",
        "branch": "Plaza Singapura",
        "brand": "7-Eleven",
        "brand:wikidata": "Q259340",
        "name": "7-Eleven",
        "opening_hours": "24/7",
        "phone": "+65 31298100",
        "shop": "convenience"
      },
      "geometry": {
        "type": "Point",
        "coordinates": [
          103.8451663,
          1.3003064
        ]
      },
      "id": "node/13626465071"
    },
    {
      "type": "Feature",
      "properties": {
        "@id": "node/13671539191",
        "name": "7-Eleven",
        "shop": "convenience"
      },
      "geometry": {
        "type": "Point",
        "coordinates": [
          103.8511221,
          1.2803249
        ]
      },
      "id": "node/13671539191"
    },
    {
      "type": "Feature",
      "properties": {
        "@id": "node/13681011293",
        "check_date": "2026-03-26",
        "name": "Cheers",
        "shop": "convenience"
      },
      "geometry": {
        "type": "Point",
        "coordinates": [
          103.8739201,
          1.3495052
        ]
      },
      "id": "node/13681011293"
    }
  ]
}