{
  "type": "FeatureCollection",
  "generator": "overpass-turbo",
  "copyright": "The data included in this document is from www.openstreetmap.org. The data is made available under ODbL.",
  "timestamp": "2026-03-26T10:39:44Z",
  "features": [
    {
      "type": "Feature",
      "properties": {
        "@id": "relation/2301116",
        "addr:city": "Singapore",
        "addr:country": "SG",
        "addr:housenumber": "11",
        "addr:postcode": "178881",
        "addr:street": "Canning Walk",
        "building": "hotel",
        "height": "0",
        "name": "Hotel Fort Canning",
        "name:zh": "福康宁酒店",
        "start_date": "1926",
        "tourism": "hotel",
        "type": "multipolygon",
        "website": "https://hfcsingapore.com/",
        "wheelchair": "limited",
        "wikidata": "Q5911493",
        "wikipedia": "en:Hotel Fort Canning",
        "@geometry": "center"
      },
      "geometry": {
        "type": "Point",
        "coordinates": [
          103.8453757,
          1.2960208
        ]
      },
      "id": "relation/2301116"
    },
    {
      "type": "Feature",
      "properties": {
        "@id": "relation/3447411",
        "building": "hotel",
        "building:levels": "3",
        "height": "45",
        "name": "Robertson Quay Hotel",
        "start_date": "1997",
        "tourism": "hotel",
        "type": "multipolygon",
        "website": "https://robertsonquayhotel.com.sg/",
        "@geometry": "center"
      },
      "geometry": {
        "type": "Point",
        "coordinates": [
          103.8420015,
          1.2911625
        ]
      },
      "id": "relation/3447411"
    },
    {
      "type": "Feature",
      "properties": {
        "@id": "relation/10293296",
        "building": "yes",
        "level": "2",
        "name": "Areotel",
        "tourism": "hotel",
        "type": "multipolygon",
        "@geometry": "center"
      },
      "geometry": {
        "type": "Point",
        "coordinates": [
          103.9920738,
          1.3613836
        ]
      },
      "id": "relation/10293296"
    },
    {
      "type": "Feature",
      "properties": {
        "@id": "way/44414534",
        "addr:city": "Singapore",
        "addr:country": "SG",
        "addr:housenumber": "80",
        "addr:postcode": "188966",
        "addr:street": "Middle Road",
        "brand": "InterContinental",
        "brand:wikidata": "Q1825730",
        "brand:wikipedia": "en:InterContinental",
        "building": "yes",
        "building:levels": "3",
        "check_date": "2023-11-08",
        "height": "18",
        "name": "InterContinental Singapore",
        "source": "Bing",
        "start_date": "1995",
        "tourism": "hotel",
        "website": "https://www.ihg.com/intercontinental/hotels/gb/en/singapore/sinhb/hoteldetail",
        "@geometry": "center"
      },
      "geometry": {
        "type": "Point",
        "coordinates": [
          103.8548923,
          1.2983713
        ]
      },
      "id": "way/44414534"
    },
    {
      "type": "Feature",
      "properties": {
        "@id": "way/45107963",
        "addr:city": "Singapore",
        "addr:country": "SG",
        "addr:housenumber": "22",
        "addr:postcode": "229617",
        "addr:street": "Cavenagh Road",
        "building": "hotel",
        "building:levels": "10",
        "fax": "+65 6708 8787",
        "name": "Hotel Grand Central",
        "phone": "+65 6708 8788",
        "start_date": "1968",
        "tourism": "hotel",
        "@geometry": "center"
      },
      "geometry": {
        "type": "Point",
        "coordinates": [
          103.8417647,
          1.3012932
        ]
      },
      "id": "way/45107963"
    },
    {
      "type": "Feature",
      "properties": {
        "@id": "way/45107964",
        "addr:city": "Singapore",
        "addr:housenumber": "15",
        "addr:postcode": "228750",
        "addr:street": "Kramat Road",
        "building": "yes",
        "name": "Hotel Supreme",
        "start_date": "1972",
        "tourism": "hotel",
        "@geometry": "center"
      },
      "geometry": {
        "type": "Point",
        "coordinates": [
          103.8424273,
          1.3013419
        ]
      },
      "id": "way/45107964"
    },
    {
      "type": "Feature",
      "properties": {
        "@id": "way/45107965",
        "addr:city": "Singapore",
        "addr:housenumber": "11",
        "addr:postcode": "229616",
        "addr:street": "Cavenagh Road",
        "brand": "Holiday Inn",
        "brand:wikidata": "Q2717882",
        "building": "yes",
        "name": "Holiday Inn Singapore Orchard City Centre",
        "tourism": "hotel",
        "website": "https://www.ihg.com/holidayinn/hotels/us/en/singapore/sinpv/hoteldetail",
        "@geometry": "center"
      },
      "geometry": {
        "type": "Point",
        "coordinates": [
          103.841091,
          1.302315
        ]
      },
      "id": "way/45107965"
    },
    {
      "type": "Feature",
      "properties": {
        "@id": "way/45107972",
        "addr:city": "Singapore",
        "addr:country": "SG",
        "addr:housenumber": "100",
        "addr:street": "Orchard Road",
        "building": "yes",
        "building:levels": "6",
        "check_date": "2025-05-31",
        "name": "Concorde Hotel",
        "old_name": "Le Meridien Shopping Centre",
        "start_date": "1983",
        "tourism": "hotel",
        "@geometry": "center"
      },
      "geometry": {
        "type": "Point",
        "coordinates": [
          103.8422279,
          1.3007959
        ]
      },
      "id": "way/45107972"
    },
    {
      "type": "Feature",
      "properties": {
        "@id": "way/46595395",
        "addr:city": "Singapore",
        "addr:housenumber": "1",
        "addr:postcode": "049178",
        "addr:street": "Fullerton Square",
        "air_conditioning": "yes",
        "building": "yes",
        "building:colour": "#c7c3b7",
        "building:height": "37",
        "building:material": "concrete",
        "email": "info@fullertonhotel.com",
        "height": "25",
        "image": "https://images.mapillary.com/flRBj4pphLxF940IIL-24w/thumb-2048.jpg",
        "internet_access": "wlan",
        "internet_access:fee": "no",
        "mapillary": "268549541637634",
        "name": "The Fullerton Hotel",
        "name:ar": "فندق فولرتون سنغافورة",
        "name:en": "The Fullerton Hotel",
        "name:fa": "هتل فولرتون سنگاپور",
        "name:id": "The Fullerton Hotel Singapura",
        "name:ja": "フラトン ホテル",
        "name:ko": "더 풀러턴 호텔",
        "name:zh": "富丽敦酒店",
        "old_name": "General Post Office Building",
        "phone": "+65 6733 8388",
        "roof:colour": "#bb7961",
        "roof:height": "3",
        "roof:material": "roof_tiles",
        "roof:shape": "flat",
        "rooms": "400",
        "stars": "5",
        "start_date": "1924",
        "tourism": "hotel",
        "website": "https://www.fullertonhotels.com/en/singapore/the-fullerton-hotel",
        "wikidata": "Q4409125",
        "wikimedia_commons": "Category:The Fullerton Hotel Singapore",
        "wikipedia": "en:The Fullerton Hotel Singapore",
        "@geometry": "center"
      },
      "geometry": {
        "type": "Point",
        "coordinates": [
          103.8530677,
          1.2862115
        ]
      },
      "id": "way/46595395"
    },
    {
      "type": "Feature",
      "properties": {
        "@id": "way/47134224",
        "addr:city": "Singapore",
        "addr:housenumber": "7500",
        "addr:postcode": "199591",
        "addr:street": "Beach Road",
        "brand": "PARKROYAL",
        "brand:wikidata": "Q4272131",
        "building": "yes",
        "building:levels": "6",
        "name": "PARKROYAL on Beach Road",
        "source": "Kaart Ground Survey 2017",
        "start_date": "1971",
        "tourism": "hotel",
        "website": "https://www.panpacific.com/en/hotels-and-resorts/pr-beach-road.html",
        "wheelchair": "limited",
        "@geometry": "center"
      },
      "geometry": {
        "type": "Point",
        "coordinates": [
          103.8605985,
          1.3002164
        ]
      },
      "id": "way/47134224"
    },
    {
      "type": "Feature",
      "properties": {
        "@id": "way/47345219",
        "addr:city": "Singapore",
        "addr:country": "SG",
        "addr:housenumber": "81",
        "addr:postcode": "079908",
        "addr:street": "Anson Road",
        "building": "yes",
        "building:colour": "#c8c4b9",
        "building:levels": "8",
        "building:material": "concrete",
        "check_date": "2026-01-26",
        "name": "M Hotel Singapore",
        "roof:colour": "#c8c4b9",
        "source": "Kaart Ground Survey 2017",
        "start_date": "1985",
        "tourism": "hotel",
        "website": "www.m-hotel.com",
        "@geometry": "center"
      },
      "geometry": {
        "type": "Point",
        "coordinates": [
          103.8450631,
          1.2736844
        ]
      },
      "id": "way/47345219"
    },
    {
      "type": "Feature",
      "properties": {
        "@id": "way/47418824",
        "addr:city": "Singapore",
        "addr:country": "SG",
        "addr:housenumber": "30",
        "addr:postcode": "099537",
        "addr:street": "Imbiah Walk",
        "building": "yes",
        "building:levels": "2",
        "name": "Costa Sands Resort (Sentosa)",
        "phone": "+65 6275 1034",
        "source": "Kaart Ground Survey 2017",
        "tourism": "hotel",
        "website": "https://www.dresort.com.sg/costa-sands-sentosa/",
        "@geometry": "center"
      },
      "geometry": {
        "type": "Point",
        "coordinates": [
          103.8141437,
          1.2552136
        ]
      },
      "id": "way/47418824"
    },
    {
      "type": "Feature",
      "properties": {
        "@id": "way/47418827",
        "addr:city": "Singapore",
        "addr:country": "SG",
        "addr:housenumber": "23",
        "addr:postcode": "098679",
        "addr:street": "Beach View",
        "air_conditioning": "yes",
        "building": "yes",
        "building:levels": "3",
        "internet_access": "wlan",
        "name": "Oasis Resort Sentosa",
        "name:en": "Oasis Resort Sentosa",
        "name:zh": "圣淘沙豪亚度假酒店",
        "rooms": "191",
        "tourism": "hotel",
        "website": "https://www.oasiahotels.com/en/singapore/hotels/oasia-resort-sentosa",
        "@geometry": "center"
      },
      "geometry": {
        "type": "Point",
        "coordinates": [
          103.819586,
          1.253292
        ]
      },
      "id": "way/47418827"
    },
    {
      "type": "Feature",
      "properties": {
        "@id": "way/48045895",
        "addr:city": "Singapore",
        "addr:housenumber": "190",
        "addr:postcode": "187965",
        "addr:street": "Waterloo Street",
        "building": "hotel",
        "level": "4",
        "name": "South East Asia Hotel",
        "name:en": "South East Asia Hotel",
        "name:zh": "東南亞大酒店",
        "name:zh-Hans": "東南亞大酒店",
        "name:zh-Hant": "東南亞大酒店",
        "phone": "+65 6338 2394",
        "tourism": "hotel",
        "website": "http://www.seahotel.com.sg/",
        "wheelchair": "no",
        "wikidata": "Q117593629",
        "@geometry": "center"
      },
      "geometry": {
        "type": "Point",
        "coordinates": [
          103.8531189,
          1.3011181
        ]
      },
      "id": "way/48045895"
    },
    {
      "type": "Feature",
      "properties": {
        "@id": "way/54139142",
        "addr:city": "Singapore",
        "addr:country": "SG",
        "addr:housenumber": "50",
        "addr:postcode": "098828",
        "addr:street": "Telok Blangah Road",
        "air_conditioning": "yes",
        "brand": "Travelodge",
        "brand:wikidata": "Q24997583",
        "brand:wikipedia": "en:Travelodge Australia",
        "building": "hotel",
        "building:levels": "10",
        "check_date": "2026-01-19",
        "internet_access": "yes",
        "internet_access:fee": "customers",
        "name": "Travelodge Harbourfront Singapore",
        "source": "Kaart Ground Survey 2017",
        "tourism": "hotel",
        "website": "https://www.travelodgeharbourfront.com",
        "wikidata": "Q111406931",
        "@geometry": "center"
      },
      "geometry": {
        "type": "Point",
        "coordinates": [
          103.8238039,
          1.2663127
        ]
      },
      "id": "way/54139142"
    },
    {
      "type": "Feature",
      "properties": {
        "@id": "way/96922246",
        "addr:city": "Singapore",
        "addr:housenumber": "20",
        "addr:postcode": "119193",
        "addr:street": "Labrador Villa Road",
        "building": "hotel",
        "email": "frontoffice@labradorvilla.com",
        "internet_access": "wlan",
        "internet_access:fee": "customers",
        "name": "Labrador Villa",
        "phone": "+65 6274 5674",
        "smoking": "no",
        "tourism": "hotel",
        "website": "https://www.labradorvilla.com/",
        "@geometry": "center"
      },
      "geometry": {
        "type": "Point",
        "coordinates": [
          103.800904,
          1.2688661
        ]
      },
      "id": "way/96922246"
    },
    {
      "type": "Feature",
      "properties": {
        "@id": "way/103110145",
        "building": "yes",
        "building:colour": "#ffffff",
        "building:levels": "3",
        "check_date": "2023-11-06",
        "height": "34",
        "name": "The Capitol Kempinski Hotel",
        "roof:material": "roof_tiles",
        "start_date": "1904",
        "tourism": "hotel",
        "wikidata": "Q7597400",
        "wikimedia_commons": "Category:Stamford House, Singapore",
        "wikipedia": "en:Stamford House, Singapore",
        "@geometry": "center"
      },
      "geometry": {
        "type": "Point",
        "coordinates": [
          103.8508595,
          1.2940466
        ]
      },
      "id": "way/103110145"
    },
    {
      "type": "Feature",
      "properties": {
        "@id": "way/103110146",
        "addr:city": "Singapore",
        "addr:housenumber": "1",
        "addr:postcode": "179949",
        "addr:street": "Hill Street",
        "brand": "Pullman",
        "brand:wikidata": "Q3410757",
        "building": "hotel",
        "check_date": "2023-11-06",
        "height": "72",
        "name": "Pullman Singapore HIll Street",
        "opening_date": "2023",
        "tourism": "hotel",
        "@geometry": "center"
      },
      "geometry": {
        "type": "Point",
        "coordinates": [
          103.8506128,
          1.2936813
        ]
      },
      "id": "way/103110146"
    },
    {
      "type": "Feature",
      "properties": {
        "@id": "way/108576080",
        "addr:city": "Singapore",
        "addr:country": "SG",
        "addr:housenumber": "28",
        "addr:postcode": "098139",
        "addr:street": "Sentosa Gateway",
        "air_conditioning": "yes",
        "brand": "Hard Rock Hotel",
        "brand:wikidata": "Q109275902",
        "building": "hotel",
        "image": "https://images.mapillary.com/8thBhi8vkZNSTfDKRO5B9A/thumb-2048.jpg",
        "mapillary": "https://www.mapillary.com/map/im/8thBhi8vkZNSTfDKRO5B9A",
        "name": "Hard Rock Hotel Singapore",
        "name:en": "Hard Rock Hotel Singapore",
        "name:zh": "新加坡Hard Rock酒店",
        "official_name": "Hard Rock Hotels & Resorts",
        "operator": "Resorts World",
        "tourism": "hotel",
        "website": "https://www.rwsentosa.com/en/hotels/hard-rock-hotel-singapore",
        "@geometry": "center"
      },
      "geometry": {
        "type": "Point",
        "coordinates": [
          103.8192456,
          1.2575207
        ]
      },
      "id": "way/108576080"
    },
    {
      "type": "Feature",
      "properties": {
        "@id": "way/116818193",
        "addr:city": "Singapore",
        "addr:country": "SG",
        "addr:housenumber": "8",
        "addr:postcode": "098269",
        "addr:street": "Sentosa Gateway",
        "air_conditioning": "yes",
        "building": "hotel",
        "height": "0",
        "image": "https://images.mapillary.com/lboYzM_2Vj6fw0HdmO_7qw/thumb-2048.jpg",
        "mapillary": "343273450545491",
        "name": "Hotel Michael",
        "name:en": "Hotel Michael",
        "name:zh": "迈克尔酒店",
        "operator": "Resorts World",
        "tourism": "hotel",
        "website": "https://www.rwsentosa.com/en/hotels/hotel-michael",
        "@geometry": "center"
      },
      "geometry": {
        "type": "Point",
        "coordinates": [
          103.8202623,
          1.2551364
        ]
      },
      "id": "way/116818193"
    },
    {
      "type": "Feature",
      "properties": {
        "@id": "way/121872890",
        "addr:city": "Singapore",
        "addr:country": "SG",
        "addr:housenumber": "25",
        "addr:postcode": "398867",
        "addr:street": "Lorong 16 Geylang",
        "brand": "Hotel 81",
        "building": "yes",
        "name": "Hotel 81 (Palace)",
        "tourism": "hotel",
        "website": "https://www.hotel81.com.sg/",
        "wikidata": "Q111429569",
        "@geometry": "center"
      },
      "geometry": {
        "type": "Point",
        "coordinates": [
          103.8801172,
          1.3118012
        ]
      },
      "id": "way/121872890"
    },
    {
      "type": "Feature",
      "properties": {
        "@id": "way/121872891",
        "addr:city": "Singapore",
        "addr:country": "SG",
        "addr:housenumber": "31",
        "addr:postcode": "398828",
        "addr:street": "Lorong 18 Geylang",
        "brand": "Hotel 81",
        "building": "yes",
        "name": "Hotel 81 - Star",
        "tourism": "hotel",
        "website": "https://www.hotel81.com.sg/",
        "wikidata": "Q111429519",
        "@geometry": "center"
      },
      "geometry": {
        "type": "Point",
        "coordinates": [
          103.8808608,
          1.3115651
        ]
      },
      "id": "way/121872891"
    },
    {
      "type": "Feature",
      "properties": {
        "@id": "way/121873031",
        "addr:city": "Singapore",
        "addr:country": "SG",
        "addr:housenumber": "12",
        "addr:postcode": "398993",
        "addr:street": "Lorong 12 Geylang",
        "building": "hotel",
        "name": "Yaju Hotel",
        "phone": "+6567440100",
        "tourism": "hotel",
        "@geometry": "center"
      },
      "geometry": {
        "type": "Point",
        "coordinates": [
          103.8781192,
          1.3114086
        ]
      },
      "id": "way/121873031"
    },
    {
      "type": "Feature",
      "properties": {
        "@id": "way/121873782",
        "addr:country": "SG",
        "addr:housenumber": "19A",
        "addr:street": "Lorong 8 Geylang",
        "brand": "Hotel 81",
        "building": "hotel",
        "email": "or-res@hotel81.com.sg",
        "name": "Hotel 81 Orchid",
        "phone": "+65 6846 8181",
        "tourism": "hotel",
        "website": "https://www.wwhotels.com/hotel-81/orchid/",
        "wikidata": "Q111406925",
        "@geometry": "center"
      },
      "geometry": {
        "type": "Point",
        "coordinates": [
          103.8772776,
          1.3112007
        ]
      },
      "id": "way/121873782"
    },
    {
      "type": "Feature",
      "properties": {
        "@id": "way/121874707",
        "addr:city": "Singapore",
        "addr:housenumber": "89",
        "addr:postcode": "188216",
        "addr:street": "Short Street",
        "building": "hotel",
        "building:levels": "15",
        "check_date": "2026-01-27",
        "construction": "hotel",
        "email": "hmr@hotelmi.com",
        "name": "Hotel Mi Rochor",
        "opening_date": "2023-12-01",
        "phone": "+6566698822",
        "source": "Bing",
        "tourism": "hotel",
        "website": "https://www.wwhotels.com/hotel-mi/hotel-mi-rochor/",
        "@geometry": "center"
      },
      "geometry": {
        "type": "Point",
        "coordinates": [
          103.8514916,
          1.303979
        ]
      },
      "id": "way/121874707"
    },
    {
      "type": "Feature",
      "properties": {
        "@id": "way/154096086",
        "addr:city": "Singapore",
        "addr:housenumber": "366",
        "addr:postcode": "238904",
        "addr:street": "Orchard Road",
        "brand": "YOTEL",
        "brand:wikidata": "Q8046002",
        "building": "hotel",
        "building:levels": "20",
        "email": "singapore.reservations@yotel.com",
        "name": "Yotel Singapore Orchard Road",
        "phone": "+65 6866 8000",
        "tourism": "hotel",
        "@geometry": "center"
      },
      "geometry": {
        "type": "Point",
        "coordinates": [
          103.8313774,
          1.3063178
        ]
      },
      "id": "way/154096086"
    },
    {
      "type": "Feature",
      "properties": {
        "@id": "way/154099754",
        "addr:city": "Singapore",
        "addr:country": "SG",
        "addr:housename": "Pan Pacific Orchard",
        "addr:housenumber": "10",
        "addr:postcode": "229540",
        "addr:street": "Claymore Road",
        "brand": "Pan Pacific",
        "brand:wikidata": "Q4272131",
        "building": "yes",
        "building:levels": "23",
        "name": "Pan Pacific Orchard",
        "tourism": "hotel",
        "website": "https://www.panpacific.com/orchard.html",
        "@geometry": "center"
      },
      "geometry": {
        "type": "Point",
        "coordinates": [
          103.8298908,
          1.3074059
        ]
      },
      "id": "way/154099754"
    },
    {
      "type": "Feature",
      "properties": {
        "@id": "way/164182081",
        "addr:city": "Singapore",
        "addr:country": "SG",
        "addr:housenumber": "218",
        "addr:postcode": "188549",
        "addr:street": "Queen Street",
        "building": "hotel",
        "building:levels": "12",
        "height": "40",
        "level": "12",
        "name": "Oxford Hotel",
        "source": "Kaart Ground Survey 2017",
        "tourism": "hotel",
        "website": "https://www.oxfordhotel.com.sg/",
        "@geometry": "center"
      },
      "geometry": {
        "type": "Point",
        "coordinates": [
          103.851832,
          1.2979883
        ]
      },
      "id": "way/164182081"
    },
    {
      "type": "Feature",
      "properties": {
        "@id": "way/171984330",
        "addr:city": "Singapore",
        "addr:country": "SG",
        "addr:housenumber": "12",
        "addr:postcode": "098271",
        "addr:street": "Sentosa Gateway",
        "air_conditioning": "yes",
        "building": "yes",
        "building:levels": "7",
        "image": "https://images.mapillary.com/H00qB2807YW4bLqbUqLbxw/thumb-2048.jpg",
        "mapillary": "314085193435837",
        "name": "Hotel Ora",
        "name:en": "Hotel Ora",
        "name:zh": "欧芮酒店",
        "old_name": "Festive Hotel",
        "old_name:en": "Festive Hotel",
        "old_name:zh": "节庆酒店",
        "operator": "Resorts World",
        "roof:colour": "#b4b7b1",
        "roof:material": "metal",
        "tourism": "hotel",
        "website": "https://www.rwsentosa.com/en/hotels/hotel-ora",
        "@geometry": "center"
      },
      "geometry": {
        "type": "Point",
        "coordinates": [
          103.8192717,
          1.2562592
        ]
      },
      "id": "way/171984330"
    },
    {
      "type": "Feature",
      "properties": {
        "@id": "way/171984332",
        "addr:city": "Singapore",
        "addr:country": "SG",
        "addr:housenumber": "10",
        "addr:postcode": "098270",
        "addr:street": "Sentosa Gateway",
        "building": "hotel",
        "height": "0",
        "name": "Crockfords Tower",
        "name:en": "Crockfords Tower",
        "name:zh": "康乐福豪华酒店",
        "tourism": "hotel",
        "website": "https://www.rwsentosa.com/en/hotels/crockfords-tower",
        "@geometry": "center"
      },
      "geometry": {
        "type": "Point",
        "coordinates": [
          103.8195621,
          1.2554802
        ]
      },
      "id": "way/171984332"
    },
    {
      "type": "Feature",
      "properties": {
        "@id": "way/172090791",
        "addr:city": "Singapore",
        "addr:country": "SG",
        "addr:housenumber": "11",
        "addr:postcode": "238485",
        "addr:street": "Penang Lane",
        "building": "hotel",
        "height": "8",
        "name": "Ji Hotel Orchard",
        "start_date": "2019",
        "tourism": "hotel",
        "wikidata": "Q111429445",
        "@geometry": "center"
      },
      "geometry": {
        "type": "Point",
        "coordinates": [
          103.8444671,
          1.297727
        ]
      },
      "id": "way/172090791"
    },
    {
      "type": "Feature",
      "properties": {
        "@id": "way/172241897",
        "building": "yes",
        "name": "Link Hotel",
        "tourism": "hotel",
        "@geometry": "center"
      },
      "geometry": {
        "type": "Point",
        "coordinates": [
          103.8349128,
          1.2838418
        ]
      },
      "id": "way/172241897"
    },
    {
      "type": "Feature",
      "properties": {
        "@id": "way/172271707",
        "addr:city": "Singapore",
        "addr:country": "SG",
        "addr:housenumber": "3",
        "addr:postcode": "058289",
        "addr:street": "Upper Pickering Street",
        "brand": "PARKROYAL",
        "brand:wikidata": "Q4272131",
        "building": "yes",
        "image": "https://images.mapillary.com/K7jx2BpUfW-VGhwI_wxnww/thumb-2048.jpg",
        "mapillary": "516614433082796",
        "name": "PARKROYAL COLLECTION Pickering, Singapore",
        "source": "Kaart Ground Survey 2017",
        "stars": "5",
        "start_date": "2013",
        "tourism": "hotel",
        "website": "https://www.parkroyalhotels.com/",
        "wikidata": "Q30535579",
        "wikimedia_commons": "Category:Parkroyal on Pickering",
        "wikipedia": "en:Parkroyal Collection Pickering",
        "@geometry": "center"
      },
      "geometry": {
        "type": "Point",
        "coordinates": [
          103.8462642,
          1.2856545
        ]
      },
      "id": "way/172271707"
    },
    {
      "type": "Feature",
      "properties": {
        "@id": "way/172364975",
        "addr:city": "Singapore",
        "addr:country": "SG",
        "addr:housenumber": "2",
        "addr:postcode": "178882",
        "addr:street": "Stamford Road",
        "alt_name": "Swissotel",
        "brand": "Swissôtel",
        "brand:wikidata": "Q1635974",
        "building:colour": "#c8ccd4",
        "building:levels": "73",
        "building:material": "metal",
        "building:min_level": "4",
        "building:part": "yes",
        "check_date": "2021-04-21",
        "height": "226",
        "image": "https://images.mapillary.com/zpDQZlwYJ81FS_U8BOzooA/thumb-2048.jpg",
        "layer": "1",
        "mapillary": "157373819667445",
        "min_height": "30",
        "name": "Swissôtel The Stamford",
        "roof:colour": "#b9ac99",
        "roof:material": "concrete",
        "start_date": "1986",
        "tourism": "hotel",
        "website": "https://www.swissotel.com/hotels/singapore-stamford/",
        "wheelchair": "yes",
        "wikidata": "Q1343055",
        "wikimedia_commons": "Category:Swissôtel The Stamford",
        "wikipedia": "en:Swissôtel The Stamford",
        "@geometry": "center"
      },
      "geometry": {
        "type": "Point",
        "coordinates": [
          103.8534079,
          1.2933029
        ]
      },
      "id": "way/172364975"
    },
    {
      "type": "Feature",
      "properties": {
        "@id": "way/172518490",
        "addr:city": "Singapore",
        "addr:country": "SG",
        "addr:housenumber": "581",
        "addr:postcode": "238883",
        "addr:street": "Orchard Road",
        "brand": "voco",
        "brand:wikidata": "Q60750454",
        "brand:wikipedia": "en:Voco",
        "building": "yes",
        "email": "sinor.resvn@ihg.com",
        "internet_access": "yes",
        "name": "voco Orchard Singapore",
        "operator": "IHG Hotels & Resorts",
        "phone": "+65 67 372 233",
        "rooms": "423",
        "stars": "5",
        "tourism": "hotel",
        "website": "https://www.ihg.com/voco/hotels/us/en/singapore/sinor/hoteldetail",
        "wheelchair": "yes",
        "@geometry": "center"
      },
      "geometry": {
        "type": "Point",
        "coordinates": [
          103.8292929,
          1.3058383
        ]
      },
      "id": "way/172518490"
    },
    {
      "type": "Feature",
      "properties": {
        "@id": "way/172596704",
        "addr:city": "Singapore",
        "addr:country": "SG",
        "addr:housenumber": "101",
        "addr:postcode": "188018",
        "addr:street": "Victoria Street",
        "building": "hotel",
        "height": "68",
        "name": "Hotel Grand Pacific",
        "name:zh": "大太平洋酒店",
        "source": "Bing",
        "start_date": "1971",
        "tourism": "hotel",
        "website": "https://www.hotelgrandpacific.com.sg/",
        "wikidata": "Q111140343",
        "@geometry": "center"
      },
      "geometry": {
        "type": "Point",
        "coordinates": [
          103.8526305,
          1.2973971
        ]
      },
      "id": "way/172596704"
    },
    {
      "type": "Feature",
      "properties": {
        "@id": "way/172596705",
        "addr:city": "Singapore",
        "addr:country": "SG",
        "addr:housenumber": "173",
        "addr:postcode": "189642",
        "addr:street": "Bencoolen Street",
        "building": "yes",
        "building:levels": "7",
        "name": "Summer View Hotel",
        "name:en": "Summer View Hotel",
        "tourism": "hotel",
        "website": "https://www.summerviewhotel.com.sg/",
        "@geometry": "center"
      },
      "geometry": {
        "type": "Point",
        "coordinates": [
          103.8523213,
          1.3016339
        ]
      },
      "id": "way/172596705"
    },
    {
      "type": "Feature",
      "properties": {
        "@id": "way/172596721",
        "building": "hotel",
        "building:levels": "8",
        "height": "40",
        "name": "Hotel Bencoolen",
        "source": "Bing",
        "start_date": "1968",
        "tourism": "hotel",
        "@geometry": "center"
      },
      "geometry": {
        "type": "Point",
        "coordinates": [
          103.8501487,
          1.299115
        ]
      },
      "id": "way/172596721"
    },
    {
      "type": "Feature",
      "properties": {
        "@id": "way/172596734",
        "addr:city": "Singapore",
        "addr:housenumber": "41",
        "addr:street": "Bencoolen Street",
        "building": "yes",
        "building:levels": "15",
        "check_date": "2023-05-25",
        "height": "40",
        "name": "Hotel Mi",
        "source": "Bing",
        "start_date": "2017",
        "tourism": "hotel",
        "@geometry": "center"
      },
      "geometry": {
        "type": "Point",
        "coordinates": [
          103.8500142,
          1.2989569
        ]
      },
      "id": "way/172596734"
    },
    {
      "type": "Feature",
      "properties": {
        "@id": "way/172749015",
        "addr:housenumber": "328",
        "addr:postcode": "238360",
        "addr:street": "River Valley Road",
        "building": "yes",
        "building:levels": "5",
        "internet_access": "wlan",
        "name": "Oxley Thanksgiving Residence",
        "phone": "+6562352064",
        "source": "Bing",
        "start_date": "2015",
        "tourism": "hotel",
        "@geometry": "center"
      },
      "geometry": {
        "type": "Point",
        "coordinates": [
          103.8408302,
          1.2963475
        ]
      },
      "id": "way/172749015"
    },
    {
      "type": "Feature",
      "properties": {
        "@id": "way/172775211",
        "addr:city": "Singapore",
        "addr:country": "SG",
        "addr:housenumber": "25",
        "addr:postcode": "059390",
        "addr:street": "New Bridge Road",
        "building": "hotel",
        "building:levels": "4",
        "check_date": "2025-05-12",
        "height": "16",
        "name": "Jayleen Clarke Quay Hotel",
        "source": "Bing",
        "start_date": "1930",
        "tourism": "hotel",
        "website": "http://www.jcqhotel.com",
        "@geometry": "center"
      },
      "geometry": {
        "type": "Point",
        "coordinates": [
          103.8475481,
          1.2886897
        ]
      },
      "id": "way/172775211"
    },
    {
      "type": "Feature",
      "properties": {
        "@id": "way/172775217",
        "addr:city": "Singapore",
        "addr:country": "SG",
        "addr:housenumber": "21",
        "addr:postcode": "059984",
        "addr:street": "Carpenter Street",
        "brand": "Design Hotels",
        "brand:wikidata": "Q5264274",
        "building": "hotel",
        "building:levels": "8",
        "check_date": "2023-12-29",
        "name": "21 Carpenter",
        "old_name": "Chye Hua Seng Wee Kee",
        "old_name:en": "Remittance House",
        "roof:levels": "1",
        "roof:shape": "gabled",
        "rooms": "48",
        "start_date": "1936",
        "tourism": "hotel",
        "website": "https://www.21carpenter.com.sg/",
        "@geometry": "center"
      },
      "geometry": {
        "type": "Point",
        "coordinates": [
          103.8474691,
          1.2885801
        ]
      },
      "id": "way/172775217"
    },
    {
      "type": "Feature",
      "properties": {
        "@id": "way/172781429",
        "addr:city": "Singapore",
        "addr:country": "SG",
        "addr:housenumber": "15",
        "addr:street": "Hong Kong Street",
        "building": "hotel",
        "check_date": "2024-05-09",
        "height": "18",
        "name": "The Novelty House",
        "source": "Bing",
        "start_date": "1930",
        "tourism": "hotel",
        "@geometry": "center"
      },
      "geometry": {
        "type": "Point",
        "coordinates": [
          103.847446,
          1.2877577
        ]
      },
      "id": "way/172781429"
    },
    {
      "type": "Feature",
      "properties": {
        "@id": "way/172781435",
        "addr:city": "Singapore",
        "addr:country": "SG",
        "addr:housenumber": "20",
        "addr:postcode": "059663",
        "addr:street": "Hongkong Street",
        "brand": "Ibis Budget",
        "brand:wikidata": "Q1458135",
        "building": "hotel",
        "building:levels": "6",
        "email": "contact@ibisbudget-singapore.com",
        "fax": "+65 66361968",
        "internet_access": "wlan",
        "internet_access:fee": "customers",
        "name": "ibis Budget Hotel Clarke Quay",
        "phone": "+65 66360888",
        "rooms": "101",
        "swimming_pool": "yes",
        "tourism": "hotel",
        "website": "https://all.accor.com/hotel/B6J9/index.en.shtml",
        "@geometry": "center"
      },
      "geometry": {
        "type": "Point",
        "coordinates": [
          103.847183,
          1.287919
        ]
      },
      "id": "way/172781435"
    },
    {
      "type": "Feature",
      "properties": {
        "@id": "way/172781477",
        "addr:city": "Singapore",
        "addr:country": "SG",
        "addr:housenumber": "37",
        "addr:postcode": "059293",
        "addr:street": "North Canal Road",
        "building": "hotel",
        "building:levels": "4",
        "check_date": "2024-12-02",
        "check_date:internet_access": "2024-12-02",
        "email": "clarkequay@habyt.com",
        "height": "18",
        "internet_access": "wlan",
        "name": "Habyt Clarke Quay",
        "phone": "+65 8075 6959",
        "rooms": "33",
        "source": "Bing",
        "start_date": "1930",
        "tourism": "hotel",
        "@geometry": "center"
      },
      "geometry": {
        "type": "Point",
        "coordinates": [
          103.8470249,
          1.2871282
        ]
      },
      "id": "way/172781477"
    },
    {
      "type": "Feature",
      "properties": {
        "@id": "way/172781482",
        "addr:city": "Singapore",
        "addr:country": "SG",
        "addr:housenumber": "42",
        "addr:postcode": "059921",
        "addr:street": "Carpenter Street",
        "building": "hotel",
        "check_date": "2023-12-29",
        "height": "18",
        "name": "Jayleen 1918 Hotel",
        "source": "Bing",
        "start_date": "1930",
        "tourism": "hotel",
        "website": "www.jayleen1918.com.sg",
        "wikidata": "Q111429449",
        "@geometry": "center"
      },
      "geometry": {
        "type": "Point",
        "coordinates": [
          103.8479674,
          1.2878279
        ]
      },
      "id": "way/172781482"
    },
    {
      "type": "Feature",
      "properties": {
        "@id": "way/172815257",
        "addr:city": "Singapore",
        "addr:country": "SG",
        "addr:housenumber": "32",
        "addr:postcode": "078972",
        "addr:street": "Tras Street",
        "building": "hotel",
        "contact:facebook": "STSignature",
        "contact:instagram": "st.signature",
        "name": "ST Signature Tanjong Pagar",
        "phone": "+65 6304 3298",
        "source": "local knowledge;gps",
        "start_date": "1990",
        "tourism": "hotel",
        "website": "https://stsignature.com/locations/tanjong-pagar/",
        "@geometry": "center"
      },
      "geometry": {
        "type": "Point",
        "coordinates": [
          103.8442868,
          1.278673
        ]
      },
      "id": "way/172815257"
    },
    {
      "type": "Feature",
      "properties": {
        "@id": "way/172892207",
        "addr:city": "Singapore",
        "addr:country": "SG",
        "addr:housenumber": "2",
        "addr:postcode": "078857",
        "addr:street": "Cook Street",
        "alt_name": "Murray Terrace",
        "brand": "Autograph Collection",
        "brand:wikidata": "Q19872869",
        "building": "hotel",
        "name": "Maxwell Reserve",
        "roof:colour": "#ff3333",
        "source": "Bing",
        "start_date": "1929",
        "tourism": "hotel",
        "website": "https://maxwellreserve.com/",
        "@geometry": "center"
      },
      "geometry": {
        "type": "Point",
        "coordinates": [
          103.8444042,
          1.279244
        ]
      },
      "id": "way/172892207"
    },
    {
      "type": "Feature",
      "properties": {
        "@id": "way/173222167",
        "addr:city": "Singapore",
        "addr:housenumber": "491A",
        "addr:postcode": "248372",
        "addr:street": "River Valley Road",
        "building:part": "hotel",
        "height": "80",
        "internet_access": "wlan",
        "internet_access:fee": "customers",
        "name": "Fraser Suites",
        "operator": "Frasers Hospitality",
        "source": "Bing;local_knowledge",
        "tourism": "hotel",
        "@geometry": "center"
      },
      "geometry": {
        "type": "Point",
        "coordinates": [
          103.8273734,
          1.2931611
        ]
      },
      "id": "way/173222167"
    },
    {
      "type": "Feature",
      "properties": {
        "@id": "way/173713400",
        "addr:city": "Singapore",
        "addr:country": "SG",
        "addr:housenumber": "1",
        "addr:postcode": "508502",
        "addr:street": "Netheravon Road",
        "brand": "Village Hotel",
        "building": "yes",
        "building:levels": "7",
        "name": "Village Hotel (Changi)",
        "name:zh": "悦乐樟宜酒店",
        "source": "Bing",
        "tourism": "hotel",
        "website": "https://www.stayfareast.com/en/hotels/village-hotel-changi.aspx",
        "@geometry": "center"
      },
      "geometry": {
        "type": "Point",
        "coordinates": [
          103.986075,
          1.39041
        ]
      },
      "id": "way/173713400"
    },
    {
      "type": "Feature",
      "properties": {
        "@id": "way/176326905",
        "addr:city": "Singapore",
        "addr:country": "SG",
        "addr:housenumber": "5",
        "addr:postcode": "208785",
        "addr:street": "Jalan Besar",
        "brand": "Hotel 81",
        "building": "yes",
        "building:levels": "5",
        "name": "Hotel 81 (Rochor)",
        "source": "Bing",
        "tourism": "hotel",
        "website": "https://www.hotel81.com.sg/",
        "wikidata": "Q111429462",
        "@geometry": "center"
      },
      "geometry": {
        "type": "Point",
        "coordinates": [
          103.8540201,
          1.3037595
        ]
      },
      "id": "way/176326905"
    },
    {
      "type": "Feature",
      "properties": {
        "@id": "way/176839461",
        "addr:city": "Singapore",
        "addr:country": "SG",
        "addr:housenumber": "51",
        "addr:postcode": "099538",
        "addr:street": "Imbiah Walk",
        "building": "yes",
        "name": "Siloso Beach Resort",
        "name:en": "Siloso Beach Resort",
        "name:zh": "喜乐圣淘沙度假旅馆",
        "source": "Bing",
        "tourism": "hotel",
        "website": "https://www.silosobeachresort.com/",
        "@geometry": "center"
      },
      "geometry": {
        "type": "Point",
        "coordinates": [
          103.8148035,
          1.2547545
        ]
      },
      "id": "way/176839461"
    },
    {
      "type": "Feature",
      "properties": {
        "@id": "way/184914358",
        "addr:city": "Singapore",
        "addr:country": "SG",
        "addr:housenumber": "3",
        "addr:postcode": "219924",
        "addr:street": "Belilios Road",
        "brand": "Hilton Garden Inn",
        "brand:wikidata": "Q1162859",
        "building": "hotel",
        "check_date": "2025-11-23",
        "contact:facebook": "https://www.facebook.com/hgisingaporeserangoon",
        "email": "singi.hotel@hilton.com",
        "fax": "+65 6491 0501",
        "height": "0",
        "internet_access": "yes",
        "name": "Hilton Garden Inn Singapore Serangoon",
        "opening_hours": "24/7",
        "operator": "Hilton",
        "phone": "+65 6491 0500",
        "rooms": "328",
        "smoking": "isolated",
        "stars": "4",
        "tourism": "hotel",
        "website": "https://www.hilton.com/en/hotels/singigi-hilton-garden-inn-singapore-serangoon/?WT.mc_id=zDA0SG1GI2DMH3LocalSearch4DGGeneric_Apr56SINGIGI7EN8i1",
        "wheelchair": "yes",
        "wikidata": "Q64827562",
        "@geometry": "center"
      },
      "geometry": {
        "type": "Point",
        "coordinates": [
          103.851984,
          1.3084361
        ]
      },
      "id": "way/184914358"
    },
    {
      "type": "Feature",
      "properties": {
        "@id": "way/190944909",
        "addr:city": "Singapore",
        "addr:country": "SG",
        "addr:housenumber": "77",
        "addr:postcode": "199948",
        "addr:street": "Aliwal Street",
        "building": "yes",
        "name": "Aliwal Park Hotel",
        "source": "Bing",
        "tourism": "hotel",
        "wikidata": "Q111429479",
        "@geometry": "center"
      },
      "geometry": {
        "type": "Point",
        "coordinates": [
          103.8602838,
          1.3033622
        ]
      },
      "id": "way/190944909"
    },
    {
      "type": "Feature",
      "properties": {
        "@id": "way/190944936",
        "addr:city": "Singapore",
        "addr:country": "SG",
        "addr:housenumber": "10",
        "addr:postcode": "199901",
        "addr:street": "Aliwal Street",
        "brand": "5footway.inn",
        "building": "yes",
        "name": "5footway.inn (Bugis)",
        "source": "Bing",
        "tourism": "hotel",
        "website": "https://www.5footwayinn.com/",
        "@geometry": "center"
      },
      "geometry": {
        "type": "Point",
        "coordinates": [
          103.8613986,
          1.3020724
        ]
      },
      "id": "way/190944936"
    },
    {
      "type": "Feature",
      "properties": {
        "@id": "way/190944984",
        "addr:city": "Singapore",
        "addr:country": "SG",
        "addr:housenumber": "12",
        "addr:postcode": "199901",
        "addr:street": "Aliwal Street",
        "brand": "5footway.inn",
        "building": "yes",
        "name": "5footway.inn (Bugis)",
        "source": "Bing",
        "tourism": "hotel",
        "website": "https://www.5footwayinn.com/",
        "@geometry": "center"
      },
      "geometry": {
        "type": "Point",
        "coordinates": [
          103.8613741,
          1.3021113
        ]
      },
      "id": "way/190944984"
    },
    {
      "type": "Feature",
      "properties": {
        "@id": "way/190945044",
        "addr:city": "Singapore",
        "addr:country": "SG",
        "addr:housenumber": "33",
        "addr:postcode": "198965",
        "addr:street": "Jalan Sultan",
        "brand": "Weave Suites Midtown",
        "building": "yes",
        "name": "Weave Suites Midtown",
        "source": "Bing",
        "tourism": "hotel",
        "website": "https://www.weave-living.com/en/sg",
        "@geometry": "center"
      },
      "geometry": {
        "type": "Point",
        "coordinates": [
          103.8618705,
          1.3018573
        ]
      },
      "id": "way/190945044"
    },
    {
      "type": "Feature",
      "properties": {
        "@id": "way/190945054",
        "addr:city": "Singapore",
        "addr:country": "SG",
        "addr:postcode": "198965",
        "addr:street": "Jalan Sultan",
        "brand": "Weave Suites Midtown",
        "building": "yes",
        "name": "Weave Suites Midtown",
        "source": "Bing",
        "tourism": "hotel",
        "website": "https://www.weave-living.com/en/sg/contact",
        "@geometry": "center"
      },
      "geometry": {
        "type": "Point",
        "coordinates": [
          103.8618542,
          1.3018871
        ]
      },
      "id": "way/190945054"
    },
    {
      "type": "Feature",
      "properties": {
        "@id": "way/190945069",
        "addr:city": "Singapore",
        "addr:country": "SG",
        "addr:postcode": "198965",
        "addr:street": "Jalan Sultan",
        "brand": "Hotel Clover",
        "building": "yes",
        "name": "Hotel Clover (Jalan Sultan)",
        "source": "Bing",
        "tourism": "hotel",
        "website": "https://www.hotelclover.com/",
        "@geometry": "center"
      },
      "geometry": {
        "type": "Point",
        "coordinates": [
          103.8618378,
          1.3019166
        ]
      },
      "id": "way/190945069"
    },
    {
      "type": "Feature",
      "properties": {
        "@id": "way/190945078",
        "addr:city": "Singapore",
        "addr:country": "SG",
        "addr:housenumber": "33",
        "addr:postcode": "198965",
        "addr:street": "Jalan Sultan",
        "brand": "Weave Suites Midtown",
        "building": "yes",
        "name": "Weave Suites Midtown",
        "source": "Bing",
        "tourism": "hotel",
        "website": "https://www.weave-living.com/en/sg",
        "@geometry": "center"
      },
      "geometry": {
        "type": "Point",
        "coordinates": [
          103.8618237,
          1.3019424
        ]
      },
      "id": "way/190945078"
    },
    {
      "type": "Feature",
      "properties": {
        "@id": "way/190945093",
        "addr:city": "Singapore",
        "addr:country": "SG",
        "addr:postcode": "198965",
        "addr:street": "Jalan Sultan",
        "brand": "Hotel Clover",
        "building": "yes",
        "name": "Hotel Clover (Jalan Sultan)",
        "source": "Bing",
        "tourism": "hotel",
        "website": "https://www.hotelclover.com/",
        "wikidata": "Q111429484",
        "@geometry": "center"
      },
      "geometry": {
        "type": "Point",
        "coordinates": [
          103.8617811,
          1.3019594
        ]
      },
      "id": "way/190945093"
    },
    {
      "type": "Feature",
      "properties": {
        "@id": "way/190945109",
        "addr:city": "Singapore",
        "addr:country": "SG",
        "addr:housenumber": "33",
        "addr:postcode": "198965",
        "addr:street": "Jalan Sultan",
        "brand": "Weave Suites Midtown",
        "building": "yes",
        "name": "Weave Suites Midtown",
        "source": "Bing",
        "tourism": "hotel",
        "website": "https://www.weave-living.com/en/sg",
        "@geometry": "center"
      },
      "geometry": {
        "type": "Point",
        "coordinates": [
          103.8617613,
          1.3019946
        ]
      },
      "id": "way/190945109"
    },
    {
      "type": "Feature",
      "properties": {
        "@id": "way/190945125",
        "addr:city": "Singapore",
        "addr:country": "SG",
        "addr:housenumber": "33",
        "addr:postcode": "198965",
        "addr:street": "Jalan Sultan",
        "brand": "Weave Suites Midtown",
        "building": "yes",
        "name": "Weave Suites Midtown",
        "source": "Bing",
        "tourism": "hotel",
        "website": "https://www.weave-living.com/en/sg",
        "@geometry": "center"
      },
      "geometry": {
        "type": "Point",
        "coordinates": [
          103.8617443,
          1.3020242
        ]
      },
      "id": "way/190945125"
    },
    {
      "type": "Feature",
      "properties": {
        "@id": "way/190945142",
        "addr:city": "Singapore",
        "addr:country": "SG",
        "addr:housenumber": "33",
        "addr:postcode": "198965",
        "addr:street": "Jalan Sultan",
        "brand": "Weave Suites Midtown",
        "building": "yes",
        "name": "Weave Suites Midtown",
        "source": "Bing",
        "tourism": "hotel",
        "website": "https://www.weave-living.com/en/sg",
        "@geometry": "center"
      },
      "geometry": {
        "type": "Point",
        "coordinates": [
          103.8617278,
          1.302053
        ]
      },
      "id": "way/190945142"
    },
    {
      "type": "Feature",
      "properties": {
        "@id": "way/190945175",
        "addr:city": "Singapore",
        "addr:country": "SG",
        "addr:postcode": "198965",
        "addr:street": "Jalan Sultan",
        "brand": "Hotel Clover",
        "building": "yes",
        "name": "Hotel Clover (Jalan Sultan)",
        "source": "Bing",
        "tourism": "hotel",
        "website": "https://www.hotelclover.com/",
        "@geometry": "center"
      },
      "geometry": {
        "type": "Point",
        "coordinates": [
          103.8617104,
          1.3020827
        ]
      },
      "id": "way/190945175"
    },
    {
      "type": "Feature",
      "properties": {
        "@id": "way/190945224",
        "addr:city": "Singapore",
        "addr:country": "SG",
        "addr:housenumber": "33",
        "addr:postcode": "198965",
        "addr:street": "Jalan Sultan",
        "brand": "Weave Suites Midtown",
        "building": "yes",
        "name": "Weave Suites Midtown",
        "source": "Bing",
        "tourism": "hotel",
        "website": "https://www.weave-living.com/en/sg/contact",
        "@geometry": "center"
      },
      "geometry": {
        "type": "Point",
        "coordinates": [
          103.8616947,
          1.302112
        ]
      },
      "id": "way/190945224"
    },
    {
      "type": "Feature",
      "properties": {
        "@id": "way/190945279",
        "addr:city": "Singapore",
        "addr:country": "SG",
        "addr:housenumber": "33",
        "addr:postcode": "198965",
        "addr:street": "Jalan Sultan",
        "brand": "Weave Suites Midtown",
        "building": "yes",
        "name": "Weave Suites Midtown",
        "source": "Bing",
        "tourism": "hotel",
        "website": "https://www.weave-living.com/en/sg",
        "@geometry": "center"
      },
      "geometry": {
        "type": "Point",
        "coordinates": [
          103.8616779,
          1.3021403
        ]
      },
      "id": "way/190945279"
    },
    {
      "type": "Feature",
      "properties": {
        "@id": "way/190945336",
        "addr:city": "Singapore",
        "addr:country": "SG",
        "addr:postcode": "198965",
        "addr:street": "Jalan Sultan",
        "brand": "Hotel Clover",
        "building": "yes",
        "name": "Hotel Clover (Jalan Sultan)",
        "source": "Bing",
        "tourism": "hotel",
        "website": "https://www.hotelclover.com/",
        "@geometry": "center"
      },
      "geometry": {
        "type": "Point",
        "coordinates": [
          103.8616607,
          1.3021691
        ]
      },
      "id": "way/190945336"
    },
    {
      "type": "Feature",
      "properties": {
        "@id": "way/190945368",
        "addr:city": "Singapore",
        "addr:country": "SG",
        "addr:housenumber": "33",
        "addr:postcode": "198965",
        "addr:street": "Jalan Sultan",
        "brand": "Weave Suites Midtown",
        "building": "yes",
        "name": "Weave Suites Midtown",
        "source": "Bing",
        "tourism": "hotel",
        "website": "https://www.weave-living.com/en/sg",
        "@geometry": "center"
      },
      "geometry": {
        "type": "Point",
        "coordinates": [
          103.8616459,
          1.3021924
        ]
      },
      "id": "way/190945368"
    },
    {
      "type": "Feature",
      "properties": {
        "@id": "way/190945390",
        "addr:city": "Singapore",
        "addr:country": "SG",
        "addr:postcode": "198965",
        "addr:street": "Jalan Sultan",
        "brand": "Hotel Clover",
        "building": "yes",
        "name": "Hotel Clover (Jalan Sultan)",
        "source": "Bing",
        "tourism": "hotel",
        "website": "https://www.hotelclover.com/",
        "@geometry": "center"
      },
      "geometry": {
        "type": "Point",
        "coordinates": [
          103.8616315,
          1.3022163
        ]
      },
      "id": "way/190945390"
    },
    {
      "type": "Feature",
      "properties": {
        "@id": "way/190945409",
        "addr:city": "Singapore",
        "addr:country": "SG",
        "addr:postcode": "198965",
        "addr:street": "Jalan Sultan",
        "brand": "Hotel Clover",
        "building": "yes",
        "name": "Hotel Clover (Jalan Sultan)",
        "source": "Bing",
        "tourism": "hotel",
        "website": "https://www.hotelclover.com/",
        "@geometry": "center"
      },
      "geometry": {
        "type": "Point",
        "coordinates": [
          103.8616126,
          1.3022486
        ]
      },
      "id": "way/190945409"
    },
    {
      "type": "Feature",
      "properties": {
        "@id": "way/190945418",
        "addr:city": "Singapore",
        "addr:country": "SG",
        "addr:housenumber": "33",
        "addr:postcode": "198965",
        "addr:street": "Jalan Sultan",
        "brand": "Weave Suites Midtown",
        "building": "yes",
        "name": "Weave Suites Midtown",
        "source": "Bing",
        "tourism": "hotel",
        "website": "https://www.weave-living.com/en/sg",
        "@geometry": "center"
      },
      "geometry": {
        "type": "Point",
        "coordinates": [
          103.8615937,
          1.302281
        ]
      },
      "id": "way/190945418"
    },
    {
      "type": "Feature",
      "properties": {
        "@id": "way/190945427",
        "addr:city": "Singapore",
        "addr:country": "SG",
        "addr:postcode": "198965",
        "addr:street": "Jalan Sultan",
        "brand": "Hotel Clover",
        "building": "yes",
        "name": "Hotel Clover (Jalan Sultan)",
        "source": "Bing",
        "tourism": "hotel",
        "website": "https://www.hotelclover.com/",
        "@geometry": "center"
      },
      "geometry": {
        "type": "Point",
        "coordinates": [
          103.8615749,
          1.3023125
        ]
      },
      "id": "way/190945427"
    },
    {
      "type": "Feature",
      "properties": {
        "@id": "way/190945460",
        "addr:housenumber": "55",
        "addr:street": "Bussorah Street",
        "building": "yes",
        "facebook": "https://www.facebook.com/CubeKampongGlam/",
        "image": "https://images.mapillary.com/E6r1cmukKBEOLCZa1zY4Yg/thumb-2048.jpg",
        "mapillary": "1944729762350964",
        "name": "Cube Hotel",
        "phone": "+65 6291 1696",
        "tourism": "hotel",
        "website": "https://cubehotels.com.sg/",
        "wikidata": "Q111126353",
        "@geometry": "center"
      },
      "geometry": {
        "type": "Point",
        "coordinates": [
          103.859387,
          1.3016835
        ]
      },
      "id": "way/190945460"
    },
    {
      "type": "Feature",
      "properties": {
        "@id": "way/190945670",
        "addr:city": "Singapore",
        "addr:country": "SG",
        "addr:housenumber": "8",
        "addr:postcode": "199901",
        "addr:street": "Aliwal Street",
        "brand": "5footway.inn",
        "building": "yes",
        "name": "5footway.inn (Bugis)",
        "source": "Bing",
        "tourism": "hotel",
        "website": "https://www.5footwayinn.com/",
        "@geometry": "center"
      },
      "geometry": {
        "type": "Point",
        "coordinates": [
          103.8614215,
          1.3020322
        ]
      },
      "id": "way/190945670"
    },
    {
      "type": "Feature",
      "properties": {
        "@id": "way/190945731",
        "addr:city": "Singapore",
        "addr:country": "SG",
        "addr:housenumber": "390",
        "addr:postcode": "188061",
        "addr:street": "Victoria Street",
        "brand": "Village Hotel",
        "building": "yes",
        "building:levels": "20",
        "building:min_level": "3",
        "image": "https://images.mapillary.com/nIemxE8fvrGkRlGn8WYlrQ/thumb-2048.jpg",
        "mapillary": "180363003859018",
        "name": "Village Hotel (Bugis)",
        "source": "Kaart Ground Survey 2017",
        "start_date": "1988",
        "tourism": "hotel",
        "website": "https://www.stayfareast.com/en/hotels/village-hotel-bugis.aspx",
        "@geometry": "center"
      },
      "geometry": {
        "type": "Point",
        "coordinates": [
          103.8578421,
          1.302229
        ]
      },
      "id": "way/190945731"
    },
    {
      "type": "Feature",
      "properties": {
        "@id": "way/190945745",
        "addr:city": "Singapore",
        "addr:country": "SG",
        "addr:housenumber": "101",
        "addr:postcode": "199002",
        "addr:street": "Jalan Sultan",
        "building": "yes",
        "name": "The Sultan",
        "name:zh": "新加坡苏丹精品酒店",
        "source": "Bing",
        "tourism": "hotel",
        "website": "https://thesultan.com.sg/",
        "@geometry": "center"
      },
      "geometry": {
        "type": "Point",
        "coordinates": [
          103.8609774,
          1.3032634
        ]
      },
      "id": "way/190945745"
    },
    {
      "type": "Feature",
      "properties": {
        "@id": "way/191010250",
        "addr:housenumber": "88",
        "addr:street": "Syed Alwi Road",
        "building": "yes",
        "name": "Royal India Hotel",
        "source": "Bing",
        "tourism": "hotel",
        "@geometry": "center"
      },
      "geometry": {
        "type": "Point",
        "coordinates": [
          103.855658,
          1.3092639
        ]
      },
      "id": "way/191010250"
    },
    {
      "type": "Feature",
      "properties": {
        "@id": "way/201275431",
        "addr:city": "Singapore",
        "addr:country": "SG",
        "addr:housenumber": "6",
        "addr:postcode": "329543",
        "addr:street": "Irrawaddy Road",
        "air_conditioning": "yes",
        "brand": "Ibis",
        "brand:wikidata": "Q920166",
        "building": "hotel",
        "building:levels": "9",
        "check_date": "2023-05-08",
        "name": "ibis Singapore Novena",
        "roof:levels": "1",
        "roof:shape": "many",
        "source": "Bing",
        "stars": "3",
        "tourism": "hotel",
        "website": "https://www.accorhotels.com/gb/hotel-7451-ibis-singapore-novena/index.shtml",
        "@geometry": "center"
      },
      "geometry": {
        "type": "Point",
        "coordinates": [
          103.8455188,
          1.3261217
        ]
      },
      "id": "way/201275431"
    },
    {
      "type": "Feature",
      "properties": {
        "@id": "way/202541078",
        "addr:housenumber": "145A",
        "addr:street": "Moulmein Road",
        "building": "yes",
        "name": "ST Residences Novena",
        "source": "Bing",
        "tourism": "hotel",
        "@geometry": "center"
      },
      "geometry": {
        "type": "Point",
        "coordinates": [
          103.8476969,
          1.3184372
        ]
      },
      "id": "way/202541078"
    },
    {
      "type": "Feature",
      "properties": {
        "@id": "way/224055971",
        "addr:city": "Singapore",
        "addr:country": "SG",
        "addr:housenumber": "25",
        "addr:postcode": "449536",
        "addr:street": "Marine Parade Road",
        "brand": "Village Hotel",
        "building": "yes",
        "name": "Village Hotel (Katong)",
        "source": "Kaart Ground Survey 2017",
        "tourism": "hotel",
        "website": "https://www.stayfareast.com/en/hotels/village-hotel-katong.aspx",
        "@geometry": "center"
      },
      "geometry": {
        "type": "Point",
        "coordinates": [
          103.9029422,
          1.3037436
        ]
      },
      "id": "way/224055971"
    },
    {
      "type": "Feature",
      "properties": {
        "@id": "way/231917954",
        "addr:city": "Singapore",
        "addr:country": "SG",
        "addr:housenumber": "33",
        "addr:postcode": "409180",
        "addr:street": "Jalan Afifi",
        "brand": "Aqueen",
        "building": "hotel",
        "name": "Aqueen Hotel (Paya Lebar)",
        "source": "Kaart Ground Survey 2017",
        "tourism": "hotel",
        "website": "https://www.aqueenhotels.com/",
        "@geometry": "center"
      },
      "geometry": {
        "type": "Point",
        "coordinates": [
          103.8915977,
          1.3220769
        ]
      },
      "id": "way/231917954"
    },
    {
      "type": "Feature",
      "properties": {
        "@id": "way/231927793",
        "addr:city": "Singapore",
        "addr:housenumber": "189",
        "addr:postcode": "188332",
        "addr:street": "Selegie Road",
        "brand": "Marriott",
        "brand:wikidata": "Q3918608",
        "building": "hotel",
        "building:levels": "8",
        "name": "Varel Singapore, a Tribute Portfolio Hotel",
        "source": "Bing",
        "tourism": "hotel",
        "website": "https://www.marriott.com/en-us/hotels/sintx-varel-singapore-a-tribute-portfolio-hotel",
        "@geometry": "center"
      },
      "geometry": {
        "type": "Point",
        "coordinates": [
          103.8500456,
          1.3040943
        ]
      },
      "id": "way/231927793"
    },
    {
      "type": "Feature",
      "properties": {
        "@id": "way/231927856",
        "addr:city": "Singapore",
        "addr:country": "SG",
        "addr:housenumber": "183",
        "addr:postcode": "188329",
        "addr:street": "Selegie Road",
        "brand": "Ibis Budget",
        "brand:wikidata": "Q1458135",
        "building": "yes",
        "building:levels": "2",
        "check_date": "2025-11-04",
        "name": "Ibis Budget Selegie",
        "source": "survey",
        "tourism": "hotel",
        "@geometry": "center"
      },
      "geometry": {
        "type": "Point",
        "coordinates": [
          103.8499901,
          1.3037815
        ]
      },
      "id": "way/231927856"
    },
    {
      "type": "Feature",
      "properties": {
        "@id": "way/231927862",
        "addr:city": "Singapore",
        "addr:country": "SG",
        "addr:housenumber": "161",
        "addr:postcode": "188318",
        "addr:street": "Selegie Road",
        "brand": "Hotel 81",
        "building": "yes",
        "building:levels": "6",
        "name": "Hotel 81 (Selegie)",
        "operator": "Worldwide Hotels",
        "source": "Bing",
        "tourism": "hotel",
        "website": "https://www.hotel81.com.sg/",
        "@geometry": "center"
      },
      "geometry": {
        "type": "Point",
        "coordinates": [
          103.8498872,
          1.3033165
        ]
      },
      "id": "way/231927862"
    },
    {
      "type": "Feature",
      "properties": {
        "@id": "way/241247372",
        "addr:city": "Singapore",
        "addr:country": "SG",
        "addr:housenumber": "768",
        "addr:postcode": "534636",
        "addr:street": "Upper Serangoon Road",
        "addr:unit": "#02-01",
        "brand": "Hotel 81",
        "building": "yes",
        "name": "Hotel 81 (Kovan)",
        "source": "Kaart Ground Survey 2017",
        "tourism": "hotel",
        "website": "https://www.hotel81.com.sg/",
        "@geometry": "center"
      },
      "geometry": {
        "type": "Point",
        "coordinates": [
          103.8789437,
          1.3542251
        ]
      },
      "id": "way/241247372"
    },
    {
      "type": "Feature",
      "properties": {
        "@id": "way/254815925",
        "addr:city": "Singapore",
        "addr:country": "SG",
        "addr:housenumber": "81",
        "addr:postcode": "189692",
        "addr:street": "Beach Road",
        "building": "hotel",
        "building:levels": "6",
        "height": "26",
        "name": "Park View Hotel",
        "source": "Kaart Ground Survey 2017",
        "start_date": "1998",
        "tourism": "hotel",
        "website": "www.parkview.com.sg",
        "@geometry": "center"
      },
      "geometry": {
        "type": "Point",
        "coordinates": [
          103.8564923,
          1.2972167
        ]
      },
      "id": "way/254815925"
    },
    {
      "type": "Feature",
      "properties": {
        "@id": "way/254815926",
        "addr:city": "Singapore",
        "addr:country": "SG",
        "addr:housenumber": "85",
        "addr:postcode": "189694",
        "addr:street": "Seah Street;Beach Road",
        "building": "yes",
        "building:levels": "6",
        "check_date": "2024-10-07",
        "height": "26",
        "name": "ST Signature",
        "source": "Kaart Ground Survey 2017",
        "tourism": "hotel",
        "website": "www.85bghotel.com",
        "@geometry": "center"
      },
      "geometry": {
        "type": "Point",
        "coordinates": [
          103.8565698,
          1.2973157
        ]
      },
      "id": "way/254815926"
    },
    {
      "type": "Feature",
      "properties": {
        "@id": "way/256974240",
        "addr:city": "Singapore",
        "addr:country": "SG",
        "addr:housenumber": "30",
        "addr:postcode": "229922",
        "addr:street": "Bideford Road",
        "building": "yes",
        "building:levels": "26",
        "building:part": "hotel",
        "construction": "apartments",
        "name": "Orchard Hills Residences Singapore MGallery",
        "source": "Bing",
        "tourism": "hotel",
        "@geometry": "center"
      },
      "geometry": {
        "type": "Point",
        "coordinates": [
          103.8368061,
          1.3042381
        ]
      },
      "id": "way/256974240"
    },
    {
      "type": "Feature",
      "properties": {
        "@id": "way/261019255",
        "addr:city": "Singapore",
        "addr:country": "SG",
        "addr:housenumber": "471",
        "addr:postcode": "329842",
        "addr:street": "Balestier Road",
        "addr:unit": "471-A/B/C & 473-A/B/C",
        "building": "yes",
        "building:levels": "4",
        "name": "Habyt Novena",
        "operator": "Habyt Cantonment Pte Ltd",
        "tourism": "hotel",
        "@geometry": "center"
      },
      "geometry": {
        "type": "Point",
        "coordinates": [
          103.8478095,
          1.326322
        ]
      },
      "id": "way/261019255"
    },
    {
      "type": "Feature",
      "properties": {
        "@id": "way/261019271",
        "addr:city": "Singapore",
        "addr:country": "SG",
        "addr:housenumber": "435",
        "addr:postcode": "329816",
        "addr:street": "Balestier Road",
        "branch": "Oasis",
        "brand": "Fragrance Hotel",
        "building": "retail",
        "building:levels": "5",
        "name": "Fragrance Hotel (Oasis)",
        "source": "Kaart Ground Survey 2017",
        "tourism": "hotel",
        "website": "https://www.fragrancehotel.com/",
        "@geometry": "center"
      },
      "geometry": {
        "type": "Point",
        "coordinates": [
          103.8486894,
          1.3258444
        ]
      },
      "id": "way/261019271"
    },
    {
      "type": "Feature",
      "properties": {
        "@id": "way/261182754",
        "addr:city": "Singapore",
        "addr:country": "SG",
        "addr:housenumber": "201",
        "addr:postcode": "329926",
        "addr:street": "Balestier Road",
        "brand": "Holiday Inn Express & Suites",
        "brand:wikidata": "Q5880423",
        "building": "yes",
        "building:levels": "12",
        "check_date": "2025-11-05",
        "name": "Holiday Inn Express & Suites Singapore Novena",
        "tourism": "hotel",
        "@geometry": "center"
      },
      "geometry": {
        "type": "Point",
        "coordinates": [
          103.8525061,
          1.3200583
        ]
      },
      "id": "way/261182754"
    },
    {
      "type": "Feature",
      "properties": {
        "@id": "way/261182759",
        "addr:city": "Singapore",
        "addr:country": "SG",
        "addr:housenumber": "269",
        "addr:postcode": "329720",
        "addr:street": "Balestier Road",
        "brand": "Hotel 81",
        "building": "yes",
        "building:levels": "2",
        "check_date": "2024-03-11",
        "name": "Hotel 81-Fuji",
        "source": "Kaart Ground Survey 2017",
        "tourism": "hotel",
        "website": "https://www.hotel81.com.sg/",
        "wheelchair": "no",
        "@geometry": "center"
      },
      "geometry": {
        "type": "Point",
        "coordinates": [
          103.8526001,
          1.3221834
        ]
      },
      "id": "way/261182759"
    },
    {
      "type": "Feature",
      "properties": {
        "@id": "way/261182765",
        "addr:city": "Singapore",
        "addr:country": "SG",
        "addr:housenumber": "387",
        "addr:postcode": "329795",
        "addr:street": "Balestier Road",
        "brand": "Aqueen",
        "building": "hotel",
        "building:levels": "2",
        "check_date": "2023-12-27",
        "name": "Aqueen Hotel (Balestier)",
        "source": "Kaart Ground Survey 2017",
        "tourism": "hotel",
        "website": "https://www.aqueenhotels.com/",
        "wikidata": "Q111406911",
        "@geometry": "center"
      },
      "geometry": {
        "type": "Point",
        "coordinates": [
          103.8499105,
          1.3252278
        ]
      },
      "id": "way/261182765"
    },
    {
      "type": "Feature",
      "properties": {
        "@id": "way/261182775",
        "addr:city": "Singapore",
        "addr:country": "SG",
        "addr:housenumber": "347",
        "addr:postcode": "329777",
        "addr:street": "Balestier Road",
        "building": "hotel",
        "building:levels": "5",
        "name": "New Orchid Hotel",
        "rooms": "68",
        "tourism": "hotel",
        "website": "https://www.neworchidhotel.com",
        "@geometry": "center"
      },
      "geometry": {
        "type": "Point",
        "coordinates": [
          103.8510386,
          1.3243029
        ]
      },
      "id": "way/261182775"
    },
    {
      "type": "Feature",
      "properties": {
        "@id": "way/287646952",
        "addr:city": "Singapore",
        "addr:country": "SG",
        "addr:housenumber": "418",
        "addr:postcode": "329808",
        "addr:street": "Balestier Road",
        "brand": "Fragrance Hotel",
        "building": "hotel",
        "building:levels": "2",
        "name": "Fragrance Hotel (Classic)",
        "roof:levels": "0",
        "roof:shape": "gabled",
        "source": "bing",
        "tourism": "hotel",
        "website": "https://www.fragrancehotel.com/",
        "@geometry": "center"
      },
      "geometry": {
        "type": "Point",
        "coordinates": [
          103.8496205,
          1.3258639
        ]
      },
      "id": "way/287646952"
    },
    {
      "type": "Feature",
      "properties": {
        "@id": "way/306121206",
        "addr:city": "Singapore",
        "addr:country": "SG",
        "addr:housenumber": "51",
        "addr:postcode": "427373",
        "addr:street": "Joo Chiat Road",
        "building": "hotel",
        "building:levels": "5",
        "internet_access": "yes",
        "internet_access:fee": "customers",
        "name": "STORIES Joo Chiat, a Hotel by Cove - Paya Lebar, Singapore",
        "phone": "+65 8448 0536",
        "source": "local knowledge",
        "tourism": "hotel",
        "website": "https://cove.sg/listings?promo=new-launch-stories-joo-chiat&term=short",
        "@geometry": "center"
      },
      "geometry": {
        "type": "Point",
        "coordinates": [
          103.8986331,
          1.3149822
        ]
      },
      "id": "way/306121206"
    },
    {
      "type": "Feature",
      "properties": {
        "@id": "way/310640103",
        "addr:city": "Singapore",
        "addr:country": "SG",
        "addr:housenumber": "219",
        "addr:postcode": "427485",
        "addr:street": "Joo Chiat Road",
        "brand": "Ibis",
        "brand:wikidata": "Q920166",
        "building": "yes",
        "check_date": "2024-04-21",
        "name": "Ibis Budget Joo Chiat",
        "source": "Kaart Ground Survey 2017",
        "tourism": "hotel",
        "website": "https://www.fragrancehotel.com/",
        "@geometry": "center"
      },
      "geometry": {
        "type": "Point",
        "coordinates": [
          103.9012445,
          1.3114923
        ]
      },
      "id": "way/310640103"
    },
    {
      "type": "Feature",
      "properties": {
        "@id": "way/310640120",
        "addr:city": "Singapore",
        "addr:country": "SG",
        "addr:housenumber": "181",
        "addr:postcode": "427452",
        "addr:street": "Joo Chiat Road",
        "brand": "Hotel 81",
        "building": "yes",
        "name": "Hotel 81 (Sakura)",
        "source": "Kaart Ground Survey 2017",
        "tourism": "hotel",
        "website": "https://www.hotel81.com.sg/",
        "@geometry": "center"
      },
      "geometry": {
        "type": "Point",
        "coordinates": [
          103.9005253,
          1.3123385
        ]
      },
      "id": "way/310640120"
    },
    {
      "type": "Feature",
      "properties": {
        "@id": "way/320467194",
        "addr:city": "Singapore",
        "addr:housenumber": "1",
        "addr:postcode": "249715",
        "addr:street": "Cuscaden Road",
        "brand": "Conrad",
        "brand:wikidata": "Q855525",
        "building": "yes",
        "building:levels": "12",
        "internet_access": "yes",
        "internet_access:fee": "no",
        "name": "Conrad Singapore Orchard",
        "operator": "Hilton Worldwide",
        "phone": "+65 6733 8888",
        "rooms": "440",
        "smoking": "no",
        "tourism": "hotel",
        "website": "https://www.hilton.com/en/hotels/sinodci-conrad-singapore-orchard/",
        "@geometry": "center"
      },
      "geometry": {
        "type": "Point",
        "coordinates": [
          103.8248461,
          1.304621
        ]
      },
      "id": "way/320467194"
    },
    {
      "type": "Feature",
      "properties": {
        "@id": "way/334111676",
        "addr:city": "Singapore",
        "addr:country": "SG",
        "addr:housenumber": "40",
        "addr:postcode": "439878",
        "addr:street": "Amber Road",
        "air_conditioning": "yes",
        "building": "commercial",
        "building:colour": "#BFB869",
        "building:levels": "2",
        "building:material": "concrete",
        "contact:whatsapp": "+65 9790 8585",
        "name": "ISA Hotel",
        "reservation": "yes",
        "roof:levels": "1",
        "roof:material": "roof_tiles",
        "roof:shape": "hipped",
        "tourism": "hotel",
        "website": "https://www.isapartments.com/isa-hotel",
        "@geometry": "center"
      },
      "geometry": {
        "type": "Point",
        "coordinates": [
          103.9010957,
          1.3008186
        ]
      },
      "id": "way/334111676"
    },
    {
      "type": "Feature",
      "properties": {
        "@id": "way/351305505",
        "addr:city": "Singapore",
        "addr:housenumber": "122",
        "addr:postcode": "188973",
        "addr:street": "Middle Road",
        "branch": "Singapore Bugis",
        "brand": "Mercure",
        "brand:wikidata": "Q1709809",
        "brand:wikipedia": "en:Mercure (hotel)",
        "building": "yes",
        "building:levels": "25",
        "internet_access": "wlan",
        "level": "25",
        "name": "Mercure",
        "operator": "Mercure",
        "phone": "+65 6521 6088",
        "rooms": "395",
        "source": "Kaart Ground Survey 2017",
        "stars": "4",
        "start_date": "2016",
        "tourism": "hotel",
        "website": "http://www.mercure.com/gb/hotel-A0D7-mercure-singapore-bugis/index.shtml",
        "wheelchair": "yes",
        "@geometry": "center"
      },
      "geometry": {
        "type": "Point",
        "coordinates": [
          103.8531142,
          1.2996229
        ]
      },
      "id": "way/351305505"
    },
    {
      "type": "Feature",
      "properties": {
        "@id": "way/351537922",
        "addr:city": "Singapore",
        "addr:country": "SG",
        "addr:housenumber": "175",
        "addr:postcode": "189970",
        "addr:street": "Albert Street",
        "brand": "Ibis Styles",
        "brand:wikidata": "Q3147425",
        "building": "yes",
        "building:levels": "10",
        "check_date": "2026-01-03",
        "name": "Ibis Styles",
        "name:en": "Ibis Styles",
        "old_name": "Parc Sovereign Hotel",
        "old_name:en": "Parc Sovereign Hotel",
        "tourism": "hotel",
        "website": "https://www.parcsovereign.com/",
        "@geometry": "center"
      },
      "geometry": {
        "type": "Point",
        "coordinates": [
          103.8511704,
          1.3035881
        ]
      },
      "id": "way/351537922"
    },
    {
      "type": "Feature",
      "properties": {
        "@id": "way/362216410",
        "addr:city": "Singapore",
        "addr:country": "SG",
        "addr:housenumber": "230",
        "addr:postcode": "208906",
        "addr:street": "Jalan Besar",
        "brand": "Aqueen",
        "building": "yes",
        "check_date": "2023-06-15",
        "name": "Hotel Nuve Stellar",
        "tourism": "hotel",
        "@geometry": "center"
      },
      "geometry": {
        "type": "Point",
        "coordinates": [
          103.8580894,
          1.309315
        ]
      },
      "id": "way/362216410"
    },
    {
      "type": "Feature",
      "properties": {
        "@id": "way/372071728",
        "addr:city": "Singapore",
        "addr:housenumber": "12",
        "addr:postcode": "258353",
        "addr:street": "Orange Grove Road",
        "air_conditioning": "yes",
        "brand": "The Standard",
        "building": "no",
        "internet_access": "yes",
        "internet_access:fee": "no",
        "name": "The Standard Singapore",
        "rooms": "143",
        "tourism": "hotel",
        "website": "https://www.standardhotels.com/singapore/properties/singapore",
        "@geometry": "center"
      },
      "geometry": {
        "type": "Point",
        "coordinates": [
          103.826428,
          1.3100436
        ]
      },
      "id": "way/372071728"
    },
    {
      "type": "Feature",
      "properties": {
        "@id": "way/372165962",
        "addr:city": "Singapore",
        "addr:country": "SG",
        "addr:housenumber": "2",
        "addr:postcode": "059573",
        "addr:street": "Magazine Road",
        "brand": "Holiday Inn",
        "building": "yes",
        "building:colour": "#737469",
        "building:levels": "8",
        "building:material": "glass",
        "height": "35",
        "name": "Holiday Inn Express Singapore Clarke Quay",
        "name:zh": "新加坡克拉码头智选假日酒店",
        "source": "Kaart Ground Survey 2017",
        "start_date": "2013",
        "tourism": "hotel",
        "website": "https://www.holidayinnexpress.com/",
        "@geometry": "center"
      },
      "geometry": {
        "type": "Point",
        "coordinates": [
          103.842008,
          1.2890728
        ]
      },
      "id": "way/372165962"
    },
    {
      "type": "Feature",
      "properties": {
        "@id": "way/393100847",
        "addr:city": "Singapore",
        "addr:country": "SG",
        "addr:housenumber": "100",
        "addr:postcode": "079333",
        "addr:street": "Peck Seah Street",
        "alt_name": "Oasia Downtown",
        "building": "yes",
        "building:colour": "#e8907d",
        "building:levels": "27",
        "building:material": "metal",
        "email": "reseasy@fareast.com.sg",
        "facebook": "https://www.facebook.com/StayOasia/",
        "height": "193",
        "image": "https://images.mapillary.com/OsuhbMPgHl6DXJZi5-xaNQ/thumb-2048.jpg",
        "internet_access": "wlan",
        "internet_access:fee": "yes",
        "mapillary": "3808094245955575",
        "name": "Oasia Hotel (Downtown)",
        "phone": "+65 6812 6900",
        "roof:colour": "#e8907d",
        "roof:material": "grass",
        "roof:shape": "dome",
        "source": "Bing",
        "stars": "4",
        "start_date": "2016",
        "tourism": "hotel",
        "website": "https://www.oasiahotels.com/en/singapore/hotels/oasia-hotel-downtown",
        "wheelchair": "yes",
        "wikidata": "Q85790128",
        "wikipedia": "en:Oasia Hotel Downtown",
        "@geometry": "center"
      },
      "geometry": {
        "type": "Point",
        "coordinates": [
          103.8443413,
          1.2758812
        ]
      },
      "id": "way/393100847"
    },
    {
      "type": "Feature",
      "properties": {
        "@id": "way/395805491",
        "addr:city": "Singapore",
        "addr:country": "SG",
        "addr:housenumber": "432",
        "addr:postcode": "389396",
        "addr:street": "Geylang Road",
        "building": "hotel",
        "name": "Lai Ming Hotel",
        "tourism": "hotel",
        "website": "https://www.laiminghotel.com.sg/",
        "wikidata": "Q111429522",
        "@geometry": "center"
      },
      "geometry": {
        "type": "Point",
        "coordinates": [
          103.8831439,
          1.3130126
        ]
      },
      "id": "way/395805491"
    },
    {
      "type": "Feature",
      "properties": {
        "@id": "way/395805492",
        "addr:city": "Singapore",
        "addr:country": "SG",
        "addr:housenumber": "15",
        "addr:postcode": "398673",
        "addr:street": "Lorong 22 Geylang",
        "building": "yes",
        "name": "Seng Wah Hotel",
        "source": "Kaart Ground Survey 2017",
        "tourism": "hotel",
        "@geometry": "center"
      },
      "geometry": {
        "type": "Point",
        "coordinates": [
          103.8824618,
          1.3123444
        ]
      },
      "id": "way/395805492"
    },
    {
      "type": "Feature",
      "properties": {
        "@id": "way/395805496",
        "addr:city": "Singapore",
        "addr:country": "SG",
        "addr:housenumber": "19",
        "addr:postcode": "398676",
        "addr:street": "Lorong 22 Geylang",
        "building": "yes",
        "name": "Min Wah Hotel",
        "source": "Kaart Ground Survey 2017",
        "tourism": "hotel",
        "@geometry": "center"
      },
      "geometry": {
        "type": "Point",
        "coordinates": [
          103.8824665,
          1.3122009
        ]
      },
      "id": "way/395805496"
    },
    {
      "type": "Feature",
      "properties": {
        "@id": "way/395805499",
        "addr:city": "Singapore",
        "addr:country": "SG",
        "addr:housenumber": "21",
        "addr:postcode": "398678",
        "addr:street": "Lorong 22 Geylang",
        "building": "yes",
        "name": "Kim Tian Hotel",
        "source": "Kaart Ground Survey 2017",
        "tourism": "hotel",
        "@geometry": "center"
      },
      "geometry": {
        "type": "Point",
        "coordinates": [
          103.8824717,
          1.3120594
        ]
      },
      "id": "way/395805499"
    },
    {
      "type": "Feature",
      "properties": {
        "@id": "way/396336438",
        "addr:city": "Singapore",
        "addr:country": "SG",
        "addr:housenumber": "301",
        "addr:postcode": "218224",
        "addr:street": "Serangoon Road",
        "air_conditioning": "yes",
        "building": "yes",
        "building:levels": "6",
        "building:levels:underground": "1",
        "check_date": "2025-01-30",
        "email": "reservations@serangoonhouse.com",
        "internet_access": "yes",
        "internet_access:fee": "customers",
        "internet_access:ssid": "MarriottBonvoy",
        "name": "The Serangoon House",
        "phone": "+65 6797 2850",
        "source": "Bing",
        "stars": "4",
        "tourism": "hotel",
        "website": "https://serangoonhouse.com/",
        "wheelchair": "yes",
        "@geometry": "center"
      },
      "geometry": {
        "type": "Point",
        "coordinates": [
          103.8547526,
          1.3113518
        ]
      },
      "id": "way/396336438"
    },
    {
      "type": "Feature",
      "properties": {
        "@id": "way/439272097",
        "addr:city": "Singapore",
        "addr:country": "SG",
        "addr:housenumber": "240",
        "addr:postcode": "208913",
        "addr:street": "Jalan Besar",
        "addr:unit": "#01-01",
        "building": "yes",
        "name": "Classique Hotel",
        "source": "Kaart Ground Survey 2017",
        "tourism": "hotel",
        "website": "https://www.classiquehotel.com.sg/",
        "@geometry": "center"
      },
      "geometry": {
        "type": "Point",
        "coordinates": [
          103.8581621,
          1.3094729
        ]
      },
      "id": "way/439272097"
    },
    {
      "type": "Feature",
      "properties": {
        "@id": "way/439272346",
        "addr:city": "Singapore",
        "addr:country": "SG",
        "addr:housenumber": "178",
        "addr:street": "Tyrwhitt Road",
        "brand": "Aqueen Hotels",
        "building": "yes",
        "email": "reservations@aqueenhotels.com",
        "name": "Aqueen Prestige Hotel Lavender",
        "phone": "+65 6395 7788",
        "source": "Mapbox",
        "tourism": "hotel",
        "website": "https://www.aqueenhotels.com/",
        "@geometry": "center"
      },
      "geometry": {
        "type": "Point",
        "coordinates": [
          103.8610173,
          1.3121121
        ]
      },
      "id": "way/439272346"
    },
    {
      "type": "Feature",
      "properties": {
        "@id": "way/439272358",
        "addr:city": "Singapore",
        "addr:housenumber": "29",
        "addr:postcode": "207533",
        "addr:street": "Tyrwhitt Road",
        "brand": "Aqueen Hotels",
        "email": "reservations@aqueenhotels.com",
        "internet_access": "yes",
        "internet_access:fee": "no",
        "name": "Aqueen Prestige Hotel Jalan Besar",
        "phone": "+65 6426 0988",
        "source": "Mapbox;gps",
        "tourism": "hotel",
        "website": "https://www.aqueenhotels.com/",
        "@geometry": "center"
      },
      "geometry": {
        "type": "Point",
        "coordinates": [
          103.8587511,
          1.3098103
        ]
      },
      "id": "way/439272358"
    },
    {
      "type": "Feature",
      "properties": {
        "@id": "way/439331539",
        "addr:city": "Singapore",
        "addr:country": "SG",
        "addr:housenumber": "255",
        "addr:postcode": "329710",
        "addr:street": "Balestier Road",
        "brand": "Fragrance Hotel",
        "building": "hotel",
        "building:levels": "5",
        "name": "Fragrance Hotel (Balestier)",
        "roof:levels": "1",
        "source": "Mapbox",
        "tourism": "hotel",
        "website": "https://www.fragrancehotel.com/",
        "wikidata": "Q111429494",
        "@geometry": "center"
      },
      "geometry": {
        "type": "Point",
        "coordinates": [
          103.8526572,
          1.3219787
        ]
      },
      "id": "way/439331539"
    },
    {
      "type": "Feature",
      "properties": {
        "@id": "way/439331555",
        "addr:city": "Singapore",
        "addr:country": "SG",
        "addr:housenumber": "263",
        "addr:postcode": "329715",
        "addr:street": "Balestier Road",
        "brand": "Fragrance Hotel",
        "building": "hotel",
        "name": "Fragrance Hotel (Rose)",
        "source": "Kaart Ground Survey 2017",
        "tourism": "hotel",
        "website": "https://www.fragrancehotel.com/",
        "@geometry": "center"
      },
      "geometry": {
        "type": "Point",
        "coordinates": [
          103.8525925,
          1.3220224
        ]
      },
      "id": "way/439331555"
    },
    {
      "type": "Feature",
      "properties": {
        "@id": "way/439331581",
        "addr:city": "Singapore",
        "addr:country": "SG",
        "addr:housenumber": "226",
        "addr:postcode": "329688",
        "addr:street": "Balestier Road",
        "branch": "Balestier",
        "brand": "Hotel 81",
        "building": "hotel",
        "building:levels": "3",
        "name": "Hotel 81 (Balestier)",
        "source": "Mapbox",
        "tourism": "hotel",
        "website": "https://www.hotel81.com.sg/",
        "@geometry": "center"
      },
      "geometry": {
        "type": "Point",
        "coordinates": [
          103.8531222,
          1.3213822
        ]
      },
      "id": "way/439331581"
    },
    {
      "type": "Feature",
      "properties": {
        "@id": "way/439331583",
        "addr:city": "Singapore",
        "addr:country": "SG",
        "addr:housenumber": "218",
        "addr:postcode": "329684",
        "addr:street": "Balestier Road",
        "branch": "Balestier",
        "brand": "Value Hotel",
        "building": "hotel",
        "building:levels": "5",
        "name": "Value Hotel (Balestier)",
        "source": "Mapbox",
        "tourism": "hotel",
        "website": "https://www.valuehotel.com.sg/",
        "@geometry": "center"
      },
      "geometry": {
        "type": "Point",
        "coordinates": [
          103.853272,
          1.3212412
        ]
      },
      "id": "way/439331583"
    },
    {
      "type": "Feature",
      "properties": {
        "@id": "way/439331584",
        "addr:city": "Singapore",
        "addr:country": "SG",
        "addr:floor": "2",
        "addr:housenumber": "246",
        "addr:postcode": "329706",
        "addr:street": "Balestier Road",
        "addr:unit": "#02-01",
        "building": "hotel",
        "building:levels": "3",
        "check_date": "2024-03-14",
        "level": "1",
        "name": "Hoover Hotel",
        "tourism": "hotel",
        "@geometry": "center"
      },
      "geometry": {
        "type": "Point",
        "coordinates": [
          103.8530899,
          1.3217397
        ]
      },
      "id": "way/439331584"
    },
    {
      "type": "Feature",
      "properties": {
        "@id": "way/454182410",
        "addr:city": "Singapore",
        "addr:country": "SG",
        "addr:housenumber": "380",
        "addr:postcode": "218702",
        "addr:street": "Race Course Road",
        "building": "yes",
        "name": "Asphodel Inn",
        "source": "Kaart Ground Survey 2017",
        "tourism": "hotel",
        "website": "www.asphoinn.com",
        "@geometry": "center"
      },
      "geometry": {
        "type": "Point",
        "coordinates": [
          103.8572413,
          1.3150493
        ]
      },
      "id": "way/454182410"
    },
    {
      "type": "Feature",
      "properties": {
        "@id": "way/454254189",
        "addr:city": "Singapore",
        "addr:country": "SG",
        "addr:housenumber": "44",
        "addr:postcode": "399199",
        "addr:street": "Lorong 6 Geylang",
        "building": "yes",
        "name": "Oxley Hotel",
        "tourism": "hotel",
        "@geometry": "center"
      },
      "geometry": {
        "type": "Point",
        "coordinates": [
          103.8765214,
          1.3100115
        ]
      },
      "id": "way/454254189"
    },
    {
      "type": "Feature",
      "properties": {
        "@id": "way/454254191",
        "addr:city": "Singapore",
        "addr:country": "SG",
        "addr:housenumber": "20",
        "addr:postcode": "399174",
        "addr:street": "Lorong 6 Geylang",
        "brand": "Ibis Budget",
        "brand:wikidata": "Q1458135",
        "building": "hotel",
        "building:levels": "8",
        "name": "Ibis Budget Singapore Emerald",
        "tourism": "hotel",
        "wikidata": "Q111429505",
        "@geometry": "center"
      },
      "geometry": {
        "type": "Point",
        "coordinates": [
          103.8763429,
          1.3110183
        ]
      },
      "id": "way/454254191"
    },
    {
      "type": "Feature",
      "properties": {
        "@id": "way/454274677",
        "addr:city": "Singapore",
        "addr:country": "SG",
        "addr:housenumber": "21",
        "addr:postcode": "398961",
        "addr:street": "Lorong 14 Geylang",
        "brand": "Ibis Budget",
        "brand:wikidata": "Q1458135",
        "building": "hotel",
        "building:levels": "8",
        "name": "Ibis budget Singapore Pearl",
        "source": "Kaart Ground Survey 2017",
        "tourism": "hotel",
        "website": "https://www.fragrancehotel.com/",
        "wikidata": "Q111429516",
        "@geometry": "center"
      },
      "geometry": {
        "type": "Point",
        "coordinates": [
          103.8792904,
          1.3115684
        ]
      },
      "id": "way/454274677"
    },
    {
      "type": "Feature",
      "properties": {
        "@id": "way/454438306",
        "addr:city": "Singapore",
        "addr:country": "SG",
        "addr:housenumber": "34",
        "addr:postcode": "398691",
        "addr:street": "Lorong 22 Geylang",
        "building": "yes",
        "building:levels": "8",
        "name": "Lemon Grass",
        "old_name": "Hotel 34",
        "source": "Kaart Ground Survey 2017",
        "tourism": "hotel",
        "@geometry": "center"
      },
      "geometry": {
        "type": "Point",
        "coordinates": [
          103.8818606,
          1.3111776
        ]
      },
      "id": "way/454438306"
    },
    {
      "type": "Feature",
      "properties": {
        "@id": "way/455158340",
        "addr:city": "Singapore",
        "addr:housenumber": "320",
        "addr:postcode": "169628",
        "addr:street": "Havelock Road",
        "brand": "Design Hotels",
        "brand:wikidata": "Q5264274",
        "building": "yes",
        "name": "The Warehouse",
        "phone": "+65 6828 0000",
        "source": "Kaart Ground Survey 2017",
        "tourism": "hotel",
        "wikidata": "Q115968828",
        "wikipedia": "en:The Warehouse Hotel",
        "@geometry": "center"
      },
      "geometry": {
        "type": "Point",
        "coordinates": [
          103.8374594,
          1.2892117
        ]
      },
      "id": "way/455158340"
    },
    {
      "type": "Feature",
      "properties": {
        "@id": "way/459176084",
        "addr:city": "Singapore",
        "addr:country": "SG",
        "addr:housenumber": "20",
        "addr:postcode": "058281",
        "addr:street": "Merchant Road",
        "air_conditioning": "yes",
        "alt_name": "Paradox Singapore Merchant Court at Clarke Quay",
        "brand": "Paradox",
        "building": "hotel",
        "email": "info@paradoxsingapore.com",
        "height": "40",
        "name": "Paradox Singapore Merchant Court at Clarke Quay",
        "not:brand:wikidata": "Q1635974",
        "phone": "+65 6337 2288",
        "start_date": "1997",
        "tourism": "hotel",
        "website": "https://www.paradoxhotels.com/singapore",
        "@geometry": "center"
      },
      "geometry": {
        "type": "Point",
        "coordinates": [
          103.8456785,
          1.2884382
        ]
      },
      "id": "way/459176084"
    },
    {
      "type": "Feature",
      "properties": {
        "@id": "way/463865745",
        "addr:city": "Singapore",
        "addr:country": "SG",
        "addr:housenumber": "1",
        "addr:postcode": "078862",
        "addr:street": "Gopeng Street",
        "building": "yes",
        "building:levels": "4",
        "name": "Carlton City Hotel",
        "source": "Kaart Ground Survey 2017",
        "start_date": "2013",
        "tourism": "hotel",
        "website": "https://www.carltoncity.sg/",
        "@geometry": "center"
      },
      "geometry": {
        "type": "Point",
        "coordinates": [
          103.8437105,
          1.2759703
        ]
      },
      "id": "way/463865745"
    },
    {
      "type": "Feature",
      "properties": {
        "@id": "way/476141643",
        "addr:city": "Singapore",
        "addr:country": "SG",
        "addr:housenumber": "1",
        "addr:postcode": "398913",
        "addr:street": "Lorong 14 Geylang",
        "building": "yes",
        "name": "The Amazing Inn",
        "source": "Kaart Ground Survey 2017",
        "tourism": "hotel",
        "@geometry": "center"
      },
      "geometry": {
        "type": "Point",
        "coordinates": [
          103.8791762,
          1.3122028
        ]
      },
      "id": "way/476141643"
    },
    {
      "type": "Feature",
      "properties": {
        "@id": "way/476728839",
        "addr:city": "Singapore",
        "addr:country": "SG",
        "addr:housenumber": "760",
        "addr:postcode": "534629",
        "addr:street": "Upper Serangoon Road",
        "brand": "Fragrance Hotel",
        "building": "yes",
        "name": "Fragrance Hotel (Kovan)",
        "source": "Kaart Ground Survey 2017",
        "tourism": "hotel",
        "website": "https://www.fragrancehotel.com/",
        "@geometry": "center"
      },
      "geometry": {
        "type": "Point",
        "coordinates": [
          103.8787691,
          1.3540534
        ]
      },
      "id": "way/476728839"
    },
    {
      "type": "Feature",
      "properties": {
        "@id": "way/485309547",
        "addr:city": "Singapore",
        "addr:country": "SG",
        "addr:housenumber": "16",
        "addr:postcode": "098133",
        "addr:street": "Sentosa Gateway",
        "building": "hotel",
        "height": "0",
        "image": "https://images.mapillary.com/ZFkdJ19KLKls_gfKksveVg/thumb-2048.jpg",
        "mapillary": "117818753687578",
        "name": "Equarius Hotel",
        "name:en": "Equarius Hotel",
        "name:zh": "逸濠酒店",
        "tourism": "hotel",
        "website": "https://www.rwsentosa.com/en/hotels/equarius-hotel",
        "@geometry": "center"
      },
      "geometry": {
        "type": "Point",
        "coordinates": [
          103.8169276,
          1.2577672
        ]
      },
      "id": "way/485309547"
    },
    {
      "type": "Feature",
      "properties": {
        "@id": "way/525062340",
        "addr:city": "Singapore",
        "addr:country": "SG",
        "addr:housenumber": "11",
        "addr:postcode": "229724",
        "addr:street": "Cairnhill Road",
        "building:part": "hotel",
        "name": "Ascott Orchard Singapore",
        "tourism": "hotel",
        "@geometry": "center"
      },
      "geometry": {
        "type": "Point",
        "coordinates": [
          103.8372531,
          1.303953
        ]
      },
      "id": "way/525062340"
    },
    {
      "type": "Feature",
      "properties": {
        "@id": "way/546212139",
        "addr:country": "SG",
        "addr:housenumber": "123",
        "addr:postcode": "126779",
        "addr:street": "West Coast Crescent",
        "building": "yes",
        "building:colour": "white",
        "internet_access": "wlan",
        "name": "Oasia Residence",
        "swimming_pool": "yes",
        "tourism": "hotel",
        "@geometry": "center"
      },
      "geometry": {
        "type": "Point",
        "coordinates": [
          103.7645124,
          1.2991732
        ]
      },
      "id": "way/546212139"
    },
    {
      "type": "Feature",
      "properties": {
        "@id": "way/561552024",
        "addr:city": "Singapore",
        "addr:country": "SG",
        "addr:housenumber": "88",
        "addr:postcode": "423371",
        "addr:street": "East Coast Road",
        "building": "commercial",
        "name": "Holiday Inn Express Katong",
        "tourism": "hotel",
        "website": "https://www.ihg.com/holidayinnexpress/hotels/us/en/singapore/sinka/hoteldetail",
        "@geometry": "center"
      },
      "geometry": {
        "type": "Point",
        "coordinates": [
          103.9047193,
          1.3047052
        ]
      },
      "id": "way/561552024"
    },
    {
      "type": "Feature",
      "properties": {
        "@id": "way/576343591",
        "addr:city": "Singapore",
        "addr:housenumber": "8",
        "addr:postcode": "229572",
        "addr:street": "Claymore Hill",
        "air_conditioning": "yes",
        "brand": "Novotel",
        "brand:wikidata": "Q420545",
        "building": "hotel",
        "building:levels": "25",
        "building:min_level": "3",
        "building:part": "yes",
        "description": "Novotel Living Singapore Orchard is located in the heart of Singapore's iconic fashion district, Orchard Road, surrounded by the city's best shopping, restaurants, bars and entertainment. A five-minute walk to Orchard MRT, and the UNESCO World Heritage Si",
        "email": "HB9G6@ACCOR.COM",
        "image": "https://www.novotel-living-singapore-orchard.com/gallery/#gallery-1",
        "internet_access": "wlan",
        "internet_access:fee": "customers",
        "name": "Novotel Living Singapore Orchard",
        "phone": "+65 6991 3800",
        "rooms": "85",
        "stars": "4",
        "start_date": "2022-06-22",
        "tourism": "hotel",
        "website": "https://all.accor.com/hotel/B9G6/index.en.shtml",
        "wheelchair": "yes",
        "@geometry": "center"
      },
      "geometry": {
        "type": "Point",
        "coordinates": [
          103.8319082,
          1.3076427
        ]
      },
      "id": "way/576343591"
    },
    {
      "type": "Feature",
      "properties": {
        "@id": "way/595202369",
        "addr:city": "Singapore",
        "addr:country": "SG",
        "addr:housenumber": "101",
        "addr:postcode": "098970",
        "addr:street": "Siloso Road",
        "brand": "Shangri-La Hotels and Resorts",
        "facebook": "https://www.facebook.com/rasasentosa",
        "internet_access": "wlan",
        "internet_access:fee": "no",
        "landuse": "commercial",
        "name": "Shangri-La's Rasa Sentosa Resort & Spa",
        "name:en": "Shangri-La's Rasa Sentosa Resort & Spa",
        "name:zh": "香格里拉圣淘沙度假酒店",
        "phone": "+65 6275 0100",
        "stars": "5",
        "tourism": "hotel",
        "website": "https://www.shangri-la.com/singapore/rasasentosaresort/",
        "@geometry": "center"
      },
      "geometry": {
        "type": "Point",
        "coordinates": [
          103.8098127,
          1.2573679
        ]
      },
      "id": "way/595202369"
    },
    {
      "type": "Feature",
      "properties": {
        "@id": "way/699163968",
        "addr:city": "Singapore",
        "addr:country": "SG",
        "addr:housenumber": "23",
        "addr:postcode": "058268",
        "addr:street": "Merchant Road",
        "building": "hotel",
        "height": "0",
        "name": "Park Regis",
        "start_date": "2010",
        "tourism": "hotel",
        "website": "https://www.parkregissingapore.com/",
        "@geometry": "center"
      },
      "geometry": {
        "type": "Point",
        "coordinates": [
          103.8445457,
          1.288081
        ]
      },
      "id": "way/699163968"
    },
    {
      "type": "Feature",
      "properties": {
        "@id": "way/712978794",
        "landuse": "commercial",
        "tourism": "hotel",
        "@geometry": "center"
      },
      "geometry": {
        "type": "Point",
        "coordinates": [
          103.7886062,
          1.3008399
        ]
      },
      "id": "way/712978794"
    },
    {
      "type": "Feature",
      "properties": {
        "@id": "way/742205653",
        "addr:city": "Singapore",
        "addr:country": "SG",
        "addr:housename": "Marina Square",
        "addr:housenumber": "6",
        "addr:postcode": "039594",
        "addr:street": "Raffles Boulevard",
        "brand": "PARKROYAL",
        "brand:wikidata": "Q4272131",
        "building": "hotel",
        "height": "0",
        "layer": "-1",
        "name": "Parkroyal Collection Marina Bay",
        "old_name": "Marina Mandarin Singapore",
        "tourism": "hotel",
        "website": "https://www.panpacific.com/en/hotels-and-resorts/pr-collection-marina-bay.html",
        "wikidata": "Q6763868",
        "wikimedia_commons": "Category:Marina Mandarin Singapore",
        "wikipedia": "en:Parkroyal Collection Marina Bay, Singapore",
        "@geometry": "center"
      },
      "geometry": {
        "type": "Point",
        "coordinates": [
          103.8568124,
          1.2916103
        ]
      },
      "id": "way/742205653"
    },
    {
      "type": "Feature",
      "properties": {
        "@id": "way/744513549",
        "addr:city": "Singapore",
        "addr:country": "SG",
        "addr:housenumber": "78",
        "addr:postcode": "819666",
        "addr:street": "Airport Boulevard",
        "addr:unit": "#04-280",
        "check_date": "2025-01-20",
        "email": "singaporechangi.contact@yotel.com",
        "indoor": "room",
        "level": "3",
        "name": "YotelAir Changi",
        "tourism": "hotel",
        "website": "https://www.yotel.com/en/hotels/yotelair-singapore-changi-airport",
        "@geometry": "center"
      },
      "geometry": {
        "type": "Point",
        "coordinates": [
          103.9901708,
          1.3598679
        ]
      },
      "id": "way/744513549"
    },
    {
      "type": "Feature",
      "properties": {
        "@id": "way/763764687",
        "building": "hotel",
        "name": "Hotel 81 Geylang",
        "tourism": "hotel",
        "@geometry": "center"
      },
      "geometry": {
        "type": "Point",
        "coordinates": [
          103.879577,
          1.3117866
        ]
      },
      "id": "way/763764687"
    },
    {
      "type": "Feature",
      "properties": {
        "@id": "way/764372541",
        "addr:city": "Singapore",
        "addr:country": "SG",
        "addr:housenumber": "21;25",
        "addr:postcode": "398806",
        "addr:street": "Lorong 18 Geylang",
        "building": "yes",
        "name": "Diamond Hotel",
        "tourism": "hotel",
        "wikidata": "Q112009551",
        "@geometry": "center"
      },
      "geometry": {
        "type": "Point",
        "coordinates": [
          103.8808393,
          1.311859
        ]
      },
      "id": "way/764372541"
    },
    {
      "type": "Feature",
      "properties": {
        "@id": "way/859980404",
        "addr:city": "Singapore",
        "addr:country": "SG",
        "addr:housenumber": "10",
        "addr:postcode": "099951",
        "addr:street": "Artillery Avenue",
        "air_conditioning": "yes",
        "building": "yes",
        "email": "info.vhs@fareast.com.sg",
        "name": "Village Hotel @ Sentosa",
        "name:zh": "悦乐圣淘沙酒店",
        "phone": "+65 6722 0800",
        "tourism": "hotel",
        "website": "https://www.villagehotels.com.sg/en/hotels/village-hotel-sentosa",
        "@geometry": "center"
      },
      "geometry": {
        "type": "Point",
        "coordinates": [
          103.8198852,
          1.2521854
        ]
      },
      "id": "way/859980404"
    },
    {
      "type": "Feature",
      "properties": {
        "@id": "way/938314559",
        "addr:city": "Singapore",
        "addr:housenumber": "1",
        "addr:postcode": "237983",
        "addr:street": "Unity Street",
        "brand": "Ascott",
        "building": "hotel",
        "internet_access": "wlan",
        "internet_access:fee": "customers",
        "name": "The Robertson House by The Crest Collection",
        "phone": "+6565938888",
        "rooms": "336",
        "tourism": "hotel",
        "website": "https://www.discoverasr.com/en/the-crest-collection/singapore/the-robertson-house-by-the-crest-collection?utm_source=google&utm_medium=organic&utm_campaign=HQ-google-organic-alwayson-20231018-all-en-sg-sg-therobertsonhousebythecrestcollection-eme-gbp",
        "@geometry": "center"
      },
      "geometry": {
        "type": "Point",
        "coordinates": [
          103.8423351,
          1.2913983
        ]
      },
      "id": "way/938314559"
    },
    {
      "type": "Feature",
      "properties": {
        "@id": "way/975274150",
        "building": "yes",
        "building:levels": "14",
        "name": "Mondrian Singapore Duxton",
        "tourism": "hotel",
        "@geometry": "center"
      },
      "geometry": {
        "type": "Point",
        "coordinates": [
          103.8421552,
          1.2785709
        ]
      },
      "id": "way/975274150"
    },
    {
      "type": "Feature",
      "properties": {
        "@id": "way/1052026486",
        "addr:city": "Singapore",
        "addr:country": "SG",
        "addr:housenumber": "302",
        "addr:postcode": "329738",
        "addr:street": "Balestier Road",
        "brand": "Value Hotel",
        "building": "commercial",
        "building:levels": "2",
        "name": "Value Hotel (Nice)",
        "roof:shape": "gabled",
        "source": "Kaart Ground Survey 2017",
        "tourism": "hotel",
        "website": "https://www.valuehotel.com.sg/",
        "wikidata": "Q111429492",
        "@geometry": "center"
      },
      "geometry": {
        "type": "Point",
        "coordinates": [
          103.852503,
          1.3233306
        ]
      },
      "id": "way/1052026486"
    },
    {
      "type": "Feature",
      "properties": {
        "@id": "way/1101905279",
        "brand": "shippingcontainerhotel",
        "building": "yes",
        "building:levels": "2",
        "name": "Garden Pod",
        "name:zh": "恬园居",
        "rooms": "4",
        "tourism": "hotel",
        "website": "https://shippingcontainerhotel.com/garden-pod",
        "@geometry": "center"
      },
      "geometry": {
        "type": "Point",
        "coordinates": [
          103.8617637,
          1.2782811
        ]
      },
      "id": "way/1101905279"
    },
    {
      "type": "Feature",
      "properties": {
        "@id": "way/1105406200",
        "addr:city": "Singapore",
        "addr:housenumber": "2",
        "addr:postcode": "099567",
        "addr:street": "Gunner Lane",
        "building": "yes",
        "name": "The Barracks Hotel",
        "tourism": "hotel",
        "website": "https://www.thebarrackshotel.com.sg/",
        "@geometry": "center"
      },
      "geometry": {
        "type": "Point",
        "coordinates": [
          103.8210025,
          1.2520108
        ]
      },
      "id": "way/1105406200"
    },
    {
      "type": "Feature",
      "properties": {
        "@id": "way/1140670993",
        "building": "tourism",
        "name": "Lyf Farrer Park",
        "tourism": "hotel",
        "@geometry": "center"
      },
      "geometry": {
        "type": "Point",
        "coordinates": [
          103.8557436,
          1.3127993
        ]
      },
      "id": "way/1140670993"
    },
    {
      "type": "Feature",
      "properties": {
        "@id": "way/1156250626",
        "addr:housenumber": "80",
        "addr:street": "Nepal Park",
        "brand": "lyf",
        "brand:wikidata": "Q132680230",
        "building": "hotel",
        "name": "Lyf one-north",
        "tourism": "hotel",
        "@geometry": "center"
      },
      "geometry": {
        "type": "Point",
        "coordinates": [
          103.78855,
          1.300831
        ]
      },
      "id": "way/1156250626"
    },
    {
      "type": "Feature",
      "properties": {
        "@id": "way/1171093866",
        "addr:city": "Singapore",
        "addr:housenumber": "28",
        "addr:postcode": "257878",
        "addr:street": "Stevens Road",
        "brand": "Mercure",
        "brand:wikidata": "Q1709809",
        "building:levels": "10",
        "building:part": "hotel",
        "email": "H9543@accor.com",
        "internet_access": "wlan",
        "internet_access:fee": "no",
        "name": "Mercure Singapore On Stevens",
        "phone": "+65 64916100",
        "rooms": "518",
        "smoking": "no",
        "stars": "4",
        "tourism": "hotel",
        "website": "https://www.accorhotels.com/gb/hotel-9543-novotel-singapore-on-stevens/index.shtml",
        "@geometry": "center"
      },
      "geometry": {
        "type": "Point",
        "coordinates": [
          103.8283535,
          1.3141259
        ]
      },
      "id": "way/1171093866"
    },
    {
      "type": "Feature",
      "properties": {
        "@id": "way/1171093867",
        "addr:city": "Singapore",
        "addr:housenumber": "28",
        "addr:postcode": "257878",
        "addr:street": "Stevens Road",
        "brand": "Novotel",
        "brand:wikidata": "Q420545",
        "building:levels": "10",
        "building:part": "hotel",
        "email": "H9543@accor.com",
        "internet_access": "wlan",
        "internet_access:fee": "no",
        "name": "Novotel Singapore On Stevens",
        "phone": "+65 64916100",
        "rooms": "254",
        "smoking": "no",
        "stars": "4",
        "tourism": "hotel",
        "website": "https://www.accorhotels.com/gb/hotel-9543-novotel-singapore-on-stevens/index.shtml",
        "@geometry": "center"
      },
      "geometry": {
        "type": "Point",
        "coordinates": [
          103.8287166,
          1.313774
        ]
      },
      "id": "way/1171093867"
    },
    {
      "type": "Feature",
      "properties": {
        "@id": "way/1177637812",
        "addr:city": "Singapore",
        "addr:country": "SG",
        "addr:housenumber": "22",
        "addr:postcode": "258350",
        "addr:street": "Orange Grove Road",
        "brand": "Shangri-La Hotels and Resorts",
        "email": "singapore@shangri-la.com",
        "name": "Shangri-La Hotel Singapore",
        "name:en": "Shangri-La Hotel Singapore",
        "name:zh": "香格里拉大酒店",
        "phone": "+65 6737 3644",
        "rooms": "792",
        "stars": "5",
        "tourism": "hotel",
        "website": "https://www.shangri-la.com/en/singapore/shangrila/",
        "wikidata": "Q6146488",
        "wikimedia_commons": "Category:Shangri-La Hotel Singapore",
        "wikipedia": "en:Shangri-La Hotel Singapore",
        "@geometry": "center"
      },
      "geometry": {
        "type": "Point",
        "coordinates": [
          103.8264329,
          1.3115277
        ]
      },
      "id": "way/1177637812"
    },
    {
      "type": "Feature",
      "properties": {
        "@id": "way/1184606770",
        "addr:city": "Singapore",
        "addr:country": "SG",
        "addr:housenumber": "351",
        "addr:postcode": "509866",
        "addr:street": "Cranwell Road",
        "email": "enquiry@changicove.com",
        "internet_access": "wlan",
        "internet_access:fee": "no",
        "landuse": "commercial",
        "name": "Changi Cove",
        "name:zh": "樟宜湾酒店",
        "phone": "+6569226122",
        "tourism": "hotel",
        "website": "https://changicove.com/",
        "@geometry": "center"
      },
      "geometry": {
        "type": "Point",
        "coordinates": [
          103.9757285,
          1.3891406
        ]
      },
      "id": "way/1184606770"
    },
    {
      "type": "Feature",
      "properties": {
        "@id": "way/1184606774",
        "addr:city": "Singapore",
        "addr:country": "SG",
        "addr:housenumber": "33",
        "addr:postcode": "509673",
        "addr:street": "Hendon Road",
        "landuse": "commercial",
        "name": "Raintr33 Hotel Singapore",
        "tourism": "hotel",
        "website": "http://raintr33hotel.com",
        "@geometry": "center"
      },
      "geometry": {
        "type": "Point",
        "coordinates": [
          103.9783253,
          1.3883456
        ]
      },
      "id": "way/1184606774"
    },
    {
      "type": "Feature",
      "properties": {
        "@id": "way/1220412314",
        "addr:city": "Singapore",
        "addr:country": "SG",
        "addr:housenumber": "180",
        "addr:postcode": "189971",
        "addr:street": "Albert Street",
        "alt_name": "Village Hotel (Albert Court)",
        "brand": "Village Hotel",
        "name": "Village Hotel Albert Court",
        "source": "Bing",
        "tourism": "hotel",
        "website": "https://www.stayfareast.com/en/hotels/village-hotel-albert-court.aspx",
        "@geometry": "center"
      },
      "geometry": {
        "type": "Point",
        "coordinates": [
          103.8508604,
          1.3040881
        ]
      },
      "id": "way/1220412314"
    },
    {
      "type": "Feature",
      "properties": {
        "@id": "way/1222956568",
        "addr:city": "Singapore",
        "addr:housenumber": "448",
        "addr:postcode": "099593",
        "addr:street": "Telok Blangah Road",
        "air_conditioning": "yes",
        "building": "yes",
        "check_date": "2026-01-19",
        "name": "Hotel Faber Park",
        "tourism": "hotel",
        "website": "https://all.accor.com/hotel/C266/index.en.shtml",
        "@geometry": "center"
      },
      "geometry": {
        "type": "Point",
        "coordinates": [
          103.8132258,
          1.2701313
        ]
      },
      "id": "way/1222956568"
    },
    {
      "type": "Feature",
      "properties": {
        "@id": "way/1222960097",
        "addr:city": "Singapore",
        "addr:housenumber": "5",
        "addr:postcode": "508883",
        "addr:street": "Telok Paku Road",
        "landuse": "commercial",
        "name": "The Bus Collective",
        "phone": "+65 9635 3498",
        "tourism": "hotel",
        "website": "https://www.thebuscollective.com/",
        "@geometry": "center"
      },
      "geometry": {
        "type": "Point",
        "coordinates": [
          103.989086,
          1.3895554
        ]
      },
      "id": "way/1222960097"
    },
    {
      "type": "Feature",
      "properties": {
        "@id": "way/1349801541",
        "addr:city": "Singapore",
        "addr:housenumber": "7",
        "addr:postcode": "119316",
        "addr:street": "Science Park Drive",
        "air_conditioning": "yes",
        "brand": "Ascott",
        "building:levels": "15",
        "building:min_level": "9",
        "building:part": "hotel",
        "description": "Serviced apartments occupy 10th-15th floor",
        "name": "Citadines Science Park Singapore",
        "tourism": "hotel",
        "@geometry": "center"
      },
      "geometry": {
        "type": "Point",
        "coordinates": [
          103.7874587,
          1.2916839
        ]
      },
      "id": "way/1349801541"
    },
    {
      "type": "Feature",
      "properties": {
        "@id": "way/1368694109",
        "addr:city": "Singapore",
        "addr:housenumber": "60",
        "addr:postcode": "729979",
        "addr:street": "Mandai Lake Road",
        "brand": "Banyan Tree",
        "brand:wikidata": "Q115489057",
        "building": "yes",
        "internet_access": "yes",
        "name": "Mandai Rainforest Resort by Banyan Tree",
        "phone": "+65 6038 3939",
        "tourism": "hotel",
        "website": "https://www.mandai.com/en/mandai-rainforest-resort.html",
        "@geometry": "center"
      },
      "geometry": {
        "type": "Point",
        "coordinates": [
          103.7908743,
          1.4071828
        ]
      },
      "id": "way/1368694109"
    },
    {
      "type": "Feature",
      "properties": {
        "@id": "way/1425976206",
        "addr:city": "Singapore",
        "addr:housenumber": "110",
        "addr:postcode": "239549",
        "addr:street": "Killiney Road",
        "brand": "Mama Shelter",
        "building": "hotel",
        "name": "Mama Shelter Singapore Orchard",
        "tourism": "hotel",
        "@geometry": "center"
      },
      "geometry": {
        "type": "Point",
        "coordinates": [
          103.8384449,
          1.2981873
        ]
      },
      "id": "way/1425976206"
    },
    {
      "type": "Feature",
      "properties": {
        "@id": "way/1431662720",
        "brand": "W Hotels",
        "brand:short": "W",
        "brand:wikidata": "Q7958488",
        "building": "construction",
        "name": "W Singapore - Marina View",
        "name:en": "W Singapore - Marina View",
        "tourism": "hotel",
        "@geometry": "center"
      },
      "geometry": {
        "type": "Point",
        "coordinates": [
          103.8498502,
          1.2766669
        ]
      },
      "id": "way/1431662720"
    },
    {
      "type": "Feature",
      "properties": {
        "@id": "way/1450020429",
        "addr:city": "Singapore",
        "addr:country": "SG",
        "addr:housenumber": "28",
        "addr:postcode": "229635",
        "addr:street": "Cavenagh Road",
        "building": "hotel",
        "building:levels": "10",
        "name": "Hotel Chancellor",
        "tourism": "hotel",
        "website": "ghihotels.com",
        "@geometry": "center"
      },
      "geometry": {
        "type": "Point",
        "coordinates": [
          103.8419221,
          1.3013574
        ]
      },
      "id": "way/1450020429"
    },
    {
      "type": "Feature",
      "properties": {
        "@id": "node/4035665835",
        "addr:city": "Singapore",
        "addr:country": "SG",
        "addr:housenumber": "21",
        "addr:postcode": "098374",
        "addr:street": "Ocean Way",
        "air_conditioning": "yes",
        "brand": "W Hotels",
        "brand:wikidata": "Q7958488",
        "contact:instagram": "https://www.instagram.com/wsingapore",
        "contact:twitter": "https://www.twitter.com/w_singapore",
        "facebook": "https://www.facebook.com/wsingaporesentosacove",
        "internet_access": "wlan",
        "internet_access:fee": "no",
        "name": "W Singapore - Sentosa Cove",
        "phone": "+65 6808 7288",
        "rooms": "240",
        "short_name": "W",
        "stars": "5",
        "tourism": "hotel",
        "website": "http://www.wsingaporesentosacove.com"
      },
      "geometry": {
        "type": "Point",
        "coordinates": [
          103.842351,
          1.2463653
        ]
      },
      "id": "node/4035665835"
    },
    {
      "type": "Feature",
      "properties": {
        "@id": "node/4302903880",
        "addr:city": "Singapore",
        "addr:country": "SG",
        "addr:housenumber": "333",
        "addr:postcode": "088765",
        "addr:street": "New Bridge Road",
        "name": "Dorsett Singapore",
        "tourism": "hotel",
        "website": "https://www.dorsetthotels.com/singapore"
      },
      "geometry": {
        "type": "Point",
        "coordinates": [
          103.8400076,
          1.2796267
        ]
      },
      "id": "node/4302903880"
    },
    {
      "type": "Feature",
      "properties": {
        "@id": "node/4302903882",
        "addr:city": "Singapore",
        "addr:country": "SG",
        "addr:housenumber": "80",
        "addr:postcode": "189560",
        "addr:street": "Bras Basah Road",
        "brand": "Fairmont",
        "brand:wikidata": "Q1393345",
        "level": "0",
        "name": "Fairmont",
        "toilets:wheelchair": "yes",
        "tourism": "hotel",
        "website": "https://www.fairmont.com/singapore",
        "wheelchair": "yes"
      },
      "geometry": {
        "type": "Point",
        "coordinates": [
          103.8539661,
          1.2940043
        ]
      },
      "id": "node/4302903882"
    },
    {
      "type": "Feature",
      "properties": {
        "@id": "node/4302903886",
        "addr:city": "Singapore",
        "addr:country": "SG",
        "addr:housenumber": "2",
        "addr:postcode": "218842",
        "addr:street": "Owen Road",
        "brand": "Habyt",
        "email": "owenhouse@habyt.com",
        "internet_access": "wlan",
        "internet_access:fee": "customers",
        "name": "Owen House by Habyt",
        "phone": "+65 8858 6202",
        "rooms": "106",
        "tourism": "hotel",
        "website": "https://owenhouse.habyt.com/"
      },
      "geometry": {
        "type": "Point",
        "coordinates": [
          103.8549745,
          1.3116463
        ]
      },
      "id": "node/4302903886"
    },
    {
      "type": "Feature",
      "properties": {
        "@id": "node/4302903887",
        "addr:city": "Singapore",
        "addr:country": "SG",
        "addr:housenumber": "757",
        "addr:postcode": "389659",
        "addr:street": "Geylang Road",
        "name": "Four Chain View Hotel",
        "source": "Kaart Ground Survey 2017",
        "tourism": "hotel",
        "website": "www.fourchain.com.sg",
        "wheelchair": "yes",
        "wikidata": "Q115969276"
      },
      "geometry": {
        "type": "Point",
        "coordinates": [
          103.8910396,
          1.3149698
        ]
      },
      "id": "node/4302903887"
    },
    {
      "type": "Feature",
      "properties": {
        "@id": "node/4302903888",
        "addr:city": "Singapore",
        "addr:country": "SG",
        "addr:housenumber": "190",
        "addr:postcode": "248646",
        "addr:street": "Orchard Boulevard",
        "brand": "Four Seasons",
        "brand:wikidata": "Q1424786",
        "name": "Four Seasons Hotel",
        "tourism": "hotel",
        "website": "https://www.fourseasons.com/singapore"
      },
      "geometry": {
        "type": "Point",
        "coordinates": [
          103.8286527,
          1.3052102
        ]
      },
      "id": "node/4302903888"
    },
    {
      "type": "Feature",
      "properties": {
        "@id": "node/4302905381",
        "addr:city": "Singapore",
        "addr:country": "SG",
        "addr:housenumber": "6 & 7",
        "addr:postcode": "208127",
        "addr:street": "Perak Road",
        "name": "Adamson Lodge",
        "tourism": "hotel",
        "website": "www.adamsonlodge.com"
      },
      "geometry": {
        "type": "Point",
        "coordinates": [
          103.8529987,
          1.3045445
        ]
      },
      "id": "node/4302905381"
    },
    {
      "type": "Feature",
      "properties": {
        "@id": "node/4302905382",
        "addr:city": "Singapore",
        "addr:country": "SG",
        "addr:housenumber": "13",
        "addr:postcode": "188592",
        "addr:street": "Purvis Street",
        "name": "Adonis Hotel",
        "tourism": "hotel",
        "website": "www.hoteladonis.com"
      },
      "geometry": {
        "type": "Point",
        "coordinates": [
          103.8553424,
          1.2965141
        ]
      },
      "id": "node/4302905382"
    },
    {
      "type": "Feature",
      "properties": {
        "@id": "node/4302905384",
        "addr:city": "Singapore",
        "addr:country": "SG",
        "addr:housenumber": "1",
        "addr:postcode": "099394",
        "addr:street": "Larkhill Road",
        "name": "Amara Sanctuary Resort, Sentosa",
        "tourism": "hotel",
        "website": "www.amarasanctuary.com"
      },
      "geometry": {
        "type": "Point",
        "coordinates": [
          103.8221922,
          1.2521753
        ]
      },
      "id": "node/4302905384"
    },
    {
      "type": "Feature",
      "properties": {
        "@id": "node/4302905385",
        "addr:city": "Singapore",
        "addr:country": "SG",
        "addr:housenumber": "165",
        "addr:postcode": "088539",
        "addr:street": "Tanjong Pagar Road",
        "name": "Amara Singapore",
        "tourism": "hotel",
        "website": "https://www.amarahotels.com/"
      },
      "geometry": {
        "type": "Point",
        "coordinates": [
          103.8436571,
          1.2749407
        ]
      },
      "id": "node/4302905385"
    },
    {
      "type": "Feature",
      "properties": {
        "@id": "node/4302905386",
        "addr:city": "Singapore",
        "addr:country": "SG",
        "addr:housenumber": "21",
        "addr:postcode": "188931",
        "addr:street": "Middle Road",
        "name": "ST Signature Coliving Hostel",
        "tourism": "hotel",
        "wheelchair": "yes"
      },
      "geometry": {
        "type": "Point",
        "coordinates": [
          103.8558647,
          1.2967549
        ]
      },
      "id": "node/4302905386"
    },
    {
      "type": "Feature",
      "properties": {
        "@id": "node/4302905812",
        "addr:city": "Singapore",
        "addr:country": "SG",
        "addr:housenumber": "58",
        "addr:postcode": "058689",
        "addr:street": "South Bridge Road",
        "brand": "Hotel Clover",
        "name": "Hotel Clover (The Arts)",
        "tourism": "hotel",
        "website": "https://www.hotelcloverthearts.com/",
        "wikidata": "Q115968303"
      },
      "geometry": {
        "type": "Point",
        "coordinates": [
          103.8481413,
          1.2875417
        ]
      },
      "id": "node/4302905812"
    },
    {
      "type": "Feature",
      "properties": {
        "@id": "node/4302905814",
        "addr:city": "Singapore",
        "addr:country": "SG",
        "addr:housenumber": "16",
        "addr:postcode": "059905",
        "addr:street": "Carpenter Street",
        "check_date": "2023-11-06",
        "name": "Hotel Conforto",
        "tourism": "hotel",
        "wheelchair": "no",
        "wikidata": "Q111429448"
      },
      "geometry": {
        "type": "Point",
        "coordinates": [
          103.8478558,
          1.2883473
        ]
      },
      "id": "node/4302905814"
    },
    {
      "type": "Feature",
      "properties": {
        "@id": "node/4302905816",
        "addr:city": "Singapore",
        "addr:country": "SG",
        "addr:housenumber": "22",
        "addr:postcode": "399541",
        "addr:street": "Jalan Molek",
        "name": "Fuji",
        "tourism": "hotel"
      },
      "geometry": {
        "type": "Point",
        "coordinates": [
          103.8826879,
          1.3116336
        ]
      },
      "id": "node/4302905816"
    },
    {
      "type": "Feature",
      "properties": {
        "@id": "node/4302905819",
        "addr:city": "Singapore",
        "addr:country": "SG",
        "addr:housenumber": "40",
        "addr:postcode": "209210",
        "addr:street": "Hamilton Road",
        "air_conditioning": "yes",
        "check_date": "2023-02-07",
        "name": "Harbour Ville Hotel Hamilton",
        "tourism": "hotel",
        "website": "www.hotelhamilton.com.sg",
        "wikidata": "Q112009550"
      },
      "geometry": {
        "type": "Point",
        "coordinates": [
          103.8615212,
          1.3115415
        ]
      },
      "id": "node/4302905819"
    },
    {
      "type": "Feature",
      "properties": {
        "@id": "node/4302905820",
        "addr:city": "Singapore",
        "addr:country": "SG",
        "addr:housenumber": "277",
        "addr:postcode": "238858",
        "addr:street": "Orchard Road",
        "addr:unit": "#10-01",
        "alt_name": "Hotel Jen Orchardgateway Singapore",
        "alt_name2": "Jen Hotel by Shangri-La",
        "brand": "Jen by Shangri-La",
        "contact:email": "hjog@hoteljen.com",
        "email": "singaporeorchardgateway@hoteljen.com",
        "name": "Hotel Jen (Orchardgateway)",
        "operator": "Shangri-La Hotels and Resorts",
        "phone": "+65 6708 8888",
        "rooms": "499",
        "stars": "4",
        "tourism": "hotel",
        "website": "https://www.hoteljen.com/singapore/orchardgateway/",
        "wheelchair": "yes"
      },
      "geometry": {
        "type": "Point",
        "coordinates": [
          103.8388997,
          1.3007018
        ]
      },
      "id": "node/4302905820"
    },
    {
      "type": "Feature",
      "properties": {
        "@id": "node/4302905821",
        "addr:city": "Singapore",
        "addr:country": "SG",
        "addr:housenumber": "1A",
        "addr:postcode": "249716",
        "addr:street": "Cuscaden Road",
        "brand": "Jen by Shangri-La",
        "email": "singaporetanglin@hoteljen.com",
        "name": "JEN Singapore Tanglin",
        "operator": "Shangri-La Hotels and Resorts",
        "phone": "+65 67382222",
        "tourism": "hotel",
        "website": "https://www.shangri-la.com/en/hotels/jen/singapore/tanglin/"
      },
      "geometry": {
        "type": "Point",
        "coordinates": [
          103.8239124,
          1.3042705
        ]
      },
      "id": "node/4302905821"
    },
    {
      "type": "Feature",
      "properties": {
        "@id": "node/4302905822",
        "addr:city": "Singapore",
        "addr:country": "SG",
        "addr:housenumber": "14",
        "addr:postcode": "188593",
        "addr:street": "Purvis Street",
        "name": "Hotel Kai",
        "tourism": "hotel",
        "website": "www.hotelkai.com"
      },
      "geometry": {
        "type": "Point",
        "coordinates": [
          103.8554053,
          1.2965218
        ]
      },
      "id": "node/4302905822"
    },
    {
      "type": "Feature",
      "properties": {
        "@id": "node/4302905825",
        "addr:city": "Singapore",
        "addr:country": "SG",
        "addr:housenumber": "11",
        "addr:postcode": "199143",
        "addr:street": "Jalan Pinang",
        "name": "Hotel Nuve",
        "tourism": "hotel",
        "website": "https://www.hotelnuve.com/"
      },
      "geometry": {
        "type": "Point",
        "coordinates": [
          103.8582753,
          1.3027514
        ]
      },
      "id": "node/4302905825"
    },
    {
      "type": "Feature",
      "properties": {
        "@id": "node/4302905828",
        "addr:city": "Singapore",
        "addr:country": "SG",
        "addr:housenumber": "36",
        "addr:postcode": "307964",
        "addr:street": "Newton Road",
        "name": "Hotel Royal",
        "tourism": "hotel",
        "website": "https://www.hotelroyal.com/"
      },
      "geometry": {
        "type": "Point",
        "coordinates": [
          103.8418595,
          1.3168306
        ]
      },
      "id": "node/4302905828"
    },
    {
      "type": "Feature",
      "properties": {
        "@id": "node/4302905829",
        "addr:city": "Singapore",
        "addr:country": "SG",
        "addr:housenumber": "26",
        "addr:postcode": "209854",
        "addr:street": "Cavan Road",
        "name": "Hotel Snow",
        "tourism": "hotel"
      },
      "geometry": {
        "type": "Point",
        "coordinates": [
          103.8617436,
          1.3109556
        ]
      },
      "id": "node/4302905829"
    },
    {
      "type": "Feature",
      "properties": {
        "@id": "node/4302905830",
        "addr:city": "Singapore",
        "addr:country": "SG",
        "addr:housenumber": "15",
        "addr:postcode": "228750",
        "addr:street": "Kramat Road",
        "name": "Hotel Supreme",
        "tourism": "hotel",
        "website": "www.supremeh.com.sg"
      },
      "geometry": {
        "type": "Point",
        "coordinates": [
          103.8424247,
          1.3013394
        ]
      },
      "id": "node/4302905830"
    },
    {
      "type": "Feature",
      "properties": {
        "@id": "node/4302905831",
        "addr:city": "Singapore",
        "addr:country": "SG",
        "addr:housenumber": "39",
        "addr:postcode": "207630",
        "addr:street": "Syed Alwi Road",
        "name": "The Vagabond Club, Singapore, a Tribute Portfolio Hotel",
        "rooms": "41",
        "tourism": "hotel",
        "website": "https://hotelvagabondsingapore.com/"
      },
      "geometry": {
        "type": "Point",
        "coordinates": [
          103.8583028,
          1.3070191
        ]
      },
      "id": "node/4302905831"
    },
    {
      "type": "Feature",
      "properties": {
        "@id": "node/4302905833",
        "addr:city": "Singapore",
        "addr:country": "SG",
        "addr:housenumber": "586A",
        "addr:postcode": "389525",
        "addr:street": "Geylang Road",
        "name": "Hup Hoe Hotel",
        "source": "Kaart Ground Survey 2017",
        "tourism": "hotel"
      },
      "geometry": {
        "type": "Point",
        "coordinates": [
          103.8875843,
          1.3139645
        ]
      },
      "id": "node/4302905833"
    },
    {
      "type": "Feature",
      "properties": {
        "@id": "node/4302905834",
        "addr:city": "Singapore",
        "addr:country": "SG",
        "addr:housenumber": "170",
        "addr:postcode": "189657",
        "addr:street": "Bencoolen Street",
        "brand": "Ibis",
        "brand:wikidata": "Q920166",
        "brand:wikipedia": "en:Ibis (hotel)",
        "email": "h6657@accor.com",
        "name": "Ibis (Bencoolen)",
        "phone": "+65 6593 2888",
        "tourism": "hotel",
        "website": "https://all.accor.com/hotel/6657/index.en.shtml",
        "wheelchair": "yes"
      },
      "geometry": {
        "type": "Point",
        "coordinates": [
          103.8524227,
          1.3009632
        ]
      },
      "id": "node/4302905834"
    },
    {
      "type": "Feature",
      "properties": {
        "@id": "node/4302905836",
        "addr:city": "Singapore",
        "addr:country": "SG",
        "addr:housenumber": "401",
        "addr:postcode": "368125",
        "addr:street": "Macpherson Road",
        "air_conditioning": "yes",
        "brand": "Ibis Styles",
        "brand:wikidata": "Q3147425",
        "internet_access": "wlan",
        "internet_access:fee": "customers",
        "name": "Ibis Styles Singapore On Macpherson",
        "reservation": "yes",
        "rooms": "298",
        "smoking": "isolated",
        "source": "Kaart Ground Survey 2017",
        "tourism": "hotel",
        "website": "https://www.accorhotels.com/9411"
      },
      "geometry": {
        "type": "Point",
        "coordinates": [
          103.8792945,
          1.3317706
        ]
      },
      "id": "node/4302905836"
    },
    {
      "type": "Feature",
      "properties": {
        "@id": "node/4302905839",
        "addr:city": "Singapore",
        "addr:country": "SG",
        "addr:housenumber": "8",
        "addr:postcode": "207606",
        "addr:street": "Townshend Road",
        "name": "J8 Hotel",
        "tourism": "hotel",
        "website": "https://www.j8hotel.com/"
      },
      "geometry": {
        "type": "Point",
        "coordinates": [
          103.8585205,
          1.3076976
        ]
      },
      "id": "node/4302905839"
    },
    {
      "type": "Feature",
      "properties": {
        "@id": "node/4302905840",
        "addr:city": "Singapore",
        "addr:country": "SG",
        "addr:housenumber": "18",
        "addr:postcode": "399535",
        "addr:street": "Jalan Molek",
        "name": "Jade",
        "tourism": "hotel"
      },
      "geometry": {
        "type": "Point",
        "coordinates": [
          103.8827759,
          1.3117118
        ]
      },
      "id": "node/4302905840"
    },
    {
      "type": "Feature",
      "properties": {
        "@id": "node/4302905843",
        "addr:city": "Singapore",
        "addr:country": "SG",
        "addr:housenumber": "33",
        "addr:postcode": "399007",
        "addr:street": "Lorong 12 Geylang",
        "name": "Jin Dong Hotel",
        "tourism": "hotel"
      },
      "geometry": {
        "type": "Point",
        "coordinates": [
          103.8788067,
          1.3102273
        ]
      },
      "id": "node/4302905843"
    },
    {
      "type": "Feature",
      "properties": {
        "@id": "node/4302905844",
        "addr:city": "Singapore",
        "addr:country": "SG",
        "addr:housenumber": "20",
        "addr:postcode": "058479",
        "addr:street": "Trengganu Street",
        "addr:unit": "#03-01",
        "email": "reservation@hotel1888.com.sg",
        "name": "Hotel 1888 Collection",
        "phone": "+65 69101888",
        "tourism": "hotel",
        "website": "http://www.hotel1888.com.sg/"
      },
      "geometry": {
        "type": "Point",
        "coordinates": [
          103.8439597,
          1.2828972
        ]
      },
      "id": "node/4302905844"
    },
    {
      "type": "Feature",
      "properties": {
        "@id": "node/4302905846",
        "addr:city": "Singapore",
        "addr:country": "SG",
        "addr:housenumber": "153A, 153B & 155B",
        "addr:postcode": "207566",
        "addr:street": "Tyrwhitt Road",
        "email": "booking@pinehostel.com",
        "name": "Just Inn Pine",
        "tourism": "hotel"
      },
      "geometry": {
        "type": "Point",
        "coordinates": [
          103.8602089,
          1.3119092
        ]
      },
      "id": "node/4302905846"
    },
    {
      "type": "Feature",
      "properties": {
        "@id": "node/4302905847",
        "addr:city": "Singapore",
        "addr:country": "SG",
        "addr:housenumber": "383",
        "addr:postcode": "209001",
        "addr:street": "Jalan Besar",
        "check_date": "2024-10-24",
        "name": "Kam Leng Hotel",
        "tourism": "hotel",
        "website": "www.kamleng.com"
      },
      "geometry": {
        "type": "Point",
        "coordinates": [
          103.8596995,
          1.3132243
        ]
      },
      "id": "node/4302905847"
    },
    {
      "type": "Feature",
      "properties": {
        "@id": "node/4302905849",
        "addr:city": "Singapore",
        "addr:country": "SG",
        "addr:housenumber": "54-62",
        "addr:postcode": "219178",
        "addr:street": "Kerbau Road",
        "name": "Kerbau Hotel",
        "tourism": "hotel"
      },
      "geometry": {
        "type": "Point",
        "coordinates": [
          103.8508256,
          1.3075463
        ]
      },
      "id": "node/4302905849"
    },
    {
      "type": "Feature",
      "properties": {
        "@id": "node/4302905850",
        "addr:city": "Singapore",
        "addr:country": "SG",
        "addr:housenumber": "4",
        "addr:postcode": "399166",
        "addr:street": "Lorong 6 Geylang",
        "name": "Kim Tian (Star) Hotel",
        "tourism": "hotel"
      },
      "geometry": {
        "type": "Point",
        "coordinates": [
          103.8762403,
          1.3114355
        ]
      },
      "id": "node/4302905850"
    },
    {
      "type": "Feature",
      "properties": {
        "@id": "node/4302905851",
        "addr:city": "Singapore",
        "addr:country": "SG",
        "addr:housenumber": "29",
        "addr:postcode": "399281",
        "addr:street": "Lorong 4 Geylang",
        "name": "Kim Tian Hotel (Han)",
        "tourism": "hotel"
      },
      "geometry": {
        "type": "Point",
        "coordinates": [
          103.8762027,
          1.3101616
        ]
      },
      "id": "node/4302905851"
    },
    {
      "type": "Feature",
      "properties": {
        "@id": "node/4302905854",
        "addr:city": "Singapore",
        "addr:country": "SG",
        "addr:housenumber": "17",
        "addr:postcode": "399050",
        "addr:street": "Lorong 10 Geylang",
        "name": "La Mode (Sophia)",
        "phone": "+6567411423",
        "stars": "1",
        "tourism": "hotel",
        "website": "https://lamodehotel.blogspot.com/"
      },
      "geometry": {
        "type": "Point",
        "coordinates": [
          103.8778352,
          1.3112511
        ]
      },
      "id": "node/4302905854"
    },
    {
      "type": "Feature",
      "properties": {
        "@id": "node/4302905855",
        "addr:city": "Singapore",
        "addr:country": "SG",
        "addr:housenumber": "424",
        "addr:postcode": "389395",
        "addr:street": "Geylang Road",
        "name": "Lai Ming Hotel Cosmoland",
        "tourism": "hotel",
        "website": "https://www.laiminghotel.com.sg/"
      },
      "geometry": {
        "type": "Point",
        "coordinates": [
          103.8828778,
          1.3128524
        ]
      },
      "id": "node/4302905855"
    },
    {
      "type": "Feature",
      "properties": {
        "@id": "node/4302905857",
        "addr:city": "Singapore",
        "addr:country": "SG",
        "addr:housenumber": "400",
        "addr:postcode": "428996",
        "addr:street": "East Coast Road",
        "contact:email": "contact@snooze-inn.com",
        "contact:phone": "+65 6665 5511",
        "contact:website": "https://snooze-inn.com/",
        "contact:whatsapp": "+65 8950 0269",
        "internet_access": "wlan",
        "name": "The Snooze Hotel",
        "official_name": "The Snooze Hotel @ Marine Parade",
        "source": "Kaart Ground Survey 2017",
        "tourism": "hotel",
        "wheelchair": "yes"
      },
      "geometry": {
        "type": "Point",
        "coordinates": [
          103.9120795,
          1.3087862
        ]
      },
      "id": "node/4302905857"
    },
    {
      "type": "Feature",
      "properties": {
        "@id": "node/4302905859",
        "addr:city": "Singapore",
        "addr:country": "SG",
        "addr:housenumber": "1",
        "addr:postcode": "399073",
        "addr:street": "Lorong 8 Geylang",
        "name": "Lex",
        "phone": "+6567452234",
        "stars": "1",
        "tourism": "hotel",
        "website": "https://lexhotelsingapore.blogspot.com/"
      },
      "geometry": {
        "type": "Point",
        "coordinates": [
          103.8771017,
          1.3118188
        ]
      },
      "id": "node/4302905859"
    },
    {
      "type": "Feature",
      "properties": {
        "@id": "node/4302905860",
        "addr:city": "Singapore",
        "addr:country": "SG",
        "addr:housenumber": "50 & 51",
        "addr:postcode": "168733",
        "addr:street": "Tiong Bahru Road",
        "name": "Link Hotel",
        "tourism": "hotel",
        "website": "https://www.linkhotel.com.sg/"
      },
      "geometry": {
        "type": "Point",
        "coordinates": [
          103.8342907,
          1.2848724
        ]
      },
      "id": "node/4302905860"
    },
    {
      "type": "Feature",
      "properties": {
        "@id": "node/4302905861",
        "addr:city": "Singapore",
        "addr:country": "SG",
        "addr:housenumber": "2",
        "addr:postcode": "239091",
        "addr:street": "Lloyd Road",
        "name": "Lloyd's Inn",
        "tourism": "hotel",
        "website": "https://www.lloydsinn.com/",
        "wikidata": "Q111399623"
      },
      "geometry": {
        "type": "Point",
        "coordinates": [
          103.8403659,
          1.2972636
        ]
      },
      "id": "node/4302905861"
    },
    {
      "type": "Feature",
      "properties": {
        "@id": "node/4302905862",
        "addr:city": "Singapore",
        "addr:country": "SG",
        "addr:housenumber": "55",
        "addr:postcode": "089158",
        "addr:street": "Keong Saik Road",
        "name": "Naumi Liora",
        "tourism": "hotel",
        "website": "www.naumiliora.com"
      },
      "geometry": {
        "type": "Point",
        "coordinates": [
          103.8415424,
          1.2806192
        ]
      },
      "id": "node/4302905862"
    },
    {
      "type": "Feature",
      "properties": {
        "@id": "node/4302905863",
        "addr:city": "Singapore",
        "addr:country": "SG",
        "addr:housenumber": "41",
        "addr:postcode": "188396",
        "addr:street": "Seah Street",
        "name": "Naumi",
        "tourism": "hotel",
        "website": "www.naumihotel.com"
      },
      "geometry": {
        "type": "Point",
        "coordinates": [
          103.8551441,
          1.2958125
        ]
      },
      "id": "node/4302905863"
    },
    {
      "type": "Feature",
      "properties": {
        "@id": "node/4302905864",
        "addr:city": "Singapore",
        "addr:country": "SG",
        "addr:housenumber": "3",
        "addr:postcode": "168891",
        "addr:street": "Seng Poh Road",
        "check_date": "2025-10-20",
        "name": "New Cape Inn",
        "tourism": "hotel",
        "website": "www.capeinn-singapore.com"
      },
      "geometry": {
        "type": "Point",
        "coordinates": [
          103.8340759,
          1.2855643
        ]
      },
      "id": "node/4302905864"
    },
    {
      "type": "Feature",
      "properties": {
        "@id": "node/4302905865",
        "addr:city": "Singapore",
        "addr:country": "SG",
        "addr:housenumber": "443A",
        "addr:postcode": "389403",
        "addr:street": "Geylang Road",
        "name": "New Cathay Hotel (Geylang)",
        "tourism": "hotel"
      },
      "geometry": {
        "type": "Point",
        "coordinates": [
          103.8817472,
          1.3132358
        ]
      },
      "id": "node/4302905865"
    },
    {
      "type": "Feature",
      "properties": {
        "@id": "node/4302905866",
        "addr:city": "Singapore",
        "addr:country": "SG",
        "addr:housenumber": "9",
        "addr:postcode": "399042",
        "addr:street": "Lorong 10 Geylang",
        "check_date": "2025-05-28",
        "name": "JXIN Hotel",
        "tourism": "hotel"
      },
      "geometry": {
        "type": "Point",
        "coordinates": [
          103.8777715,
          1.3115829
        ]
      },
      "id": "node/4302905866"
    },
    {
      "type": "Feature",
      "properties": {
        "@id": "node/4302905867",
        "addr:city": "Singapore",
        "addr:country": "SG",
        "addr:housenumber": "31-37",
        "addr:postcode": "089845",
        "addr:street": "Bukit Pasoh Road",
        "name": "New Majestic Hotel",
        "tourism": "hotel",
        "website": "https://www.newmajestichotel.com/",
        "wikidata": "Q7009975",
        "wikipedia": "en:New Majestic Hotel"
      },
      "geometry": {
        "type": "Point",
        "coordinates": [
          103.8403624,
          1.2793051
        ]
      },
      "id": "node/4302905867"
    },
    {
      "type": "Feature",
      "properties": {
        "@id": "node/4302905869",
        "addr:city": "Singapore",
        "addr:country": "SG",
        "addr:housenumber": "259A-D",
        "addr:postcode": "208934",
        "addr:street": "Jalan Besar",
        "check_date": "2024-01-28",
        "name": "Dream Lodge",
        "tourism": "hotel"
      },
      "geometry": {
        "type": "Point",
        "coordinates": [
          103.8582584,
          1.3102017
        ]
      },
      "id": "node/4302905869"
    },
    {
      "type": "Feature",
      "properties": {
        "@id": "node/4302905870",
        "addr:city": "Singapore",
        "addr:country": "SG",
        "addr:housenumber": "77",
        "addr:postcode": "168727",
        "addr:street": "Tiong Bahru Road",
        "check_date": "2024-06-04",
        "name": "Nostalgia Hotel",
        "tourism": "hotel",
        "website": "https://www.hotelnostalgia.com.sg/"
      },
      "geometry": {
        "type": "Point",
        "coordinates": [
          103.8335903,
          1.285165
        ]
      },
      "id": "node/4302905870"
    },
    {
      "type": "Feature",
      "properties": {
        "@id": "node/4302905873",
        "addr:city": "Singapore",
        "addr:country": "SG",
        "addr:housenumber": "8",
        "addr:postcode": "307470",
        "addr:street": "Sinaran Drive",
        "check_date": "2026-01-19",
        "name": "Oasia Hotel",
        "tourism": "hotel",
        "website": "https://www.stayfareast.com/"
      },
      "geometry": {
        "type": "Point",
        "coordinates": [
          103.8447824,
          1.3200301
        ]
      },
      "id": "node/4302905873"
    },
    {
      "type": "Feature",
      "properties": {
        "@id": "node/4302905874",
        "addr:city": "Singapore",
        "addr:country": "SG",
        "addr:housenumber": "1",
        "addr:postcode": "217562",
        "addr:street": "Farrer Park Station Road",
        "air_conditioning": "yes",
        "internet_access": "yes",
        "internet_access:fee": "yes",
        "name": "One Farrer Hotel & Spa",
        "payment:NETS_Debit": "yes",
        "payment:credit_cards": "yes",
        "payment:mastercard": "yes",
        "payment:mastercard_paypass": "yes",
        "payment:visa": "yes",
        "payment:visa_paywave": "yes",
        "tourism": "hotel",
        "website": "https://www.onefarrer.com/"
      },
      "geometry": {
        "type": "Point",
        "coordinates": [
          103.8539713,
          1.3129505
        ]
      },
      "id": "node/4302905874"
    },
    {
      "type": "Feature",
      "properties": {
        "@id": "node/4302905876",
        "addr:city": "Singapore",
        "addr:country": "SG",
        "addr:housenumber": "442",
        "addr:postcode": "238879",
        "addr:street": "Orchard Road",
        "name": "Orchard Hotel Singapore",
        "tourism": "hotel",
        "website": "https://www.millenniumhotels.com.sg/"
      },
      "geometry": {
        "type": "Point",
        "coordinates": [
          103.8281644,
          1.3076686
        ]
      },
      "id": "node/4302905876"
    },
    {
      "type": "Feature",
      "properties": {
        "@id": "node/4302905877",
        "addr:city": "Singapore",
        "addr:country": "SG",
        "addr:housenumber": "1",
        "addr:postcode": "247905",
        "addr:street": "Tanglin Road",
        "check_date": "2024-05-22",
        "name": "Orchard RendezVous Hotel",
        "name:my": "ဥယျာဉ်ခြံချီတက်ပွဲဟိုတယ်",
        "operator": "Far East Hospitality",
        "tourism": "hotel",
        "website": "https://www.rendezvoushotels.com.sg/en",
        "wheelchair": "yes"
      },
      "geometry": {
        "type": "Point",
        "coordinates": [
          103.8278105,
          1.3065524
        ]
      },
      "id": "node/4302905877"
    },
    {
      "type": "Feature",
      "properties": {
        "@id": "node/4302905878",
        "addr:city": "Singapore",
        "addr:country": "SG",
        "addr:housenumber": "1",
        "addr:postcode": "078867",
        "addr:street": "Tras Link",
        "name": "Orchid Hotel",
        "name:zh": "胡姬酒店",
        "stars": "4",
        "tourism": "hotel",
        "website": "https://www.orchidhotel.com.sg/"
      },
      "geometry": {
        "type": "Point",
        "coordinates": [
          103.844093,
          1.2769196
        ]
      },
      "id": "node/4302905878"
    },
    {
      "type": "Feature",
      "properties": {
        "@id": "node/4302905880",
        "addr:city": "Singapore",
        "addr:country": "SG",
        "addr:housenumber": "14",
        "addr:postcode": "399047",
        "addr:street": "Lorong 10 Geylang",
        "internet_access": "wlan",
        "internet_access:fee": "customers",
        "name": "K Hotel 14",
        "stars": "2",
        "tourism": "hotel"
      },
      "geometry": {
        "type": "Point",
        "coordinates": [
          103.8775743,
          1.3112228
        ]
      },
      "id": "node/4302905880"
    },
    {
      "type": "Feature",
      "properties": {
        "@id": "node/4302905881",
        "addr:city": "Singapore",
        "addr:country": "SG",
        "addr:housenumber": "12",
        "addr:postcode": "399045",
        "addr:street": "Lorong 10 Geylang",
        "internet_access": "wlan",
        "internet_access:fee": "customers",
        "name": "K Hotel 12",
        "stars": "2",
        "tourism": "hotel",
        "wikidata": "Q111429512"
      },
      "geometry": {
        "type": "Point",
        "coordinates": [
          103.8775538,
          1.3113201
        ]
      },
      "id": "node/4302905881"
    },
    {
      "type": "Feature",
      "properties": {
        "@id": "node/4302905885",
        "addr:city": "Singapore",
        "addr:country": "SG",
        "addr:housenumber": "165",
        "addr:postcode": "207569",
        "addr:street": "Tyrwhitt Road",
        "brand": "Mercure",
        "check_date": "2025-05-06",
        "name": "Mercure Singapore Tyrwhitt",
        "rooms": "270",
        "tourism": "hotel"
      },
      "geometry": {
        "type": "Point",
        "coordinates": [
          103.8606714,
          1.3121924
        ]
      },
      "id": "node/4302905885"
    },
    {
      "type": "Feature",
      "properties": {
        "@id": "node/4302905889",
        "addr:city": "Singapore",
        "addr:country": "SG",
        "addr:housenumber": "76",
        "addr:postcode": "048464",
        "addr:street": "Telok Ayer Street",
        "check_date": "2025-11-03",
        "name": "Amoy Hotel",
        "tourism": "hotel",
        "website": "https://www.stayfareast.com/",
        "wikidata": "Q4845494",
        "wikipedia": "en:Fuk Tak Chi Temple"
      },
      "geometry": {
        "type": "Point",
        "coordinates": [
          103.8486454,
          1.2830004
        ]
      },
      "id": "node/4302905889"
    },
    {
      "type": "Feature",
      "properties": {
        "@id": "node/4302905890",
        "addr:city": "Singapore",
        "addr:country": "SG",
        "addr:housenumber": "112",
        "addr:postcode": "387436",
        "addr:street": "Sims Avenue",
        "addr:unit": "#01-01",
        "name": "Amrise Hotel",
        "tourism": "hotel",
        "website": "https://amrisehotel.com/",
        "wikidata": "Q111429506"
      },
      "geometry": {
        "type": "Point",
        "coordinates": [
          103.8778719,
          1.3139641
        ]
      },
      "id": "node/4302905890"
    },
    {
      "type": "Feature",
      "properties": {
        "@id": "node/4302905894",
        "addr:city": "Singapore",
        "addr:country": "SG",
        "addr:housenumber": "139",
        "addr:postcode": "338739",
        "addr:street": "Lavender Street",
        "brand": "Aqueen",
        "check_date": "2026-01-21",
        "name": "Aqueen Hotel (Lavender)",
        "tourism": "hotel",
        "website": "https://www.aqueenhotels.com/"
      },
      "geometry": {
        "type": "Point",
        "coordinates": [
          103.8613002,
          1.3123789
        ]
      },
      "id": "node/4302905894"
    },
    {
      "type": "Feature",
      "properties": {
        "@id": "node/4302905896",
        "addr:city": "Singapore",
        "addr:country": "SG",
        "addr:housenumber": "32",
        "addr:postcode": "209201",
        "addr:street": "Hamilton Road",
        "check_date": "2024-05-30",
        "name": "Arcadia Hotel",
        "tourism": "hotel",
        "website": "www.arcadiahotel.com.sg",
        "wikidata": "Q111429499"
      },
      "geometry": {
        "type": "Point",
        "coordinates": [
          103.8613295,
          1.3114598
        ]
      },
      "id": "node/4302905896"
    },
    {
      "type": "Feature",
      "properties": {
        "@id": "node/4302905897",
        "addr:city": "Singapore",
        "addr:country": "SG",
        "addr:housenumber": "83",
        "addr:postcode": "207662",
        "addr:street": "Syed Alwi Road",
        "name": "Arianna Hotel",
        "tourism": "hotel",
        "website": "www.ariannahotel.com.sg"
      },
      "geometry": {
        "type": "Point",
        "coordinates": [
          103.8559161,
          1.308982
        ]
      },
      "id": "node/4302905897"
    },
    {
      "type": "Feature",
      "properties": {
        "@id": "node/4302905899",
        "addr:city": "Singapore",
        "addr:country": "SG",
        "addr:housenumber": "176",
        "addr:postcode": "207576",
        "addr:street": "Tyrwhitt Road",
        "name": "Arton Boutique Hotel",
        "tourism": "hotel",
        "website": "https://www.artonhotel.com/",
        "wikidata": "Q111429498"
      },
      "geometry": {
        "type": "Point",
        "coordinates": [
          103.8608539,
          1.3120647
        ]
      },
      "id": "node/4302905899"
    },
    {
      "type": "Feature",
      "properties": {
        "@id": "node/4302905900",
        "addr:city": "Singapore",
        "addr:country": "SG",
        "addr:housenumber": "2",
        "addr:postcode": "049247",
        "addr:street": "Finlayson Green",
        "name": "Ascott",
        "tourism": "hotel",
        "website": "https://www.the-ascott.com/",
        "wheelchair": "limited"
      },
      "geometry": {
        "type": "Point",
        "coordinates": [
          103.8515444,
          1.2820846
        ]
      },
      "id": "node/4302905900"
    },
    {
      "type": "Feature",
      "properties": {
        "@id": "node/4302905901",
        "addr:city": "Singapore",
        "addr:country": "SG",
        "addr:housenumber": "44 & 44A",
        "addr:postcode": "207995",
        "addr:street": "Rowell Road",
        "check_date": "2024-12-04",
        "name": "Asia Star Hotel",
        "tourism": "hotel",
        "website": "www.asiastarhotel.com"
      },
      "geometry": {
        "type": "Point",
        "coordinates": [
          103.8547255,
          1.3085031
        ]
      },
      "id": "node/4302905901"
    },
    {
      "type": "Feature",
      "properties": {
        "@id": "node/4302905903",
        "addr:city": "Singapore",
        "addr:country": "SG",
        "addr:housenumber": "490,492",
        "addr:postcode": "188736",
        "addr:street": "North Bridge Road",
        "internet_access": "wlan",
        "internet_access:fee": "customers",
        "level": "2",
        "name": "Backpacker Cozy Corner Guesthouse",
        "phone": "+65 8818 1868",
        "tourism": "hotel"
      },
      "geometry": {
        "type": "Point",
        "coordinates": [
          103.8557413,
          1.2984534
        ]
      },
      "id": "node/4302905903"
    },
    {
      "type": "Feature",
      "properties": {
        "@id": "node/4302905904",
        "addr:city": "Singapore",
        "addr:country": "SG",
        "addr:housenumber": "27",
        "addr:postcode": "059505",
        "addr:street": "Mosque Street",
        "brand": "Backpacker's",
        "name": "Backpacker's (Inn Chinatown 2)",
        "tourism": "hotel",
        "website": "https://richlodging.com/"
      },
      "geometry": {
        "type": "Point",
        "coordinates": [
          103.8455614,
          1.2834869
        ]
      },
      "id": "node/4302905904"
    },
    {
      "type": "Feature",
      "properties": {
        "@id": "node/4302905905",
        "addr:city": "Singapore",
        "addr:country": "SG",
        "addr:housenumber": "14",
        "addr:postcode": "058330",
        "addr:street": "Upper Cross Street",
        "brand": "Backpacker's",
        "name": "Backpacker's (Inn Chinatown 3)",
        "tourism": "hotel",
        "website": "https://richlodging.com/"
      },
      "geometry": {
        "type": "Point",
        "coordinates": [
          103.8454769,
          1.2837921
        ]
      },
      "id": "node/4302905905"
    },
    {
      "type": "Feature",
      "properties": {
        "@id": "node/4302905906",
        "addr:city": "Singapore",
        "addr:country": "SG",
        "addr:housenumber": "30A",
        "addr:postcode": "059508",
        "addr:street": "Mosque Street",
        "name": "Backpackers Inn Chinatown",
        "tourism": "hotel",
        "website": "https://richlodging.com/"
      },
      "geometry": {
        "type": "Point",
        "coordinates": [
          103.8454074,
          1.2835599
        ]
      },
      "id": "node/4302905906"
    },
    {
      "type": "Feature",
      "properties": {
        "@id": "node/4302905907",
        "addr:city": "Singapore",
        "addr:country": "SG",
        "addr:housenumber": "111J",
        "addr:postcode": "208559",
        "addr:street": "King George's Avenue",
        "email": "booking@bpsg.com.sg",
        "name": "Backpackers@sg",
        "phone": "+65 66832924",
        "tourism": "hotel",
        "website": "https://www.bpsg.com.sg/"
      },
      "geometry": {
        "type": "Point",
        "coordinates": [
          103.8617102,
          1.3103556
        ]
      },
      "id": "node/4302905907"
    },
    {
      "type": "Feature",
      "properties": {
        "@id": "node/4302905910",
        "addr:city": "Singapore",
        "addr:country": "SG",
        "addr:housenumber": "30",
        "addr:postcode": "189621",
        "addr:street": "Bencoolen Street",
        "check_date": "2024-05-10",
        "email": "reservations@30bencoolen.com.sg",
        "internet_access": "wlan",
        "name": "Local",
        "opening_hours": "24/7",
        "phone": "+6563372882",
        "tourism": "hotel",
        "website": "https://www.30bencoolen.com.sg"
      },
      "geometry": {
        "type": "Point",
        "coordinates": [
          103.8503677,
          1.2984985
        ]
      },
      "id": "node/4302905910"
    },
    {
      "type": "Feature",
      "properties": {
        "@id": "node/4302905914",
        "addr:city": "Singapore",
        "addr:country": "SG",
        "addr:housenumber": "52, 52A, 54, 54A",
        "addr:postcode": "058597",
        "addr:street": "Temple Street",
        "name": "Beds and Dreams",
        "tourism": "hotel",
        "website": "www.bedsanddreamshostel.com"
      },
      "geometry": {
        "type": "Point",
        "coordinates": [
          103.8435952,
          1.2833091
        ]
      },
      "id": "node/4302905914"
    },
    {
      "type": "Feature",
      "properties": {
        "@id": "node/4302905916",
        "addr:city": "Singapore",
        "addr:country": "SG",
        "addr:housenumber": "200",
        "addr:postcode": "188980",
        "addr:street": "Middle Road",
        "check_date": "2024-04-11",
        "name": "Hotel Lyf Bugis",
        "tourism": "hotel"
      },
      "geometry": {
        "type": "Point",
        "coordinates": [
          103.8515065,
          1.3009164
        ]
      },
      "id": "node/4302905916"
    },
    {
      "type": "Feature",
      "properties": {
        "@id": "node/4302905917",
        "addr:city": "Singapore",
        "addr:country": "SG",
        "addr:housenumber": "151",
        "addr:postcode": "207564",
        "addr:street": "Tyrwhitt Road",
        "email": "blancinn@gmail.com",
        "name": "Blanc Inn",
        "phone": "+65 81139906",
        "tourism": "hotel",
        "website": "https://inn.com.sg/"
      },
      "geometry": {
        "type": "Point",
        "coordinates": [
          103.8602299,
          1.3117429
        ]
      },
      "id": "node/4302905917"
    },
    {
      "type": "Feature",
      "properties": {
        "@id": "node/4302905918",
        "addr:city": "Singapore",
        "addr:country": "SG",
        "addr:housenumber": "62",
        "addr:postcode": "058353",
        "addr:street": "Upper Cross Street",
        "name": "Bliss Hotel",
        "tourism": "hotel",
        "website": "https://www.blisshotel.com.sg/"
      },
      "geometry": {
        "type": "Point",
        "coordinates": [
          103.8443042,
          1.2844578
        ]
      },
      "id": "node/4302905918"
    },
    {
      "type": "Feature",
      "properties": {
        "@id": "node/4302905919",
        "addr:city": "Singapore",
        "addr:country": "SG",
        "addr:housenumber": "33B",
        "addr:postcode": "059672",
        "addr:street": "Hongkong Street",
        "name": "Blissful Loft",
        "name:zh": "新加坡德佑阁楼酒店",
        "tourism": "hotel",
        "website": "www.blissfulloft.com"
      },
      "geometry": {
        "type": "Point",
        "coordinates": [
          103.8471387,
          1.287477
        ]
      },
      "id": "node/4302905919"
    },
    {
      "type": "Feature",
      "properties": {
        "@id": "node/4302905920",
        "addr:city": "Singapore",
        "addr:country": "SG",
        "addr:housenumber": "20",
        "addr:postcode": "388575",
        "addr:street": "Lorong 17 Geylang",
        "name": "Bright Star Hotel",
        "tourism": "hotel"
      },
      "geometry": {
        "type": "Point",
        "coordinates": [
          103.8788676,
          1.313516
        ]
      },
      "id": "node/4302905920"
    },
    {
      "type": "Feature",
      "properties": {
        "@id": "node/4302905921",
        "addr:city": "Singapore",
        "addr:country": "SG",
        "addr:housenumber": "195",
        "addr:postcode": "218067",
        "addr:street": "Serangoon Road",
        "name": "Broadway Hotel",
        "tourism": "hotel",
        "website": "http://www.broadwayhotelsingapore.com"
      },
      "geometry": {
        "type": "Point",
        "coordinates": [
          103.8532245,
          1.3091791
        ]
      },
      "id": "node/4302905921"
    },
    {
      "type": "Feature",
      "properties": {
        "@id": "node/4302905923",
        "addr:city": "Singapore",
        "addr:country": "SG",
        "addr:housenumber": "10",
        "addr:postcode": "398793",
        "addr:street": "Lorong 18 Geylang",
        "name": "Budgetone Hotel",
        "tourism": "hotel"
      },
      "geometry": {
        "type": "Point",
        "coordinates": [
          103.8804838,
          1.3122538
        ]
      },
      "id": "node/4302905923"
    },
    {
      "type": "Feature",
      "properties": {
        "@id": "node/4302905926",
        "addr:city": "Singapore",
        "addr:country": "SG",
        "addr:housenumber": "393F",
        "addr:postcode": "486917",
        "addr:street": "Upper Changi Road",
        "name": "Cameron Hotel",
        "tourism": "hotel",
        "website": "https://www.cameronhotel.com.sg/"
      },
      "geometry": {
        "type": "Point",
        "coordinates": [
          103.954974,
          1.3367424
        ]
      },
      "id": "node/4302905926"
    },
    {
      "type": "Feature",
      "properties": {
        "@id": "node/4302905927",
        "addr:city": "Singapore",
        "addr:country": "SG",
        "addr:housenumber": "1",
        "addr:postcode": "098297",
        "addr:street": "The Knolls",
        "air_conditioning": "yes",
        "facebook": "https://www.facebook.com/capellasingapore.sentosa",
        "internet_access": "wlan",
        "internet_access:fee": "no",
        "name": "Capella Singapore",
        "name:zh": "嘉佩乐酒店",
        "phone": "+65 6377 8888",
        "rooms": "112",
        "stars": "5",
        "tourism": "hotel",
        "website": "https://www.capellahotels.com/singapore/",
        "wikidata": "Q39056278",
        "wikimedia_commons": "Category:Capella Resort (Sentosa)",
        "wikipedia": "en:Capella Resort, Singapore"
      },
      "geometry": {
        "type": "Point",
        "coordinates": [
          103.8244312,
          1.2496982
        ]
      },
      "id": "node/4302905927"
    },
    {
      "type": "Feature",
      "properties": {
        "@id": "node/4302905928",
        "addr:city": "Singapore",
        "addr:country": "SG",
        "addr:housenumber": "3",
        "addr:postcode": "486037",
        "addr:street": "Changi Business Park Central 1",
        "name": "Dorsett Changi City Singapore",
        "tourism": "hotel",
        "website": "https://singapore.capribyfraser.com/"
      },
      "geometry": {
        "type": "Point",
        "coordinates": [
          103.9635838,
          1.3342656
        ]
      },
      "id": "node/4302905928"
    },
    {
      "type": "Feature",
      "properties": {
        "@id": "node/4302905930",
        "addr:city": "Singapore",
        "addr:country": "SG",
        "addr:housenumber": "76",
        "addr:postcode": "189558",
        "addr:street": "Bras Basah Road",
        "email": "mail@carltonhotel.sg",
        "fax": "+65 63396866",
        "name": "Carlton Hotel Singapore",
        "phone": "+65 63388333",
        "start_date": "1988",
        "tourism": "hotel",
        "website": "https://www.carltonhotel.sg/",
        "wheelchair": "yes"
      },
      "geometry": {
        "type": "Point",
        "coordinates": [
          103.8525377,
          1.2957589
        ]
      },
      "id": "node/4302905930"
    },
    {
      "type": "Feature",
      "properties": {
        "@id": "node/4302905932",
        "addr:city": "Singapore",
        "addr:country": "SG",
        "addr:housenumber": "60",
        "addr:postcode": "427726",
        "addr:street": "Joo Chiat Road",
        "check_date": "2024-04-21",
        "name": "Champion Hotel",
        "source": "Kaart Ground Survey 2017",
        "tourism": "hotel",
        "website": "www.championhotel.com.sg"
      },
      "geometry": {
        "type": "Point",
        "coordinates": [
          103.8984613,
          1.3147981
        ]
      },
      "id": "node/4302905932"
    },
    {
      "type": "Feature",
      "properties": {
        "@id": "node/4302905933",
        "addr:city": "Singapore",
        "addr:country": "SG",
        "addr:housenumber": "15",
        "addr:postcode": "388607",
        "addr:street": "Lorong 15 Geylang",
        "name": "Chang Ziang Hotel",
        "tourism": "hotel",
        "website": "www.changzianghotel.com"
      },
      "geometry": {
        "type": "Point",
        "coordinates": [
          103.87805,
          1.3131637
        ]
      },
      "id": "node/4302905933"
    },
    {
      "type": "Feature",
      "properties": {
        "@id": "node/4302905935",
        "addr:city": "Singapore",
        "addr:country": "SG",
        "addr:housenumber": "46-50",
        "addr:postcode": "209918",
        "addr:street": "Campbell Lane",
        "name": "Checkers Backpackers",
        "tourism": "hotel",
        "website": "www.checkers-backpackers.com"
      },
      "geometry": {
        "type": "Point",
        "coordinates": [
          103.852589,
          1.3050473
        ]
      },
      "id": "node/4302905935"
    },
    {
      "type": "Feature",
      "properties": {
        "@id": "node/4302905936",
        "addr:city": "Singapore",
        "addr:country": "SG",
        "addr:housenumber": "159",
        "addr:postcode": "509404",
        "addr:street": "Jalan Loyang Besar",
        "name": "Cherryloft Resorts",
        "tourism": "hotel"
      },
      "geometry": {
        "type": "Point",
        "coordinates": [
          103.9583176,
          1.3791686
        ]
      },
      "id": "node/4302905936"
    },
    {
      "type": "Feature",
      "properties": {
        "@id": "node/4302905937",
        "addr:city": "Singapore",
        "addr:country": "SG",
        "addr:housenumber": "12",
        "addr:postcode": "088387",
        "addr:street": "Teck Lim Road",
        "addr:unit": "12/14/16",
        "contact:instagram": "https://www.instagram.com/hotelsoloha/",
        "email": "enquiries@solohahotels.com",
        "facebook": "https://www.facebook.com/hotelsoloha/",
        "internet_access": "wlan",
        "internet_access:fee": "no",
        "name": "Soloha",
        "phone": "+65 6222 8881",
        "stars": "4",
        "tourism": "hotel",
        "website": "https://solohahotels.com/",
        "wheelchair": "yes"
      },
      "geometry": {
        "type": "Point",
        "coordinates": [
          103.8419212,
          1.2803281
        ]
      },
      "id": "node/4302905937"
    },
    {
      "type": "Feature",
      "properties": {
        "@id": "node/4302905942",
        "addr:city": "Singapore",
        "addr:country": "SG",
        "addr:housenumber": "100",
        "addr:postcode": "238840",
        "addr:street": "Orchard Road",
        "check_date": "2025-05-31",
        "name": "Concorde Hotel Singapore",
        "tourism": "hotel",
        "website": "www.concordehotel.com.sg"
      },
      "geometry": {
        "type": "Point",
        "coordinates": [
          103.8422281,
          1.3006144
        ]
      },
      "id": "node/4302905942"
    },
    {
      "type": "Feature",
      "properties": {
        "@id": "node/4302905943",
        "addr:city": "Singapore",
        "addr:country": "SG",
        "addr:housenumber": "2",
        "addr:postcode": "038982",
        "addr:street": "Temasek Boulevard",
        "brand": "Conrad",
        "brand:wikidata": "Q855525",
        "brand:wikipedia": "en: Hilton Hotels & Resorts",
        "contact:email": "conrad_singapore@conradhotels.com",
        "contact:facebook": "https://www.facebook.com/conradsingaporemarinabay",
        "contact:fax": "+65 6333 9166",
        "contact:instagram": "https://www.instagram.com/conradsingaporemarinabay/",
        "internet_access": "yes",
        "internet_access:fee": "yes",
        "name": "Conrad Singapore Marina Bay",
        "operator": "Hilton",
        "phone": "+65 6334 8888",
        "rooms": "512",
        "stars": "5",
        "tourism": "hotel",
        "website": "https://www.hilton.com/en/hotels/sincici-conrad-singapore-marina-bay/",
        "wikidata": "Q1126748",
        "wikimedia_commons": "Category:Conrad Centennial Singapore",
        "wikipedia": "en:Conrad Singapore Marina Bay"
      },
      "geometry": {
        "type": "Point",
        "coordinates": [
          103.8587748,
          1.293525
        ]
      },
      "id": "node/4302905943"
    },
    {
      "type": "Feature",
      "properties": {
        "@id": "node/4302905944",
        "addr:city": "Singapore",
        "addr:country": "SG",
        "addr:housenumber": "403",
        "addr:postcode": "169632",
        "addr:street": "Havelock Road",
        "check_date": "2025-04-23",
        "name": "Copthorne King Hotel",
        "tourism": "hotel",
        "website": "www.copthornekings.com.sg"
      },
      "geometry": {
        "type": "Point",
        "coordinates": [
          103.8366425,
          1.2882596
        ]
      },
      "id": "node/4302905944"
    },
    {
      "type": "Feature",
      "properties": {
        "@id": "node/4302905945",
        "addr:city": "Singapore",
        "addr:country": "SG",
        "addr:housenumber": "77A & 79A",
        "addr:postcode": "389198",
        "addr:street": "Geylang Road",
        "check_date": "2023-11-05",
        "name": "The Room Capsule Hotel",
        "tourism": "hotel"
      },
      "geometry": {
        "type": "Point",
        "coordinates": [
          103.8729379,
          1.3107642
        ]
      },
      "id": "node/4302905945"
    },
    {
      "type": "Feature",
      "properties": {
        "@id": "node/4302905947",
        "addr:city": "Singapore",
        "addr:country": "SG",
        "addr:housenumber": "75",
        "addr:postcode": "819664",
        "addr:street": "Airport Boulevard",
        "brand": "Crowne Plaza",
        "brand:wikidata": "Q2746220",
        "brand:wikipedia": "en:Crowne Plaza",
        "check_date": "2024-04-21",
        "email": "SINCP@ihg.com",
        "internet_access": "wlan",
        "internet_access:fee": "no",
        "name": "Crowne Plaza (Changi Airport)",
        "name:it": "Crowne Plaza",
        "name:zh": "樟宜机场皇冠假日酒店",
        "phone": "+65 6823 5300",
        "stars": "5",
        "tourism": "hotel",
        "website": "https://www.ihg.com/crowneplaza/hotels/us/en/singapore/sincp/hoteldetail",
        "wheelchair": "yes"
      },
      "geometry": {
        "type": "Point",
        "coordinates": [
          103.9879472,
          1.3586803
        ]
      },
      "id": "node/4302905947"
    },
    {
      "type": "Feature",
      "properties": {
        "@id": "node/4302905948",
        "addr:city": "Singapore",
        "addr:country": "SG",
        "addr:housenumber": "270",
        "addr:postcode": "209019",
        "addr:street": "Jalan Besar",
        "brand": "Holiday Inn Express",
        "brand:wikidata": "Q5880423",
        "name": "Holiday Inn Express Singapore Serangoon",
        "tourism": "hotel"
      },
      "geometry": {
        "type": "Point",
        "coordinates": [
          103.8586303,
          1.3101411
        ]
      },
      "id": "node/4302905948"
    },
    {
      "type": "Feature",
      "properties": {
        "@id": "node/4302905949",
        "addr:city": "Singapore",
        "addr:country": "SG",
        "addr:housenumber": "10",
        "addr:postcode": "718813",
        "addr:street": "Neo Tiew Lane 2",
        "name": "Gallop Kranji Farm Resort",
        "old_name": "D'Kranji Farm Resort",
        "old_name:en": "D'Kranji Farm Resort",
        "old_name:zh": "克兰之农业度假村",
        "tourism": "hotel",
        "website": "https://www.dkranji.com.sg/"
      },
      "geometry": {
        "type": "Point",
        "coordinates": [
          103.7187043,
          1.4201431
        ]
      },
      "id": "node/4302905949"
    },
    {
      "type": "Feature",
      "properties": {
        "@id": "node/4302905950",
        "addr:city": "Singapore",
        "addr:country": "SG",
        "addr:housenumber": "32",
        "addr:postcode": "399096",
        "addr:street": "Lorong 8 Geylang",
        "name": "Darlene Hotel (Geylang)",
        "tourism": "hotel"
      },
      "geometry": {
        "type": "Point",
        "coordinates": [
          103.87697,
          1.3109009
        ]
      },
      "id": "node/4302905950"
    },
    {
      "type": "Feature",
      "properties": {
        "@id": "node/4302905951",
        "addr:city": "Singapore",
        "addr:country": "SG",
        "addr:housenumber": "1",
        "addr:postcode": "329133",
        "addr:street": "Jalan Rajah",
        "air_conditioning": "yes",
        "branch": "Singapore Novena East Wing",
        "brand": "Aloft",
        "brand:wikidata": "Q4734166",
        "check_date": "2025-11-05",
        "name": "Aloft",
        "reservation": "yes",
        "stars": "3",
        "tourism": "hotel",
        "website": "https://www.ramada-dayshotelssingapore.com/"
      },
      "geometry": {
        "type": "Point",
        "coordinates": [
          103.8473659,
          1.3269777
        ]
      },
      "id": "node/4302905951"
    },
    {
      "type": "Feature",
      "properties": {
        "@id": "node/4302905952",
        "addr:city": "Singapore",
        "addr:country": "SG",
        "addr:housenumber": "37",
        "addr:postcode": "399099",
        "addr:street": "Lorong 8 Geylang",
        "addr:unit": "A/B/C",
        "name": "K Hotel 8",
        "phone": "+6566772790",
        "tourism": "hotel",
        "website": "https://www.khotel.co/"
      },
      "geometry": {
        "type": "Point",
        "coordinates": [
          103.8772781,
          1.3106599
        ]
      },
      "id": "node/4302905952"
    },
    {
      "type": "Feature",
      "properties": {
        "@id": "node/4302905957",
        "addr:city": "Singapore",
        "addr:country": "SG",
        "addr:housenumber": "317",
        "addr:postcode": "169075",
        "addr:street": "Outram Road",
        "brand": "Holiday Inn",
        "brand:wikidata": "Q2717882",
        "check_date": "2025-04-23",
        "name": "Holiday Inn (Atrium)",
        "tourism": "hotel",
        "website": "https://www.holiday-inn.com/atrium-sin"
      },
      "geometry": {
        "type": "Point",
        "coordinates": [
          103.8344626,
          1.2887766
        ]
      },
      "id": "node/4302905957"
    },
    {
      "type": "Feature",
      "properties": {
        "@id": "node/4302905958",
        "addr:city": "Singapore",
        "addr:country": "SG",
        "addr:housenumber": "11",
        "addr:postcode": "229616",
        "addr:street": "Cavenagh Road",
        "brand": "Holiday Inn",
        "brand:wikidata": "Q2717882",
        "name": "Holiday Inn (Orchard City Centre)",
        "tourism": "hotel",
        "website": "https://www.holidayinn.com/hotels/us/en/singapore/sinpv/hoteldetail"
      },
      "geometry": {
        "type": "Point",
        "coordinates": [
          103.8411016,
          1.3022791
        ]
      },
      "id": "node/4302905958"
    },
    {
      "type": "Feature",
      "properties": {
        "@id": "node/4302905960",
        "addr:city": "Singapore",
        "addr:country": "SG",
        "addr:housenumber": "20",
        "addr:postcode": "229921",
        "addr:street": "Bideford Road",
        "brand": "Holiday Inn Express",
        "brand:wikidata": "Q5880423",
        "name": "Holiday Inn Express (Orchard Road)",
        "tourism": "hotel"
      },
      "geometry": {
        "type": "Point",
        "coordinates": [
          103.8366804,
          1.303228
        ]
      },
      "id": "node/4302905960"
    },
    {
      "type": "Feature",
      "properties": {
        "@id": "node/4302905963",
        "addr:city": "Singapore",
        "addr:country": "SG",
        "addr:housenumber": "165",
        "addr:postcode": "208532",
        "addr:street": "Kitchener Road",
        "name": "Hotel 165",
        "tourism": "hotel"
      },
      "geometry": {
        "type": "Point",
        "coordinates": [
          103.856274,
          1.3104789
        ]
      },
      "id": "node/4302905963"
    },
    {
      "type": "Feature",
      "properties": {
        "@id": "node/4302905964",
        "addr:city": "Singapore",
        "addr:country": "SG",
        "addr:housenumber": "50",
        "addr:postcode": "089154",
        "addr:street": "Keong Saik Road",
        "internet_access": "wlan",
        "name": "hotel 1929",
        "tourism": "hotel",
        "website": "https://www.hotel1929.com/"
      },
      "geometry": {
        "type": "Point",
        "coordinates": [
          103.8418123,
          1.2807922
        ]
      },
      "id": "node/4302905964"
    },
    {
      "type": "Feature",
      "properties": {
        "@id": "node/4302905968",
        "addr:city": "Singapore",
        "addr:country": "SG",
        "addr:housenumber": "428",
        "addr:postcode": "419871",
        "addr:street": "Changi Road",
        "addr:unit": "#01-01",
        "branch": "Changi",
        "brand": "Hotel 81",
        "name": "Hotel 81",
        "tourism": "hotel",
        "website": "https://www.hotel81.com.sg/",
        "wheelchair": "yes"
      },
      "geometry": {
        "type": "Point",
        "coordinates": [
          103.9116567,
          1.3187006
        ]
      },
      "id": "node/4302905968"
    },
    {
      "type": "Feature",
      "properties": {
        "@id": "node/4302905969",
        "addr:city": "Singapore",
        "addr:country": "SG",
        "addr:housenumber": "3",
        "addr:postcode": "399014",
        "addr:street": "Lorong 12 Geylang",
        "brand": "Hotel 81",
        "name": "Hotel 81 (Cherry)",
        "tourism": "hotel",
        "website": "https://www.hotel81.com.sg/"
      },
      "geometry": {
        "type": "Point",
        "coordinates": [
          103.8784174,
          1.3119912
        ]
      },
      "id": "node/4302905969"
    },
    {
      "type": "Feature",
      "properties": {
        "@id": "node/4302905971",
        "addr:city": "Singapore",
        "addr:country": "SG",
        "addr:housenumber": "12",
        "addr:postcode": "427353",
        "addr:street": "Joo Chiat Road",
        "brand": "Hotel 81",
        "check_date": "2024-11-17",
        "name": "Hotel 81 (Classic)",
        "source": "Kaart Ground Survey 2017",
        "tourism": "hotel",
        "website": "https://www.hotel81.com.sg/"
      },
      "geometry": {
        "type": "Point",
        "coordinates": [
          103.8978048,
          1.3156788
        ]
      },
      "id": "node/4302905971"
    },
    {
      "type": "Feature",
      "properties": {
        "@id": "node/4302905972",
        "addr:city": "Singapore",
        "addr:country": "SG",
        "addr:housenumber": "8",
        "addr:postcode": "089263",
        "addr:street": "Jiak Chuan Road",
        "brand": "Hotel 81",
        "name": "Hotel 81 (Cosy)",
        "tourism": "hotel",
        "website": "https://www.hotel81.com.sg/"
      },
      "geometry": {
        "type": "Point",
        "coordinates": [
          103.8418833,
          1.2796864
        ]
      },
      "id": "node/4302905972"
    },
    {
      "type": "Feature",
      "properties": {
        "@id": "node/4302905973",
        "addr:city": "Singapore",
        "addr:country": "SG",
        "addr:housenumber": "3",
        "addr:postcode": "209530",
        "addr:street": "Dickson Road",
        "brand": "Hotel 81",
        "name": "Hotel 81 (Dickson)",
        "tourism": "hotel",
        "website": "https://www.hotel81.com.sg/",
        "wikidata": "Q111399648"
      },
      "geometry": {
        "type": "Point",
        "coordinates": [
          103.8542693,
          1.3049045
        ]
      },
      "id": "node/4302905973"
    },
    {
      "type": "Feature",
      "properties": {
        "@id": "node/4302905974",
        "addr:city": "Singapore",
        "addr:country": "SG",
        "addr:housenumber": "30",
        "addr:postcode": "209276",
        "addr:street": "Foch Road",
        "addr:unit": "#01-01",
        "brand": "Hotel 81",
        "name": "Hotel 81 (Elegance)",
        "tourism": "hotel",
        "website": "https://www.hotel81.com.sg/",
        "wikidata": "Q111429495"
      },
      "geometry": {
        "type": "Point",
        "coordinates": [
          103.8602834,
          1.3124598
        ]
      },
      "id": "node/4302905974"
    },
    {
      "type": "Feature",
      "properties": {
        "@id": "node/4302905977",
        "addr:city": "Singapore",
        "addr:country": "SG",
        "addr:housenumber": "20",
        "addr:postcode": "398738",
        "addr:street": "Lorong 20 Geylang",
        "brand": "Hotel 81",
        "name": "Hotel 81 (Gold)",
        "tourism": "hotel",
        "website": "https://www.hotel81.com.sg/",
        "wikidata": "Q111429520"
      },
      "geometry": {
        "type": "Point",
        "coordinates": [
          103.8811222,
          1.3119564
        ]
      },
      "id": "node/4302905977"
    },
    {
      "type": "Feature",
      "properties": {
        "@id": "node/4302905978",
        "addr:city": "Singapore",
        "addr:country": "SG",
        "addr:housenumber": "27",
        "addr:postcode": "209196",
        "addr:street": "Hamilton Road",
        "name": "Lofi Inn",
        "tourism": "hotel",
        "website": "www.lofiinn.com"
      },
      "geometry": {
        "type": "Point",
        "coordinates": [
          103.8610655,
          1.3116011
        ]
      },
      "id": "node/4302905978"
    },
    {
      "type": "Feature",
      "properties": {
        "@id": "node/4302905980",
        "addr:city": "Singapore",
        "addr:country": "SG",
        "addr:housenumber": "76A/B & 78A/B",
        "addr:postcode": "058971",
        "addr:street": "Smith Street",
        "name": "Lulu Hotel",
        "tourism": "hotel",
        "website": "www.lulu-hotel.com"
      },
      "geometry": {
        "type": "Point",
        "coordinates": [
          103.843006,
          1.2831615
        ]
      },
      "id": "node/4302905980"
    },
    {
      "type": "Feature",
      "properties": {
        "@id": "node/4302905982",
        "addr:city": "Singapore",
        "addr:country": "SG",
        "addr:housenumber": "90",
        "addr:postcode": "238259",
        "addr:street": "Robertson Quay",
        "name": "M Social Singapore",
        "phone": "+6562061888",
        "tourism": "hotel",
        "website": "https://www.millenniumhotels.com/en/singapore/m-social-singapore/"
      },
      "geometry": {
        "type": "Point",
        "coordinates": [
          103.8371494,
          1.2906671
        ]
      },
      "id": "node/4302905982"
    },
    {
      "type": "Feature",
      "properties": {
        "@id": "node/4302905985",
        "addr:city": "Singapore",
        "addr:country": "SG",
        "addr:housenumber": "333",
        "addr:postcode": "238867",
        "addr:street": "Orchard Road",
        "brand": "Hilton",
        "brand:wikidata": "Q598884",
        "brand:wikipedia": "en:Hilton Hotels & Resorts",
        "check_date": "2024-06-13",
        "contact:facebook": "https://www.facebook.com/hiltonsingaporeorchard",
        "contact:instagram": "https://www.instagram.com/hiltonsingaporeorchard/",
        "contact:linkedin": "https://www.linkedin.com/company/hilton-singapore-orchard/",
        "email": "hiltonsingaporeorchard.reservations@hilton.com",
        "internet_access": "yes",
        "internet_access:fee": "yes",
        "name": "Hilton Singapore Orchard",
        "phone": "+65 6737 4411",
        "rooms": "1080",
        "tourism": "hotel",
        "website": "https://www.hilton.com/en/hotels/sinorhi-hilton-singapore-orchard/",
        "wikidata": "Q111243216",
        "wikipedia": "en:Hilton Singapore Orchard"
      },
      "geometry": {
        "type": "Point",
        "coordinates": [
          103.8359161,
          1.3019079
        ]
      },
      "id": "node/4302905985"
    },
    {
      "type": "Feature",
      "properties": {
        "@id": "node/4302905986",
        "addr:city": "Singapore",
        "addr:country": "SG",
        "addr:housename": "Marina Square",
        "addr:housenumber": "5",
        "addr:postcode": "039797",
        "addr:street": "Raffles Avenue",
        "brand": "Mandarin Oriental",
        "name": "Mandarin Oriental Singapore",
        "name:zh": "新加坡文华东方酒店",
        "stars": "5",
        "tourism": "hotel",
        "website": "https://www.mandarinoriental.com",
        "wikidata": "Q490244",
        "wikimedia_commons": "Category:Mandarin Oriental Singapore",
        "wikipedia": "en:Mandarin Oriental, Singapore"
      },
      "geometry": {
        "type": "Point",
        "coordinates": [
          103.858324,
          1.2906606
        ]
      },
      "id": "node/4302905986"
    },
    {
      "type": "Feature",
      "properties": {
        "@id": "node/4302905987",
        "addr:city": "Singapore",
        "addr:country": "SG",
        "addr:housenumber": "10",
        "addr:postcode": "018956",
        "addr:street": "Bayfront Avenue",
        "internet_access": "wlan",
        "internet_access:fee": "no",
        "name": "Marina Bay Sands",
        "name:en": "Marina Bay Sands",
        "name:ko": "마리나 베이 샌즈",
        "name:zh": "濱海灣金沙娛樂城",
        "stars": "5",
        "tourism": "hotel",
        "website": "https://www.marinabaysands.com/",
        "wikidata": "Q548679",
        "wikimedia_commons": "Category:Marina Bay Sands",
        "wikipedia": "en:Marina Bay Sands"
      },
      "geometry": {
        "type": "Point",
        "coordinates": [
          103.8607226,
          1.2836965
        ]
      },
      "id": "node/4302905987"
    },
    {
      "type": "Feature",
      "properties": {
        "@id": "node/4302905992",
        "addr:city": "Singapore",
        "addr:country": "SG",
        "addr:housenumber": "50",
        "addr:postcode": "398824",
        "addr:street": "Lorong 18 Geylang",
        "brand": "Ibis Budget",
        "brand:wikidata": "Q1458135",
        "brand:wikipedia": "en:Ibis Budget",
        "name": "Ibis Budget Singapore Crystal",
        "old_name": "Fragrance Hotel (Crystal)",
        "tourism": "hotel",
        "website": "https://www.fragrancehotel.com/",
        "wikidata": "Q111406927"
      },
      "geometry": {
        "type": "Point",
        "coordinates": [
          103.8806177,
          1.3105884
        ]
      },
      "id": "node/4302905992"
    },
    {
      "type": "Feature",
      "properties": {
        "@id": "node/4302905994",
        "addr:city": "Singapore",
        "addr:country": "SG",
        "addr:housenumber": "28",
        "addr:postcode": "208187",
        "addr:street": "Penhas Road",
        "brand": "Fragrance Hotel",
        "name": "Fragrance Hotel (Imperial)",
        "tourism": "hotel",
        "website": "https://www.fragrancehotel.com/"
      },
      "geometry": {
        "type": "Point",
        "coordinates": [
          103.8624254,
          1.309636
        ]
      },
      "id": "node/4302905994"
    },
    {
      "type": "Feature",
      "properties": {
        "@id": "node/4302905998",
        "addr:city": "Singapore",
        "addr:country": "SG",
        "addr:housenumber": "432",
        "addr:postcode": "118773",
        "addr:street": "Pasir Panjang Road",
        "brand": "Fragrance Hotel",
        "check_date": "2026-01-13",
        "name": "Fragrance Hotel (Ocean View)",
        "tourism": "hotel",
        "website": "https://www.fragrancehotel.com/"
      },
      "geometry": {
        "type": "Point",
        "coordinates": [
          103.7685128,
          1.2924138
        ]
      },
      "id": "node/4302905998"
    },
    {
      "type": "Feature",
      "properties": {
        "@id": "node/4302906002",
        "addr:city": "Singapore",
        "addr:country": "SG",
        "addr:housenumber": "400",
        "addr:postcode": "098838",
        "addr:street": "Telok Blangah Road",
        "brand": "Fragrance Hotel",
        "name": "Fragrance Hotel (Royal)",
        "tourism": "hotel",
        "website": "https://www.fragrancehotel.com/"
      },
      "geometry": {
        "type": "Point",
        "coordinates": [
          103.813875,
          1.2697068
        ]
      },
      "id": "node/4302906002"
    },
    {
      "type": "Feature",
      "properties": {
        "@id": "node/4302906003",
        "addr:city": "Singapore",
        "addr:country": "SG",
        "addr:housenumber": "10",
        "addr:postcode": "398730",
        "addr:street": "Lorong 20 Geylang",
        "brand": "Ibis Budget",
        "brand:wikidata": "Q1458135",
        "name": "Ibis Budget Singapore Ruby",
        "tourism": "hotel",
        "website": "https://www.fragrancehotel.com/",
        "wikidata": "Q111406926"
      },
      "geometry": {
        "type": "Point",
        "coordinates": [
          103.8810971,
          1.3122381
        ]
      },
      "id": "node/4302906003"
    },
    {
      "type": "Feature",
      "properties": {
        "@id": "node/4302906004",
        "addr:city": "Singapore",
        "addr:country": "SG",
        "addr:housenumber": "3",
        "addr:postcode": "399037",
        "addr:street": "Lorong 10 Geylang",
        "brand": "Ibis Budget",
        "brand:wikidata": "Q1458135",
        "name": "Ibis Budget Singapore Sapphire",
        "tourism": "hotel",
        "website": "https://www.fragrancehotel.com/",
        "wikidata": "Q111429510"
      },
      "geometry": {
        "type": "Point",
        "coordinates": [
          103.8777213,
          1.3117532
        ]
      },
      "id": "node/4302906004"
    },
    {
      "type": "Feature",
      "properties": {
        "@id": "node/4302906006",
        "addr:city": "Singapore",
        "addr:country": "SG",
        "addr:housenumber": "10",
        "addr:postcode": "399043",
        "addr:street": "Lorong 10 Geylang",
        "brand": "Ibis Budget",
        "brand:wikidata": "Q1458135",
        "internet_access": "wlan",
        "internet_access:fee": "customers",
        "name": "Ibis Budget Singapore Ametrine",
        "phone": "+6568467888",
        "stars": "2",
        "tourism": "hotel",
        "website": "https://all.accor.com/lien_externe.svlt?goto=fiche_hotel&code_hotel=B6H7&merchantid=seo-maps-SG-B6H7&sourceid=aw-cen&utm_medium=seo+maps&utm_source=google+Maps&utm_campaign=seo+maps&y_source=1_MTUzNTg0MzMtNzE1LWxvY2F0aW9uLndlYnNpdGU%3D",
        "wikidata": "Q111429511"
      },
      "geometry": {
        "type": "Point",
        "coordinates": [
          103.8775562,
          1.3114563
        ]
      },
      "id": "node/4302906006"
    },
    {
      "type": "Feature",
      "properties": {
        "@id": "node/4302906007",
        "addr:city": "Singapore",
        "addr:country": "SG",
        "addr:housenumber": "75",
        "addr:postcode": "098721",
        "addr:street": "Wishart Road",
        "brand": "Fragrance Hotel",
        "name": "Fragrance Hotel (Viva)",
        "tourism": "hotel",
        "website": "https://www.fragrancehotel.com/"
      },
      "geometry": {
        "type": "Point",
        "coordinates": [
          103.8139698,
          1.2698881
        ]
      },
      "id": "node/4302906007"
    },
    {
      "type": "Feature",
      "properties": {
        "@id": "node/4302906008",
        "addr:city": "Singapore",
        "addr:country": "SG",
        "addr:housenumber": "418",
        "addr:postcode": "118759",
        "addr:street": "Pasir Panjang Road",
        "brand": "Fragrance Hotel",
        "name": "Fragrance Hotel (Waterfront)",
        "tourism": "hotel",
        "website": "https://www.fragrancehotel.com/"
      },
      "geometry": {
        "type": "Point",
        "coordinates": [
          103.7688883,
          1.2922089
        ]
      },
      "id": "node/4302906008"
    },
    {
      "type": "Feature",
      "properties": {
        "@id": "node/4302906010",
        "addr:city": "Singapore",
        "addr:country": "SG",
        "addr:housenumber": "405",
        "addr:postcode": "169633",
        "addr:street": "Havelock Road",
        "check_date": "2025-04-23",
        "name": "Furama Riverfront Singapore",
        "tourism": "hotel",
        "website": "www.furama.com/riverfront/"
      },
      "geometry": {
        "type": "Point",
        "coordinates": [
          103.8359761,
          1.2876291
        ]
      },
      "id": "node/4302906010"
    },
    {
      "type": "Feature",
      "properties": {
        "@id": "node/4302906013",
        "addr:city": "Singapore",
        "addr:country": "SG",
        "addr:housenumber": "115",
        "addr:postcode": "389218",
        "addr:street": "Geylang Road",
        "brand": "Habyt",
        "email": "kallang@habyt.com",
        "name": "Habyt Kallang",
        "phone": "+65 9478 5513",
        "tourism": "hotel",
        "website": "https://kallang.habyt.com/"
      },
      "geometry": {
        "type": "Point",
        "coordinates": [
          103.8737852,
          1.3111077
        ]
      },
      "id": "node/4302906013"
    },
    {
      "type": "Feature",
      "properties": {
        "@id": "node/4302906014",
        "addr:city": "Singapore",
        "addr:country": "SG",
        "addr:housenumber": "2",
        "addr:postcode": "608516",
        "addr:street": "Town Hall Link",
        "brand": "Genting",
        "building": "hotel",
        "name": "Genting Hotel (Jurong)",
        "tourism": "hotel",
        "website": "https://www.rwsentosa.com/"
      },
      "geometry": {
        "type": "Point",
        "coordinates": [
          103.7392596,
          1.3315616
        ]
      },
      "id": "node/4302906014"
    },
    {
      "type": "Feature",
      "properties": {
        "@id": "node/4302906015",
        "addr:city": "Singapore",
        "addr:country": "SG",
        "addr:housenumber": "61",
        "addr:postcode": "397662",
        "addr:street": "Westerhout Road",
        "branch": "Geylang",
        "brand": "RedDoorz",
        "brand:wikidata": "Q78186049",
        "name": "RedDoorz",
        "tourism": "hotel",
        "website": "https://www.reddoorz.com/en-sg/hotel/singapore/singapore/geylang/reddoorz-geylang",
        "wikidata": "Q111099979"
      },
      "geometry": {
        "type": "Point",
        "coordinates": [
          103.8810366,
          1.3111938
        ]
      },
      "id": "node/4302906015"
    },
    {
      "type": "Feature",
      "properties": {
        "@id": "node/4302906016",
        "addr:city": "Singapore",
        "addr:country": "SG",
        "addr:housenumber": "51",
        "addr:postcode": "209645",
        "addr:street": "Desker Road",
        "name": "Golden Royal Hotel",
        "tourism": "hotel",
        "website": "www.goldenroyal-hotel.com"
      },
      "geometry": {
        "type": "Point",
        "coordinates": [
          103.8552509,
          1.3091421
        ]
      },
      "id": "node/4302906016"
    },
    {
      "type": "Feature",
      "properties": {
        "@id": "node/4302906017",
        "addr:city": "Singapore",
        "addr:country": "SG",
        "addr:housenumber": "31",
        "addr:postcode": "399095",
        "addr:street": "Lorong 8 Geylang",
        "name": "Golden Star Hotel",
        "tourism": "hotel"
      },
      "geometry": {
        "type": "Point",
        "coordinates": [
          103.877269,
          1.3107661
        ]
      },
      "id": "node/4302906017"
    },
    {
      "type": "Feature",
      "properties": {
        "@id": "node/4302906018",
        "addr:city": "Singapore",
        "addr:country": "SG",
        "addr:housenumber": "22",
        "addr:postcode": "228221",
        "addr:street": "Scotts Road",
        "name": "Goodwood Park Hotel",
        "tourism": "hotel",
        "website": "https://www.goodwoodparkhotel.com/",
        "wikidata": "Q5583726",
        "wikipedia": "en:Goodwood Park Hotel"
      },
      "geometry": {
        "type": "Point",
        "coordinates": [
          103.8341091,
          1.3082222
        ]
      },
      "id": "node/4302906018"
    },
    {
      "type": "Feature",
      "properties": {
        "@id": "node/4302906019",
        "addr:city": "Singapore",
        "addr:country": "SG",
        "addr:housenumber": "392",
        "addr:postcode": "169663",
        "addr:street": "Havelock Road",
        "name": "Grand Copthorne Waterfront Hotel",
        "tourism": "hotel",
        "website": "www.grandcopthorne.com.sg"
      },
      "geometry": {
        "type": "Point",
        "coordinates": [
          103.8349983,
          1.2905075
        ]
      },
      "id": "node/4302906019"
    },
    {
      "type": "Feature",
      "properties": {
        "@id": "node/4302906020",
        "addr:city": "Singapore",
        "addr:country": "SG",
        "addr:housenumber": "10-12",
        "addr:postcode": "228211",
        "addr:street": "Scotts Road",
        "brand": "Grand Hyatt",
        "brand:wikidata": "Q115794899",
        "name": "Grand Hyatt Singapore",
        "name:ja": "グランド・ハイアット・シンガポール",
        "tourism": "hotel",
        "website": "https://www.singapore.grand.hyatt.com/",
        "wikidata": "Q11300362",
        "wikipedia": "en:Grand Hyatt Singapore"
      },
      "geometry": {
        "type": "Point",
        "coordinates": [
          103.8332833,
          1.3063453
        ]
      },
      "id": "node/4302906020"
    },
    {
      "type": "Feature",
      "properties": {
        "@id": "node/4302906022",
        "addr:city": "Singapore",
        "addr:country": "SG",
        "addr:housenumber": "50",
        "addr:postcode": "428769",
        "addr:street": "East Coast Road",
        "name": "Grand Mercure Roxy Hotel",
        "tourism": "hotel",
        "website": "https://www.grandmercureroxy.com.sg/"
      },
      "geometry": {
        "type": "Point",
        "coordinates": [
          103.9046,
          1.3031174
        ]
      },
      "id": "node/4302906022"
    },
    {
      "type": "Feature",
      "properties": {
        "@id": "node/4302906023",
        "addr:city": "Singapore",
        "addr:country": "SG",
        "addr:housenumber": "10",
        "addr:postcode": "179809",
        "addr:street": "Coleman Street",
        "air_conditioning": "yes",
        "name": "Grand Park City Hall",
        "tourism": "hotel",
        "website": "https://www.parkhotelgroup.com/",
        "wikidata": "Q111399612"
      },
      "geometry": {
        "type": "Point",
        "coordinates": [
          103.8501239,
          1.2926289
        ]
      },
      "id": "node/4302906023"
    },
    {
      "type": "Feature",
      "properties": {
        "@id": "node/4302906024",
        "addr:city": "Singapore",
        "addr:country": "SG",
        "addr:housenumber": "270",
        "addr:postcode": "238857",
        "addr:street": "Orchard Road",
        "brand": "Pullman",
        "brand:wikidata": "Q3410757",
        "name": "Pullman Singapore Orchard",
        "tourism": "hotel",
        "website": "https://www.pullmansingaporeorchard.com/"
      },
      "geometry": {
        "type": "Point",
        "coordinates": [
          103.836202,
          1.3031053
        ]
      },
      "id": "node/4302906024"
    },
    {
      "type": "Feature",
      "properties": {
        "@id": "node/4302906025",
        "addr:city": "Singapore",
        "addr:country": "SG",
        "addr:housenumber": "30A, B & C",
        "addr:postcode": "208188",
        "addr:street": "Penhas Road",
        "name": "Gusti Bed and Breakfast",
        "tourism": "hotel",
        "website": "www.gustibnb.com"
      },
      "geometry": {
        "type": "Point",
        "coordinates": [
          103.8622203,
          1.3097286
        ]
      },
      "id": "node/4302906025"
    },
    {
      "type": "Feature",
      "properties": {
        "@id": "node/4302906026",
        "addr:city": "Singapore",
        "addr:country": "SG",
        "addr:housenumber": "33A. 33B, 33C, 35A,35B,35C,37A,37B & 37C",
        "addr:postcode": "208801",
        "addr:street": "Jalan Besar",
        "check_date": "2024-05-10",
        "name": "Haising Hotel",
        "tourism": "hotel",
        "website": "www.haising.com.sg"
      },
      "geometry": {
        "type": "Point",
        "coordinates": [
          103.8545807,
          1.3046208
        ]
      },
      "id": "node/4302906026"
    },
    {
      "type": "Feature",
      "properties": {
        "@id": "node/4302906027",
        "addr:city": "Singapore",
        "addr:country": "SG",
        "addr:housenumber": "10A",
        "addr:postcode": "228119",
        "addr:street": "Upper Wilkie Road",
        "name": "Hangout @ Mt. Emily",
        "tourism": "hotel",
        "website": "https://www.hangouthotels.com/"
      },
      "geometry": {
        "type": "Point",
        "coordinates": [
          103.8478466,
          1.3033663
        ]
      },
      "id": "node/4302906027"
    },
    {
      "type": "Feature",
      "properties": {
        "@id": "node/4302906028",
        "addr:city": "Singapore",
        "addr:country": "SG",
        "addr:housenumber": "512",
        "addr:postcode": "099448",
        "addr:street": "Kampong Bahru Road",
        "name": "Harbour Ville Hotel",
        "tourism": "hotel",
        "website": "www.harbourvillehotel.com"
      },
      "geometry": {
        "type": "Point",
        "coordinates": [
          103.8277447,
          1.272614
        ]
      },
      "id": "node/4302906028"
    },
    {
      "type": "Feature",
      "properties": {
        "@id": "node/4302906037",
        "addr:city": "Singapore",
        "addr:country": "SG",
        "addr:housenumber": "71",
        "addr:postcode": "198985",
        "addr:street": "Jalan Sultan",
        "brand": "Hotel 81",
        "name": "Hotel 81 (Heritage)",
        "tourism": "hotel",
        "website": "https://www.hotel81.com.sg/",
        "wikidata": "Q111429483"
      },
      "geometry": {
        "type": "Point",
        "coordinates": [
          103.8612999,
          1.3027161
        ]
      },
      "id": "node/4302906037"
    },
    {
      "type": "Feature",
      "properties": {
        "@id": "node/4302906038",
        "addr:city": "Singapore",
        "addr:country": "SG",
        "addr:housenumber": "61",
        "addr:postcode": "399121",
        "addr:street": "Lorong 8 Geylang",
        "brand": "Hotel 81",
        "check_date": "2025-05-28",
        "name": "Hotel 81 (Hollywood)",
        "tourism": "hotel",
        "website": "https://www.hotel81.com.sg/"
      },
      "geometry": {
        "type": "Point",
        "coordinates": [
          103.8774045,
          1.3100442
        ]
      },
      "id": "node/4302906038"
    },
    {
      "type": "Feature",
      "properties": {
        "@id": "node/4302906039",
        "addr:city": "Singapore",
        "addr:country": "SG",
        "addr:housenumber": "11",
        "addr:postcode": "388703",
        "addr:street": "Lorong 11 Geylang",
        "brand": "Hotel 81",
        "name": "Hotel 81 (Joy)",
        "tourism": "hotel",
        "website": "https://www.hotel81.com.sg/"
      },
      "geometry": {
        "type": "Point",
        "coordinates": [
          103.876882,
          1.3128598
        ]
      },
      "id": "node/4302906039"
    },
    {
      "type": "Feature",
      "properties": {
        "@id": "node/4302906041",
        "addr:city": "Singapore",
        "addr:country": "SG",
        "addr:housenumber": "85",
        "addr:postcode": "338716",
        "addr:street": "Lavender Street",
        "branch": "Lavender",
        "brand": "Hotel 81",
        "name": "Hotel 81 (Lavender)",
        "tourism": "hotel",
        "website": "https://www.hotel81.com.sg/"
      },
      "geometry": {
        "type": "Point",
        "coordinates": [
          103.8624358,
          1.3108063
        ]
      },
      "id": "node/4302906041"
    },
    {
      "type": "Feature",
      "properties": {
        "@id": "node/4302906042",
        "addr:city": "Singapore",
        "addr:country": "SG",
        "addr:housenumber": "23",
        "addr:postcode": "398741",
        "addr:street": "Lorong 20 Geylang",
        "brand": "Hotel 81",
        "name": "Hotel 81 (Lucky)",
        "tourism": "hotel",
        "website": "https://www.hotel81.com.sg/",
        "wikidata": "Q111429520"
      },
      "geometry": {
        "type": "Point",
        "coordinates": [
          103.8814065,
          1.3118839
        ]
      },
      "id": "node/4302906042"
    },
    {
      "type": "Feature",
      "properties": {
        "@id": "node/4302906044",
        "addr:city": "Singapore",
        "addr:country": "SG",
        "addr:housenumber": "1",
        "addr:postcode": "169753",
        "addr:street": "Eng Hoon Street",
        "brand": "Hotel 81",
        "name": "Hotel 81 (Osaka)",
        "tourism": "hotel",
        "website": "https://www.hotel81.com.sg/"
      },
      "geometry": {
        "type": "Point",
        "coordinates": [
          103.8349667,
          1.2833649
        ]
      },
      "id": "node/4302906044"
    },
    {
      "type": "Feature",
      "properties": {
        "@id": "node/4302906046",
        "addr:city": "Singapore",
        "addr:country": "SG",
        "addr:housenumber": "21",
        "addr:postcode": "399001",
        "addr:street": "Lorong 12 Geylang",
        "brand": "Hotel 81",
        "name": "Hotel 81 (Princess)",
        "tourism": "hotel",
        "website": "https://www.hotel81.com.sg/",
        "wikidata": "Q111429515"
      },
      "geometry": {
        "type": "Point",
        "coordinates": [
          103.878629,
          1.3110655
        ]
      },
      "id": "node/4302906046"
    },
    {
      "type": "Feature",
      "properties": {
        "@id": "node/4302906050",
        "addr:city": "Singapore",
        "addr:country": "SG",
        "addr:housenumber": "22",
        "addr:postcode": "388619",
        "addr:street": "Lorong 15 Geylang",
        "brand": "Hotel 81",
        "name": "Hotel 81 (Spring)",
        "source": "Kaart Ground Survey 2017",
        "tourism": "hotel",
        "website": "https://www.hotel81.com.sg/"
      },
      "geometry": {
        "type": "Point",
        "coordinates": [
          103.8782701,
          1.3136828
        ]
      },
      "id": "node/4302906050"
    },
    {
      "type": "Feature",
      "properties": {
        "@id": "node/4302906052",
        "addr:city": "Singapore",
        "addr:country": "SG",
        "addr:housenumber": "1",
        "addr:postcode": "424780",
        "addr:street": "Onan Road",
        "brand": "Hotel 81",
        "name": "Hotel 81 (Tristar)",
        "tourism": "hotel",
        "website": "https://www.hotel81.com.sg/",
        "wikidata": "Q111429529"
      },
      "geometry": {
        "type": "Point",
        "coordinates": [
          103.8974205,
          1.3156884
        ]
      },
      "id": "node/4302906052"
    },
    {
      "type": "Feature",
      "properties": {
        "@id": "node/4302906053",
        "addr:city": "Singapore",
        "addr:country": "SG",
        "addr:housenumber": "97",
        "addr:postcode": "338722",
        "addr:street": "Lavender Street",
        "brand": "Hotel 81",
        "name": "Hotel 81 (Violet)",
        "tourism": "hotel",
        "website": "https://www.hotel81.com.sg/"
      },
      "geometry": {
        "type": "Point",
        "coordinates": [
          103.86221,
          1.3111212
        ]
      },
      "id": "node/4302906053"
    },
    {
      "type": "Feature",
      "properties": {
        "@id": "node/4302906054",
        "addr:city": "Singapore",
        "addr:country": "SG",
        "addr:housenumber": "1",
        "addr:postcode": "399035",
        "addr:street": "Lorong 10 Geylang",
        "check_date": "2025-05-28",
        "name": "D'Nova Hotel@Kallang",
        "tourism": "hotel"
      },
      "geometry": {
        "type": "Point",
        "coordinates": [
          103.8776855,
          1.3119209
        ]
      },
      "id": "node/4302906054"
    },
    {
      "type": "Feature",
      "properties": {
        "@id": "node/4302906055",
        "addr:city": "Singapore",
        "addr:country": "SG",
        "addr:housenumber": "47",
        "addr:postcode": "189626",
        "addr:street": "Bencoolen Street",
        "brand": "Hotel Bencoolen",
        "name": "Hotel Bencoolen (Bencoolen Street)",
        "tourism": "hotel",
        "website": "https://www.hotelbencoolen.com/"
      },
      "geometry": {
        "type": "Point",
        "coordinates": [
          103.8501082,
          1.2991867
        ]
      },
      "id": "node/4302906055"
    },
    {
      "type": "Feature",
      "properties": {
        "@id": "node/4302906056",
        "addr:city": "Singapore",
        "addr:country": "SG",
        "addr:housenumber": "47",
        "addr:postcode": "059685",
        "addr:street": "Hongkong Street",
        "brand": "Hotel Bencoolen",
        "name": "Hotel Bencoolen (Hong Kong Street)",
        "stars": "4",
        "tourism": "hotel",
        "website": "https://www.hotelbencoolen.com/hongkongstreet"
      },
      "geometry": {
        "type": "Point",
        "coordinates": [
          103.8476723,
          1.2870936
        ]
      },
      "id": "node/4302906056"
    },
    {
      "type": "Feature",
      "properties": {
        "@id": "node/4302906059",
        "addr:city": "Singapore",
        "addr:country": "SG",
        "addr:housenumber": "5",
        "addr:postcode": "059648",
        "addr:street": "Hongkong Street",
        "internet_access": "wlan",
        "internet_access:fee": "no",
        "name": "Hotel By Wassies",
        "tourism": "hotel"
      },
      "geometry": {
        "type": "Point",
        "coordinates": [
          103.8478653,
          1.2874477
        ]
      },
      "id": "node/4302906059"
    },
    {
      "type": "Feature",
      "properties": {
        "@id": "node/4302906061",
        "addr:city": "Singapore",
        "addr:country": "SG",
        "addr:postcode": "198737",
        "addr:street": "769, 771, 773 & 775 North Bridge Road",
        "brand": "Hotel Clover",
        "check_date": "2024-02-02",
        "name": "Hotel Clover (North Bridge Road)",
        "source": "Kaart Ground Survey 2017",
        "tourism": "hotel",
        "website": "www.hotelclover.com.sg"
      },
      "geometry": {
        "type": "Point",
        "coordinates": [
          103.8596598,
          1.3036565
        ]
      },
      "id": "node/4302906061"
    },
    {
      "type": "Feature",
      "properties": {
        "@id": "node/4302906062",
        "addr:city": "Singapore",
        "addr:country": "SG",
        "addr:housenumber": "16",
        "addr:postcode": "329983",
        "addr:street": "Ah Hood Road",
        "air_conditioning": "yes",
        "bar": "yes",
        "branch": "Singapore Novena West Wing",
        "brand": "Aloft",
        "brand:wikidata": "Q4734166",
        "check_date": "2023-10-15",
        "internet_access": "wlan",
        "internet_access:fee": "customers",
        "name": "Aloft",
        "payment:credit_cards": "yes",
        "reservation": "yes",
        "stars": "4",
        "tourism": "hotel",
        "website": "https://aloft-hotels.marriott.com/",
        "wheelchair": "yes"
      },
      "geometry": {
        "type": "Point",
        "coordinates": [
          103.8466282,
          1.3273449
        ]
      },
      "id": "node/4302906062"
    },
    {
      "type": "Feature",
      "properties": {
        "@id": "node/4302906063",
        "addr:city": "Singapore",
        "addr:country": "SG",
        "addr:housenumber": "56",
        "addr:postcode": "387416",
        "addr:street": "Sims Avenue",
        "name": "Regin Hotel",
        "tourism": "hotel",
        "website": "https://www.reginhotel.com/"
      },
      "geometry": {
        "type": "Point",
        "coordinates": [
          103.8758942,
          1.3132564
        ]
      },
      "id": "node/4302906063"
    },
    {
      "type": "Feature",
      "properties": {
        "@id": "node/4302906064",
        "addr:city": "Singapore",
        "addr:country": "SG",
        "addr:housenumber": "9",
        "addr:postcode": "189559",
        "addr:street": "Bras Basah Road",
        "name": "Rendezvous Hotel Singapore",
        "tourism": "hotel",
        "website": "https://www.stayfareast.com/",
        "wikidata": "Q7312822",
        "wikimedia_commons": "Category:Rendezvous Hotel Singapore",
        "wikipedia": "en:Rendezvous Hotel Singapore"
      },
      "geometry": {
        "type": "Point",
        "coordinates": [
          103.8493161,
          1.298583
        ]
      },
      "id": "node/4302906064"
    },
    {
      "type": "Feature",
      "properties": {
        "@id": "node/4302906065",
        "addr:city": "Singapore",
        "addr:country": "SG",
        "addr:housenumber": "108",
        "addr:postcode": "287999",
        "addr:street": "Turf Club Road",
        "name": "Rider's Lodge",
        "tourism": "hotel",
        "website": "https://www.riderslodge.net/"
      },
      "geometry": {
        "type": "Point",
        "coordinates": [
          103.7952442,
          1.3345536
        ]
      },
      "id": "node/4302906065"
    },
    {
      "type": "Feature",
      "properties": {
        "@id": "node/4302906066",
        "addr:city": "Singapore",
        "addr:country": "SG",
        "addr:housenumber": "33C",
        "addr:postcode": "059672",
        "addr:street": "Hongkong Street",
        "check_date": "2024-10-11",
        "name": "River City Inn",
        "phone": "+65 6532 6091",
        "tourism": "hotel",
        "website": "https://www.rivercity.com/"
      },
      "geometry": {
        "type": "Point",
        "coordinates": [
          103.8471867,
          1.2874505
        ]
      },
      "id": "node/4302906066"
    },
    {
      "type": "Feature",
      "properties": {
        "@id": "node/4302906067",
        "addr:city": "Singapore",
        "addr:country": "SG",
        "addr:housenumber": "382",
        "addr:postcode": "169629",
        "addr:street": "Havelock Road",
        "brand": "Four Points by Sheraton",
        "brand:wikidata": "Q1439966",
        "name": "Four Points by Sheraton Singapore, Riverview",
        "rooms": "476",
        "short_name": "Four Points",
        "tourism": "hotel",
        "website": "www.riverview.com.sg"
      },
      "geometry": {
        "type": "Point",
        "coordinates": [
          103.8366038,
          1.289371
        ]
      },
      "id": "node/4302906067"
    },
    {
      "type": "Feature",
      "properties": {
        "@id": "node/4302906069",
        "addr:city": "Singapore",
        "addr:country": "SG",
        "addr:housenumber": "88",
        "addr:postcode": "207667",
        "addr:street": "Syed Alwi Road",
        "addr:unit": "01-02",
        "name": "Royal India Hotel",
        "tourism": "hotel",
        "website": "http://www.royalindiahotel.com"
      },
      "geometry": {
        "type": "Point",
        "coordinates": [
          103.8556725,
          1.3092289
        ]
      },
      "id": "node/4302906069"
    },
    {
      "type": "Feature",
      "properties": {
        "@id": "node/4302906070",
        "addr:city": "Singapore",
        "addr:country": "SG",
        "addr:housenumber": "25",
        "addr:postcode": "228220",
        "addr:street": "Scotts Road",
        "check_date": "2024-05-22",
        "name": "Royal Plaza",
        "tourism": "hotel",
        "website": "https://www.royalplaza.com.sg/"
      },
      "geometry": {
        "type": "Point",
        "coordinates": [
          103.8323698,
          1.3068445
        ]
      },
      "id": "node/4302906070"
    },
    {
      "type": "Feature",
      "properties": {
        "@id": "node/4302906072",
        "addr:city": "Singapore",
        "addr:country": "SG",
        "addr:housenumber": "280",
        "addr:postcode": "338800",
        "addr:street": "Lavender Street",
        "brand": "Rucksack Inn",
        "name": "Rucksack Inn (Lavender)",
        "tourism": "hotel",
        "website": "https://www.rucksackinn.com/"
      },
      "geometry": {
        "type": "Point",
        "coordinates": [
          103.860316,
          1.3143625
        ]
      },
      "id": "node/4302906072"
    },
    {
      "type": "Feature",
      "properties": {
        "@id": "node/4302906073",
        "addr:city": "Singapore",
        "addr:country": "SG",
        "addr:housenumber": "15",
        "addr:postcode": "228677",
        "addr:street": "Mackenzie Road",
        "brand": "Rucksack Inn",
        "name": "Rucksack Inn (Mackenzie)",
        "tourism": "hotel",
        "website": "https://www.rucksackinn.com/"
      },
      "geometry": {
        "type": "Point",
        "coordinates": [
          103.8497987,
          1.3043783
        ]
      },
      "id": "node/4302906073"
    },
    {
      "type": "Feature",
      "properties": {
        "@id": "node/4302906075",
        "addr:city": "Singapore",
        "addr:country": "SG",
        "addr:housenumber": "63",
        "addr:postcode": "209391",
        "addr:street": "Dunlop Street",
        "name": "Sandpiper Hotel",
        "tourism": "hotel",
        "website": "https://www.sandpiperhotels.com/",
        "wikidata": "Q111399646"
      },
      "geometry": {
        "type": "Point",
        "coordinates": [
          103.8535958,
          1.3048093
        ]
      },
      "id": "node/4302906075"
    },
    {
      "type": "Feature",
      "properties": {
        "@id": "node/4302906076",
        "addr:city": "Singapore",
        "addr:country": "SG",
        "addr:housenumber": "8",
        "addr:postcode": "199207",
        "addr:street": "Jalan Kubor",
        "name": "Rest Bugis",
        "phone": "+6562988434",
        "stars": "3",
        "tourism": "hotel",
        "website": "https://www.rest-collection.com/"
      },
      "geometry": {
        "type": "Point",
        "coordinates": [
          103.8593488,
          1.3040528
        ]
      },
      "id": "node/4302906076"
    },
    {
      "type": "Feature",
      "properties": {
        "@id": "node/4302906077",
        "addr:city": "Singapore",
        "addr:country": "SG",
        "addr:housenumber": "171",
        "addr:postcode": "428877",
        "addr:street": "East Coast Road",
        "brand": "Santa Grand Hotel",
        "check_date": "2026-01-26",
        "name": "Santa Grand Hotel",
        "source": "Kaart Ground Survey 2017",
        "tourism": "hotel",
        "website": "www.santagrandhotels.com",
        "wheelchair": "yes"
      },
      "geometry": {
        "type": "Point",
        "coordinates": [
          103.9057837,
          1.3066381
        ]
      },
      "id": "node/4302906077"
    },
    {
      "type": "Feature",
      "properties": {
        "@id": "node/4302906078",
        "addr:city": "Singapore",
        "addr:country": "SG",
        "addr:housenumber": "25",
        "addr:postcode": "058476",
        "addr:street": "Trengganu Street",
        "brand": "Santa Grand Hotel",
        "name": "Santa Grand Hotel (Lai Chun Yuen)",
        "tourism": "hotel",
        "website": "www.santagrandhotels.com"
      },
      "geometry": {
        "type": "Point",
        "coordinates": [
          103.8441751,
          1.2825676
        ]
      },
      "id": "node/4302906078"
    },
    {
      "type": "Feature",
      "properties": {
        "@id": "node/4302906079",
        "addr:city": "Singapore",
        "addr:country": "SG",
        "addr:housenumber": "3, 5, 7 & 9",
        "addr:postcode": "207309",
        "addr:street": "Veerasamy Road",
        "brand": "Santa Grand Hotel",
        "name": "Santa Grand Hotel (Little India)",
        "tourism": "hotel",
        "website": "www.santagrandhotels.com"
      },
      "geometry": {
        "type": "Point",
        "coordinates": [
          103.8530893,
          1.3078199
        ]
      },
      "id": "node/4302906079"
    },
    {
      "type": "Feature",
      "properties": {
        "@id": "node/4302906080",
        "addr:city": "Singapore",
        "addr:country": "SG",
        "addr:housenumber": "428",
        "addr:postcode": "118769",
        "addr:street": "Pasir Panjang Road",
        "brand": "Santa Grand Hotel",
        "name": "Santa Grand Hotel (West Coast)",
        "tourism": "hotel",
        "website": "www.santagrandhotels.com"
      },
      "geometry": {
        "type": "Point",
        "coordinates": [
          103.7685897,
          1.2923344
        ]
      },
      "id": "node/4302906080"
    },
    {
      "type": "Feature",
      "properties": {
        "@id": "node/4302906084",
        "addr:city": "Singapore",
        "addr:country": "SG",
        "addr:housenumber": "39",
        "addr:postcode": "228230",
        "addr:street": "Scotts Road",
        "name": "Sheraton Towers Singapore",
        "rooms": "420",
        "tourism": "hotel",
        "website": "www.sheratonsingapore.com"
      },
      "geometry": {
        "type": "Point",
        "coordinates": [
          103.8364622,
          1.3119505
        ]
      },
      "id": "node/4302906084"
    },
    {
      "type": "Feature",
      "properties": {
        "@id": "node/4302906089",
        "addr:city": "Singapore",
        "addr:country": "SG",
        "addr:housenumber": "320",
        "addr:postcode": "238865",
        "addr:street": "Orchard Road",
        "brand": "Marriott",
        "brand:wikidata": "Q3918608",
        "name": "Singapore Marriott Tang Plaza Hotel",
        "rooms": "403",
        "tourism": "hotel",
        "website": "www.singaporemarriott.com",
        "wheelchair": "yes"
      },
      "geometry": {
        "type": "Point",
        "coordinates": [
          103.8328767,
          1.305109
        ]
      },
      "id": "node/4302906089"
    },
    {
      "type": "Feature",
      "properties": {
        "@id": "node/4302906090",
        "addr:city": "Singapore",
        "addr:country": "SG",
        "addr:housenumber": "65",
        "addr:postcode": "209588",
        "addr:street": "Desker Road",
        "name": "Marrison @ Desker",
        "tourism": "hotel",
        "website": "www.marrisonhotel.com"
      },
      "geometry": {
        "type": "Point",
        "coordinates": [
          103.8554997,
          1.3089965
        ]
      },
      "id": "node/4302906090"
    },
    {
      "type": "Feature",
      "properties": {
        "@id": "node/4302906091",
        "addr:city": "Singapore",
        "addr:country": "SG",
        "addr:housenumber": "103",
        "addr:postcode": "189704",
        "addr:street": "Beach Road",
        "check_date": "2024-10-18",
        "name": "the snooze hotel",
        "tourism": "hotel",
        "website": "www.marrisonhotel.com"
      },
      "geometry": {
        "type": "Point",
        "coordinates": [
          103.8570875,
          1.2978909
        ]
      },
      "id": "node/4302906091"
    },
    {
      "type": "Feature",
      "properties": {
        "@id": "node/4302906092",
        "addr:city": "Singapore",
        "addr:country": "SG",
        "addr:housenumber": "9",
        "addr:postcode": "208786",
        "addr:street": "Jalan Besar",
        "name": "Mayo Inn",
        "tourism": "hotel",
        "website": "www.mayoinn.com",
        "wikidata": "Q111429463"
      },
      "geometry": {
        "type": "Point",
        "coordinates": [
          103.8541768,
          1.3039628
        ]
      },
      "id": "node/4302906092"
    },
    {
      "type": "Feature",
      "properties": {
        "@id": "node/4302906094",
        "addr:city": "Singapore",
        "addr:country": "SG",
        "addr:housenumber": "488",
        "addr:postcode": "389447",
        "addr:street": "Geylang Road",
        "name": "Meng Yew Hotel",
        "tourism": "hotel"
      },
      "geometry": {
        "type": "Point",
        "coordinates": [
          103.8846809,
          1.3132411
        ]
      },
      "id": "node/4302906094"
    },
    {
      "type": "Feature",
      "properties": {
        "@id": "node/4302906096",
        "addr:city": "Singapore",
        "addr:country": "SG",
        "addr:postcode": "208804",
        "addr:street": "43A, 43B, 43C Jalan Besar",
        "name": "Meriton Hotel",
        "tourism": "hotel"
      },
      "geometry": {
        "type": "Point",
        "coordinates": [
          103.8546594,
          1.3047409
        ]
      },
      "id": "node/4302906096"
    },
    {
      "type": "Feature",
      "properties": {
        "@id": "node/4302906098",
        "addr:city": "Singapore",
        "addr:country": "SG",
        "addr:housenumber": "531",
        "addr:postcode": "218163",
        "addr:street": "Serangoon Road",
        "check_date": "2024-10-29",
        "name": "Atlantis@531",
        "tourism": "hotel"
      },
      "geometry": {
        "type": "Point",
        "coordinates": [
          103.8577761,
          1.3149984
        ]
      },
      "id": "node/4302906098"
    },
    {
      "type": "Feature",
      "properties": {
        "@id": "node/4302906101",
        "addr:city": "Singapore",
        "addr:country": "SG",
        "addr:housenumber": "23",
        "addr:postcode": "209507",
        "addr:street": "Dickson Road",
        "brand": "RedDoorz",
        "name": "RedDoorz @Little India",
        "name:zh": "住宿",
        "tourism": "hotel",
        "website": "https://www.moon.com.sg",
        "wikidata": "Q115967228"
      },
      "geometry": {
        "type": "Point",
        "coordinates": [
          103.8540444,
          1.305084
        ]
      },
      "id": "node/4302906101"
    },
    {
      "type": "Feature",
      "properties": {
        "@id": "node/4302906103",
        "addr:city": "Singapore",
        "addr:country": "SG",
        "addr:housenumber": "22",
        "addr:postcode": "088392",
        "addr:street": "Teck Lim Road",
        "name": "Park 22 Hotel",
        "tourism": "hotel",
        "website": "www.park22hotel.com"
      },
      "geometry": {
        "type": "Point",
        "coordinates": [
          103.8418196,
          1.2806216
        ]
      },
      "id": "node/4302906103"
    },
    {
      "type": "Feature",
      "properties": {
        "@id": "node/4302906104",
        "addr:city": "Singapore",
        "addr:country": "SG",
        "addr:housenumber": "2",
        "addr:postcode": "486015",
        "addr:street": "Changi Business Park Avenue 1",
        "name": "Park Avenue Changi",
        "tourism": "hotel",
        "website": "www.parkavenuechangi.com"
      },
      "geometry": {
        "type": "Point",
        "coordinates": [
          103.9630856,
          1.3358477
        ]
      },
      "id": "node/4302906104"
    },
    {
      "type": "Feature",
      "properties": {
        "@id": "node/4302906105",
        "addr:city": "Singapore",
        "addr:country": "SG",
        "addr:housenumber": "31",
        "addr:postcode": "138637",
        "addr:street": "Rochester Drive",
        "name": "Park Avenue Rochester",
        "name:zh": "柏薇罗切斯特酒店",
        "tourism": "hotel",
        "website": "http://www.ueparkavenueintl.com.sg"
      },
      "geometry": {
        "type": "Point",
        "coordinates": [
          103.7888972,
          1.3050688
        ]
      },
      "id": "node/4302906105"
    },
    {
      "type": "Feature",
      "properties": {
        "@id": "node/4302906106",
        "addr:city": "Singapore",
        "addr:country": "SG",
        "addr:housename": "Alexandra Central",
        "addr:housenumber": "323",
        "addr:postcode": "159972",
        "addr:street": "Alexandra Road",
        "brand": "Park Hotel",
        "name": "Park Hotel (Alexandra)",
        "tourism": "hotel",
        "website": "https://www.parkhotelgroup.com/alexandra/default-en.html"
      },
      "geometry": {
        "type": "Point",
        "coordinates": [
          103.805291,
          1.2875264
        ]
      },
      "id": "node/4302906106"
    },
    {
      "type": "Feature",
      "properties": {
        "@id": "node/4302906111",
        "addr:city": "Singapore",
        "addr:country": "SG",
        "addr:housenumber": "181",
        "addr:postcode": "208533",
        "addr:street": "Kitchener Road",
        "air_conditioning": "yes",
        "brand": "Novotel",
        "brand:wikidata": "Q420545",
        "internet_access": "wlan",
        "name": "Novotel Singapore on Kitchener",
        "phone": "+6564283000",
        "tourism": "hotel",
        "website": "https://all.accor.com/hotel/C269/index.en.shtml"
      },
      "geometry": {
        "type": "Point",
        "coordinates": [
          103.855623,
          1.3106252
        ]
      },
      "id": "node/4302906111"
    },
    {
      "type": "Feature",
      "properties": {
        "@id": "node/4302906113",
        "addr:city": "Singapore",
        "addr:country": "SG",
        "addr:housenumber": "404",
        "addr:postcode": "118741",
        "addr:street": "Pasir Panjang Road",
        "brand": "Coliwoo",
        "name": "Coliwoo Hotel Pasir Panjang",
        "tourism": "hotel",
        "website": "https://coliwoo.com/hotel-apartment-rental/pasir-panjang/"
      },
      "geometry": {
        "type": "Point",
        "coordinates": [
          103.7701676,
          1.2920783
        ]
      },
      "id": "node/4302906113"
    },
    {
      "type": "Feature",
      "properties": {
        "@id": "node/4302906114",
        "addr:city": "Singapore",
        "addr:country": "SG",
        "addr:housenumber": "3 & 5",
        "addr:postcode": "179805",
        "addr:street": "Coleman Street",
        "name": "Peninsula Excelsior Hotel",
        "tourism": "hotel",
        "website": "http://www.ytchotels.com.sg"
      },
      "geometry": {
        "type": "Point",
        "coordinates": [
          103.8498204,
          1.2919459
        ]
      },
      "id": "node/4302906114"
    },
    {
      "type": "Feature",
      "properties": {
        "@id": "node/4302906115",
        "addr:city": "Singapore",
        "addr:country": "SG",
        "addr:housenumber": "33",
        "addr:postcode": "219894",
        "addr:street": "Birch Road",
        "name": "Penta Hotel",
        "tourism": "hotel",
        "website": "https://www.pentahotel.com.sg/",
        "wheelchair": "yes"
      },
      "geometry": {
        "type": "Point",
        "coordinates": [
          103.8535979,
          1.3111926
        ]
      },
      "id": "node/4302906115"
    },
    {
      "type": "Feature",
      "properties": {
        "@id": "node/4302906116",
        "addr:city": "Singapore",
        "addr:country": "SG",
        "addr:housenumber": "12",
        "addr:postcode": "208133",
        "addr:street": "Perak Road",
        "name": "Perak Hotel",
        "tourism": "hotel",
        "website": "www.peraklodge.net",
        "wikidata": "Q115967063"
      },
      "geometry": {
        "type": "Point",
        "coordinates": [
          103.8532465,
          1.3048379
        ]
      },
      "id": "node/4302906116"
    },
    {
      "type": "Feature",
      "properties": {
        "@id": "node/4302906117",
        "addr:city": "Singapore",
        "addr:country": "SG",
        "addr:housenumber": "43",
        "addr:postcode": "209518",
        "addr:street": "Dickson Road",
        "name": "Phil Inn",
        "tourism": "hotel"
      },
      "geometry": {
        "type": "Point",
        "coordinates": [
          103.8537236,
          1.3053682
        ]
      },
      "id": "node/4302906117"
    },
    {
      "type": "Feature",
      "properties": {
        "@id": "node/4302906118",
        "addr:city": "Singapore",
        "addr:country": "SG",
        "addr:housenumber": "38",
        "addr:postcode": "058341",
        "addr:street": "Upper Cross Street",
        "name": "Pillows & Toast Heritage",
        "tourism": "hotel",
        "website": "https://www.pillowsntoast.com/"
      },
      "geometry": {
        "type": "Point",
        "coordinates": [
          103.844863,
          1.2841537
        ]
      },
      "id": "node/4302906118"
    },
    {
      "type": "Feature",
      "properties": {
        "@id": "node/4302906119",
        "addr:city": "Singapore",
        "addr:country": "SG",
        "addr:housenumber": "2",
        "addr:postcode": "188091",
        "addr:street": "Tan Quee Lan Street",
        "addr:unit": "#02-01, #02-02 and #02-03",
        "name": "Plush Pods",
        "tourism": "hotel",
        "website": "https://plush-pods.com/"
      },
      "geometry": {
        "type": "Point",
        "coordinates": [
          103.8569348,
          1.2980018
        ]
      },
      "id": "node/4302906119"
    },
    {
      "type": "Feature",
      "properties": {
        "@id": "node/4302906120",
        "addr:city": "Singapore",
        "addr:country": "SG",
        "addr:housenumber": "48",
        "addr:postcode": "059526",
        "addr:street": "Mosque Street",
        "name": "Porcelain Hotel",
        "tourism": "hotel",
        "website": "www.porcelainhotel.com"
      },
      "geometry": {
        "type": "Point",
        "coordinates": [
          103.8442855,
          1.2842398
        ]
      },
      "id": "node/4302906120"
    },
    {
      "type": "Feature",
      "properties": {
        "@id": "node/4302906123",
        "addr:city": "Singapore",
        "addr:country": "SG",
        "addr:housenumber": "12",
        "addr:postcode": "049368",
        "addr:street": "Circular Road",
        "name": "Quarters",
        "tourism": "hotel",
        "website": "www.stayquarters.com"
      },
      "geometry": {
        "type": "Point",
        "coordinates": [
          103.8489864,
          1.2876728
        ]
      },
      "id": "node/4302906123"
    },
    {
      "type": "Feature",
      "properties": {
        "@id": "node/4302906124",
        "addr:city": "Singapore",
        "addr:country": "SG",
        "addr:housenumber": "30",
        "addr:postcode": "258352",
        "addr:street": "Orange Grove Road",
        "name": "RELC International Hotel",
        "tourism": "hotel",
        "website": "https://www.relcih.com.sg/"
      },
      "geometry": {
        "type": "Point",
        "coordinates": [
          103.8260319,
          1.3128386
        ]
      },
      "id": "node/4302906124"
    },
    {
      "type": "Feature",
      "properties": {
        "@id": "node/4302906125",
        "addr:city": "Singapore",
        "addr:country": "SG",
        "addr:housenumber": "10",
        "addr:postcode": "638404",
        "addr:street": "Tuas West Drive",
        "name": "RM Hotel",
        "name:it": "RM",
        "tourism": "hotel",
        "website": "https://www.rafflesmarina.com.sg/clubhouse_gue.htm"
      },
      "geometry": {
        "type": "Point",
        "coordinates": [
          103.6355297,
          1.3426928
        ]
      },
      "id": "node/4302906125"
    },
    {
      "type": "Feature",
      "properties": {
        "@id": "node/4302906128",
        "addr:city": "Singapore",
        "addr:country": "SG",
        "addr:housenumber": "80",
        "addr:postcode": "049326",
        "addr:street": "Collyer Quay",
        "check_date": "2026-01-12",
        "name": "The Fullerton Bay Hotel",
        "stars": "5",
        "tourism": "hotel",
        "website": "https://www.fullertonhotels.com/fullerton-bay-hotel-singapore/dining/restaurants-and-bars/lantern"
      },
      "geometry": {
        "type": "Point",
        "coordinates": [
          103.8533943,
          1.2833389
        ]
      },
      "id": "node/4302906128"
    },
    {
      "type": "Feature",
      "properties": {
        "@id": "node/4302906132",
        "addr:city": "Singapore",
        "addr:country": "SG",
        "addr:housenumber": "36",
        "addr:postcode": "058581",
        "addr:street": "Temple Street",
        "name": "The Inn",
        "tourism": "hotel",
        "website": "www.theinn.com.sg"
      },
      "geometry": {
        "type": "Point",
        "coordinates": [
          103.8438685,
          1.2832066
        ]
      },
      "id": "node/4302906132"
    },
    {
      "type": "Feature",
      "properties": {
        "@id": "node/4302906133",
        "addr:city": "Singapore",
        "addr:country": "SG",
        "addr:housenumber": "69",
        "addr:postcode": "089165",
        "addr:street": "Keong Saik Road",
        "name": "KINN Studios",
        "tourism": "hotel",
        "website": "https://staywithkinn.com/"
      },
      "geometry": {
        "type": "Point",
        "coordinates": [
          103.8416402,
          1.2810391
        ]
      },
      "id": "node/4302906133"
    },
    {
      "type": "Feature",
      "properties": {
        "@id": "node/4302906134",
        "addr:city": "Singapore",
        "addr:country": "SG",
        "addr:housenumber": "427",
        "addr:postcode": "218673",
        "addr:street": "Race Course Road",
        "name": "The Mitraa",
        "tourism": "hotel",
        "website": "www.mitraa.com.sg"
      },
      "geometry": {
        "type": "Point",
        "coordinates": [
          103.8575554,
          1.3159109
        ]
      },
      "id": "node/4302906134"
    },
    {
      "type": "Feature",
      "properties": {
        "@id": "node/4302906135",
        "addr:city": "Singapore",
        "addr:country": "SG",
        "addr:housenumber": "407",
        "addr:postcode": "209012",
        "addr:street": "Jalan Besar",
        "brand": "RedDoorz",
        "name": "The Noble Hotel",
        "tourism": "hotel",
        "website": "https://www.thenoblehotel.com"
      },
      "geometry": {
        "type": "Point",
        "coordinates": [
          103.8597759,
          1.3137968
        ]
      },
      "id": "node/4302906135"
    },
    {
      "type": "Feature",
      "properties": {
        "@id": "node/4302906136",
        "addr:city": "Singapore",
        "addr:country": "SG",
        "addr:housenumber": "7",
        "addr:postcode": "039595",
        "addr:street": "Raffles Boulevard",
        "name": "The Pan Pacific Hotel Singapore",
        "name:zh": "新加坡泛太平洋酒店",
        "tourism": "hotel",
        "website": "https://www.panpacific.com/en/hotels-resorts/singapore/marina.html"
      },
      "geometry": {
        "type": "Point",
        "coordinates": [
          103.8586837,
          1.2923514
        ]
      },
      "id": "node/4302906136"
    },
    {
      "type": "Feature",
      "properties": {
        "@id": "node/4302906138",
        "addr:city": "Singapore",
        "addr:country": "SG",
        "addr:floor": "3",
        "addr:housenumber": "289",
        "addr:postcode": "199552",
        "addr:street": "Beach Road",
        "addr:unit": "#03-01, #04-01 & #05-01",
        "check_date": "2024-03-11",
        "level": "2",
        "name": "The Pod",
        "source": "Kaart Ground Survey 2017",
        "tourism": "hotel",
        "website": "www.thepod.sg"
      },
      "geometry": {
        "type": "Point",
        "coordinates": [
          103.8605667,
          1.3010101
        ]
      },
      "id": "node/4302906138"
    },
    {
      "type": "Feature",
      "properties": {
        "@id": "node/4302906139",
        "addr:city": "Singapore",
        "addr:country": "SG",
        "addr:housenumber": "22",
        "addr:postcode": "228517",
        "addr:street": "Mount Elizabeth",
        "name": "The Quincy Hotel",
        "tourism": "hotel",
        "website": "https://www.quincy.com.sg/"
      },
      "geometry": {
        "type": "Point",
        "coordinates": [
          103.8357483,
          1.3077515
        ]
      },
      "id": "node/4302906139"
    },
    {
      "type": "Feature",
      "properties": {
        "@id": "node/4302906141",
        "addr:city": "Singapore",
        "addr:country": "SG",
        "addr:housename": "Millenia Singapore",
        "addr:housenumber": "7",
        "addr:postcode": "039799",
        "addr:street": "Raffles Avenue",
        "brand": "The Ritz-Carlton",
        "brand:wikidata": "Q782200",
        "brand:wikipedia": "en:The Ritz-Carlton Hotel Company",
        "internet_access": "yes",
        "name": "The Ritz-Carlton, Millenia Singapore",
        "name:zh": "新加坡丽思卡尔顿美年酒店",
        "stars": "5",
        "tourism": "hotel",
        "website": "www.ritzcarlton.com/en/Properties/Singapore/Default.htm",
        "wikidata": "Q10363091",
        "wikimedia_commons": "Category:The Ritz-Carlton Millenia Singapore",
        "wikipedia": "en:The Ritz-Carlton Millenia Singapore"
      },
      "geometry": {
        "type": "Point",
        "coordinates": [
          103.8600739,
          1.2905344
        ]
      },
      "id": "node/4302906141"
    },
    {
      "type": "Feature",
      "properties": {
        "@id": "node/4302906142",
        "addr:city": "Singapore",
        "addr:country": "SG",
        "addr:housenumber": "33",
        "addr:postcode": "069333",
        "addr:street": "Erskine Road",
        "name": "The Scarlet Hotel",
        "tourism": "hotel",
        "website": "www.thescarlethotels.com",
        "wikidata": "Q7762427",
        "wikimedia_commons": "Category:The Scarlet Hotel",
        "wikipedia": "en:The Scarlet Singapore"
      },
      "geometry": {
        "type": "Point",
        "coordinates": [
          103.8453392,
          1.2807998
        ]
      },
      "id": "node/4302906142"
    },
    {
      "type": "Feature",
      "properties": {
        "@id": "node/4302906143",
        "addr:city": "Singapore",
        "addr:country": "SG",
        "addr:housenumber": "52",
        "addr:postcode": "169875",
        "addr:street": "Chin Swee Road",
        "check_date:internet_access": "2025-11-23",
        "internet_access": "wlan",
        "internet_access:fee": "no",
        "name": "The Seacare Hotel",
        "smoking": "no",
        "stars": "4",
        "tourism": "hotel",
        "website": "http://www.theseacarehotel.com.sg"
      },
      "geometry": {
        "type": "Point",
        "coordinates": [
          103.8399732,
          1.2876268
        ]
      },
      "id": "node/4302906143"
    },
    {
      "type": "Feature",
      "properties": {
        "@id": "node/4302906147",
        "addr:city": "Singapore",
        "addr:country": "SG",
        "addr:housename": "Asia Square Tower 2",
        "addr:housenumber": "12",
        "addr:postcode": "018961",
        "addr:street": "Marina View",
        "brand": "Westin",
        "brand:wikidata": "Q1969162",
        "name": "The Westin Singapore",
        "rooms": "305",
        "toilets:wheelchair": "yes",
        "tourism": "hotel",
        "website": "http://www.thewestinsingapore.com",
        "wheelchair": "yes"
      },
      "geometry": {
        "type": "Point",
        "coordinates": [
          103.8507952,
          1.2783073
        ]
      },
      "id": "node/4302906147"
    },
    {
      "type": "Feature",
      "properties": {
        "@id": "node/4302906148",
        "addr:city": "Singapore",
        "addr:country": "SG",
        "addr:housenumber": "111H",
        "addr:postcode": "208559",
        "addr:street": "King George's Avenue",
        "email": "traveller@bpsg.com.sg",
        "name": "Traveller@sg",
        "phone": "+65 66832674",
        "tourism": "hotel",
        "website": "https://www.bpsg.com.sg/"
      },
      "geometry": {
        "type": "Point",
        "coordinates": [
          103.8618211,
          1.3104369
        ]
      },
      "id": "node/4302906148"
    },
    {
      "type": "Feature",
      "properties": {
        "@id": "node/4302906331",
        "addr:city": "Singapore",
        "addr:country": "SG",
        "addr:postcode": "469546",
        "addr:street": "Bedok Road",
        "addr:unit": "357A/359A",
        "name": "Simpang De Bedok Boarding House",
        "tourism": "hotel"
      },
      "geometry": {
        "type": "Point",
        "coordinates": [
          103.9471375,
          1.3315888
        ]
      },
      "id": "node/4302906331"
    },
    {
      "type": "Feature",
      "properties": {
        "@id": "node/4302906332",
        "addr:city": "Singapore",
        "addr:country": "SG",
        "addr:housenumber": "759",
        "addr:postcode": "437761",
        "addr:street": "Mountbatten Road",
        "name": "Sing Hoe",
        "phone": "+65 6440 0602",
        "stars": "1",
        "tourism": "hotel",
        "website": "https://singhoehotel.blogspot.com/"
      },
      "geometry": {
        "type": "Point",
        "coordinates": [
          103.8915462,
          1.300595
        ]
      },
      "id": "node/4302906332"
    },
    {
      "type": "Feature",
      "properties": {
        "@id": "node/4302906334",
        "addr:city": "Singapore",
        "addr:country": "SG",
        "addr:housenumber": "17",
        "addr:postcode": "259803",
        "addr:street": "Balmoral Road",
        "name": "Sloane Court Hotel",
        "tourism": "hotel"
      },
      "geometry": {
        "type": "Point",
        "coordinates": [
          103.8322064,
          1.3156942
        ]
      },
      "id": "node/4302906334"
    },
    {
      "type": "Feature",
      "properties": {
        "@id": "node/4302906335",
        "addr:city": "Singapore",
        "addr:country": "SG",
        "addr:housenumber": "2",
        "addr:postcode": "099891",
        "addr:street": "Bukit Manis Road",
        "brand": "Sofitel",
        "brand:wikidata": "Q749431",
        "internet_access": "wlan",
        "internet_access:fee": "no",
        "name": "Sofitel Sentosa Resort & Spa",
        "stars": "5",
        "tourism": "hotel",
        "website": "www.sofitel.com/9474"
      },
      "geometry": {
        "type": "Point",
        "coordinates": [
          103.8276491,
          1.2452585
        ]
      },
      "id": "node/4302906335"
    },
    {
      "type": "Feature",
      "properties": {
        "@id": "node/4302906339",
        "addr:city": "Singapore",
        "addr:country": "SG",
        "addr:housenumber": "25",
        "addr:postcode": "189619",
        "addr:street": "Bencoolen Street",
        "name": "Strand Hotel",
        "tourism": "hotel",
        "website": "https://www.strandhotel.com.sg/"
      },
      "geometry": {
        "type": "Point",
        "coordinates": [
          103.8497382,
          1.2986535
        ]
      },
      "id": "node/4302906339"
    },
    {
      "type": "Feature",
      "properties": {
        "@id": "node/4302906340",
        "addr:city": "Singapore",
        "addr:country": "SG",
        "addr:housenumber": "3",
        "addr:postcode": "238910",
        "addr:street": "Nanson Road",
        "name": "Studio M Hotel",
        "tourism": "hotel",
        "website": "https://www.millenniumhotels.com.sg/studiomhotelsingapore"
      },
      "geometry": {
        "type": "Point",
        "coordinates": [
          103.8390762,
          1.2907775
        ]
      },
      "id": "node/4302906340"
    },
    {
      "type": "Feature",
      "properties": {
        "@id": "node/4302906342",
        "addr:city": "Singapore",
        "addr:country": "SG",
        "addr:housenumber": "8",
        "addr:postcode": "399041",
        "addr:street": "Lorong 10 Geylang",
        "internet_access": "wlan",
        "internet_access:fee": "customers",
        "name": "JH Hotel",
        "phone": "+6565137922",
        "tourism": "hotel",
        "website": "https://jh-hotel.business.site/"
      },
      "geometry": {
        "type": "Point",
        "coordinates": [
          103.8774878,
          1.311613
        ]
      },
      "id": "node/4302906342"
    },
    {
      "type": "Feature",
      "properties": {
        "@id": "node/4302906346",
        "addr:city": "Singapore",
        "addr:country": "SG",
        "addr:housenumber": "163",
        "addr:postcode": "208538",
        "addr:street": "Kitchener Road",
        "name": "Tai Hoe Hotel",
        "tourism": "hotel",
        "website": "https://www.taihoehotel.com/"
      },
      "geometry": {
        "type": "Point",
        "coordinates": [
          103.8565326,
          1.3102722
        ]
      },
      "id": "node/4302906346"
    },
    {
      "type": "Feature",
      "properties": {
        "@id": "node/4302906347",
        "addr:city": "Singapore",
        "addr:country": "SG",
        "addr:housenumber": "60,60B, 62A/B/C & 64A/B/C",
        "addr:postcode": "399120",
        "addr:street": "Lorong 8 Geylang",
        "check_date": "2025-05-28",
        "name": "Taipei Hotel (2000)",
        "tourism": "hotel"
      },
      "geometry": {
        "type": "Point",
        "coordinates": [
          103.877135,
          1.3099482
        ]
      },
      "id": "node/4302906347"
    },
    {
      "type": "Feature",
      "properties": {
        "@id": "node/4302906349",
        "addr:city": "Singapore",
        "addr:country": "SG",
        "addr:housenumber": "11",
        "addr:postcode": "199323",
        "addr:street": "Jalan Klapa",
        "internet_access": "wlan",
        "internet_access:fee": "no",
        "name": "HI Hotel Bugis",
        "rooms": "15",
        "smoking": "no",
        "stars": "3",
        "tourism": "hotel",
        "website": "http://xyglobalhotel.com/",
        "wheelchair": "yes"
      },
      "geometry": {
        "type": "Point",
        "coordinates": [
          103.8597515,
          1.3042832
        ]
      },
      "id": "node/4302906349"
    },
    {
      "type": "Feature",
      "properties": {
        "@id": "node/4302906351",
        "addr:city": "Singapore",
        "addr:country": "SG",
        "addr:housenumber": "28",
        "addr:postcode": "069708",
        "addr:street": "Ann Siang Road",
        "name": "The Club",
        "name:zh": "新加坡俱乐部酒店",
        "tourism": "hotel",
        "website": "www.theclub.com.sg"
      },
      "geometry": {
        "type": "Point",
        "coordinates": [
          103.8457386,
          1.2807475
        ]
      },
      "id": "node/4302906351"
    },
    {
      "type": "Feature",
      "properties": {
        "@id": "node/4302906352",
        "addr:city": "Singapore",
        "addr:country": "SG",
        "addr:housenumber": "16",
        "addr:postcode": "208413",
        "addr:street": "Madras Street",
        "name": "The Daulat",
        "tourism": "hotel",
        "website": "https://www.thedaulat.com/",
        "wikidata": "Q115968220"
      },
      "geometry": {
        "type": "Point",
        "coordinates": [
          103.8528885,
          1.3048116
        ]
      },
      "id": "node/4302906352"
    },
    {
      "type": "Feature",
      "properties": {
        "@id": "node/4302906353",
        "addr:city": "Singapore",
        "addr:country": "SG",
        "addr:housenumber": "83",
        "addr:postcode": "089540",
        "addr:street": "Duxton Road",
        "name": "The Duxton",
        "tourism": "hotel",
        "website": "https://garchahotels.com/"
      },
      "geometry": {
        "type": "Point",
        "coordinates": [
          103.8431722,
          1.2788774
        ]
      },
      "id": "node/4302906353"
    },
    {
      "type": "Feature",
      "properties": {
        "@id": "node/4302906354",
        "addr:city": "Singapore",
        "addr:country": "SG",
        "addr:housenumber": "24",
        "addr:postcode": "228518",
        "addr:street": "Mount Elizabeth",
        "name": "Vibe Hotel Singapore Orchard",
        "tourism": "hotel",
        "website": "https://www.stayfareast.com.sg/"
      },
      "geometry": {
        "type": "Point",
        "coordinates": [
          103.8357123,
          1.3080241
        ]
      },
      "id": "node/4302906354"
    },
    {
      "type": "Feature",
      "properties": {
        "@id": "node/4302906605",
        "addr:city": "Singapore",
        "addr:country": "SG",
        "addr:housenumber": "48",
        "addr:postcode": "189627",
        "addr:street": "Bencoolen Street",
        "check_date": "2025-07-26",
        "name": "V Hotel Bencoolen",
        "tourism": "hotel",
        "website": "https://www.vhotel.sg/"
      },
      "geometry": {
        "type": "Point",
        "coordinates": [
          103.8507128,
          1.2988846
        ]
      },
      "id": "node/4302906605"
    },
    {
      "type": "Feature",
      "properties": {
        "@id": "node/4302906606",
        "addr:city": "Singapore",
        "addr:country": "SG",
        "addr:housenumber": "70",
        "addr:postcode": "208767",
        "addr:street": "Jellicoe Road",
        "name": "V Hotel Lavender",
        "tourism": "hotel",
        "website": "https://www.vhotel.sg/",
        "wheelchair": "yes"
      },
      "geometry": {
        "type": "Point",
        "coordinates": [
          103.862535,
          1.3077968
        ]
      },
      "id": "node/4302906606"
    },
    {
      "type": "Feature",
      "properties": {
        "@id": "node/4302906607",
        "addr:city": "Singapore",
        "addr:country": "SG",
        "addr:housenumber": "5",
        "addr:postcode": "259895",
        "addr:street": "Balmoral Crescent",
        "name": "VIP Hotel",
        "tourism": "hotel",
        "website": "https://www.viphotel.com.sg/"
      },
      "geometry": {
        "type": "Point",
        "coordinates": [
          103.8345731,
          1.3156477
        ]
      },
      "id": "node/4302906607"
    },
    {
      "type": "Feature",
      "properties": {
        "@id": "node/4302906610",
        "addr:city": "Singapore",
        "addr:country": "SG",
        "addr:housenumber": "592",
        "addr:postcode": "329901",
        "addr:street": "Balestier Road",
        "brand": "Value Hotel",
        "name": "Value Hotel (Thomson)",
        "tourism": "hotel",
        "website": "https://www.valuehotel.com.sg/"
      },
      "geometry": {
        "type": "Point",
        "coordinates": [
          103.8427199,
          1.3269557
        ]
      },
      "id": "node/4302906610"
    },
    {
      "type": "Feature",
      "properties": {
        "@id": "node/4302906611",
        "addr:city": "Singapore",
        "addr:country": "SG",
        "addr:housenumber": "238",
        "addr:postcode": "427495",
        "addr:street": "Joo Chiat Road",
        "name": "Venue Hotel The Lily",
        "tourism": "hotel",
        "website": "https://www.venuehotel.sg/"
      },
      "geometry": {
        "type": "Point",
        "coordinates": [
          103.9005824,
          1.3115478
        ]
      },
      "id": "node/4302906611"
    },
    {
      "type": "Feature",
      "properties": {
        "@id": "node/4302906613",
        "addr:city": "Singapore",
        "addr:country": "SG",
        "addr:housenumber": "87 & 89",
        "addr:postcode": "188016",
        "addr:street": "Victoria Street",
        "check_date": "2024-03-20",
        "name": "Victoria Hotel",
        "tourism": "hotel",
        "website": "http://www.victoriahotelsingapore.com/",
        "wikidata": "Q111429447"
      },
      "geometry": {
        "type": "Point",
        "coordinates": [
          103.8524422,
          1.2970999
        ]
      },
      "id": "node/4302906613"
    },
    {
      "type": "Feature",
      "properties": {
        "@id": "node/4302906619",
        "addr:city": "Singapore",
        "addr:country": "SG",
        "addr:housenumber": "2",
        "addr:postcode": "209494",
        "addr:street": "Dickson Road",
        "name": "Wanderlust Hotel",
        "tourism": "hotel",
        "website": "https://www.wanderlusthotel.com/",
        "wikidata": "Q111429466"
      },
      "geometry": {
        "type": "Point",
        "coordinates": [
          103.8546295,
          1.3051213
        ]
      },
      "id": "node/4302906619"
    },
    {
      "type": "Feature",
      "properties": {
        "@id": "node/4302906620",
        "addr:city": "Singapore",
        "addr:country": "SG",
        "addr:housenumber": "231",
        "addr:postcode": "169040",
        "addr:street": "Outram Road",
        "brand": "The Ascott Limited",
        "name": "D'Hotel",
        "tourism": "hotel",
        "website": "https://www.discoverasr.com/en/others/singapore/dhotel-singapore?utm_source=google&utm_medium=gmb&utm_campaign=DhotelSingapore"
      },
      "geometry": {
        "type": "Point",
        "coordinates": [
          103.83501,
          1.2843221
        ]
      },
      "id": "node/4302906620"
    },
    {
      "type": "Feature",
      "properties": {
        "@id": "node/4302906622",
        "addr:city": "Singapore",
        "addr:country": "SG",
        "addr:housenumber": "64-A/B, 66-A/B & 68-A/B",
        "addr:postcode": "058967",
        "addr:street": "Smith Street",
        "name": "Yes Chinatown Pt. Hotel",
        "tourism": "hotel",
        "website": "http://yeschinatownpoint.com"
      },
      "geometry": {
        "type": "Point",
        "coordinates": [
          103.8431615,
          1.2830398
        ]
      },
      "id": "node/4302906622"
    },
    {
      "type": "Feature",
      "properties": {
        "@id": "node/4302906623",
        "addr:city": "Singapore",
        "addr:country": "SG",
        "addr:housenumber": "549",
        "addr:postcode": "389504",
        "addr:street": "Geylang Road",
        "addr:unit": "549A/B",
        "name": "Yew Lian Hotel",
        "source": "Kaart Ground Survey 2017",
        "tourism": "hotel"
      },
      "geometry": {
        "type": "Point",
        "coordinates": [
          103.8855041,
          1.3140007
        ]
      },
      "id": "node/4302906623"
    },
    {
      "type": "Feature",
      "properties": {
        "@id": "node/4302906624",
        "addr:city": "Singapore",
        "addr:country": "SG",
        "addr:housenumber": "21",
        "addr:postcode": "228516",
        "addr:street": "Mount Elizabeth",
        "name": "York Hotel",
        "tourism": "hotel",
        "website": "https://www.yorkhotel.com.sg/"
      },
      "geometry": {
        "type": "Point",
        "coordinates": [
          103.8351875,
          1.3069254
        ]
      },
      "id": "node/4302906624"
    },
    {
      "type": "Feature",
      "properties": {
        "@id": "node/4302906625",
        "addr:city": "Singapore",
        "addr:country": "SG",
        "addr:housenumber": "211A, 213A, 215A & 217A",
        "addr:postcode": "058764",
        "addr:street": "South Bridge Road",
        "name": "iStay.inn",
        "tourism": "hotel"
      },
      "geometry": {
        "type": "Point",
        "coordinates": [
          103.8459241,
          1.2829824
        ]
      },
      "id": "node/4302906625"
    },
    {
      "type": "Feature",
      "properties": {
        "@id": "node/4302906626",
        "addr:city": "Singapore",
        "addr:country": "SG",
        "addr:housenumber": "269",
        "addr:postcode": "058818",
        "addr:street": "South Bridge Road",
        "brand": "5footway.inn",
        "name": "5footway.inn (Ann Siang)",
        "tourism": "hotel",
        "website": "https://www.5footwayinn.com/"
      },
      "geometry": {
        "type": "Point",
        "coordinates": [
          103.8453233,
          1.2819252
        ]
      },
      "id": "node/4302906626"
    },
    {
      "type": "Feature",
      "properties": {
        "@id": "node/4302906627",
        "addr:city": "Singapore",
        "addr:country": "SG",
        "addr:housenumber": "73-76",
        "addr:postcode": "049864",
        "addr:street": "Boat Quay",
        "brand": "5footway.inn",
        "name": "5footway.inn",
        "tourism": "hotel",
        "website": "https://www.5footwayinn.com/"
      },
      "geometry": {
        "type": "Point",
        "coordinates": [
          103.8491959,
          1.2882021
        ]
      },
      "id": "node/4302906627"
    },
    {
      "type": "Feature",
      "properties": {
        "@id": "node/4302906629",
        "addr:city": "Singapore",
        "addr:country": "SG",
        "addr:postcode": "059222",
        "addr:street": "61A/B & 63A/B Pagoda Street",
        "brand": "5footway.inn",
        "name": "5footway.inn (Chinatown 1)",
        "tourism": "hotel",
        "website": "https://www.5footwayinn.com/"
      },
      "geometry": {
        "type": "Point",
        "coordinates": [
          103.8439035,
          1.2834496
        ]
      },
      "id": "node/4302906629"
    },
    {
      "type": "Feature",
      "properties": {
        "@id": "node/4302906630",
        "addr:city": "Singapore",
        "addr:country": "SG",
        "addr:housenumber": "227",
        "addr:postcode": "058778",
        "addr:street": "South Bridge Road",
        "brand": "5footway.inn",
        "name": "Heritage Collection on Chinatown",
        "tourism": "hotel",
        "website": "https://hericoll.com/"
      },
      "geometry": {
        "type": "Point",
        "coordinates": [
          103.8456968,
          1.2827456
        ]
      },
      "id": "node/4302906630"
    },
    {
      "type": "Feature",
      "properties": {
        "@id": "node/4302906631",
        "addr:city": "Singapore",
        "addr:country": "SG",
        "addr:housenumber": "52A",
        "addr:postcode": "059211",
        "addr:street": "Pagoda Street",
        "brand": "5footway.inn",
        "name": "5footway.inn (Chinatown 3)",
        "tourism": "hotel",
        "website": "https://www.5footwayinn.com/"
      },
      "geometry": {
        "type": "Point",
        "coordinates": [
          103.844288,
          1.2836095
        ]
      },
      "id": "node/4302906631"
    },
    {
      "type": "Feature",
      "properties": {
        "@id": "node/4302906632",
        "addr:city": "Singapore",
        "addr:country": "SG",
        "addr:housenumber": "73A",
        "addr:postcode": "059232",
        "addr:street": "Pagoda Street",
        "brand": "5footway.inn",
        "name": "5footway.inn (Chinatown 4)",
        "tourism": "hotel",
        "website": "https://www.5footwayinn.com/"
      },
      "geometry": {
        "type": "Point",
        "coordinates": [
          103.8437083,
          1.2835635
        ]
      },
      "id": "node/4302906632"
    },
    {
      "type": "Feature",
      "properties": {
        "@id": "node/4317625889",
        "addr:housenumber": "28",
        "addr:street": "Cavenagh Road",
        "name": "Chancellor@Orchard",
        "phone": "+65 6708 8788",
        "tourism": "hotel",
        "website": "fax 67088787"
      },
      "geometry": {
        "type": "Point",
        "coordinates": [
          103.8423669,
          1.3012281
        ]
      },
      "id": "node/4317625889"
    },
    {
      "type": "Feature",
      "properties": {
        "@id": "node/4508200393",
        "tourism": "hotel"
      },
      "geometry": {
        "type": "Point",
        "coordinates": [
          103.8625282,
          1.3075555
        ]
      },
      "id": "node/4508200393"
    },
    {
      "type": "Feature",
      "properties": {
        "@id": "node/4688586591",
        "addr:city": "Singapore",
        "addr:housenumber": "42",
        "addr:postcode": "239351",
        "addr:street": "Kim Yam Road",
        "name": "Alma House",
        "phone": "+65 98537177",
        "tourism": "hotel",
        "website": "https://www.almahouse.sg/"
      },
      "geometry": {
        "type": "Point",
        "coordinates": [
          103.8393203,
          1.2923066
        ]
      },
      "id": "node/4688586591"
    },
    {
      "type": "Feature",
      "properties": {
        "@id": "node/4732458836",
        "addr:street": "Rochor Road",
        "check_date": "2023-06-21",
        "name": "Hovo",
        "tourism": "hotel"
      },
      "geometry": {
        "type": "Point",
        "coordinates": [
          103.8550968,
          1.3012089
        ]
      },
      "id": "node/4732458836"
    },
    {
      "type": "Feature",
      "properties": {
        "@id": "node/4738749684",
        "addr:street": "Havelock Road",
        "name": "Grand Shanghai",
        "source": "Kaart Ground Survey 2017",
        "tourism": "hotel"
      },
      "geometry": {
        "type": "Point",
        "coordinates": [
          103.8357002,
          1.2894964
        ]
      },
      "id": "node/4738749684"
    },
    {
      "type": "Feature",
      "properties": {
        "@id": "node/4738763665",
        "addr:street": "Upper Cross Street",
        "name": "The Platinum",
        "source": "Kaart Ground Survey 2017",
        "tourism": "hotel"
      },
      "geometry": {
        "type": "Point",
        "coordinates": [
          103.8446108,
          1.2843702
        ]
      },
      "id": "node/4738763665"
    },
    {
      "type": "Feature",
      "properties": {
        "@id": "node/4987312923",
        "tourism": "hotel"
      },
      "geometry": {
        "type": "Point",
        "coordinates": [
          103.8202325,
          1.2563984
        ]
      },
      "id": "node/4987312923"
    },
    {
      "type": "Feature",
      "properties": {
        "@id": "node/5055589378",
        "addr:city": "Singapore",
        "addr:country": "SG",
        "addr:housenumber": "162",
        "addr:postcode": "207581",
        "addr:street": "Tyrwhitt Road",
        "name": "Yan Hotel",
        "tourism": "hotel",
        "wikidata": "Q111406920"
      },
      "geometry": {
        "type": "Point",
        "coordinates": [
          103.8605715,
          1.3118004
        ]
      },
      "id": "node/5055589378"
    },
    {
      "type": "Feature",
      "properties": {
        "@id": "node/5204481621",
        "name:ko": "호텔",
        "tourism": "hotel"
      },
      "geometry": {
        "type": "Point",
        "coordinates": [
          103.8439423,
          1.2793919
        ]
      },
      "id": "node/5204481621"
    },
    {
      "type": "Feature",
      "properties": {
        "@id": "node/5277620605",
        "addr:city": "Singapore",
        "addr:country": "SG",
        "addr:housenumber": "9",
        "addr:place": "Tanjong Pagar Centre",
        "addr:postcode": "078885",
        "addr:street": "Wallich Street",
        "brand": "Sofitel",
        "brand:wikidata": "Q749431",
        "email": "HA152@sofitel.com",
        "fax": "+65 6428 5001",
        "name": "Sofitel Singapore City Centre",
        "phone": "+65 6428 5000",
        "tourism": "hotel",
        "website": "https://www.sofitel-singapore-citycentre.com/"
      },
      "geometry": {
        "type": "Point",
        "coordinates": [
          103.8451982,
          1.2771112
        ]
      },
      "id": "node/5277620605"
    },
    {
      "type": "Feature",
      "properties": {
        "@id": "node/5402838706",
        "brand": "ANdAZ",
        "brand:wikidata": "Q48836304",
        "check_date": "2025-02-13",
        "name": "ANdAZ Singapore",
        "operator": "Hyatt",
        "stars": "5",
        "tourism": "hotel",
        "website": "https://singapore.andaz.hyatt.com/"
      },
      "geometry": {
        "type": "Point",
        "coordinates": [
          103.8578314,
          1.2991547
        ]
      },
      "id": "node/5402838706"
    },
    {
      "type": "Feature",
      "properties": {
        "@id": "node/5682552406",
        "addr:city": "Singapore",
        "addr:country": "SG",
        "addr:housenumber": "29",
        "addr:postcode": "247911",
        "addr:street": "Tanglin Road",
        "internet_access": "wlan",
        "internet_access:fee": "no",
        "name": "The St. Regis Singapore",
        "phone": "+65 6506 6888",
        "rooms": "299",
        "stars": "5",
        "tourism": "hotel",
        "website": "http://www.stregissingapore.com/",
        "wheelchair": "yes"
      },
      "geometry": {
        "type": "Point",
        "coordinates": [
          103.8260358,
          1.3057577
        ]
      },
      "id": "node/5682552406"
    },
    {
      "type": "Feature",
      "properties": {
        "@id": "node/5755302127",
        "name": "Lemon Grass",
        "tourism": "hotel"
      },
      "geometry": {
        "type": "Point",
        "coordinates": [
          103.8818827,
          1.3111596
        ]
      },
      "id": "node/5755302127"
    },
    {
      "type": "Feature",
      "properties": {
        "@id": "node/5838717887",
        "tourism": "hotel",
        "wheelchair": "yes"
      },
      "geometry": {
        "type": "Point",
        "coordinates": [
          103.8601452,
          1.2826028
        ]
      },
      "id": "node/5838717887"
    },
    {
      "type": "Feature",
      "properties": {
        "@id": "node/5912497109",
        "addr:city": "Singapore",
        "addr:housenumber": "1",
        "addr:postcode": "519599",
        "addr:street": "Pasir Ris Close",
        "facebook": "https://www.facebook.com/dresortsg/?fref=ts",
        "internet_access": "wlan",
        "internet_access:fee": "no",
        "name": "D’Resort @ Downtown East",
        "operator": "NTUC Club",
        "phone": "+65 6582 3322",
        "smoking": "isolated",
        "stars": "3",
        "tourism": "hotel",
        "website": "https://www.dresort.com.sg/"
      },
      "geometry": {
        "type": "Point",
        "coordinates": [
          103.9550047,
          1.3799828
        ]
      },
      "id": "node/5912497109"
    },
    {
      "type": "Feature",
      "properties": {
        "@id": "node/6033668367",
        "name": "Orchard Hotel Singapore",
        "tourism": "hotel"
      },
      "geometry": {
        "type": "Point",
        "coordinates": [
          103.8282727,
          1.3079045
        ]
      },
      "id": "node/6033668367"
    },
    {
      "type": "Feature",
      "properties": {
        "@id": "node/6323993346",
        "addr:floor": "2",
        "check_date": "2024-04-25",
        "level": "1",
        "name": "Vintage Inn",
        "stars": "2",
        "tourism": "hotel",
        "wheelchair": "no"
      },
      "geometry": {
        "type": "Point",
        "coordinates": [
          103.8511239,
          1.308504
        ]
      },
      "id": "node/6323993346"
    },
    {
      "type": "Feature",
      "properties": {
        "@id": "node/6348180686",
        "brand": "Six Senses",
        "brand:wikidata": "Q108049683",
        "name": "six senses duxton",
        "tourism": "hotel"
      },
      "geometry": {
        "type": "Point",
        "coordinates": [
          103.8431699,
          1.2787354
        ]
      },
      "id": "node/6348180686"
    },
    {
      "type": "Feature",
      "properties": {
        "@id": "node/6374479748",
        "addr:city": "Singapore",
        "addr:housenumber": "99",
        "addr:postcode": "329568",
        "addr:street": "Irrawaddy Road",
        "alt_name": "Courtyard by Marriott Singapore Novena",
        "brand": "Courtyard by Marriott",
        "brand:wikidata": "Q1053170",
        "brand:wikipedia": "en:Courtyard by Marriott",
        "level": "22",
        "name": "Courtyard Singapore Novena",
        "phone": "+65 6250 0303",
        "tourism": "hotel"
      },
      "geometry": {
        "type": "Point",
        "coordinates": [
          103.843124,
          1.3206975
        ]
      },
      "id": "node/6374479748"
    },
    {
      "type": "Feature",
      "properties": {
        "@id": "node/6378160629",
        "addr:city": "Singapore",
        "addr:housenumber": "35",
        "addr:postcode": "068876",
        "addr:street": "Robinson Road",
        "name": "Hotel Telegraph",
        "phone": "+65 6701 6800",
        "tourism": "hotel"
      },
      "geometry": {
        "type": "Point",
        "coordinates": [
          103.8498374,
          1.2800753
        ]
      },
      "id": "node/6378160629"
    },
    {
      "type": "Feature",
      "properties": {
        "@id": "node/6391254326",
        "name": "City Backpackers",
        "tourism": "hotel"
      },
      "geometry": {
        "type": "Point",
        "coordinates": [
          103.8725486,
          1.311115
        ]
      },
      "id": "node/6391254326"
    },
    {
      "type": "Feature",
      "properties": {
        "@id": "node/6565847357",
        "addr:city": "Singapore",
        "addr:country": "SG",
        "addr:housenumber": "50",
        "addr:street": "Campbell Lane",
        "email": "info@campbellinn.net",
        "name": "Campbell Inn",
        "phone": "+65 6291 3861",
        "tourism": "hotel",
        "website": "https://www.campbellinn.net/",
        "wikidata": "Q111126355"
      },
      "geometry": {
        "type": "Point",
        "coordinates": [
          103.8526577,
          1.304988
        ]
      },
      "id": "node/6565847357"
    },
    {
      "type": "Feature",
      "properties": {
        "@id": "node/7072190339",
        "name": "Park 22",
        "tourism": "hotel"
      },
      "geometry": {
        "type": "Point",
        "coordinates": [
          103.8507402,
          1.3075825
        ]
      },
      "id": "node/7072190339"
    },
    {
      "type": "Feature",
      "properties": {
        "@id": "node/7126267086",
        "addr:city": "Singapore",
        "addr:country": "SG",
        "addr:housenumber": "700",
        "addr:postcode": "199598",
        "addr:street": "Beach Road",
        "email": "info@hoteltraveltine.com",
        "fax": "+65 66792008",
        "internet_access": "wlan",
        "name": "Hotel Traveltine",
        "phone": "+65 66792000",
        "tourism": "hotel",
        "website": "https://www.hoteltraveltine.com/",
        "wheelchair": "yes"
      },
      "geometry": {
        "type": "Point",
        "coordinates": [
          103.8641508,
          1.3024426
        ]
      },
      "id": "node/7126267086"
    },
    {
      "type": "Feature",
      "properties": {
        "@id": "node/7140984772",
        "name": "Compass",
        "tourism": "hotel"
      },
      "geometry": {
        "type": "Point",
        "coordinates": [
          103.881902,
          1.3110013
        ]
      },
      "id": "node/7140984772"
    },
    {
      "type": "Feature",
      "properties": {
        "@id": "node/7140984773",
        "name": "Evergreen Residences",
        "stars": "3",
        "tourism": "hotel"
      },
      "geometry": {
        "type": "Point",
        "coordinates": [
          103.8823665,
          1.3110628
        ]
      },
      "id": "node/7140984773"
    },
    {
      "type": "Feature",
      "properties": {
        "@id": "node/7143258373",
        "addr:city": "Singapore",
        "addr:country": "SG",
        "addr:housenumber": "11",
        "addr:postcode": "098497",
        "addr:street": "Cove Drive",
        "email": "info.sc@one15marina.com",
        "name": "ONE°15 Marina Sentosa Cove",
        "phone": "+65 6305 6988",
        "tourism": "hotel",
        "website": "https://one15marina.com/;https://www.one15marina.com/"
      },
      "geometry": {
        "type": "Point",
        "coordinates": [
          103.8397281,
          1.2456465
        ]
      },
      "id": "node/7143258373"
    },
    {
      "type": "Feature",
      "properties": {
        "@id": "node/7668133344",
        "name": "Orchard Scotts Residences",
        "tourism": "hotel"
      },
      "geometry": {
        "type": "Point",
        "coordinates": [
          103.838502,
          1.309891
        ]
      },
      "id": "node/7668133344"
    },
    {
      "type": "Feature",
      "properties": {
        "@id": "node/7682168122",
        "addr:city": "Singapore",
        "addr:country": "SG",
        "addr:housenumber": "40A",
        "addr:street": "Lengkong Tiga",
        "name": "YSUN Homestay",
        "tourism": "hotel"
      },
      "geometry": {
        "type": "Point",
        "coordinates": [
          103.9113404,
          1.32595
        ]
      },
      "id": "node/7682168122"
    },
    {
      "type": "Feature",
      "properties": {
        "@id": "node/7851558017",
        "branch": "Lavender",
        "brand": "Fragrance Hotel",
        "name": "Fragrance Hotel Lavender",
        "tourism": "hotel"
      },
      "geometry": {
        "type": "Point",
        "coordinates": [
          103.8630614,
          1.3098892
        ]
      },
      "id": "node/7851558017"
    },
    {
      "type": "Feature",
      "properties": {
        "@id": "node/8187577648",
        "addr:city": "Singapore",
        "addr:housenumber": "11",
        "addr:postcode": "488047",
        "addr:street": "Laguna Golf Green",
        "name": "Dusit Thani Laguna Singapore",
        "phone": "+6568418888",
        "tourism": "hotel",
        "website": "https://www.dusitthanilagunasingapore.com/"
      },
      "geometry": {
        "type": "Point",
        "coordinates": [
          103.9628922,
          1.3237578
        ]
      },
      "id": "node/8187577648"
    },
    {
      "type": "Feature",
      "properties": {
        "@id": "node/8223784348",
        "addr:city": "Singapore",
        "addr:country": "SG",
        "addr:housenumber": "401",
        "addr:postcode": "169631",
        "addr:street": "Havelock Road",
        "check_date": "2025-04-23",
        "name": "Hotel Miramar Singapore",
        "tourism": "hotel",
        "website": "https://www.miramar.com.sg/"
      },
      "geometry": {
        "type": "Point",
        "coordinates": [
          103.837354,
          1.2883804
        ]
      },
      "id": "node/8223784348"
    },
    {
      "type": "Feature",
      "properties": {
        "@id": "node/8417120617",
        "name": "Q Loft",
        "tourism": "hotel"
      },
      "geometry": {
        "type": "Point",
        "coordinates": [
          103.9470445,
          1.3316045
        ]
      },
      "id": "node/8417120617"
    },
    {
      "type": "Feature",
      "properties": {
        "@id": "node/8527132444",
        "addr:city": "Singapore",
        "addr:housenumber": "3",
        "addr:postcode": "208582",
        "addr:street": "King George's Avenue",
        "email": "urbane@hotelnuve.com",
        "internet_access": "wlan",
        "name": "Hotel NuVe Urbane",
        "phone": "+65 6372 5299",
        "tourism": "hotel",
        "website": "https://www.hotelnuveurbane.com/",
        "wikidata": "Q133861794"
      },
      "geometry": {
        "type": "Point",
        "coordinates": [
          103.8588731,
          1.3072405
        ]
      },
      "id": "node/8527132444"
    },
    {
      "type": "Feature",
      "properties": {
        "@id": "node/9025155167",
        "name": "Mondrian Singapore",
        "tourism": "hotel"
      },
      "geometry": {
        "type": "Point",
        "coordinates": [
          103.8421441,
          1.278586
        ]
      },
      "id": "node/9025155167"
    },
    {
      "type": "Feature",
      "properties": {
        "@id": "node/9404339484",
        "addr:postcode": "059681",
        "name": "Hotel NuVe Elements, Clarke Quay",
        "tourism": "hotel"
      },
      "geometry": {
        "type": "Point",
        "coordinates": [
          103.8475514,
          1.2872132
        ]
      },
      "id": "node/9404339484"
    },
    {
      "type": "Feature",
      "properties": {
        "@id": "node/9724031710",
        "branch": "Singapore Little India",
        "brand": "Holiday Inn",
        "brand:wikidata": "Q2717882",
        "name": "Holiday Inn",
        "tourism": "hotel"
      },
      "geometry": {
        "type": "Point",
        "coordinates": [
          103.8548273,
          1.3119831
        ]
      },
      "id": "node/9724031710"
    },
    {
      "type": "Feature",
      "properties": {
        "@id": "node/9754627417",
        "addr:city": "Singapore",
        "addr:country": "SG",
        "addr:housenumber": "8",
        "addr:postcode": "069472",
        "addr:street": "Club Street",
        "brand": "Mercure",
        "brand:wikidata": "Q1709809",
        "name": "Mercure ICON Singapore City Centre",
        "tourism": "hotel"
      },
      "geometry": {
        "type": "Point",
        "coordinates": [
          103.8466318,
          1.2829757
        ]
      },
      "id": "node/9754627417"
    },
    {
      "type": "Feature",
      "properties": {
        "@id": "node/9814782026",
        "addr:housenumber": "5",
        "addr:street": "Lorong 6",
        "name": "five/6 Hotel Splendour",
        "phone": "+65 6206 5888",
        "tourism": "hotel",
        "wikidata": "Q111429507"
      },
      "geometry": {
        "type": "Point",
        "coordinates": [
          103.876669,
          1.3109304
        ]
      },
      "id": "node/9814782026"
    },
    {
      "type": "Feature",
      "properties": {
        "@id": "node/9822039017",
        "name": "ahen home bedok",
        "tourism": "hotel"
      },
      "geometry": {
        "type": "Point",
        "coordinates": [
          103.9095729,
          1.3288228
        ]
      },
      "id": "node/9822039017"
    },
    {
      "type": "Feature",
      "properties": {
        "@id": "node/9858404604",
        "addr:housenumber": "33",
        "addr:street": "Middle Road",
        "branch": "Bugis",
        "brand": "Ibis Budget",
        "brand:wikidata": "Q1458135",
        "name": "Ibis Budget Bugis",
        "tourism": "hotel"
      },
      "geometry": {
        "type": "Point",
        "coordinates": [
          103.855553,
          1.2969412
        ]
      },
      "id": "node/9858404604"
    },
    {
      "type": "Feature",
      "properties": {
        "@id": "node/9858441318",
        "addr:housenumber": "31",
        "addr:street": "Middle Road",
        "branch": "Bugis",
        "brand": "Hotel 81",
        "name": "Hotel 81",
        "tourism": "hotel"
      },
      "geometry": {
        "type": "Point",
        "coordinates": [
          103.8556963,
          1.2968416
        ]
      },
      "id": "node/9858441318"
    },
    {
      "type": "Feature",
      "properties": {
        "@id": "node/9885370567",
        "addr:city": "Singapore",
        "addr:country": "SG",
        "addr:housenumber": "500",
        "addr:postcode": "199020",
        "addr:street": "Jalan Sultan",
        "email": "contact@hotelboss.sg",
        "name": "Hotel Boss",
        "phone": "+65 68090000",
        "tourism": "hotel",
        "website": "https://www.hotelboss.sg/",
        "wheelchair": "yes"
      },
      "geometry": {
        "type": "Point",
        "coordinates": [
          103.8603111,
          1.3057392
        ]
      },
      "id": "node/9885370567"
    },
    {
      "type": "Feature",
      "properties": {
        "@id": "node/9887509282",
        "addr:city": "Singapore",
        "addr:housenumber": "30",
        "addr:postcode": "189763",
        "addr:street": "Beach Road",
        "alt_name": "JW Marriott Hotel Singapore South Beach",
        "brand": "JW Marriott",
        "brand:wikidata": "Q1067636",
        "brand:wikipedia": "en:JW Marriott Hotels",
        "name": "JW Marriott Hotel Singapore South Beach",
        "phone": "+65 6818 1888",
        "rooms": "634",
        "source": "Kaart Ground Survey 2017",
        "start_date": "2015",
        "tourism": "hotel",
        "website": "http://www.jwmarriottsingapore.com/"
      },
      "geometry": {
        "type": "Point",
        "coordinates": [
          103.8560812,
          1.2942958
        ]
      },
      "id": "node/9887509282"
    },
    {
      "type": "Feature",
      "properties": {
        "@id": "node/9893218548",
        "name": "Hotel VR",
        "tourism": "hotel"
      },
      "geometry": {
        "type": "Point",
        "coordinates": [
          103.8538675,
          1.3061749
        ]
      },
      "id": "node/9893218548"
    },
    {
      "type": "Feature",
      "properties": {
        "@id": "node/10115584266",
        "air_conditioning": "yes",
        "name": "The Outpost",
        "tourism": "hotel",
        "website": "https://www.nativekitchen.com.sg/"
      },
      "geometry": {
        "type": "Point",
        "coordinates": [
          103.8197207,
          1.2518875
        ]
      },
      "id": "node/10115584266"
    },
    {
      "type": "Feature",
      "properties": {
        "@id": "node/10216949224",
        "addr:city": "Singapore",
        "addr:housename": "Haw Par Villa",
        "addr:housenumber": "262",
        "addr:street": "Pasir Panjang Road",
        "air_conditioning": "yes",
        "branch": "Haw Par Villa",
        "brand": "Tinypod",
        "name": "Shipping Container Hotel",
        "name:zh": "集装箱酒店",
        "rooms": "2",
        "tourism": "hotel",
        "website": "https://www.tinypod.com/haw-par-villa"
      },
      "geometry": {
        "type": "Point",
        "coordinates": [
          103.7834005,
          1.2844819
        ]
      },
      "id": "node/10216949224"
    },
    {
      "type": "Feature",
      "properties": {
        "@id": "node/10258936591",
        "tourism": "hotel"
      },
      "geometry": {
        "type": "Point",
        "coordinates": [
          103.8603591,
          1.2997847
        ]
      },
      "id": "node/10258936591"
    },
    {
      "type": "Feature",
      "properties": {
        "@id": "node/10771041152",
        "check_date": "2024-03-20",
        "contact:facebook": "https://www.facebook.com/arenaesportshotel",
        "level": "1",
        "name": "Arena Esports Hotel",
        "tourism": "hotel",
        "website": "https://www.arenaesportshotel.com/",
        "wheelchair": "no"
      },
      "geometry": {
        "type": "Point",
        "coordinates": [
          103.8555708,
          1.3006478
        ]
      },
      "id": "node/10771041152"
    },
    {
      "type": "Feature",
      "properties": {
        "@id": "node/10839121936",
        "addr:housenumber": "624",
        "addr:street": "Serangoon Road",
        "check_date": "2024-02-26",
        "name": "SpacePod @hive",
        "operator": "The Hive Hostel",
        "tourism": "hotel"
      },
      "geometry": {
        "type": "Point",
        "coordinates": [
          103.8587668,
          1.3158166
        ]
      },
      "id": "node/10839121936"
    },
    {
      "type": "Feature",
      "properties": {
        "@id": "node/10992300841",
        "addr:housenumber": "35",
        "addr:street": "Hamilton Road",
        "branch": "Hamilton",
        "brand": "Lion Peak",
        "check_date": "2023-06-20",
        "name": "Lion Peak Hotel Hamilton",
        "tourism": "hotel"
      },
      "geometry": {
        "type": "Point",
        "coordinates": [
          103.8613891,
          1.311793
        ]
      },
      "id": "node/10992300841"
    },
    {
      "type": "Feature",
      "properties": {
        "@id": "node/11226270037",
        "addr:housenumber": "2",
        "alt_name": "Swissotel",
        "brand": "Swissôtel",
        "brand:wikidata": "Q1635974",
        "internet_access": "wlan",
        "name": "Swissotel The Stamford",
        "tourism": "hotel"
      },
      "geometry": {
        "type": "Point",
        "coordinates": [
          103.8538692,
          1.2936255
        ]
      },
      "id": "node/11226270037"
    },
    {
      "type": "Feature",
      "properties": {
        "@id": "node/11293429391",
        "level": "1",
        "name": "Cozy Place",
        "tourism": "hotel"
      },
      "geometry": {
        "type": "Point",
        "coordinates": [
          103.852309,
          1.3014793
        ]
      },
      "id": "node/11293429391"
    },
    {
      "type": "Feature",
      "properties": {
        "@id": "node/11517501222",
        "addr:city": "Singapore",
        "addr:country": "SG",
        "addr:housenumber": "1",
        "addr:street": "Beach Road",
        "brand": "Raffles",
        "brand:wikidata": "Q4306661",
        "is_in:country_code": "SG",
        "name": "Raffles Hotel",
        "name:ar": "فندق رافلس",
        "name:en": "Raffles Hotel",
        "name:es": "Hotel Raffles",
        "name:fr": "Hôtel Raffles",
        "name:hi": "रॅफल्स होटल",
        "name:ja": "ラッフルズ・ホテル",
        "name:ko": "래플스 호텔",
        "name:ru": "Отель Раффлз",
        "name:vi": "Khách sạn Raffles",
        "name:zh": "莱弗士酒店",
        "phone": "+65 6337 1886",
        "rooms": "103",
        "stars": "5",
        "start_date": "1887-12",
        "tourism": "hotel",
        "website": "https://raffles.com/singapore",
        "wikidata": "Q1538837",
        "wikimedia_commons": "Category:Raffles_Hotel",
        "wikipedia": "en:Raffles Hotel"
      },
      "geometry": {
        "type": "Point",
        "coordinates": [
          103.8546412,
          1.2946815
        ]
      },
      "id": "node/11517501222"
    },
    {
      "type": "Feature",
      "properties": {
        "@id": "node/11569422069",
        "internet_access": "wlan",
        "name:es": "1900 Chinatown",
        "tourism": "hotel"
      },
      "geometry": {
        "type": "Point",
        "coordinates": [
          103.8444658,
          1.2840624
        ]
      },
      "id": "node/11569422069"
    },
    {
      "type": "Feature",
      "properties": {
        "@id": "node/11602274870",
        "name": "St Signature",
        "tourism": "hotel"
      },
      "geometry": {
        "type": "Point",
        "coordinates": [
          103.8451906,
          1.2818499
        ]
      },
      "id": "node/11602274870"
    },
    {
      "type": "Feature",
      "properties": {
        "@id": "node/11816822647",
        "addr:city": "Singapore",
        "addr:housenumber": "23",
        "addr:street": "Middle Road",
        "check_date": "2024-04-14",
        "name": "Wink Hotel",
        "tourism": "hotel"
      },
      "geometry": {
        "type": "Point",
        "coordinates": [
          103.8557912,
          1.2967846
        ]
      },
      "id": "node/11816822647"
    },
    {
      "type": "Feature",
      "properties": {
        "@id": "node/11818785524",
        "addr:city": "Singapore",
        "addr:housenumber": "77",
        "addr:postcode": "139954",
        "addr:street": "Ayer Rajah Crescent",
        "air_conditioning": "yes",
        "branch": "One North",
        "brand": "TinyPod",
        "contact:instagram": "https://www.instagram.com/tinypodhotel/",
        "contact:whatsapp": "+6593392099",
        "email": "hello@tinypod.com",
        "name": "Shipping Container Hotel",
        "phone": "+65 6665 7500",
        "rooms": "2",
        "tourism": "hotel",
        "website": "https://www.tinypod.com/one-north"
      },
      "geometry": {
        "type": "Point",
        "coordinates": [
          103.7868474,
          1.2981266
        ]
      },
      "id": "node/11818785524"
    },
    {
      "type": "Feature",
      "properties": {
        "@id": "node/11834999310",
        "addr:housenumber": "305",
        "addr:street": "Joo Chiat Road",
        "check_date": "2024-04-21",
        "name": "Venue Hotel",
        "tourism": "hotel"
      },
      "geometry": {
        "type": "Point",
        "coordinates": [
          103.9023718,
          1.3095626
        ]
      },
      "id": "node/11834999310"
    },
    {
      "type": "Feature",
      "properties": {
        "@id": "node/11886834461",
        "name": "Citadines Rochor",
        "operator": "Citadines",
        "tourism": "hotel",
        "wikidata": "Q111997024"
      },
      "geometry": {
        "type": "Point",
        "coordinates": [
          103.8514853,
          1.3051184
        ]
      },
      "id": "node/11886834461"
    },
    {
      "type": "Feature",
      "properties": {
        "@id": "node/11895352970",
        "name": "Hotel JJH Aliwal",
        "tourism": "hotel"
      },
      "geometry": {
        "type": "Point",
        "coordinates": [
          103.8603121,
          1.3034476
        ]
      },
      "id": "node/11895352970"
    },
    {
      "type": "Feature",
      "properties": {
        "@id": "node/11898833305",
        "addr:housenumber": "7",
        "addr:street": "Hongkong Street",
        "check_date": "2024-10-11",
        "name": "Hotel Clover 7",
        "tourism": "hotel"
      },
      "geometry": {
        "type": "Point",
        "coordinates": [
          103.8477789,
          1.2875448
        ]
      },
      "id": "node/11898833305"
    },
    {
      "type": "Feature",
      "properties": {
        "@id": "node/12244063103",
        "addr:housenumber": "181",
        "addr:street": "New Bridge Road",
        "check_date": "2024-10-11",
        "name": "Hotel 81 Chinatown",
        "tourism": "hotel"
      },
      "geometry": {
        "type": "Point",
        "coordinates": [
          103.8441024,
          1.2845631
        ]
      },
      "id": "node/12244063103"
    },
    {
      "type": "Feature",
      "properties": {
        "@id": "node/12597672401",
        "name": "KINN Capsule",
        "tourism": "hotel"
      },
      "geometry": {
        "type": "Point",
        "coordinates": [
          103.8485612,
          1.2875122
        ]
      },
      "id": "node/12597672401"
    },
    {
      "type": "Feature",
      "properties": {
        "@id": "node/12631752801",
        "name": "The Clan Hotel (NOT in the Manulife Tower)",
        "tourism": "hotel"
      },
      "geometry": {
        "type": "Point",
        "coordinates": [
          103.8482116,
          1.282577
        ]
      },
      "id": "node/12631752801"
    },
    {
      "type": "Feature",
      "properties": {
        "@id": "node/12646509532",
        "name": "Jyu Capsule Hotel",
        "tourism": "hotel"
      },
      "geometry": {
        "type": "Point",
        "coordinates": [
          103.8436123,
          1.2827081
        ]
      },
      "id": "node/12646509532"
    },
    {
      "type": "Feature",
      "properties": {
        "@id": "node/13102807020",
        "addr:housenumber": "86",
        "addr:street": "East Coast Rd",
        "name": "Hotel Indigo",
        "phone": "+65 6723 7001",
        "tourism": "hotel",
        "website": "www.ihg.com"
      },
      "geometry": {
        "type": "Point",
        "coordinates": [
          103.9047053,
          1.304624
        ]
      },
      "id": "node/13102807020"
    },
    {
      "type": "Feature",
      "properties": {
        "@id": "node/13604589701",
        "addr:city": "Singapore",
        "addr:housenumber": "5",
        "addr:postcode": "275752",
        "addr:street": "Holland Village Way",
        "internet_access": "yes",
        "name": "Quincy House Singapore",
        "tourism": "hotel",
        "website": "https://www.fareasthospitality.com/en/serviced-residences/quincy-house-singapore",
        "wheelchair": "yes"
      },
      "geometry": {
        "type": "Point",
        "coordinates": [
          103.7936434,
          1.3120448
        ]
      },
      "id": "node/13604589701"
    }
  ]
}