{
  "type": "FeatureCollection",
  "generator": "overpass-turbo",
  "copyright": "The data included in this document is from www.openstreetmap.org. The data is made available under ODbL.",
  "timestamp": "2026-03-26T11:14:26Z",
  "features": [
    {
      "type": "Feature",
      "properties": {
        "@id": "way/37522116",
        "amenity": "fast_food",
        "brand": "McDonald's",
        "brand:en": "McDonald's",
        "brand:wikidata": "Q38076",
        "brand:wikipedia": "en:McDonald's",
        "brand:zh": "麦当劳",
        "brand:zh-Hans": "麦当劳",
        "building": "retail",
        "cuisine": "burger",
        "drive_through": "yes",
        "name": "McDonald's",
        "name:en": "McDonald's",
        "name:zh": "麦当劳",
        "name:zh-Hans": "麦当劳",
        "opening_hours": "24/7",
        "source": "Estimate to be confirmed with other sources",
        "takeaway": "yes",
        "@geometry": "center"
      },
      "geometry": {
        "type": "Point",
        "coordinates": [
          103.8448094,
          1.3724238
        ]
      },
      "id": "way/37522116"
    },
    {
      "type": "Feature",
      "properties": {
        "@id": "way/71395037",
        "addr:housenumber": "458",
        "addr:street": "Upper Bukit Timah Road",
        "amenity": "fast_food",
        "brand": "Popeyes",
        "brand:wikidata": "Q1330910",
        "building": "retail",
        "check_date": "2024-08-29",
        "cuisine": "chicken",
        "name": "Popeyes",
        "official_name": "Popeyes Louisiana Kitchen",
        "takeaway": "yes",
        "wheelchair": "limited",
        "@geometry": "center"
      },
      "geometry": {
        "type": "Point",
        "coordinates": [
          103.7675965,
          1.3599389
        ]
      },
      "id": "way/71395037"
    },
    {
      "type": "Feature",
      "properties": {
        "@id": "way/71395043",
        "addr:housenumber": "460",
        "addr:street": "Upper Bukit Timah Road",
        "amenity": "fast_food",
        "building": "retail",
        "check_date": "2025-03-21",
        "cuisine": "fish_and_chips",
        "name": "Fish & Co.",
        "opening_hours": "11:00-21:30",
        "wheelchair": "limited",
        "@geometry": "center"
      },
      "geometry": {
        "type": "Point",
        "coordinates": [
          103.7675897,
          1.3599893
        ]
      },
      "id": "way/71395043"
    },
    {
      "type": "Feature",
      "properties": {
        "@id": "way/71400536",
        "addr:housenumber": "432",
        "addr:street": "Upper Bukit Timah Road",
        "amenity": "fast_food",
        "brand": "Burger King",
        "brand:wikidata": "Q177054",
        "building": "retail",
        "check_date": "2025-04-26",
        "cuisine": "burger",
        "name": "Burger King",
        "takeaway": "yes",
        "@geometry": "center"
      },
      "geometry": {
        "type": "Point",
        "coordinates": [
          103.7676544,
          1.3592585
        ]
      },
      "id": "way/71400536"
    },
    {
      "type": "Feature",
      "properties": {
        "@id": "way/71400544",
        "addr:housename": "The Rail Mall",
        "addr:housenumber": "440",
        "addr:postcode": "678072",
        "addr:street": "Upper Bukit Timah Road",
        "amenity": "fast_food",
        "brand": "Guzman y Gomez",
        "brand:wikidata": "Q23019759",
        "building": "retail",
        "check_date": "2024-09-27",
        "cuisine": "mexican",
        "name": "Guzman y Gomez",
        "phone": "+65 8031 8845",
        "wheelchair": "limited",
        "@geometry": "center"
      },
      "geometry": {
        "type": "Point",
        "coordinates": [
          103.7676367,
          1.35948
        ]
      },
      "id": "way/71400544"
    },
    {
      "type": "Feature",
      "properties": {
        "@id": "way/71400545",
        "addr:housename": "The Rail Mall",
        "addr:housenumber": "430",
        "addr:postcode": "678072",
        "addr:street": "Upper Bukit Timah Road",
        "amenity": "fast_food",
        "brand": "Subway",
        "brand:wikidata": "Q244457",
        "brand:wikipedia": "en:Subway (restaurant)",
        "building": "retail",
        "check_date": "2024-09-27",
        "cuisine": "sandwich",
        "name": "Subway",
        "name:zh": "赛百味",
        "opening_hours": "Mo-Fr 08:30-22:00; Sa,Su,PH 08:00-22:00",
        "phone": "+65 6762 2052",
        "takeaway": "yes",
        "wheelchair": "limited",
        "@geometry": "center"
      },
      "geometry": {
        "type": "Point",
        "coordinates": [
          103.7676603,
          1.3592094
        ]
      },
      "id": "way/71400545"
    },
    {
      "type": "Feature",
      "properties": {
        "@id": "way/98730035",
        "alt_name": "Kentucky Fried Chicken",
        "amenity": "fast_food",
        "brand": "KFC",
        "brand:en": "KFC",
        "brand:wikidata": "Q524757",
        "brand:wikipedia": "en:KFC",
        "brand:zh": "肯德基",
        "building": "yes",
        "cuisine": "chicken",
        "drive_through": "yes",
        "name": "KFC",
        "name:en": "KFC",
        "name:zh": "肯德基",
        "takeaway": "yes",
        "@geometry": "center"
      },
      "geometry": {
        "type": "Point",
        "coordinates": [
          103.7238491,
          1.3262298
        ]
      },
      "id": "way/98730035"
    },
    {
      "type": "Feature",
      "properties": {
        "@id": "way/104660963",
        "amenity": "fast_food",
        "brand": "McDonald's",
        "brand:en": "McDonald's",
        "brand:wikidata": "Q38076",
        "brand:wikipedia": "en:McDonald's",
        "brand:zh": "麦当劳",
        "building": "yes",
        "cuisine": "burger",
        "name": "McDonald's",
        "name:en": "McDonald's",
        "name:zh": "麦当劳",
        "name:zh-Hans": "麦当劳",
        "takeaway": "yes",
        "@geometry": "center"
      },
      "geometry": {
        "type": "Point",
        "coordinates": [
          103.7780884,
          1.3102442
        ]
      },
      "id": "way/104660963"
    },
    {
      "type": "Feature",
      "properties": {
        "@id": "way/173896280",
        "amenity": "fast_food",
        "brand": "McDonald's",
        "brand:en": "McDonald's",
        "brand:wikidata": "Q38076",
        "brand:wikipedia": "en:McDonald's",
        "brand:zh": "麦当劳",
        "building": "yes",
        "cuisine": "burger",
        "drive_through": "yes",
        "name": "McDonald's",
        "name:en": "McDonald's",
        "name:zh": "麦当劳",
        "name:zh-Hans": "麦当劳",
        "takeaway": "yes",
        "@geometry": "center"
      },
      "geometry": {
        "type": "Point",
        "coordinates": [
          103.7086656,
          1.3391458
        ]
      },
      "id": "way/173896280"
    },
    {
      "type": "Feature",
      "properties": {
        "@id": "way/198458323",
        "addr:city": "Singapore",
        "addr:housenumber": "1378",
        "addr:postcode": "569981",
        "addr:street": "Ang Mo Kio Avenue 1",
        "amenity": "fast_food",
        "brand": "McDonald's",
        "brand:en": "McDonald's",
        "brand:wikidata": "Q38076",
        "brand:wikipedia": "en:McDonald's",
        "brand:zh": "麦当劳",
        "brand:zh-Hans": "麦当劳",
        "building": "yes",
        "cuisine": "burger",
        "drive_through": "yes",
        "name": "McDonald's",
        "name:en": "McDonald's",
        "name:zh": "麦当劳",
        "name:zh-Hans": "麦当劳",
        "opening_hours": "Mo-Fr 07:00-23:00, Sa-Su 07:00-02:00",
        "outdoor_seating": "yes",
        "source": "Bing",
        "takeaway": "yes",
        "@geometry": "center"
      },
      "geometry": {
        "type": "Point",
        "coordinates": [
          103.846467,
          1.3609304
        ]
      },
      "id": "way/198458323"
    },
    {
      "type": "Feature",
      "properties": {
        "@id": "way/213582746",
        "access": "private",
        "amenity": "fast_food",
        "building": "yes",
        "building:levels": "2",
        "fast_food": "cafeteria",
        "name": "Canteen",
        "name:zh": "食堂",
        "@geometry": "center"
      },
      "geometry": {
        "type": "Point",
        "coordinates": [
          103.9788126,
          1.3169421
        ]
      },
      "id": "way/213582746"
    },
    {
      "type": "Feature",
      "properties": {
        "@id": "way/362268155",
        "addr:housenumber": "01-15/16",
        "addr:street": "Alexandra Road",
        "alt_name": "Kentucky Fried Chicken",
        "amenity": "fast_food",
        "brand": "肯德基",
        "brand:en": "KFC",
        "brand:wikidata": "Q524757",
        "brand:wikipedia": "en:KFC",
        "brand:zh": "肯德基",
        "cuisine": "chicken",
        "layer": "0",
        "level": "0",
        "name": "肯德基",
        "name:en": "KFC",
        "name:zh": "肯德基",
        "takeaway": "yes",
        "@geometry": "center"
      },
      "geometry": {
        "type": "Point",
        "coordinates": [
          103.8046872,
          1.2883659
        ]
      },
      "id": "way/362268155"
    },
    {
      "type": "Feature",
      "properties": {
        "@id": "way/362268162",
        "addr:housenumber": "01-11",
        "addr:street": "Alexandra Road",
        "amenity": "fast_food",
        "brand": "Subway",
        "brand:wikidata": "Q244457",
        "brand:wikipedia": "en:Subway (restaurant)",
        "cuisine": "sandwich",
        "layer": "0",
        "level": "0",
        "name": "Subway",
        "name:zh": "赛百味",
        "takeaway": "yes",
        "@geometry": "center"
      },
      "geometry": {
        "type": "Point",
        "coordinates": [
          103.8048538,
          1.2883426
        ]
      },
      "id": "way/362268162"
    },
    {
      "type": "Feature",
      "properties": {
        "@id": "way/364429838",
        "amenity": "fast_food",
        "brand": "Burger King",
        "brand:wikidata": "Q177054",
        "brand:wikipedia": "en:Burger King",
        "building:levels": "3",
        "building:part": "yes",
        "cuisine": "burger",
        "diet:vegetarian": "yes",
        "indoor_seating": "yes",
        "name": "Burger King",
        "name:en": "Burger King",
        "name:zh": "汉堡王",
        "outdoor_seating": "no",
        "takeaway": "yes",
        "@geometry": "center"
      },
      "geometry": {
        "type": "Point",
        "coordinates": [
          103.9863865,
          1.3572643
        ]
      },
      "id": "way/364429838"
    },
    {
      "type": "Feature",
      "properties": {
        "@id": "way/364429839",
        "amenity": "fast_food",
        "building:levels": "3",
        "building:part": "yes",
        "indoor_seating": "yes",
        "name": "Street Food",
        "outdoor_seating": "no",
        "smoking": "no",
        "@geometry": "center"
      },
      "geometry": {
        "type": "Point",
        "coordinates": [
          103.9861303,
          1.3570537
        ]
      },
      "id": "way/364429839"
    },
    {
      "type": "Feature",
      "properties": {
        "@id": "way/364429949",
        "amenity": "fast_food",
        "brand": "Pret A Manger",
        "brand:wikidata": "Q2109109",
        "building:levels": "2",
        "building:part": "yes",
        "cuisine": "sandwich",
        "diet:vegan": "yes",
        "diet:vegetarian": "yes",
        "indoor_seating": "yes",
        "name": "Pret A Manger",
        "outdoor_seating": "no",
        "short_name": "Pret",
        "takeaway": "yes",
        "@geometry": "center"
      },
      "geometry": {
        "type": "Point",
        "coordinates": [
          103.9862527,
          1.3572057
        ]
      },
      "id": "way/364429949"
    },
    {
      "type": "Feature",
      "properties": {
        "@id": "way/364429961",
        "amenity": "fast_food",
        "brand": "Old Chang Kee",
        "brand:wikidata": "Q17005286",
        "building:levels": "2",
        "building:part": "yes",
        "check_date": "2026-01-11",
        "cuisine": "snacks;singaporean",
        "indoor_seating": "yes",
        "name": "Old Chang Kee",
        "name:en": "Old Chang Kee",
        "name:zh": "老曾记",
        "outdoor_seating": "no",
        "takeaway": "yes",
        "@geometry": "center"
      },
      "geometry": {
        "type": "Point",
        "coordinates": [
          103.9855216,
          1.3555946
        ]
      },
      "id": "way/364429961"
    },
    {
      "type": "Feature",
      "properties": {
        "@id": "node/368208482",
        "amenity": "fast_food",
        "brand": "麦当劳",
        "brand:en": "McDonald's",
        "brand:wikidata": "Q38076",
        "brand:wikipedia": "en:McDonald's",
        "brand:zh": "麦当劳",
        "brand:zh-Hans": "麦当劳",
        "cuisine": "burger",
        "drive_through": "yes",
        "level": "1",
        "name": "McDonald's",
        "name:en": "McDonald's",
        "name:zh": "麦当劳",
        "name:zh-Hans": "麦当劳",
        "operator": "McDonald's",
        "takeaway": "yes"
      },
      "geometry": {
        "type": "Point",
        "coordinates": [
          103.8872571,
          1.3967854
        ]
      },
      "id": "node/368208482"
    },
    {
      "type": "Feature",
      "properties": {
        "@id": "node/369123937",
        "amenity": "fast_food",
        "brand": "McDonald's",
        "brand:en": "McDonald's",
        "brand:wikidata": "Q38076",
        "brand:zh": "麦当劳",
        "brand:zh-Hans": "麦当劳",
        "cuisine": "burger",
        "level": "0",
        "name": "McDonald's",
        "name:en": "McDonald's",
        "name:zh": "麦当劳",
        "name:zh-Hans": "麦当劳",
        "operator": "McDonald's",
        "takeaway": "yes",
        "wheelchair": "yes"
      },
      "geometry": {
        "type": "Point",
        "coordinates": [
          103.9014609,
          1.3852937
        ]
      },
      "id": "node/369123937"
    },
    {
      "type": "Feature",
      "properties": {
        "@id": "node/369123954",
        "alt_name": "Kentucky Fried Chicken",
        "amenity": "fast_food",
        "brand": "KFC",
        "brand:en": "KFC",
        "brand:wikidata": "Q524757",
        "brand:zh": "肯德基",
        "cuisine": "chicken",
        "level": "0",
        "name": "KFC",
        "name:en": "KFC",
        "name:zh": "肯德基",
        "operator": "KFC",
        "takeaway": "yes",
        "wheelchair": "yes"
      },
      "geometry": {
        "type": "Point",
        "coordinates": [
          103.9014163,
          1.3852325
        ]
      },
      "id": "node/369123954"
    },
    {
      "type": "Feature",
      "properties": {
        "@id": "node/369125094",
        "addr:city": "Singapore",
        "addr:housenumber": "11",
        "addr:postcode": "545082",
        "addr:street": "Rivervale Crescent",
        "amenity": "fast_food",
        "brand": "麦当劳",
        "brand:en": "McDonald's",
        "brand:wikidata": "Q38076",
        "brand:wikipedia": "en:McDonald's",
        "brand:zh": "麦当劳",
        "brand:zh-Hans": "麦当劳",
        "cuisine": "burger",
        "level": "0",
        "name": "McDonald's",
        "name:en": "McDonald's",
        "name:zh": "麦当劳",
        "name:zh-Hans": "麦当劳",
        "opening_hours": "Su-Th,PH 07:00-02:00; Fr-Sa 24/7",
        "phone": "+65 6388 7320",
        "takeaway": "yes",
        "website": "https://www.mcdonalds.com.sg/",
        "wheelchair": "yes"
      },
      "geometry": {
        "type": "Point",
        "coordinates": [
          103.9048398,
          1.3920248
        ]
      },
      "id": "node/369125094"
    },
    {
      "type": "Feature",
      "properties": {
        "@id": "node/369126039",
        "alt_name": "Kentucky Fried Chicken",
        "amenity": "fast_food",
        "brand": "KFC",
        "brand:en": "KFC",
        "brand:wikidata": "Q524757",
        "brand:zh": "肯德基",
        "cuisine": "chicken",
        "level": "-1",
        "name": "KFC",
        "name:en": "KFC",
        "name:zh": "肯德基",
        "operator": "KFC",
        "takeaway": "yes",
        "wheelchair": "yes"
      },
      "geometry": {
        "type": "Point",
        "coordinates": [
          103.9131186,
          1.3940439
        ]
      },
      "id": "node/369126039"
    },
    {
      "type": "Feature",
      "properties": {
        "@id": "node/369128135",
        "amenity": "fast_food",
        "brand": "Long John Silver's",
        "brand:wikidata": "Q1535221",
        "brand:wikipedia": "en:Long John Silver's",
        "check_date": "2023-06-23",
        "cuisine": "seafood",
        "level": "-1",
        "name": "Long John Silver's",
        "payment:mastercard": "yes",
        "payment:visa": "yes",
        "takeaway": "yes",
        "wheelchair": "yes"
      },
      "geometry": {
        "type": "Point",
        "coordinates": [
          103.8939908,
          1.3722631
        ]
      },
      "id": "node/369128135"
    },
    {
      "type": "Feature",
      "properties": {
        "@id": "node/369548445",
        "addr:city": "Singapore",
        "addr:street": "Hougang Avenue 8",
        "air_conditioning": "yes",
        "amenity": "fast_food",
        "brand": "麦当劳",
        "brand:en": "McDonald's",
        "brand:wikidata": "Q38076",
        "brand:wikipedia": "en:McDonald's",
        "brand:zh": "麦当劳",
        "brand:zh-Hans": "麦当劳",
        "check_date": "2023-06-22",
        "cuisine": "burger",
        "delivery": "yes",
        "diet:halal": "yes",
        "diet:meat": "yes",
        "diet:vegetarian": "yes",
        "drive_through": "no",
        "highchair": "yes",
        "internet_access": "wlan",
        "internet_access:fee": "no",
        "internet_access:ssid": "McDonalds WiFi",
        "level": "0",
        "name": "McDonald's",
        "name:en": "McDonald's",
        "name:zh": "麦当劳",
        "name:zh-Hans": "麦当劳",
        "opening_hours": "24/7",
        "outdoor_seating": "yes",
        "payment:grabpay": "yes",
        "payment:mastercard": "yes",
        "payment:visa": "yes",
        "smoking": "isolated",
        "source": "survey",
        "takeaway": "yes",
        "toilets": "yes",
        "wheelchair": "yes"
      },
      "geometry": {
        "type": "Point",
        "coordinates": [
          103.886987,
          1.3740336
        ]
      },
      "id": "node/369548445"
    },
    {
      "type": "Feature",
      "properties": {
        "@id": "node/380582730",
        "amenity": "fast_food",
        "brand": "Burger King",
        "brand:wikidata": "Q177054",
        "brand:wikipedia": "en:Burger King",
        "cuisine": "burger",
        "level": "0",
        "name": "Burger King",
        "name:en": "Burger King",
        "name:zh": "汉堡王",
        "takeaway": "yes",
        "wheelchair": "yes"
      },
      "geometry": {
        "type": "Point",
        "coordinates": [
          103.8852389,
          1.3596999
        ]
      },
      "id": "node/380582730"
    },
    {
      "type": "Feature",
      "properties": {
        "@id": "way/392271718",
        "addr:housenumber": "190",
        "addr:postcode": "397800",
        "addr:street": "Stadium Boulevard",
        "alt_name": "Kentucky Fried Chicken",
        "amenity": "fast_food",
        "brand": "KFC",
        "brand:wikidata": "Q524757",
        "brand:wikipedia": "en:KFC",
        "building": "yes",
        "cuisine": "chicken",
        "drive_through": "yes",
        "name": "KFC",
        "name:zh": "肯德基",
        "outdoor_seating": "no",
        "takeaway": "yes",
        "@geometry": "center"
      },
      "geometry": {
        "type": "Point",
        "coordinates": [
          103.8813168,
          1.3050474
        ]
      },
      "id": "way/392271718"
    },
    {
      "type": "Feature",
      "properties": {
        "@id": "way/392271719",
        "addr:housenumber": "200",
        "addr:postcode": "397801",
        "addr:street": "Stadium Boulevard",
        "amenity": "fast_food",
        "brand": "McDonald's",
        "brand:en": "McDonald's",
        "brand:wikidata": "Q38076",
        "brand:wikipedia": "en:McDonald's",
        "brand:zh": "麦当劳",
        "building": "yes",
        "cuisine": "burger",
        "drive_through": "yes",
        "name": "McDonald's",
        "name:en": "McDonald's",
        "name:zh": "麦当劳",
        "name:zh-Hans": "麦当劳",
        "outdoor_seating": "no",
        "takeaway": "yes",
        "@geometry": "center"
      },
      "geometry": {
        "type": "Point",
        "coordinates": [
          103.8818841,
          1.3052323
        ]
      },
      "id": "way/392271719"
    },
    {
      "type": "Feature",
      "properties": {
        "@id": "way/439134476",
        "amenity": "fast_food",
        "level": "0",
        "name": "Qi Ji",
        "name:zh": "奇迹",
        "website": "https://www.qiji.com.sg/",
        "@geometry": "center"
      },
      "geometry": {
        "type": "Point",
        "coordinates": [
          103.7839747,
          1.294177
        ]
      },
      "id": "way/439134476"
    },
    {
      "type": "Feature",
      "properties": {
        "@id": "way/439895280",
        "amenity": "fast_food",
        "brand": "Burger King",
        "brand:wikidata": "Q177054",
        "brand:wikipedia": "en:Burger King",
        "cuisine": "burger",
        "level": "1",
        "name": "Burger King",
        "name:en": "Burger King",
        "name:zh": "汉堡王",
        "takeaway": "yes",
        "@geometry": "center"
      },
      "geometry": {
        "type": "Point",
        "coordinates": [
          103.7845937,
          1.2940865
        ]
      },
      "id": "way/439895280"
    },
    {
      "type": "Feature",
      "properties": {
        "@id": "way/439895283",
        "amenity": "fast_food",
        "cuisine": "asian",
        "level": "-1",
        "name": "Veggie House & MAX SEE",
        "opening_hours": "Mo-Sa 11:00-20:00",
        "@geometry": "center"
      },
      "geometry": {
        "type": "Point",
        "coordinates": [
          103.7847342,
          1.294054
        ]
      },
      "id": "way/439895283"
    },
    {
      "type": "Feature",
      "properties": {
        "@id": "way/439895291",
        "amenity": "fast_food",
        "cuisine": "frozen_yogurt",
        "level": "-1",
        "name": "Yolé",
        "@geometry": "center"
      },
      "geometry": {
        "type": "Point",
        "coordinates": [
          103.7846029,
          1.2935086
        ]
      },
      "id": "way/439895291"
    },
    {
      "type": "Feature",
      "properties": {
        "@id": "way/439895302",
        "amenity": "fast_food",
        "level": "-1",
        "name": "Rice",
        "@geometry": "center"
      },
      "geometry": {
        "type": "Point",
        "coordinates": [
          103.7847453,
          1.294
        ]
      },
      "id": "way/439895302"
    },
    {
      "type": "Feature",
      "properties": {
        "@id": "way/439895305",
        "amenity": "fast_food",
        "level": "3",
        "name": "Hawker QSR",
        "opening_hours": "Mo-Su 07:00-22:00",
        "phone": "+65 6262 3843",
        "website": "http://hawkerqsr.com.sg/",
        "@geometry": "center"
      },
      "geometry": {
        "type": "Point",
        "coordinates": [
          103.7846264,
          1.2940793
        ]
      },
      "id": "way/439895305"
    },
    {
      "type": "Feature",
      "properties": {
        "@id": "way/439895308",
        "amenity": "fast_food",
        "brand": "Subway",
        "brand:wikidata": "Q244457",
        "brand:wikipedia": "en:Subway (restaurant)",
        "cuisine": "sandwich",
        "level": "-1",
        "name": "Subway",
        "name:zh": "赛百味",
        "takeaway": "yes",
        "@geometry": "center"
      },
      "geometry": {
        "type": "Point",
        "coordinates": [
          103.784828,
          1.2935631
        ]
      },
      "id": "way/439895308"
    },
    {
      "type": "Feature",
      "properties": {
        "@id": "way/478138564",
        "addr:street": "Yishun Avenue 4",
        "amenity": "fast_food",
        "brand": "McDonald's",
        "brand:en": "McDonald's",
        "brand:wikidata": "Q38076",
        "brand:wikipedia": "en:McDonald's",
        "brand:zh": "麦当劳",
        "building": "yes",
        "cuisine": "burger",
        "drive_through": "yes",
        "name": "McDonald's",
        "name:en": "McDonald's",
        "name:zh": "麦当劳",
        "name:zh-Hans": "麦当劳",
        "source": "Kaart Ground Survey 2017",
        "takeaway": "yes",
        "@geometry": "center"
      },
      "geometry": {
        "type": "Point",
        "coordinates": [
          103.8410055,
          1.4233286
        ]
      },
      "id": "way/478138564"
    },
    {
      "type": "Feature",
      "properties": {
        "@id": "way/480927199",
        "addr:housenumber": "548",
        "addr:postcode": "169637",
        "addr:street": "Havelock Road",
        "amenity": "fast_food",
        "brand": "McDonald's",
        "brand:en": "McDonald's",
        "brand:wikidata": "Q38076",
        "brand:wikipedia": "zh:麦当劳",
        "brand:zh": "麦当劳",
        "brand:zh-Hans": "麦当劳",
        "building": "yes",
        "cuisine": "burger",
        "drive_through": "yes",
        "name": "McDonald's",
        "name:en": "McDonald's",
        "name:zh": "麦当劳",
        "name:zh-Hans": "麦当劳",
        "opening_hours": "Mo-Su 06:00-24:00",
        "operator": "MacDonald's",
        "phone": "+6562350124",
        "takeaway": "yes",
        "website": "https://www.mcdonalds.com.sg/",
        "@geometry": "center"
      },
      "geometry": {
        "type": "Point",
        "coordinates": [
          103.8324413,
          1.2897245
        ]
      },
      "id": "way/480927199"
    },
    {
      "type": "Feature",
      "properties": {
        "@id": "node/610732194",
        "amenity": "fast_food",
        "brand": "Burger King",
        "brand:wikidata": "Q177054",
        "brand:wikipedia": "en:Burger King",
        "check_date": "2024-04-11",
        "cuisine": "burger",
        "level": "0",
        "name": "Burger King",
        "name:en": "Burger King",
        "name:zh": "汉堡王",
        "takeaway": "yes",
        "wheelchair": "yes"
      },
      "geometry": {
        "type": "Point",
        "coordinates": [
          103.8527679,
          1.3021723
        ]
      },
      "id": "node/610732194"
    },
    {
      "type": "Feature",
      "properties": {
        "@id": "node/610732258",
        "air_conditioning": "yes",
        "amenity": "fast_food",
        "brand": "McDonald's",
        "brand:en": "McDonald's",
        "brand:wikidata": "Q38076",
        "brand:wikipedia": "en:McDonald's",
        "brand:zh": "麦当劳",
        "check_date": "2022-11-09",
        "cuisine": "burger",
        "diet:halal": "yes",
        "drive_through": "no",
        "level": "0",
        "name": "McDonald's",
        "name:en": "McDonald's",
        "name:zh": "麦当劳",
        "name:zh-Hans": "麦当劳",
        "opening_hours": "24/7",
        "outdoor_seating": "no",
        "payment:contactless": "yes",
        "payment:credit_cards": "yes",
        "payment:mastercard": "yes",
        "payment:visa": "yes",
        "takeaway": "yes",
        "wheelchair": "yes"
      },
      "geometry": {
        "type": "Point",
        "coordinates": [
          103.8550421,
          1.301261
        ]
      },
      "id": "node/610732258"
    },
    {
      "type": "Feature",
      "properties": {
        "@id": "node/671205205",
        "addr:city": "Singapore",
        "addr:country": "SG",
        "addr:housenumber": "580",
        "addr:postcode": "149066",
        "addr:street": "Queensway",
        "amenity": "fast_food",
        "branch": "Ridout Tea Garden",
        "brand": "McDonald's",
        "brand:en": "McDonald's",
        "brand:wikidata": "Q38076",
        "brand:wikipedia": "en:McDonald's",
        "brand:zh": "麦当劳",
        "brand:zh-Hans": "麦当劳",
        "check_date": "2026-01-28",
        "cuisine": "burger",
        "name": "McDonald's",
        "name:en": "McDonald's",
        "name:zh": "麦当劳",
        "name:zh-Hans": "麦当劳",
        "opening_hours": "24/7",
        "takeaway": "yes"
      },
      "geometry": {
        "type": "Point",
        "coordinates": [
          103.8021608,
          1.3040423
        ]
      },
      "id": "node/671205205"
    },
    {
      "type": "Feature",
      "properties": {
        "@id": "node/673992964",
        "amenity": "fast_food",
        "brand": "McDonald's",
        "brand:en": "McDonald's",
        "brand:wikidata": "Q38076",
        "brand:wikipedia": "en:McDonald's",
        "brand:zh": "麦当劳",
        "check_date": "2025-07-25",
        "cuisine": "burger",
        "name": "McDonald's",
        "name:en": "McDonald's",
        "name:zh": "麦当劳",
        "name:zh-Hans": "麦当劳",
        "opening_hours": "24/7",
        "takeaway": "yes"
      },
      "geometry": {
        "type": "Point",
        "coordinates": [
          103.8136207,
          1.3223758
        ]
      },
      "id": "node/673992964"
    },
    {
      "type": "Feature",
      "properties": {
        "@id": "node/679648984",
        "amenity": "fast_food",
        "brand": "McDonald's",
        "brand:en": "McDonald's",
        "brand:wikidata": "Q38076",
        "brand:wikipedia": "en:McDonald's",
        "brand:zh": "麦当劳",
        "cuisine": "burger",
        "drive_through": "yes",
        "name": "McDonald's",
        "name:en": "McDonald's",
        "name:zh": "麦当劳",
        "name:zh-Hans": "麦当劳",
        "takeaway": "yes"
      },
      "geometry": {
        "type": "Point",
        "coordinates": [
          103.7633424,
          1.2975686
        ]
      },
      "id": "node/679648984"
    },
    {
      "type": "Feature",
      "properties": {
        "@id": "way/736751623",
        "amenity": "fast_food",
        "brand": "McDonald's",
        "brand:en": "McDonald's",
        "brand:wikidata": "Q38076",
        "brand:wikipedia": "en:McDonald's",
        "brand:zh": "麦当劳",
        "building": "yes",
        "cuisine": "burger",
        "level": "0",
        "name": "McDonald's",
        "name:en": "McDonald's",
        "name:zh": "麦当劳",
        "name:zh-Hans": "麦当劳",
        "opening_hours": "Su-Th 06:00-01:00, Fr,Sa 00:00-23:59",
        "operator": "JEM",
        "takeaway": "yes",
        "@geometry": "center"
      },
      "geometry": {
        "type": "Point",
        "coordinates": [
          103.7427709,
          1.3334321
        ]
      },
      "id": "way/736751623"
    },
    {
      "type": "Feature",
      "properties": {
        "@id": "way/743532097",
        "amenity": "fast_food",
        "brand": "Thai Express",
        "brand:wikidata": "Q7709119",
        "cuisine": "thai",
        "indoor": "room",
        "level": "2",
        "name": "Thai Express",
        "room": "restaurant",
        "takeaway": "yes",
        "@geometry": "center"
      },
      "geometry": {
        "type": "Point",
        "coordinates": [
          103.9894197,
          1.3598774
        ]
      },
      "id": "way/743532097"
    },
    {
      "type": "Feature",
      "properties": {
        "@id": "way/744315487",
        "addr:city": "Singapore",
        "addr:country": "SG",
        "addr:housenumber": "78",
        "addr:postcode": "819666",
        "addr:street": "Airport Boulevard",
        "addr:unit": "#02-256",
        "amenity": "fast_food",
        "branch": "Jewel Changi Airport",
        "brand": "Shake Shack",
        "brand:wikidata": "Q1058722",
        "cuisine": "burger",
        "currency:SGD": "yes",
        "indoor": "room",
        "level": "1",
        "name": "Shake Shack",
        "opening_hours": "Mo-Su 11:00-20:00",
        "takeaway": "yes",
        "website": "https://www.shakeshack.com/",
        "@geometry": "center"
      },
      "geometry": {
        "type": "Point",
        "coordinates": [
          103.990009,
          1.3604
        ]
      },
      "id": "way/744315487"
    },
    {
      "type": "Feature",
      "properties": {
        "@id": "way/744528898",
        "amenity": "fast_food",
        "brand": "Old Chang Kee",
        "brand:wikidata": "Q17005286",
        "cuisine": "snacks;singaporean",
        "indoor": "room",
        "level": "-2",
        "name": "Old Chang Kee",
        "name:en": "Old Chang Kee",
        "name:zh": "老曾记",
        "room": "shop",
        "shop": "bakery",
        "takeaway": "yes",
        "@geometry": "center"
      },
      "geometry": {
        "type": "Point",
        "coordinates": [
          103.9892909,
          1.3602218
        ]
      },
      "id": "way/744528898"
    },
    {
      "type": "Feature",
      "properties": {
        "@id": "way/744528901",
        "amenity": "fast_food",
        "brand": "Burger King",
        "brand:wikidata": "Q177054",
        "brand:wikipedia": "en:Burger King",
        "cuisine": "burger",
        "indoor": "room",
        "level": "-2",
        "name": "Burger King",
        "name:en": "Burger King",
        "name:zh": "汉堡王",
        "room": "restaurant",
        "takeaway": "yes",
        "@geometry": "center"
      },
      "geometry": {
        "type": "Point",
        "coordinates": [
          103.9892744,
          1.3599775
        ]
      },
      "id": "way/744528901"
    },
    {
      "type": "Feature",
      "properties": {
        "@id": "way/744528930",
        "amenity": "fast_food",
        "brand": "A&W",
        "brand:wikidata": "Q277641",
        "brand:wikipedia": "en:A&W Restaurants",
        "cuisine": "burger",
        "indoor": "room",
        "level": "-2",
        "name": "A&W",
        "name:zh": "艾德熊",
        "takeaway": "yes",
        "@geometry": "center"
      },
      "geometry": {
        "type": "Point",
        "coordinates": [
          103.9899556,
          1.3600812
        ]
      },
      "id": "way/744528930"
    },
    {
      "type": "Feature",
      "properties": {
        "@id": "way/744821309",
        "amenity": "fast_food",
        "check_date": "2024-11-24",
        "cuisine": "local",
        "indoor": "room",
        "level": "1",
        "name": "Tip Top",
        "payment:cash": "yes",
        "payment:credit_cards": "yes",
        "payment:debit_cards": "yes",
        "room": "cafe",
        "@geometry": "center"
      },
      "geometry": {
        "type": "Point",
        "coordinates": [
          103.9895415,
          1.3628281
        ]
      },
      "id": "way/744821309"
    },
    {
      "type": "Feature",
      "properties": {
        "@id": "way/744905687",
        "amenity": "fast_food",
        "brand": "Burger King",
        "brand:wikidata": "Q177054",
        "cuisine": "burger",
        "indoor": "room",
        "level": "2",
        "name": "Burger King",
        "name:en": "Burger King",
        "name:zh": "汉堡王",
        "room": "restaurant",
        "takeaway": "yes",
        "@geometry": "center"
      },
      "geometry": {
        "type": "Point",
        "coordinates": [
          103.9907216,
          1.3615658
        ]
      },
      "id": "way/744905687"
    },
    {
      "type": "Feature",
      "properties": {
        "@id": "way/744909660",
        "alt_name": "Church's Chicken",
        "amenity": "fast_food",
        "brand": "Texas Chicken",
        "brand:wikidata": "Q1089932",
        "cuisine": "chicken",
        "diet:vegetarian": "yes",
        "indoor": "room",
        "level": "2",
        "name": "Texas Chicken",
        "room": "restaurant",
        "takeaway": "yes",
        "@geometry": "center"
      },
      "geometry": {
        "type": "Point",
        "coordinates": [
          103.9909938,
          1.3619904
        ]
      },
      "id": "way/744909660"
    },
    {
      "type": "Feature",
      "properties": {
        "@id": "way/745165719",
        "amenity": "fast_food",
        "brand": "Burger King",
        "brand:wikidata": "Q177054",
        "cuisine": "burger",
        "indoor": "room",
        "level": "2",
        "name": "Burger King",
        "name:en": "Burger King",
        "name:zh": "汉堡王",
        "room": "restaurant",
        "takeaway": "yes",
        "@geometry": "center"
      },
      "geometry": {
        "type": "Point",
        "coordinates": [
          103.9895933,
          1.3627506
        ]
      },
      "id": "way/745165719"
    },
    {
      "type": "Feature",
      "properties": {
        "@id": "way/745530741",
        "amenity": "fast_food",
        "indoor": "room",
        "level": "0",
        "name": "Potato Corner",
        "room": "shop",
        "@geometry": "center"
      },
      "geometry": {
        "type": "Point",
        "coordinates": [
          103.9054282,
          1.3015158
        ]
      },
      "id": "way/745530741"
    },
    {
      "type": "Feature",
      "properties": {
        "@id": "way/745530749",
        "amenity": "fast_food",
        "cuisine": "donut",
        "indoor": "room",
        "level": "0",
        "name": "Twelve Cupcakes",
        "room": "shop",
        "@geometry": "center"
      },
      "geometry": {
        "type": "Point",
        "coordinates": [
          103.9053382,
          1.3014979
        ]
      },
      "id": "way/745530749"
    },
    {
      "type": "Feature",
      "properties": {
        "@id": "way/745530769",
        "amenity": "fast_food",
        "brand": "Burger King",
        "brand:wikidata": "Q177054",
        "brand:wikipedia": "en:Burger King",
        "cuisine": "burger",
        "level": "0",
        "name": "Burger King",
        "name:en": "Burger King",
        "name:zh": "汉堡王",
        "room": "restaurant",
        "takeaway": "yes",
        "@geometry": "center"
      },
      "geometry": {
        "type": "Point",
        "coordinates": [
          103.9051025,
          1.3020648
        ]
      },
      "id": "way/745530769"
    },
    {
      "type": "Feature",
      "properties": {
        "@id": "way/745530770",
        "alt_name": "Kentucky Fried Chicken",
        "amenity": "fast_food",
        "brand": "KFC",
        "brand:wikidata": "Q524757",
        "brand:wikipedia": "en:KFC",
        "cuisine": "chicken",
        "indoor": "room",
        "level": "0",
        "name": "KFC",
        "name:en": "KFC",
        "name:zh": "肯德基",
        "room": "restaurant",
        "takeaway": "yes",
        "@geometry": "center"
      },
      "geometry": {
        "type": "Point",
        "coordinates": [
          103.9051136,
          1.3021332
        ]
      },
      "id": "way/745530770"
    },
    {
      "type": "Feature",
      "properties": {
        "@id": "node/775915342",
        "amenity": "fast_food",
        "cuisine": "japanese",
        "name": "Ajisen Ramen"
      },
      "geometry": {
        "type": "Point",
        "coordinates": [
          103.8251964,
          1.4419163
        ]
      },
      "id": "node/775915342"
    },
    {
      "type": "Feature",
      "properties": {
        "@id": "node/775915352",
        "amenity": "fast_food",
        "brand": "McDonald's",
        "brand:wikidata": "Q38076",
        "check_date": "2023-03-18",
        "cuisine": "burger",
        "delivery": "yes",
        "diet:halal": "yes",
        "diet:vegetarian": "yes",
        "level": "0",
        "name": "McDonald's",
        "outdoor_seating": "no",
        "payment:credit_cards": "yes",
        "payment:debit_cards": "yes",
        "payment:mastercard": "yes",
        "payment:nets": "yes",
        "payment:visa": "yes",
        "takeaway": "yes",
        "wheelchair": "yes"
      },
      "geometry": {
        "type": "Point",
        "coordinates": [
          103.8198881,
          1.4483884
        ]
      },
      "id": "node/775915352"
    },
    {
      "type": "Feature",
      "properties": {
        "@id": "node/775915361",
        "alt_name": "Kentucky Fried Chicken",
        "amenity": "fast_food",
        "brand": "KFC",
        "brand:en": "KFC",
        "brand:wikidata": "Q524757",
        "brand:wikipedia": "en:KFC",
        "cuisine": "chicken",
        "drive_through": "no",
        "name": "KFC",
        "name:zh": "肯德基",
        "not:brand:wikidata": "Q524757",
        "takeaway": "yes"
      },
      "geometry": {
        "type": "Point",
        "coordinates": [
          103.8192274,
          1.4478449
        ]
      },
      "id": "node/775915361"
    },
    {
      "type": "Feature",
      "properties": {
        "@id": "way/815686625",
        "alt_name": "Kentucky Fried Chicken",
        "amenity": "fast_food",
        "brand": "KFC",
        "brand:wikidata": "Q524757",
        "brand:wikipedia": "en:KFC",
        "cuisine": "chicken",
        "indoor": "yes",
        "name": "KFC",
        "name:zh": "肯德基",
        "operator": "KFC",
        "takeaway": "yes",
        "@geometry": "center"
      },
      "geometry": {
        "type": "Point",
        "coordinates": [
          103.7911117,
          1.4428281
        ]
      },
      "id": "way/815686625"
    },
    {
      "type": "Feature",
      "properties": {
        "@id": "way/949250082",
        "addr:housenumber": "30",
        "addr:street": "Clementi Avenue 1",
        "amenity": "fast_food",
        "building": "school",
        "fast_food": "cafeteria",
        "name": "Canteen",
        "name:zh": "食堂",
        "@geometry": "center"
      },
      "geometry": {
        "type": "Point",
        "coordinates": [
          103.7701568,
          1.3061375
        ]
      },
      "id": "way/949250082"
    },
    {
      "type": "Feature",
      "properties": {
        "@id": "node/966511549",
        "addr:city": "Singapore",
        "addr:country": "SG",
        "addr:housenumber": "762",
        "addr:postcode": "640762",
        "addr:street": "Jurong West Street 75",
        "amenity": "fast_food",
        "brand": "McDonald's",
        "brand:en": "McDonald's",
        "brand:wikidata": "Q38076",
        "brand:zh": "麦当劳",
        "brand:zh-Hans": "麦当劳",
        "cuisine": "burger",
        "level": "2",
        "name": "McDonald's",
        "name:en": "McDonald's",
        "name:zh": "麦当劳",
        "name:zh-Hans": "麦当劳",
        "takeaway": "yes"
      },
      "geometry": {
        "type": "Point",
        "coordinates": [
          103.6976364,
          1.3486919
        ]
      },
      "id": "node/966511549"
    },
    {
      "type": "Feature",
      "properties": {
        "@id": "node/966512317",
        "alt_name": "Kentucky Fried Chicken",
        "amenity": "fast_food",
        "brand": "KFC",
        "brand:wikidata": "Q524757",
        "brand:wikipedia": "en:KFC",
        "cuisine": "chicken",
        "name": "KFC",
        "name:zh": "肯德基",
        "takeaway": "yes"
      },
      "geometry": {
        "type": "Point",
        "coordinates": [
          103.6987058,
          1.3484948
        ]
      },
      "id": "node/966512317"
    },
    {
      "type": "Feature",
      "properties": {
        "@id": "node/966688950",
        "addr:city": "Singapore",
        "addr:country": "SG",
        "addr:housenumber": "638",
        "addr:postcode": "640638",
        "addr:street": "Jurong West Street 61",
        "amenity": "fast_food",
        "brand": "McDonald's",
        "brand:wikidata": "Q38076",
        "cuisine": "burger",
        "delivery": "yes",
        "name": "McDonald's",
        "opening_hours": "24/7",
        "operator": "McDonald's",
        "takeaway": "yes"
      },
      "geometry": {
        "type": "Point",
        "coordinates": [
          103.6970389,
          1.3415125
        ]
      },
      "id": "node/966688950"
    },
    {
      "type": "Feature",
      "properties": {
        "@id": "node/966690852",
        "amenity": "fast_food",
        "brand": "McDonald's",
        "brand:en": "McDonald's",
        "brand:wikidata": "Q38076",
        "brand:wikipedia": "en:McDonald's",
        "brand:zh": "麦当劳",
        "brand:zh-Hans": "麦当劳",
        "cuisine": "burger",
        "drive_through": "yes",
        "name": "McDonald's",
        "name:en": "McDonald's",
        "name:zh": "麦当劳",
        "name:zh-Hans": "麦当劳",
        "takeaway": "yes"
      },
      "geometry": {
        "type": "Point",
        "coordinates": [
          103.7243864,
          1.3261328
        ]
      },
      "id": "node/966690852"
    },
    {
      "type": "Feature",
      "properties": {
        "@id": "way/987598557",
        "amenity": "fast_food",
        "brand": "McDonald's",
        "brand:en": "McDonald's",
        "brand:wikidata": "Q38076",
        "brand:wikipedia": "en:McDonald's",
        "brand:zh": "麦当劳",
        "building": "yes",
        "cuisine": "burger",
        "name": "McDonald's",
        "name:en": "McDonald's",
        "name:zh": "麦当劳",
        "name:zh-Hans": "麦当劳",
        "takeaway": "yes",
        "wheelchair": "yes",
        "@geometry": "center"
      },
      "geometry": {
        "type": "Point",
        "coordinates": [
          103.7934235,
          1.4308167
        ]
      },
      "id": "way/987598557"
    },
    {
      "type": "Feature",
      "properties": {
        "@id": "node/1029132216",
        "amenity": "fast_food",
        "brand": "Popeyes",
        "brand:wikidata": "Q1330910",
        "brand:wikipedia": "en:Popeyes",
        "cuisine": "chicken",
        "name": "Popeyes",
        "official_name": "Popeyes Louisiana Kitchen",
        "takeaway": "yes"
      },
      "geometry": {
        "type": "Point",
        "coordinates": [
          103.7054554,
          1.3388366
        ]
      },
      "id": "node/1029132216"
    },
    {
      "type": "Feature",
      "properties": {
        "@id": "node/1029132221",
        "addr:floor": "B1",
        "addr:housenumber": "1",
        "addr:street": "Jurong West Central 2",
        "amenity": "fast_food",
        "brand": "Burger King",
        "brand:wikidata": "Q177054",
        "brand:wikipedia": "en:Burger King",
        "check_date": "2025-06-05",
        "cuisine": "burger",
        "level": "-1",
        "name": "Burger King",
        "name:en": "Burger King",
        "name:zh": "汉堡王",
        "opening_hours": "24/7",
        "takeaway": "yes"
      },
      "geometry": {
        "type": "Point",
        "coordinates": [
          103.7051119,
          1.3387188
        ]
      },
      "id": "node/1029132221"
    },
    {
      "type": "Feature",
      "properties": {
        "@id": "way/1098777560",
        "addr:city": "Singapore",
        "addr:housenumber": "322",
        "addr:postcode": "820322",
        "addr:street": "Sumang Walk",
        "air_conditioning": "yes",
        "amenity": "fast_food",
        "brand": "Domino's",
        "brand:wikidata": "Q839466",
        "brand:wikipedia": "en:Domino's Pizza",
        "cuisine": "pizza",
        "indoor": "room",
        "level": "0",
        "name": "Domino's",
        "source": "survey",
        "takeaway": "yes",
        "@geometry": "center"
      },
      "geometry": {
        "type": "Point",
        "coordinates": [
          103.8977217,
          1.4115242
        ]
      },
      "id": "way/1098777560"
    },
    {
      "type": "Feature",
      "properties": {
        "@id": "way/1114929402",
        "addr:city": "Singapore",
        "addr:housenumber": "12",
        "addr:postcode": "158736",
        "addr:street": "Alexandra View",
        "air_conditioning": "yes",
        "amenity": "fast_food",
        "brand": "老曾记",
        "brand:en": "Old Chang Kee",
        "brand:wikidata": "Q17005286",
        "brand:wikipedia": "en:Old Chang Kee",
        "brand:zh": "老曾记",
        "cuisine": "snacks",
        "indoor": "yes",
        "level": "0",
        "name": "老曾记",
        "name:en": "Old Chang Kee",
        "name:zh": "老曾记",
        "takeaway": "yes",
        "@geometry": "center"
      },
      "geometry": {
        "type": "Point",
        "coordinates": [
          103.8172093,
          1.2898811
        ]
      },
      "id": "way/1114929402"
    },
    {
      "type": "Feature",
      "properties": {
        "@id": "way/1114929404",
        "addr:city": "Singapore",
        "addr:housenumber": "12",
        "addr:postcode": "158736",
        "addr:street": "Alexandra View",
        "air_conditioning": "yes",
        "amenity": "fast_food",
        "brand": "Subway",
        "brand:wikidata": "Q244457",
        "brand:wikipedia": "en:Subway (restaurant)",
        "cuisine": "sandwich",
        "indoor": "yes",
        "level": "0",
        "name": "Subway",
        "name:zh": "赛百味",
        "takeaway": "yes",
        "@geometry": "center"
      },
      "geometry": {
        "type": "Point",
        "coordinates": [
          103.8171207,
          1.289922
        ]
      },
      "id": "way/1114929404"
    },
    {
      "type": "Feature",
      "properties": {
        "@id": "way/1158903140",
        "amenity": "fast_food",
        "brand": "McDonald's",
        "brand:en": "McDonald's",
        "brand:wikidata": "Q38076",
        "brand:wikipedia": "en:McDonald's",
        "brand:zh": "麦当劳",
        "brand:zh-Hans": "麦当劳",
        "building": "yes",
        "cuisine": "burger",
        "drive_through": "yes",
        "name": "McDonald's",
        "name:en": "McDonald's",
        "name:zh": "麦当劳",
        "name:zh-Hans": "麦当劳",
        "takeaway": "yes",
        "@geometry": "center"
      },
      "geometry": {
        "type": "Point",
        "coordinates": [
          103.7463427,
          1.3880822
        ]
      },
      "id": "way/1158903140"
    },
    {
      "type": "Feature",
      "properties": {
        "@id": "way/1158969188",
        "addr:unit": "#02-04",
        "amenity": "fast_food",
        "brand": "老曾记",
        "brand:en": "Old Chang Kee",
        "brand:wikidata": "Q17005286",
        "brand:zh": "老曾记",
        "building": "yes",
        "cuisine": "snacks",
        "layer": "1",
        "name": "老曾记",
        "name:en": "Old Chang Kee",
        "name:zh": "老曾记",
        "opening_hours": "Mo-Su 07:00-21:00",
        "takeaway": "yes",
        "@geometry": "center"
      },
      "geometry": {
        "type": "Point",
        "coordinates": [
          103.7810762,
          1.4079584
        ]
      },
      "id": "way/1158969188"
    },
    {
      "type": "Feature",
      "properties": {
        "@id": "way/1158969191",
        "addr:unit": "#02-01",
        "amenity": "fast_food",
        "brand:wikidata": "Q277641",
        "building": "yes",
        "cuisine": "burger;american;chicken;hot_dog",
        "highchair": "yes",
        "indoor_seating": "yes",
        "layer": "1",
        "name": "A&W",
        "name:zh": "艾德熊",
        "opening_hours": "Mo-Fr 10:00-19:00; Sa-Su,PH 09:00-19:00",
        "smoking": "no",
        "takeaway": "yes",
        "wheelchair": "yes",
        "@geometry": "center"
      },
      "geometry": {
        "type": "Point",
        "coordinates": [
          103.7805891,
          1.4078715
        ]
      },
      "id": "way/1158969191"
    },
    {
      "type": "Feature",
      "properties": {
        "@id": "node/1205809974",
        "amenity": "fast_food",
        "brand": "Carl's Jr.",
        "brand:wikidata": "Q1043486",
        "brand:wikipedia": "en:Carl's Jr.",
        "cuisine": "burger",
        "name": "Carl's Jr.",
        "opening_hours": "PH,Mo-Su 10:00-22:00",
        "takeaway": "yes"
      },
      "geometry": {
        "type": "Point",
        "coordinates": [
          103.706438,
          1.3404245
        ]
      },
      "id": "node/1205809974"
    },
    {
      "type": "Feature",
      "properties": {
        "@id": "node/1318605429",
        "amenity": "fast_food",
        "brand": "麦当劳",
        "brand:en": "McDonald's",
        "brand:wikidata": "Q38076",
        "brand:wikipedia": "en:McDonald's",
        "brand:zh": "麦当劳",
        "brand:zh-Hans": "麦当劳",
        "cuisine": "burger",
        "drive_through": "yes",
        "name": "McDonald's",
        "name:en": "McDonald's",
        "name:zh": "麦当劳",
        "name:zh-Hans": "麦当劳",
        "opening_hours": "Mo-Su 07:00-00:00",
        "takeaway": "yes"
      },
      "geometry": {
        "type": "Point",
        "coordinates": [
          103.846034,
          1.2748834
        ]
      },
      "id": "node/1318605429"
    },
    {
      "type": "Feature",
      "properties": {
        "@id": "way/1353298824",
        "addr:city": "Singapore",
        "addr:housenumber": "#01-31/32/33",
        "addr:postcode": "797653",
        "addr:street": "The Seletar Mall",
        "amenity": "fast_food",
        "branch": "The Seletar Mall",
        "brand": "Popeyes",
        "brand:wikidata": "Q1330910",
        "building": "yes",
        "cuisine": "chicken",
        "diet:halal": "only",
        "name": "Popeyes",
        "official_name": "Popeyes Louisiana Kitchen",
        "opening_hours": "24/7",
        "takeaway": "yes",
        "website": "https://www.popeyes.com.sg/",
        "@geometry": "center"
      },
      "geometry": {
        "type": "Point",
        "coordinates": [
          103.8759845,
          1.3922224
        ]
      },
      "id": "way/1353298824"
    },
    {
      "type": "Feature",
      "properties": {
        "@id": "node/1360661248",
        "amenity": "fast_food",
        "brand": "摩斯漢堡",
        "brand:en": "MOS Burger",
        "brand:wikidata": "Q1204169",
        "brand:zh": "摩斯漢堡",
        "cuisine": "burger",
        "name": "MOS Burger",
        "name:en": "MOS Burger",
        "name:zh": "摩斯漢堡",
        "takeaway": "yes",
        "wheelchair": "yes"
      },
      "geometry": {
        "type": "Point",
        "coordinates": [
          103.859488,
          1.2936708
        ]
      },
      "id": "node/1360661248"
    },
    {
      "type": "Feature",
      "properties": {
        "@id": "way/1387593887",
        "access": "permit",
        "addr:city": "Singapore",
        "addr:street": "Old Choa Chu Kang Road",
        "amenity": "fast_food",
        "building": "yes",
        "cuisine": "breakfast;coffee_shop;noodle",
        "fast_food": "cafeteria",
        "name": "Malcolm Canteen",
        "opening_hours": "Mo-Fr 0800-1400",
        "@geometry": "center"
      },
      "geometry": {
        "type": "Point",
        "coordinates": [
          103.7140715,
          1.3742272
        ]
      },
      "id": "way/1387593887"
    },
    {
      "type": "Feature",
      "properties": {
        "@id": "way/1395135430",
        "addr:unit": "#B1-K13",
        "amenity": "fast_food",
        "indoor": "room",
        "level": "-1",
        "level:ref": "B1",
        "name": "Wok Hey",
        "@geometry": "center"
      },
      "geometry": {
        "type": "Point",
        "coordinates": [
          103.7858244,
          1.4361539
        ]
      },
      "id": "way/1395135430"
    },
    {
      "type": "Feature",
      "properties": {
        "@id": "way/1395135431",
        "addr:unit": "#B1-K14",
        "amenity": "fast_food",
        "cuisine": "chicken",
        "indoor": "room",
        "level": "-1",
        "level:ref": "B1",
        "name": "Tenderfresh Xpress",
        "@geometry": "center"
      },
      "geometry": {
        "type": "Point",
        "coordinates": [
          103.7857916,
          1.4361427
        ]
      },
      "id": "way/1395135431"
    },
    {
      "type": "Feature",
      "properties": {
        "@id": "way/1395135432",
        "addr:unit": "#B1-K12",
        "amenity": "fast_food",
        "cuisine": "nasi_lemak",
        "indoor": "room",
        "level": "-1",
        "level:ref": "B1",
        "name": "Crave",
        "@geometry": "center"
      },
      "geometry": {
        "type": "Point",
        "coordinates": [
          103.7858384,
          1.4361119
        ]
      },
      "id": "way/1395135432"
    },
    {
      "type": "Feature",
      "properties": {
        "@id": "way/1395135433",
        "addr:unit": "#B1-K15",
        "amenity": "fast_food",
        "cuisine": "nasi_lemak",
        "indoor": "room",
        "level": "-1",
        "level:ref": "B1",
        "name": "Boon Lay Power Nasi Lemak",
        "@geometry": "center"
      },
      "geometry": {
        "type": "Point",
        "coordinates": [
          103.7858056,
          1.4361005
        ]
      },
      "id": "way/1395135433"
    },
    {
      "type": "Feature",
      "properties": {
        "@id": "way/1395135434",
        "addr:unit": "#B1-K11",
        "amenity": "fast_food",
        "cuisine": "soup",
        "indoor": "room",
        "level": "-1",
        "level:ref": "B1",
        "name": "HUGABO",
        "@geometry": "center"
      },
      "geometry": {
        "type": "Point",
        "coordinates": [
          103.7858521,
          1.436072
        ]
      },
      "id": "way/1395135434"
    },
    {
      "type": "Feature",
      "properties": {
        "@id": "way/1395135435",
        "addr:unit": "#B1-K16",
        "amenity": "fast_food",
        "cuisine": "pizza",
        "indoor": "room",
        "level": "-1",
        "level:ref": "B1",
        "name": "Pezzo",
        "@geometry": "center"
      },
      "geometry": {
        "type": "Point",
        "coordinates": [
          103.7858193,
          1.4360606
        ]
      },
      "id": "way/1395135435"
    },
    {
      "type": "Feature",
      "properties": {
        "@id": "way/1395135439",
        "addr:unit": "#B1-K09",
        "amenity": "fast_food",
        "cuisine": "taiwanese",
        "indoor": "room",
        "level": "-1",
        "level:ref": "B1",
        "name": "Snackz It!",
        "@geometry": "center"
      },
      "geometry": {
        "type": "Point",
        "coordinates": [
          103.7858783,
          1.4359958
        ]
      },
      "id": "way/1395135439"
    },
    {
      "type": "Feature",
      "properties": {
        "@id": "way/1395135442",
        "addr:unit": "#B1-K17",
        "amenity": "fast_food",
        "cuisine": "burrito;kebab",
        "indoor": "room",
        "level": "-1",
        "level:ref": "B1",
        "name": "Stuff'd",
        "@geometry": "center"
      },
      "geometry": {
        "type": "Point",
        "coordinates": [
          103.7858324,
          1.4360226
        ]
      },
      "id": "way/1395135442"
    },
    {
      "type": "Feature",
      "properties": {
        "@id": "way/1395135447",
        "addr:unit": "#B1-K06",
        "amenity": "fast_food",
        "cuisine": "dessert",
        "indoor": "room",
        "level": "-1",
        "level:ref": "B1",
        "name": "Nine Fresh",
        "@geometry": "center"
      },
      "geometry": {
        "type": "Point",
        "coordinates": [
          103.7860507,
          1.4359838
        ]
      },
      "id": "way/1395135447"
    },
    {
      "type": "Feature",
      "properties": {
        "@id": "way/1395135453",
        "addr:unit": "#B1-K32",
        "amenity": "fast_food",
        "cuisine": "rice_cake",
        "indoor": "room",
        "level": "-1",
        "level:ref": "B1",
        "name": "Tiong Bahru Jian Bo Shui Kueh",
        "@geometry": "center"
      },
      "geometry": {
        "type": "Point",
        "coordinates": [
          103.7859639,
          1.435904
        ]
      },
      "id": "way/1395135453"
    },
    {
      "type": "Feature",
      "properties": {
        "@id": "way/1395135460",
        "addr:unit": "#B1-22",
        "amenity": "fast_food",
        "cuisine": "hawaiian;poke_bowl",
        "indoor": "room",
        "level": "-1",
        "level:ref": "B1",
        "name": "Poke Theory",
        "@geometry": "center"
      },
      "geometry": {
        "type": "Point",
        "coordinates": [
          103.7856109,
          1.4357885
        ]
      },
      "id": "way/1395135460"
    },
    {
      "type": "Feature",
      "properties": {
        "@id": "way/1396029675",
        "addr:unit": "#01-12",
        "amenity": "fast_food",
        "brand": "Yoshinoya",
        "brand:en": "Yoshinoya",
        "brand:wikidata": "Q776272",
        "cuisine": "beef_bowl",
        "indoor": "room",
        "level": "0",
        "level:ref": "1",
        "name": "Yoshinoya",
        "name:en": "Yoshinoya",
        "name:ja": "吉野家",
        "takeaway": "yes",
        "wheelchair": "limited",
        "@geometry": "center"
      },
      "geometry": {
        "type": "Point",
        "coordinates": [
          103.7856766,
          1.4356585
        ]
      },
      "id": "way/1396029675"
    },
    {
      "type": "Feature",
      "properties": {
        "@id": "way/1396029676",
        "addr:unit": "#01-13",
        "amenity": "fast_food",
        "brand": "摩斯漢堡",
        "brand:en": "MOS Burger",
        "brand:wikidata": "Q1204169",
        "brand:zh": "摩斯漢堡",
        "cuisine": "burger",
        "indoor": "room",
        "level": "0",
        "level:ref": "1",
        "name": "MOS Burger",
        "name:en": "MOS Burger",
        "name:zh": "摩斯漢堡",
        "takeaway": "yes",
        "wheelchair": "yes",
        "@geometry": "center"
      },
      "geometry": {
        "type": "Point",
        "coordinates": [
          103.7856061,
          1.4356484
        ]
      },
      "id": "way/1396029676"
    },
    {
      "type": "Feature",
      "properties": {
        "@id": "way/1396029680",
        "addr:unit": "#01-14/15",
        "alt_name": "Church's Chicken",
        "amenity": "fast_food",
        "brand": "Texas Chicken",
        "brand:wikidata": "Q1089932",
        "cuisine": "chicken",
        "diet:halal": "yes",
        "indoor": "room",
        "level": "0",
        "level:ref": "1",
        "name": "Texas Chicken",
        "takeaway": "yes",
        "wheelchair": "yes",
        "@geometry": "center"
      },
      "geometry": {
        "type": "Point",
        "coordinates": [
          103.7854793,
          1.4357098
        ]
      },
      "id": "way/1396029680"
    },
    {
      "type": "Feature",
      "properties": {
        "@id": "way/1396029714",
        "addr:unit": "#01-K06",
        "amenity": "fast_food",
        "indoor": "room",
        "level": "0",
        "level:ref": "1",
        "name": "Mr Bean",
        "@geometry": "center"
      },
      "geometry": {
        "type": "Point",
        "coordinates": [
          103.7862586,
          1.4362313
        ]
      },
      "id": "way/1396029714"
    },
    {
      "type": "Feature",
      "properties": {
        "@id": "way/1396029715",
        "addr:unit": "#01-K08",
        "amenity": "fast_food",
        "indoor": "room",
        "level": "0",
        "level:ref": "1",
        "name": "Dough Culture",
        "@geometry": "center"
      },
      "geometry": {
        "type": "Point",
        "coordinates": [
          103.7862921,
          1.4362864
        ]
      },
      "id": "way/1396029715"
    },
    {
      "type": "Feature",
      "properties": {
        "@id": "way/1396029716",
        "addr:unit": "#01-K07",
        "amenity": "fast_food",
        "indoor": "room",
        "level": "0",
        "level:ref": "1",
        "name": "Ho Kee Pau",
        "@geometry": "center"
      },
      "geometry": {
        "type": "Point",
        "coordinates": [
          103.7862782,
          1.4362554
        ]
      },
      "id": "way/1396029716"
    },
    {
      "type": "Feature",
      "properties": {
        "@id": "way/1396029721",
        "addr:unit": "#01-40",
        "alt_name": "Kentucky Fried Chicken",
        "amenity": "fast_food",
        "brand": "KFC",
        "brand:wikidata": "Q524757",
        "brand:wikipedia": "en:KFC",
        "cuisine": "chicken",
        "indoor": "room",
        "level": "0",
        "level:ref": "1",
        "name": "KFC",
        "name:zh": "肯德基",
        "@geometry": "center"
      },
      "geometry": {
        "type": "Point",
        "coordinates": [
          103.7865262,
          1.4360402
        ]
      },
      "id": "way/1396029721"
    },
    {
      "type": "Feature",
      "properties": {
        "@id": "way/1396029722",
        "addr:unit": "#01-38/39",
        "amenity": "fast_food",
        "brand": "4Fingers Crispy Chicken",
        "brand:wikidata": "Q23043391",
        "cuisine": "chicken",
        "indoor": "room",
        "level": "0",
        "level:ref": "1",
        "name": "4Fingers Crispy Chicken",
        "takeaway": "yes",
        "wheelchair": "yes",
        "@geometry": "center"
      },
      "geometry": {
        "type": "Point",
        "coordinates": [
          103.7864908,
          1.4363038
        ]
      },
      "id": "way/1396029722"
    },
    {
      "type": "Feature",
      "properties": {
        "@id": "way/1396029723",
        "addr:unit": "#01-K11",
        "amenity": "fast_food",
        "cuisine": "curry_puff;snacks",
        "indoor": "room",
        "level": "0",
        "level:ref": "1",
        "name": "Old Chang Kee",
        "@geometry": "center"
      },
      "geometry": {
        "type": "Point",
        "coordinates": [
          103.7864566,
          1.436345
        ]
      },
      "id": "way/1396029723"
    },
    {
      "type": "Feature",
      "properties": {
        "@id": "way/1396029725",
        "addr:unit": "#01-35/36/37",
        "amenity": "fast_food",
        "brand": "McDonald's",
        "brand:en": "McDonald's",
        "brand:wikidata": "Q38076",
        "brand:wikipedia": "en:McDonald's",
        "brand:zh": "麦当劳",
        "cuisine": "burger",
        "indoor": "room",
        "level": "0",
        "level:ref": "1",
        "name": "McDonald's",
        "name:en": "McDonald's",
        "name:zh": "麦当劳",
        "name:zh-Hans": "麦当劳",
        "takeaway": "yes",
        "wheelchair": "yes",
        "@geometry": "center"
      },
      "geometry": {
        "type": "Point",
        "coordinates": [
          103.7864948,
          1.4364401
        ]
      },
      "id": "way/1396029725"
    },
    {
      "type": "Feature",
      "properties": {
        "@id": "node/1441084748",
        "addr:postcode": "469460",
        "amenity": "fast_food",
        "name": "Fast Food Chinese, Malay, Indian & Westen"
      },
      "geometry": {
        "type": "Point",
        "coordinates": [
          103.948124,
          1.33139
        ]
      },
      "id": "node/1441084748"
    },
    {
      "type": "Feature",
      "properties": {
        "@id": "way/1475586235",
        "amenity": "fast_food",
        "building": "yes",
        "fast_food": "cafeteria",
        "name": "Canteen",
        "@geometry": "center"
      },
      "geometry": {
        "type": "Point",
        "coordinates": [
          103.9529,
          1.3403754
        ]
      },
      "id": "way/1475586235"
    },
    {
      "type": "Feature",
      "properties": {
        "@id": "node/1570710893",
        "amenity": "fast_food",
        "name": "Kopitiam",
        "name:zh": "Kopitiam食阁",
        "wheelchair": "limited"
      },
      "geometry": {
        "type": "Point",
        "coordinates": [
          103.8628073,
          1.3076462
        ]
      },
      "id": "node/1570710893"
    },
    {
      "type": "Feature",
      "properties": {
        "@id": "node/1570710940",
        "amenity": "fast_food",
        "brand": "McDonald's",
        "brand:en": "McDonald's",
        "brand:wikidata": "Q38076",
        "brand:wikipedia": "en:McDonald's",
        "brand:zh": "麦当劳",
        "cuisine": "burger",
        "name": "McDonald's",
        "name:en": "McDonald's",
        "name:zh": "麦当劳",
        "name:zh-Hans": "麦当劳",
        "takeaway": "yes",
        "wheelchair": "yes"
      },
      "geometry": {
        "type": "Point",
        "coordinates": [
          103.8626356,
          1.3075121
        ]
      },
      "id": "node/1570710940"
    },
    {
      "type": "Feature",
      "properties": {
        "@id": "node/1570710942",
        "amenity": "fast_food",
        "name": "Ananas Cafe"
      },
      "geometry": {
        "type": "Point",
        "coordinates": [
          103.8625176,
          1.3080055
        ]
      },
      "id": "node/1570710942"
    },
    {
      "type": "Feature",
      "properties": {
        "@id": "node/1697793226",
        "amenity": "fast_food",
        "name": "Super Snacks"
      },
      "geometry": {
        "type": "Point",
        "coordinates": [
          103.7803239,
          1.2911649
        ]
      },
      "id": "node/1697793226"
    },
    {
      "type": "Feature",
      "properties": {
        "@id": "node/1699579429",
        "amenity": "fast_food",
        "brand": "McDonald's",
        "brand:en": "McDonald's",
        "brand:wikidata": "Q38076",
        "brand:zh": "麦当劳",
        "brand:zh-Hans": "麦当劳",
        "cuisine": "burger",
        "level": "0",
        "name": "McDonald's",
        "name:en": "McDonald's",
        "name:zh": "麦当劳",
        "name:zh-Hans": "麦当劳",
        "takeaway": "yes",
        "wheelchair": "yes"
      },
      "geometry": {
        "type": "Point",
        "coordinates": [
          103.8472747,
          1.3693658
        ]
      },
      "id": "node/1699579429"
    },
    {
      "type": "Feature",
      "properties": {
        "@id": "node/1699579433",
        "amenity": "fast_food",
        "brand": "McDonald's",
        "brand:wikidata": "Q38076",
        "cuisine": "burger",
        "name": "McDonald's",
        "takeaway": "yes",
        "wheelchair": "yes"
      },
      "geometry": {
        "type": "Point",
        "coordinates": [
          103.8460242,
          1.3827588
        ]
      },
      "id": "node/1699579433"
    },
    {
      "type": "Feature",
      "properties": {
        "@id": "node/1703808060",
        "addr:unit": "01-18",
        "amenity": "fast_food",
        "contact:website": "http://www.oldchangkee.com/",
        "cuisine": "Curry Puffs",
        "name": "Old Chang Kee",
        "opening_hours": "Mo-Su 10:00-22:00"
      },
      "geometry": {
        "type": "Point",
        "coordinates": [
          103.8692856,
          1.3873471
        ]
      },
      "id": "node/1703808060"
    },
    {
      "type": "Feature",
      "properties": {
        "@id": "node/1737553055",
        "alt_name": "Kentucky Fried Chicken",
        "amenity": "fast_food",
        "brand": "KFC",
        "brand:wikidata": "Q524757",
        "brand:wikipedia": "en:KFC",
        "cuisine": "chicken",
        "name": "KFC",
        "name:zh": "肯德基",
        "note": "Please move to correct place!",
        "takeaway": "yes"
      },
      "geometry": {
        "type": "Point",
        "coordinates": [
          103.7769661,
          1.3096254
        ]
      },
      "id": "node/1737553055"
    },
    {
      "type": "Feature",
      "properties": {
        "@id": "node/1737553059",
        "amenity": "fast_food",
        "brand": "Subway",
        "brand:wikidata": "Q244457",
        "brand:wikipedia": "en:Subway (restaurant)",
        "cuisine": "sandwich",
        "name": "Subway",
        "name:zh": "赛百味",
        "note": "Please move to correct place!",
        "takeaway": "yes"
      },
      "geometry": {
        "type": "Point",
        "coordinates": [
          103.7769497,
          1.3094186
        ]
      },
      "id": "node/1737553059"
    },
    {
      "type": "Feature",
      "properties": {
        "@id": "node/1775796433",
        "addr:street": "Clementi Avenue 3",
        "air_conditioning": "yes",
        "amenity": "fast_food",
        "brand": "麦当劳",
        "brand:en": "McDonald's",
        "brand:wikidata": "Q38076",
        "brand:wikipedia": "en:McDonald's",
        "brand:zh": "麦当劳",
        "brand:zh-Hans": "麦当劳",
        "cuisine": "burger",
        "diet:halal": "yes",
        "diet:vegan": "yes",
        "diet:vegetarian": "yes",
        "name": "McDonald's",
        "name:en": "McDonald's",
        "name:zh": "麦当劳",
        "name:zh-Hans": "麦当劳",
        "source": "Kaart Ground Survey 2017",
        "takeaway": "yes"
      },
      "geometry": {
        "type": "Point",
        "coordinates": [
          103.76569,
          1.3124773
        ]
      },
      "id": "node/1775796433"
    },
    {
      "type": "Feature",
      "properties": {
        "@id": "node/1829431135",
        "amenity": "fast_food",
        "brand": "McDonald's",
        "brand:en": "McDonald's",
        "brand:wikidata": "Q38076",
        "brand:wikipedia": "en:McDonald's",
        "brand:zh": "麦当劳",
        "cuisine": "burger",
        "level": "0",
        "name": "McDonald's",
        "name:en": "McDonald's",
        "name:zh": "麦当劳",
        "name:zh-Hans": "麦当劳",
        "opening_hours": "24/7",
        "takeaway": "yes"
      },
      "geometry": {
        "type": "Point",
        "coordinates": [
          103.842675,
          1.2845434
        ]
      },
      "id": "node/1829431135"
    },
    {
      "type": "Feature",
      "properties": {
        "@id": "node/1829455634",
        "amenity": "fast_food",
        "brand": "McDonald's",
        "brand:en": "McDonald's",
        "brand:wikidata": "Q38076",
        "brand:wikipedia": "en:McDonald's",
        "brand:zh": "麦当劳",
        "cuisine": "burger",
        "delivery": "yes",
        "name": "McDonald's",
        "name:en": "McDonald's",
        "name:zh": "麦当劳",
        "name:zh-Hans": "麦当劳",
        "opening_hours": "Mo-Su 07:00-23:00",
        "takeaway": "yes"
      },
      "geometry": {
        "type": "Point",
        "coordinates": [
          103.8335522,
          1.3045417
        ]
      },
      "id": "node/1829455634"
    },
    {
      "type": "Feature",
      "properties": {
        "@id": "node/1832093563",
        "amenity": "fast_food",
        "brand": "McDonald's",
        "brand:en": "McDonald's",
        "brand:wikidata": "Q38076",
        "brand:wikipedia": "en:McDonald's",
        "brand:zh": "麦当劳",
        "cuisine": "burger",
        "name": "McDonald's",
        "name:en": "McDonald's",
        "name:zh": "麦当劳",
        "name:zh-Hans": "麦当劳",
        "opening_hours": "Mo-Su 08:30-22:00",
        "takeaway": "yes",
        "wheelchair": "yes"
      },
      "geometry": {
        "type": "Point",
        "coordinates": [
          103.8653908,
          1.2828132
        ]
      },
      "id": "node/1832093563"
    },
    {
      "type": "Feature",
      "properties": {
        "@id": "node/1833740011",
        "alt_name": "Church's Chicken",
        "amenity": "fast_food",
        "brand": "Texas Chicken",
        "brand:wikidata": "Q1089932",
        "cuisine": "chicken",
        "name": "Texas Chicken",
        "takeaway": "yes"
      },
      "geometry": {
        "type": "Point",
        "coordinates": [
          103.8642653,
          1.281206
        ]
      },
      "id": "node/1833740011"
    },
    {
      "type": "Feature",
      "properties": {
        "@id": "node/1838409826",
        "amenity": "fast_food",
        "brand": "McDonald's",
        "brand:en": "McDonald's",
        "brand:wikidata": "Q38076",
        "brand:wikipedia": "en:McDonald's",
        "brand:zh": "麦当劳",
        "cuisine": "burger",
        "name": "McDonald's",
        "name:en": "McDonald's",
        "name:zh": "麦当劳",
        "name:zh-Hans": "麦当劳",
        "takeaway": "yes",
        "wheelchair": "yes"
      },
      "geometry": {
        "type": "Point",
        "coordinates": [
          103.9859391,
          1.3547625
        ]
      },
      "id": "node/1838409826"
    },
    {
      "type": "Feature",
      "properties": {
        "@id": "node/1843637929",
        "addr:city": "Singapore",
        "addr:country": "SG",
        "addr:housenumber": "80",
        "addr:postcode": "828815",
        "addr:street": "Punggol Field",
        "amenity": "fast_food",
        "brand": "McDonald's",
        "brand:en": "McDonald's",
        "brand:wikidata": "Q38076",
        "brand:zh": "麦当劳",
        "brand:zh-Hans": "麦当劳",
        "cuisine": "burger",
        "name": "McDonald's",
        "name:en": "McDonald's",
        "name:zh": "麦当劳",
        "name:zh-Hans": "麦当劳",
        "source": "Kaart Ground Survey 2017",
        "takeaway": "yes",
        "wheelchair": "yes"
      },
      "geometry": {
        "type": "Point",
        "coordinates": [
          103.9134282,
          1.3936293
        ]
      },
      "id": "node/1843637929"
    },
    {
      "type": "Feature",
      "properties": {
        "@id": "node/1948917748",
        "addr:housenumber": "80",
        "addr:street": "Mandai Lake Road",
        "air_conditioning": "yes",
        "amenity": "fast_food",
        "brand": "肯德基",
        "brand:en": "KFC",
        "brand:wikidata": "Q524757",
        "brand:zh": "肯德基",
        "check_date": "2025-03-16",
        "cuisine": "chicken",
        "name": "KFC",
        "name:en": "KFC",
        "name:zh": "肯德基",
        "takeaway": "yes",
        "wheelchair": "yes"
      },
      "geometry": {
        "type": "Point",
        "coordinates": [
          103.7904911,
          1.4045056
        ]
      },
      "id": "node/1948917748"
    },
    {
      "type": "Feature",
      "properties": {
        "@id": "node/1953018711",
        "amenity": "fast_food",
        "brand": "Burger King",
        "brand:wikidata": "Q177054",
        "brand:wikipedia": "en:Burger King",
        "cuisine": "burger",
        "drive_through": "no",
        "level": "0",
        "name": "Burger King",
        "name:en": "Burger King",
        "name:zh-Hans": "汉堡王",
        "name:zh-Hant": "漢堡王",
        "opening_hours": "Su-Th 08:00-23:00;Fr-Sa 08:00-02:00",
        "takeaway": "yes",
        "toilets:wheelchair": "no",
        "wheelchair": "yes"
      },
      "geometry": {
        "type": "Point",
        "coordinates": [
          103.8469663,
          1.2890643
        ]
      },
      "id": "node/1953018711"
    },
    {
      "type": "Feature",
      "properties": {
        "@id": "node/1953018713",
        "amenity": "fast_food",
        "brand": "McDonald's",
        "brand:en": "McDonald's",
        "brand:wikidata": "Q38076",
        "brand:wikipedia": "en:McDonald's",
        "brand:zh": "麦当劳",
        "cuisine": "burger",
        "delivery": "yes",
        "level": "-1",
        "name": "McDonald's",
        "name:en": "McDonald's",
        "name:zh": "麦当劳",
        "name:zh-Hans": "麦当劳",
        "opening_hours": "24/7",
        "takeaway": "yes",
        "wheelchair": "limited"
      },
      "geometry": {
        "type": "Point",
        "coordinates": [
          103.8287244,
          1.3063341
        ]
      },
      "id": "node/1953018713"
    },
    {
      "type": "Feature",
      "properties": {
        "@id": "node/2059516825",
        "addr:city": "Singapore",
        "addr:housenumber": "76",
        "addr:postcode": "637331",
        "addr:street": "Nanyang Drive",
        "amenity": "fast_food",
        "brand": "McDonald's",
        "brand:en": "McDonald's",
        "brand:wikidata": "Q38076",
        "brand:wikipedia": "en:McDonald's",
        "brand:zh": "麦当劳",
        "brand:zh-Hans": "麦当劳",
        "cuisine": "burger",
        "diet:halal": "yes",
        "level": "1",
        "name": "McDonald's",
        "name:en": "McDonald's",
        "name:zh": "麦当劳",
        "name:zh-Hans": "麦当劳",
        "opening_hours": "Mo-Sa 07:00-00:00; Su 07:00-22:00",
        "takeaway": "yes",
        "wheelchair": "yes"
      },
      "geometry": {
        "type": "Point",
        "coordinates": [
          103.6802831,
          1.3468981
        ]
      },
      "id": "node/2059516825"
    },
    {
      "type": "Feature",
      "properties": {
        "@id": "node/2132500347",
        "addr:street": "Ajunied Avenue 2",
        "amenity": "fast_food",
        "brand": "McDonald's",
        "brand:en": "McDonald's",
        "brand:wikidata": "Q38076",
        "brand:wikipedia": "en:McDonald's",
        "brand:zh": "麦当劳",
        "cuisine": "burger",
        "name": "McDonald's",
        "name:en": "McDonald's",
        "name:zh": "麦当劳",
        "name:zh-Hans": "麦当劳",
        "opening_hours": "24/7",
        "source": "Kaart Ground Survey 2017",
        "takeaway": "yes"
      },
      "geometry": {
        "type": "Point",
        "coordinates": [
          103.8857837,
          1.3204752
        ]
      },
      "id": "node/2132500347"
    },
    {
      "type": "Feature",
      "properties": {
        "@id": "node/2147586568",
        "amenity": "fast_food"
      },
      "geometry": {
        "type": "Point",
        "coordinates": [
          103.6296184,
          1.3194952
        ]
      },
      "id": "node/2147586568"
    },
    {
      "type": "Feature",
      "properties": {
        "@id": "node/2402480207",
        "alt_name": "Kentucky Fried Chicken",
        "amenity": "fast_food",
        "brand": "KFC",
        "brand:en": "KFC",
        "brand:wikidata": "Q524757",
        "brand:wikipedia": "en:KFC",
        "cuisine": "chicken",
        "indoor_seating": "yes",
        "name": "0 этаж еда фаир прайс",
        "name:en": "KFC",
        "outdoor_seating": "no",
        "takeaway": "yes",
        "wheelchair": "yes"
      },
      "geometry": {
        "type": "Point",
        "coordinates": [
          103.845301,
          1.2854247
        ]
      },
      "id": "node/2402480207"
    },
    {
      "type": "Feature",
      "properties": {
        "@id": "node/2402480208",
        "addr:city": "Singapore",
        "addr:country": "SG",
        "addr:housenumber": "133",
        "addr:postcode": "059413",
        "addr:street": "New Bridge Road",
        "amenity": "fast_food",
        "brand": "McDonald's",
        "brand:en": "McDonald's",
        "brand:wikidata": "Q38076",
        "brand:wikipedia": "en:McDonald's",
        "brand:zh": "麦当劳",
        "cuisine": "burger",
        "indoor_seating": "yes",
        "level": "0",
        "name": "McDonald's",
        "name:en": "McDonald's",
        "name:zh": "麦当劳",
        "name:zh-Hans": "麦当劳",
        "outdoor_seating": "no",
        "takeaway": "yes",
        "wheelchair": "no"
      },
      "geometry": {
        "type": "Point",
        "coordinates": [
          103.8445746,
          1.285139
        ]
      },
      "id": "node/2402480208"
    },
    {
      "type": "Feature",
      "properties": {
        "@id": "node/2402528904",
        "alt_name": "Kentucky Fried Chicken",
        "amenity": "fast_food",
        "brand": "KFC",
        "brand:wikidata": "Q524757",
        "brand:wikipedia": "en:KFC",
        "cuisine": "chicken",
        "level": "-1",
        "name": "KFC",
        "name:zh": "肯德基",
        "takeaway": "yes",
        "wheelchair": "yes"
      },
      "geometry": {
        "type": "Point",
        "coordinates": [
          103.8558733,
          1.3001323
        ]
      },
      "id": "node/2402528904"
    },
    {
      "type": "Feature",
      "properties": {
        "@id": "node/2402530866",
        "addr:city": "Singapore",
        "addr:country": "SG",
        "addr:housenumber": "1",
        "addr:postcode": "048508",
        "addr:street": "South Canal Road",
        "amenity": "fast_food",
        "brand": "McDonald's",
        "brand:en": "McDonald's",
        "brand:wikidata": "Q38076",
        "brand:wikipedia": "en:McDonald's",
        "brand:zh": "麦当劳",
        "cuisine": "burger",
        "delivery": "yes",
        "name": "McDonald's",
        "name:en": "McDonald's",
        "name:zh": "麦当劳",
        "name:zh-Hans": "麦当劳",
        "opening_hours": "24/7",
        "operator": "McDonald's",
        "phone": "+65 65344350",
        "takeaway": "yes",
        "website": "https://www.mcdonalds.com.sg/"
      },
      "geometry": {
        "type": "Point",
        "coordinates": [
          103.8499658,
          1.2858396
        ]
      },
      "id": "node/2402530866"
    },
    {
      "type": "Feature",
      "properties": {
        "@id": "node/2402530869",
        "amenity": "fast_food",
        "brand": "Subway",
        "brand:wikidata": "Q244457",
        "brand:wikipedia": "en:Subway (restaurant)",
        "cuisine": "sandwich",
        "name": "Subway",
        "name:zh": "赛百味",
        "takeaway": "yes"
      },
      "geometry": {
        "type": "Point",
        "coordinates": [
          103.8437017,
          1.2745747
        ]
      },
      "id": "node/2402530869"
    },
    {
      "type": "Feature",
      "properties": {
        "@id": "node/2402536811",
        "amenity": "fast_food",
        "brand": "Burger King",
        "brand:wikidata": "Q177054",
        "brand:wikipedia": "en:Burger King",
        "cuisine": "burger",
        "drive_through": "no",
        "level": "-1",
        "name": "Burger King",
        "name:en": "Burger King",
        "name:zh": "汉堡王",
        "opening_hours": "Su-Th 08:30-22:30; Fr-Sa 08:30-23:30",
        "phone": "+65 6238 1367",
        "takeaway": "yes",
        "website": "http://www.burgerking.com.sg/",
        "wheelchair": "yes"
      },
      "geometry": {
        "type": "Point",
        "coordinates": [
          103.8447846,
          1.30074
        ]
      },
      "id": "node/2402536811"
    },
    {
      "type": "Feature",
      "properties": {
        "@id": "node/2402536814",
        "alt_name": "Kentucky Fried Chicken",
        "amenity": "fast_food",
        "brand": "KFC",
        "brand:wikidata": "Q524757",
        "brand:wikipedia": "en:KFC",
        "check_date": "2026-01-17",
        "cuisine": "chicken",
        "level": "-1",
        "name": "KFC",
        "name:zh": "肯德基",
        "takeaway": "yes",
        "wheelchair": "yes"
      },
      "geometry": {
        "type": "Point",
        "coordinates": [
          103.8449291,
          1.3001118
        ]
      },
      "id": "node/2402536814"
    },
    {
      "type": "Feature",
      "properties": {
        "@id": "node/2402536816",
        "amenity": "fast_food",
        "brand": "McDonald's",
        "brand:en": "McDonald's",
        "brand:wikidata": "Q38076",
        "brand:wikipedia": "en:McDonald's",
        "brand:zh": "麦当劳",
        "cuisine": "burger",
        "drive_through": "no",
        "internet_access": "yes",
        "internet_access:fee": "no",
        "level": "-1",
        "name": "McDonald's",
        "name:en": "McDonald's",
        "name:zh": "麦当劳",
        "name:zh-Hans": "麦当劳",
        "opening_hours": "Mo-Su 07:30-23:00",
        "outdoor_seating": "yes",
        "takeaway": "yes",
        "toilets": "yes",
        "toilets:access": "yes",
        "toilets:wheelchair": "designated",
        "wheelchair": "yes"
      },
      "geometry": {
        "type": "Point",
        "coordinates": [
          103.8448902,
          1.3000112
        ]
      },
      "id": "node/2402536816"
    },
    {
      "type": "Feature",
      "properties": {
        "@id": "node/2402539698",
        "alt_name": "Kentucky Fried Chicken",
        "amenity": "fast_food",
        "brand": "KFC",
        "brand:wikidata": "Q524757",
        "brand:wikipedia": "en:KFC",
        "cuisine": "chicken",
        "name": "KFC",
        "name:zh": "肯德基",
        "takeaway": "yes",
        "wheelchair": "yes"
      },
      "geometry": {
        "type": "Point",
        "coordinates": [
          103.8561406,
          1.311325
        ]
      },
      "id": "node/2402539698"
    },
    {
      "type": "Feature",
      "properties": {
        "@id": "node/2402539699",
        "amenity": "fast_food",
        "brand": "Long John Silver's",
        "brand:wikidata": "Q1535221",
        "brand:wikipedia": "en:Long John Silver's",
        "cuisine": "seafood",
        "name": "Long John Silver's",
        "takeaway": "yes"
      },
      "geometry": {
        "type": "Point",
        "coordinates": [
          103.856195,
          1.3112194
        ]
      },
      "id": "node/2402539699"
    },
    {
      "type": "Feature",
      "properties": {
        "@id": "node/2402539700",
        "amenity": "fast_food",
        "brand": "McDonald's",
        "brand:en": "McDonald's",
        "brand:wikidata": "Q38076",
        "brand:wikipedia": "en:McDonald's",
        "brand:zh": "麦当劳",
        "cuisine": "burger",
        "level": "-1",
        "name": "McDonald's",
        "name:en": "McDonald's",
        "name:zh": "麦当劳",
        "name:zh-Hans": "麦当劳",
        "takeaway": "yes",
        "wheelchair": "yes"
      },
      "geometry": {
        "type": "Point",
        "coordinates": [
          103.856206,
          1.3113488
        ]
      },
      "id": "node/2402539700"
    },
    {
      "type": "Feature",
      "properties": {
        "@id": "node/2402541466",
        "alt_name": "Kentucky Fried Chicken",
        "amenity": "fast_food",
        "brand": "KFC",
        "brand:en": "KFC",
        "brand:wikidata": "Q524757",
        "brand:wikipedia": "zh:肯德基",
        "brand:zh": "肯德基",
        "check_date": "2026-01-17",
        "cuisine": "chicken",
        "level": "0",
        "name": "KFC",
        "name:en": "KFC",
        "name:zh": "肯德基",
        "takeaway": "yes"
      },
      "geometry": {
        "type": "Point",
        "coordinates": [
          103.8434482,
          1.3203384
        ]
      },
      "id": "node/2402541466"
    },
    {
      "type": "Feature",
      "properties": {
        "@id": "node/2402541467",
        "amenity": "fast_food",
        "branch": "United Square",
        "brand": "McDonald's",
        "brand:en": "McDonald's",
        "brand:wikidata": "Q38076",
        "brand:wikipedia": "en:McDonald's",
        "brand:zh": "麦当劳",
        "cuisine": "burger",
        "name": "McDonald's",
        "name:en": "McDonald's",
        "name:zh": "麦当劳",
        "name:zh-Hans": "麦当劳",
        "takeaway": "yes",
        "wheelchair": "yes"
      },
      "geometry": {
        "type": "Point",
        "coordinates": [
          103.8439049,
          1.3169709
        ]
      },
      "id": "node/2402541467"
    },
    {
      "type": "Feature",
      "properties": {
        "@id": "node/2402545436",
        "addr:city": "Singapore",
        "addr:housenumber": "1",
        "addr:postcode": "099253",
        "addr:street": "Maritime Square",
        "addr:unit": "#02-83/84",
        "alt_name": "Kentucky Fried Chicken",
        "amenity": "fast_food",
        "branch": "HarbourFront Centre",
        "brand": "KFC",
        "brand:en": "KFC",
        "brand:wikidata": "Q524757",
        "brand:wikipedia": "en:KFC",
        "brand:zh": "肯德基",
        "cuisine": "chicken",
        "diet:halal": "yes",
        "drive_through": "no",
        "level": "1",
        "name": "KFC",
        "name:en": "KFC",
        "name:zh": "肯德基",
        "opening_hours": "Mo-Su 08:00-22:00",
        "phone": "+65 6270 9142",
        "takeaway": "yes",
        "website": "https://www.kfc.com.sg/",
        "wheelchair": "yes"
      },
      "geometry": {
        "type": "Point",
        "coordinates": [
          103.8200263,
          1.2651106
        ]
      },
      "id": "node/2402545436"
    },
    {
      "type": "Feature",
      "properties": {
        "@id": "node/2402545438",
        "amenity": "fast_food",
        "brand": "Long John Silver's",
        "brand:wikidata": "Q1535221",
        "brand:wikipedia": "en:Long John Silver's",
        "cuisine": "seafood",
        "name": "Long John Silver's",
        "takeaway": "yes",
        "wheelchair": "yes"
      },
      "geometry": {
        "type": "Point",
        "coordinates": [
          103.8220689,
          1.2637442
        ]
      },
      "id": "node/2402545438"
    },
    {
      "type": "Feature",
      "properties": {
        "@id": "node/2402545439",
        "amenity": "fast_food",
        "brand": "McDonald's",
        "brand:en": "McDonald's",
        "brand:wikidata": "Q38076",
        "brand:wikipedia": "en:McDonald's",
        "brand:zh": "麦当劳",
        "brand:zh-Hans": "麦当劳",
        "cuisine": "burger",
        "level": "0",
        "name": "McDonald's",
        "name:en": "McDonald's",
        "name:zh": "麦当劳",
        "name:zh-Hans": "麦当劳",
        "takeaway": "yes",
        "wheelchair": "yes"
      },
      "geometry": {
        "type": "Point",
        "coordinates": [
          103.8204787,
          1.2648062
        ]
      },
      "id": "node/2402545439"
    },
    {
      "type": "Feature",
      "properties": {
        "@id": "node/2402545440",
        "amenity": "fast_food",
        "brand": "McDonald's",
        "brand:en": "McDonald's",
        "brand:wikidata": "Q38076",
        "brand:wikipedia": "en:McDonald's",
        "brand:zh": "麦当劳",
        "cuisine": "burger",
        "name": "McDonald's",
        "name:en": "McDonald's",
        "name:zh": "麦当劳",
        "name:zh-Hans": "麦当劳",
        "takeaway": "yes",
        "wheelchair": "limited"
      },
      "geometry": {
        "type": "Point",
        "coordinates": [
          103.8463678,
          1.3108167
        ]
      },
      "id": "node/2402545440"
    },
    {
      "type": "Feature",
      "properties": {
        "@id": "node/2402546676",
        "addr:city": "Singapore",
        "addr:country": "SG",
        "addr:housenumber": "6",
        "addr:postcode": "039594",
        "addr:street": "Raffles Boulevard",
        "addr:unit": "#02-156/157/166",
        "air_conditioning": "yes",
        "amenity": "fast_food",
        "branch": "Marina Square",
        "brand": "McDonald's",
        "brand:en": "McDonald's",
        "brand:wikidata": "Q38076",
        "brand:wikipedia": "en:McDonald's",
        "brand:zh": "麦当劳",
        "cuisine": "burger",
        "drive_through": "no",
        "level": "1",
        "name": "McDonald's",
        "name:en": "McDonald's",
        "name:zh": "麦当劳",
        "name:zh-Hans": "麦当劳",
        "phone": "+65 6883 2286",
        "takeaway": "yes",
        "website": "https://www.mcdonalds.com.sg/",
        "wheelchair": "yes"
      },
      "geometry": {
        "type": "Point",
        "coordinates": [
          103.8572476,
          1.2913073
        ]
      },
      "id": "node/2402546676"
    },
    {
      "type": "Feature",
      "properties": {
        "@id": "node/2420993452",
        "amenity": "fast_food",
        "brand": "McDonald's",
        "brand:en": "McDonald's",
        "brand:wikidata": "Q38076",
        "brand:wikipedia": "en:McDonald's",
        "brand:zh": "麦当劳",
        "cuisine": "burger",
        "name": "McDonald's",
        "name:en": "McDonald's",
        "name:zh": "麦当劳",
        "name:zh-Hans": "麦当劳",
        "takeaway": "yes"
      },
      "geometry": {
        "type": "Point",
        "coordinates": [
          103.7979862,
          1.4458327
        ]
      },
      "id": "node/2420993452"
    },
    {
      "type": "Feature",
      "properties": {
        "@id": "node/2420993462",
        "amenity": "fast_food",
        "brand": "McDonald's",
        "brand:en": "McDonald's",
        "brand:wikidata": "Q38076",
        "brand:wikipedia": "en:McDonald's",
        "brand:zh": "麦当劳",
        "cuisine": "burger",
        "name": "McDonald's",
        "name:en": "McDonald's",
        "name:zh": "麦当劳",
        "name:zh-Hans": "麦当劳",
        "takeaway": "yes"
      },
      "geometry": {
        "type": "Point",
        "coordinates": [
          103.8011513,
          1.4402485
        ]
      },
      "id": "node/2420993462"
    },
    {
      "type": "Feature",
      "properties": {
        "@id": "node/2420993463",
        "alt_name": "Kentucky Fried Chicken",
        "amenity": "fast_food",
        "brand": "KFC",
        "brand:wikidata": "Q524757",
        "brand:wikipedia": "en:KFC",
        "cuisine": "chicken",
        "name": "KFC",
        "name:zh": "肯德基",
        "takeaway": "yes"
      },
      "geometry": {
        "type": "Point",
        "coordinates": [
          103.8011875,
          1.4401399
        ]
      },
      "id": "node/2420993463"
    },
    {
      "type": "Feature",
      "properties": {
        "@id": "node/2421003725",
        "alt_name": "Kentucky Fried Chicken",
        "amenity": "fast_food",
        "brand": "KFC",
        "brand:wikidata": "Q524757",
        "brand:wikipedia": "en:KFC",
        "cuisine": "chicken",
        "name": "KFC",
        "name:zh": "肯德基",
        "takeaway": "yes"
      },
      "geometry": {
        "type": "Point",
        "coordinates": [
          103.795144,
          1.4374835
        ]
      },
      "id": "node/2421003725"
    },
    {
      "type": "Feature",
      "properties": {
        "@id": "node/2421003728",
        "addr:city": "Singapore",
        "addr:floor": "1",
        "addr:housenumber": "30",
        "addr:postcode": "738343",
        "addr:street": "Woodlands Avenue 2",
        "addr:unit": "19,20,21,24,25",
        "amenity": "fast_food",
        "brand": "Jollibee",
        "brand:wikidata": "Q37614",
        "cuisine": "burger",
        "drive_through": "no",
        "name": "Jollibee",
        "name:en": "Jollibee",
        "name:zh": "祖樂比",
        "takeaway": "yes",
        "wheelchair": "yes"
      },
      "geometry": {
        "type": "Point",
        "coordinates": [
          103.786302,
          1.4366685
        ]
      },
      "id": "node/2421003728"
    },
    {
      "type": "Feature",
      "properties": {
        "@id": "node/2421003732",
        "amenity": "fast_food",
        "brand": "McDonald's",
        "brand:en": "McDonald's",
        "brand:wikidata": "Q38076",
        "brand:wikipedia": "en:McDonald's",
        "brand:zh": "麦当劳",
        "cuisine": "burger",
        "name": "McDonald's",
        "name:en": "McDonald's",
        "name:zh": "麦当劳",
        "name:zh-Hans": "麦当劳",
        "takeaway": "yes",
        "wheelchair": "yes"
      },
      "geometry": {
        "type": "Point",
        "coordinates": [
          103.7871007,
          1.4352192
        ]
      },
      "id": "node/2421003732"
    },
    {
      "type": "Feature",
      "properties": {
        "@id": "node/2421003734",
        "addr:city": "Singapore",
        "addr:housenumber": "30",
        "addr:postcode": "738343",
        "addr:street": "Woodlands Avenue 2",
        "addr:unit": "#01-07/08/15",
        "amenity": "fast_food",
        "brand": "Popeyes",
        "brand:wikidata": "Q1330910",
        "brand:wikipedia": "en:Popeyes",
        "cuisine": "chicken",
        "drive_through": "no",
        "name": "Popeyes",
        "official_name": "Popeyes Louisiana Kitchen",
        "takeaway": "yes",
        "wheelchair": "yes"
      },
      "geometry": {
        "type": "Point",
        "coordinates": [
          103.7866249,
          1.4368039
        ]
      },
      "id": "node/2421003734"
    },
    {
      "type": "Feature",
      "properties": {
        "@id": "node/2421014787",
        "amenity": "fast_food",
        "brand": "Burger King",
        "brand:wikidata": "Q177054",
        "brand:wikipedia": "en:Burger King",
        "cuisine": "burger",
        "name": "Burger King",
        "name:en": "Burger King",
        "name:zh": "汉堡王",
        "takeaway": "yes"
      },
      "geometry": {
        "type": "Point",
        "coordinates": [
          103.775234,
          1.4293649
        ]
      },
      "id": "node/2421014787"
    },
    {
      "type": "Feature",
      "properties": {
        "@id": "node/2421030316",
        "amenity": "fast_food",
        "name": "Long John Silvers",
        "toilets:wheelchair": "yes",
        "wheelchair": "yes"
      },
      "geometry": {
        "type": "Point",
        "coordinates": [
          103.8356696,
          1.4300228
        ]
      },
      "id": "node/2421030316"
    },
    {
      "type": "Feature",
      "properties": {
        "@id": "node/2421033263",
        "amenity": "fast_food",
        "brand": "McDonald's",
        "brand:en": "McDonald's",
        "brand:wikidata": "Q38076",
        "brand:wikipedia": "en:McDonald's",
        "brand:zh": "麦当劳",
        "cuisine": "burger",
        "name": "McDonald's",
        "name:en": "McDonald's",
        "name:zh": "麦当劳",
        "name:zh-Hans": "麦当劳",
        "takeaway": "yes"
      },
      "geometry": {
        "type": "Point",
        "coordinates": [
          103.7449778,
          1.3855592
        ]
      },
      "id": "node/2421033263"
    },
    {
      "type": "Feature",
      "properties": {
        "@id": "node/2421033264",
        "amenity": "fast_food",
        "brand": "McDonald's",
        "brand:en": "McDonald's",
        "brand:wikidata": "Q38076",
        "brand:wikipedia": "en:McDonald's",
        "brand:zh": "麦当劳",
        "cuisine": "burger",
        "internet_access": "wlan",
        "name": "McDonald's",
        "name:en": "McDonald's",
        "name:zh": "麦当劳",
        "name:zh-Hans": "麦当劳",
        "takeaway": "yes"
      },
      "geometry": {
        "type": "Point",
        "coordinates": [
          103.7520704,
          1.3813306
        ]
      },
      "id": "node/2421033264"
    },
    {
      "type": "Feature",
      "properties": {
        "@id": "node/2421033265",
        "alt_name": "Kentucky Fried Chicken",
        "amenity": "fast_food",
        "brand": "KFC",
        "brand:wikidata": "Q524757",
        "brand:wikipedia": "en:KFC",
        "cuisine": "chicken",
        "level": "1",
        "name": "KFC",
        "name:zh": "肯德基",
        "opening_hours": "Su-Th 07:00-22:00; Fr,Sa,PH 07:00-22:30",
        "takeaway": "yes"
      },
      "geometry": {
        "type": "Point",
        "coordinates": [
          103.7640618,
          1.3802125
        ]
      },
      "id": "node/2421033265"
    },
    {
      "type": "Feature",
      "properties": {
        "@id": "node/2421033266",
        "amenity": "fast_food",
        "brand": "McDonald's",
        "brand:en": "McDonald's",
        "brand:wikidata": "Q38076",
        "brand:wikipedia": "en:McDonald's",
        "brand:zh": "麦当劳",
        "cuisine": "burger",
        "level": "1",
        "name": "McDonald's",
        "name:en": "McDonald's",
        "name:zh": "麦当劳",
        "name:zh-Hans": "麦当劳",
        "opening_hours": "Mo-Su 06:00-23:59",
        "takeaway": "yes"
      },
      "geometry": {
        "type": "Point",
        "coordinates": [
          103.7644526,
          1.3793488
        ]
      },
      "id": "node/2421033266"
    },
    {
      "type": "Feature",
      "properties": {
        "@id": "node/2421033268",
        "amenity": "fast_food",
        "brand": "McDonald's",
        "brand:en": "McDonald's",
        "brand:wikidata": "Q38076",
        "brand:wikipedia": "en:McDonald's",
        "brand:zh": "麦当劳",
        "check_date": "2025-06-01",
        "cuisine": "burger",
        "name": "McDonald's",
        "name:en": "McDonald's",
        "name:zh": "麦当劳",
        "name:zh-Hans": "麦当劳",
        "opening_hours": "24/7",
        "takeaway": "yes"
      },
      "geometry": {
        "type": "Point",
        "coordinates": [
          103.7506387,
          1.3576092
        ]
      },
      "id": "node/2421033268"
    },
    {
      "type": "Feature",
      "properties": {
        "@id": "node/2422415667",
        "alt_name": "Kentucky Fried Chicken",
        "amenity": "fast_food",
        "brand": "KFC",
        "brand:wikidata": "Q524757",
        "brand:wikipedia": "en:KFC",
        "cuisine": "chicken",
        "name": "KFC",
        "name:zh": "肯德基",
        "takeaway": "yes",
        "wheelchair": "yes"
      },
      "geometry": {
        "type": "Point",
        "coordinates": [
          103.7466996,
          1.3967367
        ]
      },
      "id": "node/2422415667"
    },
    {
      "type": "Feature",
      "properties": {
        "@id": "node/2422415669",
        "air_conditioning": "yes",
        "amenity": "fast_food",
        "brand": "McDonald's",
        "brand:en": "McDonald's",
        "brand:wikidata": "Q38076",
        "brand:wikipedia": "en:McDonald's",
        "brand:zh": "麦当劳",
        "cuisine": "burger",
        "internet_access": "wlan",
        "name": "McDonald's",
        "name:en": "McDonald's",
        "name:zh": "麦当劳",
        "name:zh-Hans": "麦当劳",
        "takeaway": "yes"
      },
      "geometry": {
        "type": "Point",
        "coordinates": [
          103.74703,
          1.3978719
        ]
      },
      "id": "node/2422415669"
    },
    {
      "type": "Feature",
      "properties": {
        "@id": "node/2577843460",
        "alt_name": "Kentucky Fried Chicken",
        "amenity": "fast_food",
        "brand": "KFC",
        "brand:en": "KFC",
        "brand:wikidata": "Q524757",
        "brand:wikipedia": "en:KFC",
        "brand:zh": "肯德基",
        "cuisine": "chicken",
        "name": "KFC",
        "name:en": "KFC",
        "name:zh": "肯德基",
        "takeaway": "yes"
      },
      "geometry": {
        "type": "Point",
        "coordinates": [
          103.7063969,
          1.3397386
        ]
      },
      "id": "node/2577843460"
    },
    {
      "type": "Feature",
      "properties": {
        "@id": "node/2577843461",
        "amenity": "fast_food",
        "brand": "Long John Silver's",
        "brand:wikidata": "Q1535221",
        "brand:wikipedia": "en:Long John Silver's",
        "cuisine": "seafood",
        "name": "Long John Silver's",
        "takeaway": "yes"
      },
      "geometry": {
        "type": "Point",
        "coordinates": [
          103.7050224,
          1.3386903
        ]
      },
      "id": "node/2577843461"
    },
    {
      "type": "Feature",
      "properties": {
        "@id": "node/2577843463",
        "addr:floor": "1",
        "addr:housenumber": "1",
        "addr:street": "Jurong West Central 2",
        "amenity": "fast_food",
        "brand": "McDonald's",
        "brand:en": "McDonald's",
        "brand:wikidata": "Q38076",
        "brand:wikipedia": "en:McDonald's",
        "brand:zh": "麦当劳",
        "brand:zh-Hans": "麦当劳",
        "check_date": "2025-06-06",
        "cuisine": "burger",
        "level": "0",
        "name": "McDonald's",
        "name:en": "McDonald's",
        "name:zh": "麦当劳",
        "name:zh-Hans": "麦当劳",
        "takeaway": "yes"
      },
      "geometry": {
        "type": "Point",
        "coordinates": [
          103.7063392,
          1.3399002
        ]
      },
      "id": "node/2577843463"
    },
    {
      "type": "Feature",
      "properties": {
        "@id": "node/2578014374",
        "amenity": "fast_food",
        "brand": "摩斯漢堡",
        "brand:en": "MOS Burger",
        "brand:wikidata": "Q1204169",
        "brand:zh": "摩斯漢堡",
        "cuisine": "burger",
        "name": "MOS Burger",
        "name:en": "MOS Burger",
        "name:zh": "摩斯漢堡",
        "takeaway": "yes",
        "wheelchair": "yes"
      },
      "geometry": {
        "type": "Point",
        "coordinates": [
          103.8435698,
          1.2749353
        ]
      },
      "id": "node/2578014374"
    },
    {
      "type": "Feature",
      "properties": {
        "@id": "node/2619352060",
        "addr:street": "Bedok Reservoir Road",
        "amenity": "fast_food",
        "brand": "麦当劳",
        "brand:en": "McDonald's",
        "brand:wikidata": "Q38076",
        "brand:wikipedia": "en:McDonald's",
        "brand:zh": "麦当劳",
        "brand:zh-Hans": "麦当劳",
        "cuisine": "burger",
        "name": "McDonald's",
        "name:en": "McDonald's",
        "name:zh": "麦当劳",
        "name:zh-Hans": "麦当劳",
        "opening_hours": "24/7",
        "smoking": "no",
        "takeaway": "yes"
      },
      "geometry": {
        "type": "Point",
        "coordinates": [
          103.9137615,
          1.3321426
        ]
      },
      "id": "node/2619352060"
    },
    {
      "type": "Feature",
      "properties": {
        "@id": "node/2698962559",
        "amenity": "fast_food",
        "brand": "Burger King",
        "brand:wikidata": "Q177054",
        "brand:wikipedia": "en:Burger King",
        "cuisine": "burger",
        "name": "Burger King",
        "name:en": "Burger King",
        "name:zh": "汉堡王",
        "takeaway": "yes"
      },
      "geometry": {
        "type": "Point",
        "coordinates": [
          103.8245982,
          1.4417073
        ]
      },
      "id": "node/2698962559"
    },
    {
      "type": "Feature",
      "properties": {
        "@id": "node/2767277547",
        "addr:floor": "1",
        "addr:housenumber": "20",
        "addr:street": "Ah Hood Road",
        "air_conditioning": "yes",
        "amenity": "fast_food",
        "brand": "Subway",
        "brand:wikidata": "Q244457",
        "brand:wikipedia": "en:Subway (restaurant)",
        "check_date": "2023-03-14",
        "cuisine": "sandwich",
        "delivery": "yes",
        "diet:halal": "yes",
        "diet:vegetarian": "yes",
        "indoor_seating": "yes",
        "level": "0",
        "name": "Subway",
        "name:zh": "赛百味",
        "opening_hours": "08:00-22:00",
        "operator": "Subway",
        "outdoor_seating": "no",
        "payment:credit_cards": "yes",
        "payment:mastercard": "yes",
        "payment:nets": "yes",
        "payment:paynow": "yes",
        "payment:unionpay": "yes",
        "payment:visa": "yes",
        "smoking": "no",
        "takeaway": "yes",
        "wheelchair": "yes"
      },
      "geometry": {
        "type": "Point",
        "coordinates": [
          103.8463159,
          1.3270462
        ]
      },
      "id": "node/2767277547"
    },
    {
      "type": "Feature",
      "properties": {
        "@id": "node/2921818553",
        "amenity": "fast_food",
        "brand": "Long John Silver's",
        "brand:wikidata": "Q1535221",
        "brand:wikipedia": "en:Long John Silver's",
        "cuisine": "seafood",
        "name": "Long John Silver's",
        "takeaway": "yes",
        "wheelchair": "yes"
      },
      "geometry": {
        "type": "Point",
        "coordinates": [
          103.7986341,
          1.3015919
        ]
      },
      "id": "node/2921818553"
    },
    {
      "type": "Feature",
      "properties": {
        "@id": "node/2921955064",
        "amenity": "fast_food",
        "brand": "麦当劳",
        "brand:en": "McDonald's",
        "brand:wikidata": "Q38076",
        "brand:zh": "麦当劳",
        "brand:zh-Hans": "麦当劳",
        "cuisine": "burger",
        "name": "McDonald's",
        "name:en": "McDonald's",
        "name:zh": "麦当劳",
        "name:zh-Hans": "麦当劳",
        "takeaway": "yes"
      },
      "geometry": {
        "type": "Point",
        "coordinates": [
          103.81815,
          1.2835358
        ]
      },
      "id": "node/2921955064"
    },
    {
      "type": "Feature",
      "properties": {
        "@id": "node/2959749814",
        "amenity": "fast_food",
        "brand": "Burger King",
        "brand:wikidata": "Q177054",
        "brand:wikipedia": "en:Burger King",
        "cuisine": "burger",
        "level": "1",
        "name": "Burger King",
        "name:en": "Burger King",
        "name:zh": "汉堡王",
        "takeaway": "yes",
        "wheelchair": "yes"
      },
      "geometry": {
        "type": "Point",
        "coordinates": [
          103.8214447,
          1.2636732
        ]
      },
      "id": "node/2959749814"
    },
    {
      "type": "Feature",
      "properties": {
        "@id": "node/2959749815",
        "amenity": "fast_food",
        "brand": "Carl's Jr.",
        "brand:wikidata": "Q1043486",
        "brand:wikipedia": "en:Carl's Jr.",
        "cuisine": "burger",
        "level": "1",
        "name": "Carl's Jr.",
        "takeaway": "yes"
      },
      "geometry": {
        "type": "Point",
        "coordinates": [
          103.8226585,
          1.2639209
        ]
      },
      "id": "node/2959749815"
    },
    {
      "type": "Feature",
      "properties": {
        "@id": "node/2959749818",
        "alt_name": "Church's Chicken",
        "amenity": "fast_food",
        "brand": "Texas Chicken",
        "brand:wikidata": "Q1089932",
        "brand:wikipedia": "en:Church's Chicken",
        "cuisine": "chicken",
        "level": "-2",
        "name": "Texas Chicken",
        "takeaway": "yes"
      },
      "geometry": {
        "type": "Point",
        "coordinates": [
          103.8225004,
          1.2647543
        ]
      },
      "id": "node/2959749818"
    },
    {
      "type": "Feature",
      "properties": {
        "@id": "node/3009716717",
        "amenity": "fast_food",
        "brand": "Popeyes",
        "brand:wikidata": "Q1330910",
        "brand:wikipedia": "en:Popeyes",
        "cuisine": "chicken",
        "level": "1",
        "name": "Popeyes",
        "official_name": "Popeyes Louisiana Kitchen",
        "takeaway": "yes",
        "wheelchair": "yes"
      },
      "geometry": {
        "type": "Point",
        "coordinates": [
          103.8565588,
          1.3109006
        ]
      },
      "id": "node/3009716717"
    },
    {
      "type": "Feature",
      "properties": {
        "@id": "node/3009731040",
        "addr:housenumber": "251",
        "addr:street": "Victoria Street",
        "amenity": "fast_food",
        "check_date": "2026-02-16",
        "cuisine": "chinese",
        "level": "0",
        "name": "Qian Bai Fusion",
        "wheelchair": "no"
      },
      "geometry": {
        "type": "Point",
        "coordinates": [
          103.8554296,
          1.3004871
        ]
      },
      "id": "node/3009731040"
    },
    {
      "type": "Feature",
      "properties": {
        "@id": "node/3038835356",
        "addr:city": "Singapore",
        "addr:country": "SG",
        "addr:housenumber": "162",
        "addr:postcode": "150162",
        "addr:street": "Jalan Bukit Merah",
        "amenity": "fast_food",
        "brand": "肯德基",
        "brand:en": "KFC",
        "brand:wikidata": "Q524757",
        "brand:zh": "肯德基",
        "cuisine": "chicken",
        "name": "肯德基",
        "name:en": "KFC",
        "name:zh": "肯德基",
        "takeaway": "yes"
      },
      "geometry": {
        "type": "Point",
        "coordinates": [
          103.8172063,
          1.2838744
        ]
      },
      "id": "node/3038835356"
    },
    {
      "type": "Feature",
      "properties": {
        "@id": "node/3038835993",
        "amenity": "fast_food",
        "brand": "Subway",
        "brand:wikidata": "Q244457",
        "cuisine": "sandwich",
        "name": "Subway",
        "name:zh": "赛百味",
        "takeaway": "yes",
        "website": "https://www.subway.com"
      },
      "geometry": {
        "type": "Point",
        "coordinates": [
          103.8163425,
          1.2831186
        ]
      },
      "id": "node/3038835993"
    },
    {
      "type": "Feature",
      "properties": {
        "@id": "node/3098271738",
        "amenity": "fast_food",
        "brand": "McDonald's",
        "brand:en": "McDonald's",
        "brand:wikidata": "Q38076",
        "brand:wikipedia": "en:McDonald's",
        "brand:zh": "麦当劳",
        "brand:zh-Hans": "麦当劳",
        "cuisine": "burger",
        "level": "-1",
        "name": "McDonald's",
        "name:en": "McDonald's",
        "name:zh": "麦当劳",
        "name:zh-Hans": "麦当劳",
        "takeaway": "yes"
      },
      "geometry": {
        "type": "Point",
        "coordinates": [
          103.820322,
          1.257543
        ]
      },
      "id": "node/3098271738"
    },
    {
      "type": "Feature",
      "properties": {
        "@id": "node/3100263067",
        "amenity": "fast_food",
        "brand": "Wendy's",
        "brand:wikidata": "Q550258",
        "brand:wikipedia": "en:Wendy's",
        "cuisine": "burger",
        "name": "Wendy's",
        "takeaway": "yes"
      },
      "geometry": {
        "type": "Point",
        "coordinates": [
          103.7423592,
          1.333224
        ]
      },
      "id": "node/3100263067"
    },
    {
      "type": "Feature",
      "properties": {
        "@id": "node/3100263941",
        "amenity": "fast_food",
        "cuisine": "pizza",
        "name": "Skinny Pizza"
      },
      "geometry": {
        "type": "Point",
        "coordinates": [
          103.7429815,
          1.3335209
        ]
      },
      "id": "node/3100263941"
    },
    {
      "type": "Feature",
      "properties": {
        "@id": "node/3100286450",
        "amenity": "fast_food",
        "name": "Food Court",
        "source": "survey"
      },
      "geometry": {
        "type": "Point",
        "coordinates": [
          103.7352568,
          1.3444945
        ]
      },
      "id": "node/3100286450"
    },
    {
      "type": "Feature",
      "properties": {
        "@id": "node/3105759120",
        "addr:street": "Serangoon Garden Way",
        "amenity": "fast_food",
        "brand": "McDonald's",
        "brand:en": "McDonald's",
        "brand:wikidata": "Q38076",
        "brand:wikipedia": "en:McDonald's",
        "brand:zh": "麦当劳",
        "cuisine": "burger",
        "name": "McDonald's",
        "name:en": "McDonald's",
        "name:zh": "麦当劳",
        "name:zh-Hans": "麦当劳",
        "source": "Kaart Ground Survey 2017",
        "takeaway": "yes"
      },
      "geometry": {
        "type": "Point",
        "coordinates": [
          103.8657643,
          1.3633811
        ]
      },
      "id": "node/3105759120"
    },
    {
      "type": "Feature",
      "properties": {
        "@id": "node/3106499658",
        "amenity": "fast_food",
        "brand": "麦当劳",
        "brand:en": "McDonald's",
        "brand:wikidata": "Q38076",
        "brand:wikipedia": "en:McDonald's",
        "brand:zh": "麦当劳",
        "brand:zh-Hans": "麦当劳",
        "cuisine": "burger",
        "name": "McDonald's",
        "name:en": "McDonald's",
        "name:zh": "麦当劳",
        "name:zh-Hans": "麦当劳",
        "takeaway": "yes"
      },
      "geometry": {
        "type": "Point",
        "coordinates": [
          103.8709089,
          1.3534064
        ]
      },
      "id": "node/3106499658"
    },
    {
      "type": "Feature",
      "properties": {
        "@id": "node/3150259197",
        "amenity": "fast_food",
        "brand": "Burger King",
        "brand:wikidata": "Q177054",
        "brand:wikipedia": "en:Burger King",
        "cuisine": "burger",
        "name": "Burger King",
        "name:en": "Burger King",
        "name:zh": "汉堡王",
        "takeaway": "yes"
      },
      "geometry": {
        "type": "Point",
        "coordinates": [
          103.946686,
          1.3570864
        ]
      },
      "id": "node/3150259197"
    },
    {
      "type": "Feature",
      "properties": {
        "@id": "node/3164004975",
        "addr:city": "Singapore",
        "amenity": "fast_food",
        "brand": "McDonald's",
        "brand:en": "McDonald's",
        "brand:wikidata": "Q38076",
        "brand:wikipedia": "en:McDonald's",
        "brand:zh": "麦当劳",
        "cuisine": "burger",
        "name": "McDonald's",
        "name:en": "McDonald's",
        "name:zh": "麦当劳",
        "name:zh-Hans": "麦当劳",
        "takeaway": "yes",
        "wheelchair": "limited"
      },
      "geometry": {
        "type": "Point",
        "coordinates": [
          103.9059944,
          1.3019278
        ]
      },
      "id": "node/3164004975"
    },
    {
      "type": "Feature",
      "properties": {
        "@id": "node/3247461147",
        "amenity": "fast_food",
        "brand": "麦当劳",
        "brand:en": "McDonald's",
        "brand:wikidata": "Q38076",
        "brand:zh": "麦当劳",
        "brand:zh-Hans": "麦当劳",
        "cuisine": "burger",
        "name": "McDonald's",
        "name:en": "McDonald's",
        "name:zh": "麦当劳",
        "name:zh-Hans": "麦当劳",
        "takeaway": "yes"
      },
      "geometry": {
        "type": "Point",
        "coordinates": [
          103.8461844,
          1.3412309
        ]
      },
      "id": "node/3247461147"
    },
    {
      "type": "Feature",
      "properties": {
        "@id": "node/3276172561",
        "addr:city": "Singapore",
        "addr:country": "SG",
        "addr:housenumber": "943",
        "addr:postcode": "534710",
        "addr:street": "Upper Serangoon Road",
        "amenity": "fast_food",
        "branch": "Kovan",
        "brand": "Domino's",
        "brand:wikidata": "Q839466",
        "brand:wikipedia": "en:Domino's Pizza",
        "cuisine": "pizza",
        "delivery": "yes",
        "name": "Domino's",
        "opening_hours": "10:30-23:00",
        "outdoor_seating": "no",
        "phone": "+65 6222 6333",
        "source": "Kaart Ground Survey 2017",
        "takeaway": "yes",
        "website": "https://www.dominos.com.sg/",
        "wheelchair": "no"
      },
      "geometry": {
        "type": "Point",
        "coordinates": [
          103.8861523,
          1.3614111
        ]
      },
      "id": "node/3276172561"
    },
    {
      "type": "Feature",
      "properties": {
        "@id": "node/3276199926",
        "addr:housename": "Bugis Junction",
        "addr:housenumber": "200",
        "addr:street": "Victoria Street",
        "addr:unit": "#B1-10",
        "amenity": "fast_food",
        "brand": "Yoshinoya",
        "brand:en": "Yoshinoya",
        "brand:wikidata": "Q776272",
        "brand:wikipedia": "ja:吉野家",
        "check_date": "2025-02-03",
        "cuisine": "beef_bowl",
        "level": "-1",
        "name": "Yoshinoya",
        "name:en": "Yoshinoya",
        "name:ja": "吉野家",
        "payment:cash": "no",
        "payment:credit_cards": "yes",
        "payment:debit_cards": "yes",
        "payment:mastercard": "yes",
        "payment:nets": "yes",
        "payment:visa": "yes",
        "takeaway": "yes",
        "wheelchair": "yes"
      },
      "geometry": {
        "type": "Point",
        "coordinates": [
          103.8558966,
          1.3001908
        ]
      },
      "id": "node/3276199926"
    },
    {
      "type": "Feature",
      "properties": {
        "@id": "node/3300494744",
        "amenity": "fast_food",
        "brand": "McDonald's",
        "brand:en": "McDonald's",
        "brand:wikidata": "Q38076",
        "brand:wikipedia": "en:McDonald's",
        "brand:zh": "麦当劳",
        "cuisine": "burger",
        "internet_access": "wlan",
        "name": "McDonald's",
        "name:en": "McDonald's",
        "name:zh": "麦当劳",
        "name:zh-Hans": "麦当劳",
        "takeaway": "yes",
        "wheelchair": "yes"
      },
      "geometry": {
        "type": "Point",
        "coordinates": [
          103.7434289,
          1.3919593
        ]
      },
      "id": "node/3300494744"
    },
    {
      "type": "Feature",
      "properties": {
        "@id": "node/3300494748",
        "amenity": "fast_food",
        "brand": "Subway",
        "brand:wikidata": "Q244457",
        "brand:wikipedia": "en:Subway (restaurant)",
        "cuisine": "sandwich",
        "name": "Subway",
        "name:zh": "赛百味",
        "takeaway": "yes",
        "wheelchair": "yes"
      },
      "geometry": {
        "type": "Point",
        "coordinates": [
          103.7468993,
          1.3972456
        ]
      },
      "id": "node/3300494748"
    },
    {
      "type": "Feature",
      "properties": {
        "@id": "node/3307630916",
        "amenity": "fast_food",
        "brand": "Yoshinoya",
        "brand:en": "Yoshinoya",
        "brand:wikidata": "Q776272",
        "brand:wikipedia": "ja:吉野家",
        "cuisine": "beef_bowl",
        "name": "Yoshinoya",
        "name:en": "Yoshinoya",
        "name:ja": "吉野家",
        "takeaway": "yes",
        "wheelchair": "yes"
      },
      "geometry": {
        "type": "Point",
        "coordinates": [
          103.8387119,
          1.3010193
        ]
      },
      "id": "node/3307630916"
    },
    {
      "type": "Feature",
      "properties": {
        "@id": "node/3329670815",
        "amenity": "fast_food",
        "brand": "A&W",
        "brand:wikidata": "Q277641",
        "brand:wikipedia": "en:A&W Restaurants",
        "cuisine": "american",
        "name": "A&W",
        "name:en": "A&W",
        "name:zh": "艾德熊",
        "smoking": "no"
      },
      "geometry": {
        "type": "Point",
        "coordinates": [
          103.7051972,
          1.3387472
        ]
      },
      "id": "node/3329670815"
    },
    {
      "type": "Feature",
      "properties": {
        "@id": "node/3345258992",
        "amenity": "fast_food",
        "brand": "Subway",
        "brand:wikidata": "Q244457",
        "cuisine": "sandwich",
        "name": "Subway",
        "name:zh": "赛百味",
        "takeaway": "yes",
        "website": "https://www.subway.com"
      },
      "geometry": {
        "type": "Point",
        "coordinates": [
          103.8001666,
          1.2748406
        ]
      },
      "id": "node/3345258992"
    },
    {
      "type": "Feature",
      "properties": {
        "@id": "node/3345259493",
        "amenity": "fast_food",
        "name": "Killney"
      },
      "geometry": {
        "type": "Point",
        "coordinates": [
          103.8000887,
          1.274862
        ]
      },
      "id": "node/3345259493"
    },
    {
      "type": "Feature",
      "properties": {
        "@id": "node/3345261322",
        "amenity": "fast_food",
        "name": "Pastamania"
      },
      "geometry": {
        "type": "Point",
        "coordinates": [
          103.8003113,
          1.2746797
        ]
      },
      "id": "node/3345261322"
    },
    {
      "type": "Feature",
      "properties": {
        "@id": "node/3409073026",
        "amenity": "fast_food",
        "brand": "Burger King",
        "brand:wikidata": "Q177054",
        "brand:wikipedia": "en:Burger King",
        "cuisine": "burger",
        "name": "Burger King",
        "name:en": "Burger King",
        "name:zh": "汉堡王",
        "operator": "Burger King",
        "takeaway": "yes"
      },
      "geometry": {
        "type": "Point",
        "coordinates": [
          103.6812592,
          1.3296354
        ]
      },
      "id": "node/3409073026"
    },
    {
      "type": "Feature",
      "properties": {
        "@id": "node/3428284155",
        "alt_name": "Kentucky Fried Chicken",
        "amenity": "fast_food",
        "brand": "KFC",
        "brand:wikidata": "Q524757",
        "brand:wikipedia": "en:KFC",
        "cuisine": "chicken",
        "name": "KFC",
        "name:zh": "肯德基",
        "operator": "KFC",
        "takeaway": "yes"
      },
      "geometry": {
        "type": "Point",
        "coordinates": [
          103.6926082,
          1.342428
        ]
      },
      "id": "node/3428284155"
    },
    {
      "type": "Feature",
      "properties": {
        "@id": "node/3428284156",
        "amenity": "fast_food",
        "brand": "Subway",
        "brand:wikidata": "Q244457",
        "cuisine": "sandwich",
        "name": "Subway",
        "name:zh": "赛百味",
        "operator": "Subway",
        "takeaway": "yes",
        "website": "https://www.subway.com"
      },
      "geometry": {
        "type": "Point",
        "coordinates": [
          103.6925799,
          1.3425017
        ]
      },
      "id": "node/3428284156"
    },
    {
      "type": "Feature",
      "properties": {
        "@id": "node/3483489161",
        "amenity": "fast_food",
        "cuisine": "kebab",
        "name": "House of Kebab",
        "wheelchair": "yes"
      },
      "geometry": {
        "type": "Point",
        "coordinates": [
          103.8597855,
          1.300371
        ]
      },
      "id": "node/3483489161"
    },
    {
      "type": "Feature",
      "properties": {
        "@id": "node/3537304254",
        "amenity": "fast_food",
        "brand": "McDonald's",
        "brand:wikidata": "Q38076",
        "cuisine": "burger",
        "name": "McDonald's",
        "opening_hours": "24/7",
        "takeaway": "yes",
        "wheelchair": "yes"
      },
      "geometry": {
        "type": "Point",
        "coordinates": [
          103.9426149,
          1.3786011
        ]
      },
      "id": "node/3537304254"
    },
    {
      "type": "Feature",
      "properties": {
        "@id": "node/3606772429",
        "amenity": "fast_food",
        "brand": "麦当劳",
        "brand:en": "McDonald's",
        "brand:wikidata": "Q38076",
        "brand:wikipedia": "en:McDonald's",
        "brand:zh": "麦当劳",
        "brand:zh-Hans": "麦当劳",
        "cuisine": "burger",
        "level": "0",
        "name": "McDonald's",
        "name:en": "McDonald's",
        "name:zh": "麦当劳",
        "name:zh-Hans": "麦当劳",
        "takeaway": "yes"
      },
      "geometry": {
        "type": "Point",
        "coordinates": [
          103.8480163,
          1.332626
        ]
      },
      "id": "node/3606772429"
    },
    {
      "type": "Feature",
      "properties": {
        "@id": "node/3611082208",
        "alt_name": "Kentucky Fried Chicken",
        "amenity": "fast_food",
        "brand": "KFC",
        "brand:wikidata": "Q524757",
        "brand:wikipedia": "en:KFC",
        "cuisine": "chicken",
        "name": "KFC",
        "takeaway": "yes"
      },
      "geometry": {
        "type": "Point",
        "coordinates": [
          103.9552602,
          1.3768882
        ]
      },
      "id": "node/3611082208"
    },
    {
      "type": "Feature",
      "properties": {
        "@id": "node/3611085410",
        "addr:city": "Singapore",
        "addr:housenumber": "1",
        "addr:postcode": "519599",
        "addr:street": "Pasir Ris Close",
        "air_conditioning": "yes",
        "amenity": "fast_food",
        "brand": "McDonald's",
        "brand:en": "McDonald's",
        "brand:wikidata": "Q38076",
        "brand:wikipedia": "en:McDonald's",
        "brand:zh": "麦当劳",
        "brand:zh-Hans": "麦当劳",
        "cuisine": "burger",
        "diet:halal": "yes",
        "drive_through": "no",
        "name": "McDonald's",
        "name:en": "McDonald's",
        "name:zh": "麦当劳",
        "name:zh-Hans": "麦当劳",
        "takeaway": "yes",
        "website": "https://www.mcdonalds.com.sg/"
      },
      "geometry": {
        "type": "Point",
        "coordinates": [
          103.9551851,
          1.3769257
        ]
      },
      "id": "node/3611085410"
    },
    {
      "type": "Feature",
      "properties": {
        "@id": "node/3633799296",
        "addr:unit": "02",
        "amenity": "fast_food",
        "brand": "Popeyes",
        "brand:wikidata": "Q1330910",
        "brand:wikipedia": "en:Popeyes",
        "cuisine": "chicken",
        "level": "1",
        "name": "Popeyes",
        "official_name": "Popeyes Louisiana Kitchen",
        "takeaway": "yes"
      },
      "geometry": {
        "type": "Point",
        "coordinates": [
          103.8730327,
          1.303129
        ]
      },
      "id": "node/3633799296"
    },
    {
      "type": "Feature",
      "properties": {
        "@id": "node/3653443305",
        "addr:street": "Joo Chiat Road",
        "amenity": "fast_food",
        "check_date": "2024-04-21",
        "name": "The Original Vadai"
      },
      "geometry": {
        "type": "Point",
        "coordinates": [
          103.8986286,
          1.3145445
        ]
      },
      "id": "node/3653443305"
    },
    {
      "type": "Feature",
      "properties": {
        "@id": "node/3668837080",
        "amenity": "fast_food",
        "brand": "McDonald's",
        "brand:en": "McDonald's",
        "brand:wikidata": "Q38076",
        "brand:wikipedia": "en:McDonald's",
        "brand:zh": "麦当劳",
        "cuisine": "burger",
        "name": "McDonald's",
        "name:en": "McDonald's",
        "name:zh": "麦当劳",
        "name:zh-Hans": "麦当劳",
        "takeaway": "yes",
        "wheelchair": "no"
      },
      "geometry": {
        "type": "Point",
        "coordinates": [
          103.8032795,
          1.2872554
        ]
      },
      "id": "node/3668837080"
    },
    {
      "type": "Feature",
      "properties": {
        "@id": "node/3694984284",
        "amenity": "fast_food",
        "brand": "Subway",
        "brand:wikidata": "Q244457",
        "brand:wikipedia": "en:Subway (restaurant)",
        "cuisine": "sandwich",
        "name": "Subway",
        "name:zh": "赛百味",
        "takeaway": "yes",
        "wheelchair": "yes"
      },
      "geometry": {
        "type": "Point",
        "coordinates": [
          103.9324439,
          1.3446777
        ]
      },
      "id": "node/3694984284"
    },
    {
      "type": "Feature",
      "properties": {
        "@id": "node/3694984285",
        "amenity": "fast_food",
        "brand": "麦当劳",
        "brand:en": "McDonald's",
        "brand:wikidata": "Q38076",
        "brand:wikipedia": "en:McDonald's",
        "brand:zh": "麦当劳",
        "brand:zh-Hans": "麦当劳",
        "cuisine": "burger",
        "name": "McDonald's",
        "name:en": "McDonald's",
        "name:zh": "麦当劳",
        "name:zh-Hans": "麦当劳",
        "takeaway": "yes",
        "wheelchair": "yes"
      },
      "geometry": {
        "type": "Point",
        "coordinates": [
          103.9324065,
          1.3445829
        ]
      },
      "id": "node/3694984285"
    },
    {
      "type": "Feature",
      "properties": {
        "@id": "node/3718704343",
        "amenity": "fast_food",
        "brand": "McDonald's",
        "brand:en": "McDonald's",
        "brand:wikidata": "Q38076",
        "brand:wikipedia": "en:McDonald's",
        "brand:zh": "麦当劳",
        "cuisine": "burger",
        "drive_through": "yes",
        "name": "McDonald's",
        "name:en": "McDonald's",
        "name:zh": "麦当劳",
        "name:zh-Hans": "麦当劳",
        "takeaway": "yes"
      },
      "geometry": {
        "type": "Point",
        "coordinates": [
          103.7516147,
          1.3282417
        ]
      },
      "id": "node/3718704343"
    },
    {
      "type": "Feature",
      "properties": {
        "@id": "node/3740797941",
        "amenity": "fast_food",
        "brand": "McDonald's",
        "brand:en": "McDonald's",
        "brand:wikidata": "Q38076",
        "brand:wikipedia": "en:McDonald's",
        "brand:zh": "麦当劳",
        "cuisine": "burger",
        "name": "McDonald's",
        "name:en": "McDonald's",
        "name:zh": "麦当劳",
        "name:zh-Hans": "麦当劳",
        "opening_hours": "24/7",
        "operator": "McDonalds",
        "takeaway": "yes"
      },
      "geometry": {
        "type": "Point",
        "coordinates": [
          103.7444185,
          1.3477226
        ]
      },
      "id": "node/3740797941"
    },
    {
      "type": "Feature",
      "properties": {
        "@id": "node/3771293485",
        "addr:city": "Singapore",
        "addr:country": "SG",
        "addr:housenumber": "146",
        "addr:postcode": "199830",
        "addr:street": "Arab Street",
        "amenity": "fast_food",
        "branch": "Arab Street",
        "brand": "Domino's Pizza",
        "brand:wikidata": "Q839466",
        "brand:wikipedia": "en:Domino's Pizza",
        "check_date": "2024-10-11",
        "cuisine": "pizza",
        "name": "Domino's Pizza",
        "opening_hours": "10:30-23:00",
        "short_name": "Domino's",
        "takeaway": "yes",
        "website": "https://www.dominos.com.sg/"
      },
      "geometry": {
        "type": "Point",
        "coordinates": [
          103.8579546,
          1.3026589
        ]
      },
      "id": "node/3771293485"
    },
    {
      "type": "Feature",
      "properties": {
        "@id": "node/3771293486",
        "addr:city": "Singapore",
        "addr:country": "SG",
        "addr:housenumber": "47",
        "addr:postcode": "310047",
        "addr:street": "Lorong 6 Toa Payoh",
        "addr:unit": "#01-148",
        "amenity": "fast_food",
        "branch": "Toa Payoh",
        "brand": "Domino's",
        "brand:wikidata": "Q839466",
        "cuisine": "pizza",
        "name": "Domino's",
        "opening_hours": "10:30-23:00",
        "takeaway": "yes",
        "website": "https://www.dominos.com.sg/"
      },
      "geometry": {
        "type": "Point",
        "coordinates": [
          103.8542889,
          1.3368915
        ]
      },
      "id": "node/3771293486"
    },
    {
      "type": "Feature",
      "properties": {
        "@id": "node/3771293487",
        "amenity": "fast_food",
        "brand": "Pizza Hut",
        "brand:wikidata": "Q191615",
        "brand:wikipedia": "en:Pizza Hut",
        "cuisine": "pizza",
        "delivery": "yes",
        "name": "Pizza Hut Delivery",
        "takeaway": "yes"
      },
      "geometry": {
        "type": "Point",
        "coordinates": [
          103.8423084,
          1.2806365
        ]
      },
      "id": "node/3771293487"
    },
    {
      "type": "Feature",
      "properties": {
        "@id": "node/3771293488",
        "amenity": "fast_food",
        "brand": "Pizza Hut",
        "brand:wikidata": "Q191615",
        "brand:wikipedia": "en:Pizza Hut",
        "cuisine": "pizza",
        "delivery": "yes",
        "name": "Pizza Hut Delivery",
        "source": "Kaart Ground Survey 2017",
        "takeaway": "yes"
      },
      "geometry": {
        "type": "Point",
        "coordinates": [
          103.8617407,
          1.301478
        ]
      },
      "id": "node/3771293488"
    },
    {
      "type": "Feature",
      "properties": {
        "@id": "node/3771293492",
        "amenity": "fast_food",
        "brand": "Pizza Hut",
        "brand:wikidata": "Q191615",
        "brand:wikipedia": "en:Pizza Hut",
        "check_date": "2023-02-23",
        "cuisine": "pizza",
        "level": "0",
        "name": "Pizza Hut",
        "name:zh": "必胜客"
      },
      "geometry": {
        "type": "Point",
        "coordinates": [
          103.8570718,
          1.3113699
        ]
      },
      "id": "node/3771293492"
    },
    {
      "type": "Feature",
      "properties": {
        "@id": "node/3785666420",
        "addr:city": "Singapore",
        "addr:housenumber": "36",
        "addr:postcode": "270036",
        "addr:street": "Holland Drive",
        "amenity": "fast_food",
        "brand": "Burger King",
        "brand:wikidata": "Q177054",
        "brand:wikipedia": "en:Burger King",
        "cuisine": "burger",
        "name": "Burger King",
        "name:en": "Burger King",
        "name:zh": "汉堡王",
        "opening_hours": "Mo-Sa 08:00-22:00, Su,PH 08:00-12:00",
        "phone": "+65 6969 9129",
        "takeaway": "yes",
        "website": "https://www.burgerking.com.sg/Locator/Details/76"
      },
      "geometry": {
        "type": "Point",
        "coordinates": [
          103.7927184,
          1.3094045
        ]
      },
      "id": "node/3785666420"
    },
    {
      "type": "Feature",
      "properties": {
        "@id": "node/3788631342",
        "amenity": "fast_food",
        "brand": "麦当劳",
        "brand:en": "McDonald's",
        "brand:wikidata": "Q38076",
        "brand:wikipedia": "en:McDonald's",
        "brand:zh": "麦当劳",
        "brand:zh-Hans": "麦当劳",
        "cuisine": "burger",
        "level": "0",
        "name": "McDonald's",
        "name:en": "McDonald's",
        "name:zh": "麦当劳",
        "name:zh-Hans": "麦当劳",
        "operator": "Macdonald's",
        "takeaway": "yes"
      },
      "geometry": {
        "type": "Point",
        "coordinates": [
          103.8509097,
          1.3341872
        ]
      },
      "id": "node/3788631342"
    },
    {
      "type": "Feature",
      "properties": {
        "@id": "node/3789175692",
        "addr:city": "Singapore",
        "addr:housenumber": "#01-08, 9",
        "addr:postcode": "138588",
        "addr:street": "North Buona Vista Drive",
        "amenity": "fast_food",
        "cuisine": "burger",
        "name": "McDonald's / McCafé",
        "phone": "+65 6659 7958",
        "website": "https://www.mcdonalds.com.sg/"
      },
      "geometry": {
        "type": "Point",
        "coordinates": [
          103.7909339,
          1.3061331
        ]
      },
      "id": "node/3789175692"
    },
    {
      "type": "Feature",
      "properties": {
        "@id": "node/3824608532",
        "addr:city": "Singapore",
        "addr:housenumber": "#01-201, 26",
        "addr:postcode": "098138",
        "addr:street": "Sentosa Gateway",
        "amenity": "fast_food",
        "brand": "Krispy Kreme",
        "brand:wikidata": "Q1192805",
        "brand:wikipedia": "en:Krispy Kreme",
        "cuisine": "donut",
        "name": "Krispy Kreme",
        "phone": "+65 6570 4873",
        "takeaway": "yes",
        "website": "http://www.krispykreme.sg"
      },
      "geometry": {
        "type": "Point",
        "coordinates": [
          103.8200558,
          1.2562331
        ]
      },
      "id": "node/3824608532"
    },
    {
      "type": "Feature",
      "properties": {
        "@id": "node/3828293357",
        "addr:city": "Singapore",
        "addr:housenumber": "43",
        "addr:postcode": "278115",
        "addr:street": "Jalan Merah Saga",
        "addr:unit": "#01-78",
        "amenity": "fast_food",
        "cuisine": "ice_cream",
        "name": "The Daily Scoop",
        "opening_hours": "Mo-Th 11:00-22:00; Fr-Sa 11:00-22:30; Su14:00-22:00",
        "phone": "+65 6475 3128",
        "smoking": "outside",
        "source": "Kaart Ground Survey 2017",
        "takeaway": "yes"
      },
      "geometry": {
        "type": "Point",
        "coordinates": [
          103.7964163,
          1.3104292
        ]
      },
      "id": "node/3828293357"
    },
    {
      "type": "Feature",
      "properties": {
        "@id": "node/3830215448",
        "amenity": "fast_food",
        "cuisine": "ice_cream",
        "name": "Sunday Folks"
      },
      "geometry": {
        "type": "Point",
        "coordinates": [
          103.7968517,
          1.3117125
        ]
      },
      "id": "node/3830215448"
    },
    {
      "type": "Feature",
      "properties": {
        "@id": "node/3839169208",
        "alt_name": "Kentucky Fried Chicken",
        "amenity": "fast_food",
        "brand": "KFC",
        "brand:wikidata": "Q524757",
        "brand:wikipedia": "en:KFC",
        "cuisine": "chicken",
        "name": "KFC",
        "name:zh": "肯德基",
        "takeaway": "yes",
        "wheelchair": "limited"
      },
      "geometry": {
        "type": "Point",
        "coordinates": [
          103.7968388,
          1.4035011
        ]
      },
      "id": "node/3839169208"
    },
    {
      "type": "Feature",
      "properties": {
        "@id": "node/3891436511",
        "addr:city": "Singapore",
        "addr:country": "SG",
        "addr:housenumber": "162",
        "addr:postcode": "150162",
        "addr:street": "Jalan Bukit Merah",
        "amenity": "fast_food",
        "brand": "Subway",
        "brand:wikidata": "Q244457",
        "cuisine": "sandwich",
        "name": "Subway",
        "name:zh": "赛百味",
        "takeaway": "yes",
        "website": "https://www.subway.com"
      },
      "geometry": {
        "type": "Point",
        "coordinates": [
          103.8173042,
          1.2838475
        ]
      },
      "id": "node/3891436511"
    },
    {
      "type": "Feature",
      "properties": {
        "@id": "node/3891548626",
        "amenity": "fast_food",
        "brand": "栄寿司",
        "brand:en": "Sakae Sushi",
        "brand:ja": "栄寿司",
        "brand:wikidata": "Q14955169",
        "cuisine": "japanese",
        "name": "栄寿司",
        "name:en": "Sakae Sushi",
        "name:ja": "栄寿司",
        "takeaway": "yes"
      },
      "geometry": {
        "type": "Point",
        "coordinates": [
          103.9895741,
          1.3557071
        ]
      },
      "id": "node/3891548626"
    },
    {
      "type": "Feature",
      "properties": {
        "@id": "node/3891548630",
        "amenity": "fast_food",
        "brand": "Subway",
        "brand:wikidata": "Q244457",
        "brand:wikipedia": "en:Subway (restaurant)",
        "cuisine": "sandwich",
        "name": "Subway",
        "name:zh": "赛百味",
        "opening_hours": "24/7",
        "takeaway": "yes"
      },
      "geometry": {
        "type": "Point",
        "coordinates": [
          103.9884895,
          1.3543532
        ]
      },
      "id": "node/3891548630"
    },
    {
      "type": "Feature",
      "properties": {
        "@id": "node/3891550915",
        "amenity": "fast_food",
        "brand": "Burger King",
        "brand:wikidata": "Q177054",
        "brand:wikipedia": "en:Burger King",
        "cuisine": "burger",
        "halal": "yes",
        "name": "Burger King",
        "name:en": "Burger King",
        "name:zh": "汉堡王",
        "opening_hours": "24/7",
        "takeaway": "yes"
      },
      "geometry": {
        "type": "Point",
        "coordinates": [
          103.9892933,
          1.3567461
        ]
      },
      "id": "node/3891550915"
    },
    {
      "type": "Feature",
      "properties": {
        "@id": "node/3891550932",
        "amenity": "fast_food",
        "brand": "Krispy Kreme",
        "brand:wikidata": "Q1192805",
        "brand:wikipedia": "en:Krispy Kreme",
        "cuisine": "donut",
        "halal": "yes",
        "name": "Krispy Kreme",
        "opening_hours": "24/7",
        "takeaway": "yes"
      },
      "geometry": {
        "type": "Point",
        "coordinates": [
          103.9888303,
          1.3563144
        ]
      },
      "id": "node/3891550932"
    },
    {
      "type": "Feature",
      "properties": {
        "@id": "node/3891550933",
        "amenity": "fast_food",
        "brand": "McDonald's",
        "brand:en": "McDonald's",
        "brand:wikidata": "Q38076",
        "brand:wikipedia": "en:McDonald's",
        "brand:zh": "麦当劳",
        "cuisine": "burger",
        "halal": "yes",
        "name": "McDonald's",
        "name:en": "McDonald's",
        "name:zh": "麦当劳",
        "name:zh-Hans": "麦当劳",
        "opening_hours": "24/7",
        "takeaway": "yes"
      },
      "geometry": {
        "type": "Point",
        "coordinates": [
          103.9883591,
          1.3540391
        ]
      },
      "id": "node/3891550933"
    },
    {
      "type": "Feature",
      "properties": {
        "@id": "node/3914777297",
        "addr:housenumber": "383",
        "addr:postcode": "259727",
        "addr:street": "Bukit Timah Road",
        "addr:unit": "#01-09B",
        "amenity": "fast_food",
        "branch": "Alocassia",
        "brand": "McDonald's",
        "brand:en": "McDonald's",
        "brand:wikidata": "Q38076",
        "brand:wikipedia": "en:McDonald's",
        "brand:zh": "麦当劳",
        "cuisine": "burger",
        "drive_through": "yes",
        "name": "McDonald's",
        "name:en": "McDonald's",
        "name:zh": "麦当劳",
        "name:zh-Hans": "麦当劳",
        "opening_hours": "Mo-Su 06:30-01:00",
        "phone": "+65 6887 4961",
        "takeaway": "yes"
      },
      "geometry": {
        "type": "Point",
        "coordinates": [
          103.8272994,
          1.3195729
        ]
      },
      "id": "node/3914777297"
    },
    {
      "type": "Feature",
      "properties": {
        "@id": "node/3922461043",
        "addr:city": "Singapore",
        "addr:housenumber": "76",
        "addr:postcode": "637331",
        "addr:street": "Nanyang Drive",
        "alt_name": "Kentucky Fried Chicken",
        "amenity": "fast_food",
        "brand": "Popeyes",
        "brand:wikidata": "Q1330910",
        "cuisine": "chicken",
        "diet:halal": "yes",
        "name": "Popeyes",
        "name:en": "KFC",
        "name:zh": "肯德基",
        "official_name": "Popeyes Louisiana Kitchen",
        "takeaway": "yes",
        "wheelchair": "yes"
      },
      "geometry": {
        "type": "Point",
        "coordinates": [
          103.6801213,
          1.3473747
        ]
      },
      "id": "node/3922461043"
    },
    {
      "type": "Feature",
      "properties": {
        "@id": "node/3922461045",
        "addr:city": "Singapore",
        "addr:housenumber": "76",
        "addr:postcode": "637331",
        "addr:street": "Nanyang Drive",
        "amenity": "fast_food",
        "brand": "Subway",
        "brand:wikidata": "Q244457",
        "brand:wikipedia": "en:Subway (restaurant)",
        "cuisine": "sandwich",
        "diet:halal": "yes",
        "level": "1",
        "name": "Subway",
        "name:zh": "赛百味",
        "takeaway": "yes",
        "wheelchair": "yes"
      },
      "geometry": {
        "type": "Point",
        "coordinates": [
          103.6802059,
          1.346901
        ]
      },
      "id": "node/3922461045"
    },
    {
      "type": "Feature",
      "properties": {
        "@id": "node/3923016252",
        "amenity": "fast_food",
        "brand": "McDonald's",
        "brand:wikidata": "Q38076",
        "cuisine": "burger",
        "name": "McDonald's",
        "takeaway": "yes"
      },
      "geometry": {
        "type": "Point",
        "coordinates": [
          103.7704405,
          1.3837892
        ]
      },
      "id": "node/3923016252"
    },
    {
      "type": "Feature",
      "properties": {
        "@id": "node/3924788008",
        "amenity": "fast_food",
        "brand": "Subway",
        "brand:wikidata": "Q244457",
        "brand:wikipedia": "en:Subway (restaurant)",
        "cuisine": "sandwich",
        "level": "1",
        "name": "Subway",
        "name:zh": "赛百味",
        "opening_hours": "Mo-Su 08:00-22:00",
        "takeaway": "yes"
      },
      "geometry": {
        "type": "Point",
        "coordinates": [
          103.7641014,
          1.3801428
        ]
      },
      "id": "node/3924788008"
    },
    {
      "type": "Feature",
      "properties": {
        "@id": "node/3924788018",
        "amenity": "fast_food",
        "brand": "Dunkin' Donuts",
        "brand:wikidata": "Q847743",
        "brand:wikipedia": "en:Dunkin' Donuts",
        "cuisine": "donut;coffee_shop",
        "name": "Dunkin' Donuts",
        "takeaway": "yes"
      },
      "geometry": {
        "type": "Point",
        "coordinates": [
          103.7644059,
          1.380088
        ]
      },
      "id": "node/3924788018"
    },
    {
      "type": "Feature",
      "properties": {
        "@id": "node/3924788019",
        "amenity": "fast_food",
        "brand": "Burger King",
        "brand:wikidata": "Q177054",
        "brand:wikipedia": "en:Burger King",
        "cuisine": "burger",
        "name": "Burger King",
        "name:en": "Burger King",
        "name:zh": "汉堡王",
        "takeaway": "yes"
      },
      "geometry": {
        "type": "Point",
        "coordinates": [
          103.7645843,
          1.3795604
        ]
      },
      "id": "node/3924788019"
    },
    {
      "type": "Feature",
      "properties": {
        "@id": "node/3931806107",
        "alt_name": "Kentucky Fried Chicken",
        "amenity": "fast_food",
        "brand": "KFC",
        "brand:wikidata": "Q524757",
        "brand:wikipedia": "en:KFC",
        "cuisine": "chicken",
        "name": "KFC",
        "name:zh": "肯德基",
        "takeaway": "yes"
      },
      "geometry": {
        "type": "Point",
        "coordinates": [
          103.7446865,
          1.3853619
        ]
      },
      "id": "node/3931806107"
    },
    {
      "type": "Feature",
      "properties": {
        "@id": "node/3931806108",
        "amenity": "fast_food",
        "name": "MOS Burger",
        "name:en": "MOS Burger",
        "name:zh": "摩斯漢堡",
        "not:brand:wikidata": "Q17022303"
      },
      "geometry": {
        "type": "Point",
        "coordinates": [
          103.744779,
          1.3853152
        ]
      },
      "id": "node/3931806108"
    },
    {
      "type": "Feature",
      "properties": {
        "@id": "node/3980085400",
        "amenity": "fast_food",
        "cuisine": "hot_dog",
        "name": "Hot Shotz"
      },
      "geometry": {
        "type": "Point",
        "coordinates": [
          103.8494199,
          1.2863502
        ]
      },
      "id": "node/3980085400"
    },
    {
      "type": "Feature",
      "properties": {
        "@id": "node/3984139857",
        "amenity": "fast_food",
        "brand": "Jollibee",
        "brand:wikidata": "Q37614",
        "cuisine": "burger",
        "drive_through": "no",
        "internet_access": "wlan",
        "level": "0",
        "name": "Jollibee",
        "note:name:zh": "no obvious chinese name",
        "takeaway": "yes"
      },
      "geometry": {
        "type": "Point",
        "coordinates": [
          103.7738005,
          1.3042844
        ]
      },
      "id": "node/3984139857"
    },
    {
      "type": "Feature",
      "properties": {
        "@id": "node/4022006364",
        "amenity": "fast_food",
        "brand": "McDonald's",
        "brand:en": "McDonald's",
        "brand:wikidata": "Q38076",
        "brand:wikipedia": "en:McDonald's",
        "brand:zh": "麦当劳",
        "cuisine": "burger",
        "internet_access": "wlan",
        "name": "McDonald's",
        "name:en": "McDonald's",
        "name:zh": "麦当劳",
        "name:zh-Hans": "麦当劳",
        "opening_hours": "24/7",
        "operator": "McDonald",
        "takeaway": "yes"
      },
      "geometry": {
        "type": "Point",
        "coordinates": [
          103.7502871,
          1.3495845
        ]
      },
      "id": "node/4022006364"
    },
    {
      "type": "Feature",
      "properties": {
        "@id": "node/4030868689",
        "amenity": "fast_food",
        "cuisine": "regional",
        "level": "0",
        "name": "Mr Bean",
        "name:zh": "豆先生"
      },
      "geometry": {
        "type": "Point",
        "coordinates": [
          103.8473872,
          1.3330543
        ]
      },
      "id": "node/4030868689"
    },
    {
      "type": "Feature",
      "properties": {
        "@id": "node/4130032793",
        "addr:city": "Singapore",
        "addr:country": "SG",
        "addr:housenumber": "802",
        "addr:postcode": "520802",
        "addr:street": "Tampines Avenue 4",
        "addr:unit": "#01-23",
        "amenity": "fast_food",
        "branch": "Tampines Avenue 4",
        "brand": "Domino's",
        "brand:wikidata": "Q839466",
        "cuisine": "pizza",
        "name": "Domino's",
        "opening_hours": "Mo-Su 10:30-22:30",
        "takeaway": "yes",
        "website": "https://www.dominos.com.sg/"
      },
      "geometry": {
        "type": "Point",
        "coordinates": [
          103.9380472,
          1.3457624
        ]
      },
      "id": "node/4130032793"
    },
    {
      "type": "Feature",
      "properties": {
        "@id": "node/4271734998",
        "addr:housenumber": "3 #01-34",
        "addr:postcode": "528833",
        "addr:street": "Simei Street 6",
        "amenity": "fast_food",
        "branch": "East Point Mall",
        "brand": "麦当劳",
        "brand:en": "McDonald's",
        "brand:wikidata": "Q38076",
        "brand:zh": "麦当劳",
        "brand:zh-Hans": "麦当劳",
        "cuisine": "burger",
        "internet_access": "wlan",
        "name": "McDonald's",
        "name:en": "McDonald's",
        "name:zh": "麦当劳",
        "name:zh-Hans": "麦当劳",
        "opening_hours": "Mo-Th,Su 06:00-00:00; Fr-Sa 06:00-01:00",
        "phone": "+65 6702 0605",
        "takeaway": "yes",
        "website": "https://www.mcdonalds.com.sg/"
      },
      "geometry": {
        "type": "Point",
        "coordinates": [
          103.9533766,
          1.3427681
        ]
      },
      "id": "node/4271734998"
    },
    {
      "type": "Feature",
      "properties": {
        "@id": "node/4279229689",
        "addr:city": "Singapore",
        "addr:country": "SG",
        "addr:housenumber": "1000",
        "addr:postcode": "449876",
        "addr:street": "East Coast Parkway",
        "addr:unit": "#01-05",
        "amenity": "fast_food",
        "branch": "East Coast Park Marine Cove",
        "brand": "McDonald's",
        "brand:en": "McDonald's",
        "brand:wikidata": "Q38076",
        "brand:wikipedia": "en:McDonald's",
        "brand:zh": "麦当劳",
        "cuisine": "burger",
        "drive_through": "yes",
        "email": "customercare@sg.mcd.com",
        "name": "McDonald's",
        "name:en": "McDonald's",
        "name:zh": "麦当劳",
        "name:zh-Hans": "麦当劳",
        "opening_hours": "Su-Th 06:00-24:00;Fr,Sa 00:00-24:00",
        "phone": "+65 6243 0471",
        "takeaway": "yes",
        "website": "https://mcdonalds.com.sg/",
        "wheelchair": "yes"
      },
      "geometry": {
        "type": "Point",
        "coordinates": [
          103.9128221,
          1.3016348
        ]
      },
      "id": "node/4279229689"
    },
    {
      "type": "Feature",
      "properties": {
        "@id": "node/4281083890",
        "amenity": "fast_food",
        "brand": "Old Chang Kee",
        "brand:wikidata": "Q17005286",
        "cuisine": "snacks;singaporean",
        "name": "Old Chang Kee",
        "name:en": "Old Chang Kee",
        "name:zh": "老曾记",
        "takeaway": "yes",
        "wheelchair": "yes"
      },
      "geometry": {
        "type": "Point",
        "coordinates": [
          103.8719053,
          1.3117357
        ]
      },
      "id": "node/4281083890"
    },
    {
      "type": "Feature",
      "properties": {
        "@id": "node/4294004025",
        "amenity": "fast_food",
        "brand": "麦当劳",
        "brand:en": "McDonald's",
        "brand:wikidata": "Q38076",
        "brand:wikipedia": "en:McDonald's",
        "brand:zh": "麦当劳",
        "brand:zh-Hans": "麦当劳",
        "cuisine": "burger",
        "level": "0",
        "name": "McDonald's",
        "name:en": "McDonald's",
        "name:zh": "麦当劳",
        "name:zh-Hans": "麦当劳",
        "takeaway": "yes",
        "wheelchair": "yes"
      },
      "geometry": {
        "type": "Point",
        "coordinates": [
          103.9623221,
          1.3345833
        ]
      },
      "id": "node/4294004025"
    },
    {
      "type": "Feature",
      "properties": {
        "@id": "node/4299718902",
        "amenity": "fast_food",
        "level": "0",
        "name": "O'day",
        "takeaway": "only",
        "wheelchair": "yes"
      },
      "geometry": {
        "type": "Point",
        "coordinates": [
          103.8340955,
          1.3039511
        ]
      },
      "id": "node/4299718902"
    },
    {
      "type": "Feature",
      "properties": {
        "@id": "node/4364985509",
        "amenity": "fast_food",
        "level": "1",
        "name": "J Express"
      },
      "geometry": {
        "type": "Point",
        "coordinates": [
          103.777187,
          1.3092436
        ]
      },
      "id": "node/4364985509"
    },
    {
      "type": "Feature",
      "properties": {
        "@id": "node/4365701691",
        "addr:postcode": "208828",
        "amenity": "fast_food",
        "check_date": "2023-02-21",
        "cuisine": "chinese",
        "opening_hours": "Mo-Su 11:00-03:00",
        "wheelchair": "limited"
      },
      "geometry": {
        "type": "Point",
        "coordinates": [
          103.8559451,
          1.3062024
        ]
      },
      "id": "node/4365701691"
    },
    {
      "type": "Feature",
      "properties": {
        "@id": "node/4365993293",
        "addr:city": "Singapore",
        "addr:country": "SG",
        "addr:housenumber": "1",
        "addr:postcode": "069184",
        "addr:street": "Kadayanallur Street",
        "addr:unit": "#54",
        "air_conditioning": "no",
        "amenity": "fast_food",
        "cuisine": "chinese",
        "fast_food": "cafeteria",
        "indoor_seating": "yes",
        "name": "Zhen Zhen Porridge",
        "name:zh": "真真粥品",
        "opening_hours": "We-Mo 05:00-14:30",
        "outdoor_seating": "yes",
        "takeaway": "only"
      },
      "geometry": {
        "type": "Point",
        "coordinates": [
          103.8447169,
          1.2804136
        ]
      },
      "id": "node/4365993293"
    },
    {
      "type": "Feature",
      "properties": {
        "@id": "node/4369793854",
        "amenity": "fast_food",
        "layer": "1",
        "name": "Each a Cup"
      },
      "geometry": {
        "type": "Point",
        "coordinates": [
          103.7783083,
          1.3115542
        ]
      },
      "id": "node/4369793854"
    },
    {
      "type": "Feature",
      "properties": {
        "@id": "node/4377547090",
        "addr:city": "Singapore",
        "addr:housenumber": "1 #01-24/25/26",
        "addr:postcode": "237994",
        "addr:street": "Kim Seng Promenade",
        "amenity": "fast_food",
        "branch": "Great World City",
        "brand": "McDonald's",
        "brand:en": "McDonald's",
        "brand:wikidata": "Q38076",
        "brand:zh": "麦当劳",
        "cuisine": "burger",
        "level": "0",
        "name": "McDonald's",
        "name:en": "McDonald's",
        "name:zh": "麦当劳",
        "name:zh-Hans": "麦当劳",
        "opening_hours": "Mo-Su 07:00-23:00",
        "phone": "+65 6734 0938",
        "takeaway": "yes",
        "website": "https://www.mcdonalds.com.sg/"
      },
      "geometry": {
        "type": "Point",
        "coordinates": [
          103.8323815,
          1.2936409
        ]
      },
      "id": "node/4377547090"
    },
    {
      "type": "Feature",
      "properties": {
        "@id": "node/4397148690",
        "addr:unit": "05",
        "air_conditioning": "yes",
        "amenity": "fast_food",
        "brand": "McDonald's",
        "brand:en": "McDonald's",
        "brand:wikidata": "Q38076",
        "brand:wikipedia": "en:McDonald's",
        "brand:zh": "麦当劳",
        "brand:zh-Hans": "麦当劳",
        "cuisine": "burger",
        "drive_through": "yes",
        "level": "2",
        "name": "McDonald's",
        "name:en": "McDonald's",
        "name:zh": "麦当劳",
        "name:zh-Hans": "麦当劳",
        "opening_hours": "24/7",
        "takeaway": "yes"
      },
      "geometry": {
        "type": "Point",
        "coordinates": [
          103.9057769,
          1.4100416
        ]
      },
      "id": "node/4397148690"
    },
    {
      "type": "Feature",
      "properties": {
        "@id": "node/4400909647",
        "amenity": "fast_food",
        "name": "Chawang Bistro"
      },
      "geometry": {
        "type": "Point",
        "coordinates": [
          103.7906592,
          1.4045401
        ]
      },
      "id": "node/4400909647"
    },
    {
      "type": "Feature",
      "properties": {
        "@id": "node/4400965621",
        "amenity": "fast_food",
        "name": "Safari Sizzles"
      },
      "geometry": {
        "type": "Point",
        "coordinates": [
          103.7888131,
          1.4039221
        ]
      },
      "id": "node/4400965621"
    },
    {
      "type": "Feature",
      "properties": {
        "@id": "node/4401172217",
        "amenity": "fast_food",
        "cuisine": "burger",
        "name": "Bongo Burgers"
      },
      "geometry": {
        "type": "Point",
        "coordinates": [
          103.7066399,
          1.3209447
        ]
      },
      "id": "node/4401172217"
    },
    {
      "type": "Feature",
      "properties": {
        "@id": "node/4455753709",
        "alt_name": "Dunkin' Donuts",
        "amenity": "fast_food",
        "brand": "Dunkin'",
        "brand:wikidata": "Q847743",
        "brand:wikipedia": "en:Dunkin' Donuts",
        "cuisine": "donut;coffee_shop",
        "level": "1",
        "name": "Dunkin'",
        "takeaway": "yes"
      },
      "geometry": {
        "type": "Point",
        "coordinates": [
          103.9914317,
          1.3620707
        ]
      },
      "id": "node/4455753709"
    },
    {
      "type": "Feature",
      "properties": {
        "@id": "node/4455753731",
        "amenity": "fast_food",
        "level": "1",
        "name": "Owl Transit"
      },
      "geometry": {
        "type": "Point",
        "coordinates": [
          103.9914766,
          1.36202
        ]
      },
      "id": "node/4455753731"
    },
    {
      "type": "Feature",
      "properties": {
        "@id": "node/4455753736",
        "amenity": "fast_food",
        "brand": "栄寿司",
        "brand:en": "Sakae Sushi",
        "brand:ja": "栄寿司",
        "brand:wikidata": "Q14955169",
        "cuisine": "japanese",
        "name": "栄寿司",
        "name:en": "Sakae Sushi",
        "name:ja": "栄寿司",
        "takeaway": "yes"
      },
      "geometry": {
        "type": "Point",
        "coordinates": [
          103.9914592,
          1.3621331
        ]
      },
      "id": "node/4455753736"
    },
    {
      "type": "Feature",
      "properties": {
        "@id": "node/4476177912",
        "amenity": "fast_food",
        "cuisine": "asian",
        "level": "0",
        "name": "Mong Nonya Delight",
        "outdoor_seating": "yes",
        "takeaway": "yes"
      },
      "geometry": {
        "type": "Point",
        "coordinates": [
          103.8536807,
          1.300097
        ]
      },
      "id": "node/4476177912"
    },
    {
      "type": "Feature",
      "properties": {
        "@id": "node/4476177913",
        "amenity": "fast_food",
        "cuisine": "chinese",
        "internet_access": "no",
        "internet_access:fee": "no",
        "level": "0",
        "name": "大樂海南白雞飯 Tai Loke Hainan Chicken Rice",
        "outdoor_seating": "yes",
        "takeaway": "yes"
      },
      "geometry": {
        "type": "Point",
        "coordinates": [
          103.8537071,
          1.3000761
        ]
      },
      "id": "node/4476177913"
    },
    {
      "type": "Feature",
      "properties": {
        "@id": "node/4476177914",
        "addr:postcode": "182269",
        "amenity": "fast_food",
        "cuisine": "asian",
        "internet_access": "no",
        "internet_access:fee": "no",
        "level": "0",
        "name": "Eleven Finger (Eu kee) Scissors Curry Rice",
        "outdoor_seating": "yes",
        "smoking": "no",
        "takeaway": "yes"
      },
      "geometry": {
        "type": "Point",
        "coordinates": [
          103.8536539,
          1.3001174
        ]
      },
      "id": "node/4476177914"
    },
    {
      "type": "Feature",
      "properties": {
        "@id": "node/4476651630",
        "amenity": "fast_food",
        "cuisine": "chinese",
        "level": "0",
        "name": "Leong Yeow",
        "takeaway": "yes"
      },
      "geometry": {
        "type": "Point",
        "coordinates": [
          103.8543496,
          1.3009739
        ]
      },
      "id": "node/4476651630"
    },
    {
      "type": "Feature",
      "properties": {
        "@id": "node/4476651631",
        "amenity": "fast_food",
        "cuisine": "chinese",
        "level": "0",
        "name": "永發飯館 Yong Fa Eating House",
        "takeaway": "yes"
      },
      "geometry": {
        "type": "Point",
        "coordinates": [
          103.8543159,
          1.3010406
        ]
      },
      "id": "node/4476651631"
    },
    {
      "type": "Feature",
      "properties": {
        "@id": "node/4476651632",
        "amenity": "fast_food",
        "cuisine": "chinese",
        "level": "0",
        "name": "Fried Carrot Cake",
        "takeaway": "yes"
      },
      "geometry": {
        "type": "Point",
        "coordinates": [
          103.854285,
          1.3010094
        ]
      },
      "id": "node/4476651632"
    },
    {
      "type": "Feature",
      "properties": {
        "@id": "node/4476651633",
        "amenity": "fast_food",
        "cuisine": "coffee_shop",
        "level": "0",
        "name": "香濃咖啡屋 Aroma Café",
        "takeaway": "yes"
      },
      "geometry": {
        "type": "Point",
        "coordinates": [
          103.8543294,
          1.3009601
        ]
      },
      "id": "node/4476651633"
    },
    {
      "type": "Feature",
      "properties": {
        "@id": "node/4476651634",
        "amenity": "fast_food",
        "cuisine": "chinese",
        "level": "0",
        "name": "Queen St. Prawn Noodles",
        "takeaway": "yes"
      },
      "geometry": {
        "type": "Point",
        "coordinates": [
          103.8542963,
          1.3010267
        ]
      },
      "id": "node/4476651634"
    },
    {
      "type": "Feature",
      "properties": {
        "@id": "node/4484960436",
        "addr:street": "North Bridge Road",
        "amenity": "fast_food",
        "check_date": "2025-03-12",
        "cuisine": "kebab",
        "level": "0",
        "name": "Turkish Kebab & Grill"
      },
      "geometry": {
        "type": "Point",
        "coordinates": [
          103.8559765,
          1.2987266
        ]
      },
      "id": "node/4484960436"
    },
    {
      "type": "Feature",
      "properties": {
        "@id": "node/4485271440",
        "amenity": "fast_food",
        "level": "0",
        "name": "Tong Cheng Yuan Soya Bean"
      },
      "geometry": {
        "type": "Point",
        "coordinates": [
          103.854371,
          1.3009904
        ]
      },
      "id": "node/4485271440"
    },
    {
      "type": "Feature",
      "properties": {
        "@id": "node/4485271443",
        "addr:city": "Singapore",
        "addr:postcode": "189971",
        "addr:street": "Albert Street",
        "amenity": "fast_food",
        "level": "0",
        "name": "Rice garden",
        "takeaway": "yes"
      },
      "geometry": {
        "type": "Point",
        "coordinates": [
          103.854307,
          1.3009452
        ]
      },
      "id": "node/4485271443"
    },
    {
      "type": "Feature",
      "properties": {
        "@id": "node/4485962420",
        "amenity": "fast_food",
        "brand": "Burger King",
        "brand:wikidata": "Q177054",
        "brand:wikipedia": "en:Burger King",
        "cuisine": "burger",
        "level": "0",
        "name": "Burger King",
        "name:en": "Burger King",
        "name:zh": "汉堡王",
        "takeaway": "yes"
      },
      "geometry": {
        "type": "Point",
        "coordinates": [
          103.8623763,
          1.3083083
        ]
      },
      "id": "node/4485962420"
    },
    {
      "type": "Feature",
      "properties": {
        "@id": "node/4485971158",
        "amenity": "fast_food",
        "name": "Foodqulique"
      },
      "geometry": {
        "type": "Point",
        "coordinates": [
          103.8607785,
          1.3059032
        ]
      },
      "id": "node/4485971158"
    },
    {
      "type": "Feature",
      "properties": {
        "@id": "node/4552437538",
        "amenity": "fast_food",
        "brand": "McDonald's",
        "brand:en": "McDonald's",
        "brand:wikidata": "Q38076",
        "brand:wikipedia": "en:McDonald's",
        "brand:zh": "麦当劳",
        "check_date": "2025-10-20",
        "cuisine": "burger",
        "name": "McDonald's",
        "name:en": "McDonald's",
        "name:zh": "麦当劳",
        "name:zh-Hans": "麦当劳",
        "opening_hours": "06:00-24:00",
        "takeaway": "yes",
        "wheelchair": "yes"
      },
      "geometry": {
        "type": "Point",
        "coordinates": [
          103.762591,
          1.3784072
        ]
      },
      "id": "node/4552437538"
    },
    {
      "type": "Feature",
      "properties": {
        "@id": "node/4560997249",
        "amenity": "fast_food",
        "brand": "Burger King",
        "brand:wikidata": "Q177054",
        "brand:wikipedia": "en:Burger King",
        "cuisine": "burger",
        "name": "Burger King",
        "name:en": "Burger King",
        "name:zh": "汉堡王",
        "takeaway": "yes"
      },
      "geometry": {
        "type": "Point",
        "coordinates": [
          103.8553767,
          1.293312
        ]
      },
      "id": "node/4560997249"
    },
    {
      "type": "Feature",
      "properties": {
        "@id": "node/4560997431",
        "amenity": "fast_food",
        "brand": "Burger King",
        "brand:wikidata": "Q177054",
        "brand:wikipedia": "en:Burger King",
        "cuisine": "burger",
        "name": "Burger King",
        "name:en": "Burger King",
        "name:zh": "汉堡王",
        "takeaway": "yes"
      },
      "geometry": {
        "type": "Point",
        "coordinates": [
          103.860263,
          1.2951606
        ]
      },
      "id": "node/4560997431"
    },
    {
      "type": "Feature",
      "properties": {
        "@id": "node/4560997440",
        "addr:city": "Singapore",
        "addr:country": "SG",
        "addr:housenumber": "6",
        "addr:postcode": "039594",
        "addr:street": "Raffles Boulevard",
        "amenity": "fast_food",
        "cuisine": "ice_cream",
        "name": "Swensens"
      },
      "geometry": {
        "type": "Point",
        "coordinates": [
          103.8582326,
          1.2913974
        ]
      },
      "id": "node/4560997440"
    },
    {
      "type": "Feature",
      "properties": {
        "@id": "node/4560997441",
        "addr:city": "Singapore",
        "addr:country": "SG",
        "addr:housenumber": "6",
        "addr:postcode": "039594",
        "addr:street": "Raffles Boulevard",
        "amenity": "fast_food",
        "brand": "Carl's Jr.",
        "brand:wikidata": "Q1043486",
        "brand:wikipedia": "en:Carl's Jr.",
        "cuisine": "burger",
        "name": "Carl's Jr.",
        "takeaway": "yes"
      },
      "geometry": {
        "type": "Point",
        "coordinates": [
          103.858026,
          1.2915181
        ]
      },
      "id": "node/4560997441"
    },
    {
      "type": "Feature",
      "properties": {
        "@id": "node/4560997475",
        "amenity": "fast_food",
        "brand": "Subway",
        "brand:wikidata": "Q244457",
        "brand:wikipedia": "en:Subway (restaurant)",
        "cuisine": "sandwich",
        "name": "Subway",
        "name:zh": "赛百味",
        "takeaway": "yes"
      },
      "geometry": {
        "type": "Point",
        "coordinates": [
          103.859497,
          1.2935827
        ]
      },
      "id": "node/4560997475"
    },
    {
      "type": "Feature",
      "properties": {
        "@id": "node/4561001467",
        "amenity": "fast_food",
        "brand": "McDonald's",
        "brand:en": "McDonald's",
        "brand:wikidata": "Q38076",
        "brand:wikipedia": "en:McDonald's",
        "brand:zh": "麦当劳",
        "cuisine": "burger",
        "name": "McDonald's",
        "name:en": "McDonald's",
        "name:zh": "麦当劳",
        "name:zh-Hans": "麦当劳",
        "takeaway": "yes"
      },
      "geometry": {
        "type": "Point",
        "coordinates": [
          103.8600784,
          1.2946108
        ]
      },
      "id": "node/4561001467"
    },
    {
      "type": "Feature",
      "properties": {
        "@id": "node/4561526155",
        "amenity": "fast_food",
        "brand": "Subway",
        "brand:wikidata": "Q244457",
        "brand:wikipedia": "en:Subway (restaurant)",
        "cuisine": "sandwich",
        "name": "Subway",
        "name:zh": "赛百味",
        "opening_hours": "Mo-Sa 07:00-22:30; Su,PH 08:00-22:30",
        "takeaway": "yes"
      },
      "geometry": {
        "type": "Point",
        "coordinates": [
          103.752081,
          1.3587242
        ]
      },
      "id": "node/4561526155"
    },
    {
      "type": "Feature",
      "properties": {
        "@id": "node/4571015704",
        "addr:city": "Singapore",
        "addr:country": "SG",
        "addr:housenumber": "8",
        "addr:postcode": "599595",
        "addr:street": "Chun Tin Road",
        "amenity": "fast_food",
        "brand": "Domino's",
        "brand:wikidata": "Q839466",
        "brand:wikipedia": "en:Domino's Pizza",
        "check_date:opening_hours": "2024-06-07",
        "cuisine": "pizza",
        "name": "Domino's",
        "opening_hours": "10:30-23:00",
        "takeaway": "yes",
        "website": "https://www.dominos.com.sg/"
      },
      "geometry": {
        "type": "Point",
        "coordinates": [
          103.7752722,
          1.3419818
        ]
      },
      "id": "node/4571015704"
    },
    {
      "type": "Feature",
      "properties": {
        "@id": "node/4571495990",
        "amenity": "fast_food",
        "brand": "Five Guys",
        "brand:wikidata": "Q1131810",
        "brand:wikipedia": "en:Five Guys",
        "cuisine": "burger",
        "internet_access": "wlan",
        "level": "0",
        "name": "Five Guys",
        "name:en": "Five Guys",
        "official_name": "Five Guys Burgers and Fries",
        "opening_hours": "Mo-Su 11:00-22:00",
        "phone": "+65 6976 4385",
        "takeaway": "yes",
        "website": "https://www.fiveguys.sg",
        "wheelchair": "yes"
      },
      "geometry": {
        "type": "Point",
        "coordinates": [
          103.8448848,
          1.2999437
        ]
      },
      "id": "node/4571495990"
    },
    {
      "type": "Feature",
      "properties": {
        "@id": "node/4583503314",
        "amenity": "fast_food",
        "brand": "Subway",
        "brand:wikidata": "Q244457",
        "brand:wikipedia": "en:Subway (restaurant)",
        "cuisine": "sandwich",
        "level": "-2",
        "name": "Subway",
        "name:zh": "赛百味",
        "takeaway": "yes",
        "wheelchair": "yes"
      },
      "geometry": {
        "type": "Point",
        "coordinates": [
          103.8529013,
          1.2798471
        ]
      },
      "id": "node/4583503314"
    },
    {
      "type": "Feature",
      "properties": {
        "@id": "node/4583783608",
        "amenity": "fast_food",
        "brand": "肯德基",
        "brand:en": "KFC",
        "brand:wikidata": "Q524757",
        "brand:zh": "肯德基",
        "cuisine": "chicken",
        "name": "肯德基",
        "name:en": "KFC",
        "name:zh": "肯德基",
        "takeaway": "yes"
      },
      "geometry": {
        "type": "Point",
        "coordinates": [
          103.7494787,
          1.3498286
        ]
      },
      "id": "node/4583783608"
    },
    {
      "type": "Feature",
      "properties": {
        "@id": "node/4584796834",
        "alt_name": "Kentucky Fried Chicken",
        "amenity": "fast_food",
        "brand": "KFC",
        "brand:wikidata": "Q524757",
        "brand:wikipedia": "en:KFC",
        "cuisine": "chicken",
        "name": "KFC",
        "name:zh": "肯德基",
        "takeaway": "yes",
        "wheelchair": "limited"
      },
      "geometry": {
        "type": "Point",
        "coordinates": [
          103.7190997,
          1.3502758
        ]
      },
      "id": "node/4584796834"
    },
    {
      "type": "Feature",
      "properties": {
        "@id": "node/4584797596",
        "amenity": "fast_food",
        "name": "Food court",
        "wheelchair": "yes"
      },
      "geometry": {
        "type": "Point",
        "coordinates": [
          103.822264,
          1.4500749
        ]
      },
      "id": "node/4584797596"
    },
    {
      "type": "Feature",
      "properties": {
        "@id": "node/4592802977",
        "addr:city": "Singapore",
        "addr:country": "SG",
        "addr:housenumber": "144",
        "addr:postcode": "588177",
        "addr:street": "Upper Bukit Timah Road",
        "addr:unit": "#01-39/#01-40",
        "amenity": "fast_food",
        "brand": "McDonald's",
        "brand:en": "McDonald's",
        "brand:wikidata": "Q38076",
        "brand:wikipedia": "en:McDonald's",
        "brand:zh": "麦当劳",
        "check_date": "2025-03-16",
        "cuisine": "burger",
        "name": "McDonald's",
        "name:en": "McDonald's",
        "name:zh": "麦当劳",
        "name:zh-Hans": "麦当劳",
        "takeaway": "yes",
        "wheelchair": "yes"
      },
      "geometry": {
        "type": "Point",
        "coordinates": [
          103.7761691,
          1.3422465
        ]
      },
      "id": "node/4592802977"
    },
    {
      "type": "Feature",
      "properties": {
        "@id": "node/4599779549",
        "addr:city": "Singapore",
        "addr:country": "SG",
        "addr:housenumber": "750A",
        "addr:postcode": "469001",
        "addr:street": "Chai Chee Road",
        "amenity": "fast_food",
        "brand": "Burger King",
        "brand:wikidata": "Q177054",
        "brand:wikipedia": "en:Burger King",
        "cuisine": "burger",
        "name": "Burger King",
        "name:en": "Burger King",
        "name:zh": "汉堡王",
        "takeaway": "yes",
        "website": "http://www.burgerking.com.sg/",
        "wheelchair": "yes"
      },
      "geometry": {
        "type": "Point",
        "coordinates": [
          103.9220562,
          1.3227899
        ]
      },
      "id": "node/4599779549"
    },
    {
      "type": "Feature",
      "properties": {
        "@id": "node/4599847290",
        "alt_name": "Kentucky Fried Chicken",
        "amenity": "fast_food",
        "brand": "KFC",
        "brand:en": "KFC",
        "brand:wikidata": "Q524757",
        "brand:wikipedia": "en:KFC",
        "brand:zh": "肯德基",
        "cuisine": "chicken",
        "name": "KFC",
        "name:en": "KFC",
        "name:zh": "肯德基",
        "takeaway": "yes"
      },
      "geometry": {
        "type": "Point",
        "coordinates": [
          103.6782508,
          1.3273721
        ]
      },
      "id": "node/4599847290"
    },
    {
      "type": "Feature",
      "properties": {
        "@id": "node/4599847291",
        "amenity": "fast_food",
        "brand": "McDonald's",
        "brand:en": "McDonald's",
        "brand:wikidata": "Q38076",
        "brand:wikipedia": "en:McDonald's",
        "brand:zh": "麦当劳",
        "brand:zh-Hans": "麦当劳",
        "cuisine": "burger",
        "name": "McDonald's",
        "name:en": "McDonald's",
        "name:zh": "麦当劳",
        "name:zh-Hans": "麦当劳",
        "takeaway": "yes"
      },
      "geometry": {
        "type": "Point",
        "coordinates": [
          103.6784171,
          1.327364
        ]
      },
      "id": "node/4599847291"
    },
    {
      "type": "Feature",
      "properties": {
        "@id": "node/4599847293",
        "amenity": "fast_food",
        "brand": "Subway",
        "brand:wikidata": "Q244457",
        "brand:wikipedia": "en:Subway (restaurant)",
        "cuisine": "sandwich",
        "name": "Subway",
        "name:zh": "赛百味",
        "takeaway": "yes"
      },
      "geometry": {
        "type": "Point",
        "coordinates": [
          103.6784948,
          1.3270985
        ]
      },
      "id": "node/4599847293"
    },
    {
      "type": "Feature",
      "properties": {
        "@id": "node/4607247152",
        "addr:street": "Ubi Avenue 2",
        "amenity": "fast_food",
        "brand": "Subway",
        "brand:wikidata": "Q244457",
        "brand:wikipedia": "en:Subway (restaurant)",
        "cuisine": "sandwich",
        "name": "Subway",
        "name:zh": "赛百味",
        "source": "Kaart Ground Survey 2017",
        "takeaway": "yes"
      },
      "geometry": {
        "type": "Point",
        "coordinates": [
          103.9004749,
          1.3301312
        ]
      },
      "id": "node/4607247152"
    },
    {
      "type": "Feature",
      "properties": {
        "@id": "node/4611168959",
        "addr:city": "Singapore",
        "addr:country": "SG",
        "addr:housename": "Jurong Green Community Club",
        "addr:housenumber": "6",
        "addr:postcode": "649520",
        "addr:street": "Jurong West Avenue 1",
        "addr:unit": "#01-03",
        "amenity": "fast_food",
        "branch": "Jurong",
        "brand": "Domino's",
        "brand:wikidata": "Q839466",
        "brand:wikipedia": "en:Domino's Pizza",
        "cuisine": "pizza",
        "name": "Domino's",
        "opening_hours": "10:30-23:00",
        "takeaway": "yes",
        "website": "https://www.dominos.com.sg/"
      },
      "geometry": {
        "type": "Point",
        "coordinates": [
          103.7255189,
          1.3504786
        ]
      },
      "id": "node/4611168959"
    },
    {
      "type": "Feature",
      "properties": {
        "@id": "node/4613238712",
        "amenity": "fast_food",
        "brand": "Subway",
        "brand:wikidata": "Q244457",
        "cuisine": "sandwich",
        "name": "Subway",
        "name:zh": "赛百味",
        "takeaway": "yes",
        "website": "https://www.subway.com"
      },
      "geometry": {
        "type": "Point",
        "coordinates": [
          103.8175128,
          1.2552278
        ]
      },
      "id": "node/4613238712"
    },
    {
      "type": "Feature",
      "properties": {
        "@id": "node/4620794219",
        "addr:city": "Singapore",
        "addr:country": "SG",
        "addr:housenumber": "301",
        "addr:postcode": "437084",
        "addr:street": "Tanjong Katong Road",
        "amenity": "fast_food",
        "branch": "Katong",
        "brand": "Domino's",
        "brand:wikidata": "Q839466",
        "brand:wikipedia": "en:Domino's Pizza",
        "cuisine": "pizza",
        "name": "Domino's",
        "opening_hours": "10:30-23:00",
        "takeaway": "yes",
        "website": "https://www.dominos.com.sg/"
      },
      "geometry": {
        "type": "Point",
        "coordinates": [
          103.8959418,
          1.3063807
        ]
      },
      "id": "node/4620794219"
    },
    {
      "type": "Feature",
      "properties": {
        "@id": "node/4623569987",
        "addr:city": "Singapore",
        "addr:country": "SG",
        "addr:housenumber": "6",
        "addr:postcode": "039594",
        "addr:street": "Raffles Boulevard",
        "amenity": "fast_food",
        "brand": "Subway",
        "brand:wikidata": "Q244457",
        "brand:wikipedia": "en:Subway (restaurant)",
        "cuisine": "sandwich",
        "level": "1",
        "name": "Subway",
        "name:zh": "赛百味",
        "takeaway": "yes"
      },
      "geometry": {
        "type": "Point",
        "coordinates": [
          103.8562563,
          1.2915958
        ]
      },
      "id": "node/4623569987"
    },
    {
      "type": "Feature",
      "properties": {
        "@id": "node/4624898805",
        "addr:city": "Singapore",
        "addr:housenumber": "551",
        "addr:street": "Bedok North Avenue 1",
        "amenity": "fast_food",
        "cuisine": "pizza",
        "delivery": "yes",
        "drive_through": "no",
        "level": "0",
        "name": "Rite Pizza",
        "opening_hours": "10:30-21:30",
        "operator": "www.rite-pizza.com",
        "outdoor_seating": "no",
        "takeaway": "only"
      },
      "geometry": {
        "type": "Point",
        "coordinates": [
          103.9270204,
          1.3324656
        ]
      },
      "id": "node/4624898805"
    },
    {
      "type": "Feature",
      "properties": {
        "@id": "node/4629107271",
        "addr:city": "Singapore",
        "addr:country": "SG",
        "addr:housenumber": "1",
        "addr:postcode": "069184",
        "addr:street": "Kadayanallur Street",
        "addr:unit": "#94",
        "amenity": "fast_food",
        "check_date": "2025-08-10",
        "cuisine": "chinese;barbecue",
        "fast_food": "cafeteria",
        "indoor_seating": "yes",
        "name": "Ye Lai Xiang Tasty Barbecue",
        "name:zh-Hans": "夜来香",
        "name:zh-Hant": "夜来香",
        "outdoor_seating": "yes",
        "takeaway": "only"
      },
      "geometry": {
        "type": "Point",
        "coordinates": [
          103.8446671,
          1.2802721
        ]
      },
      "id": "node/4629107271"
    },
    {
      "type": "Feature",
      "properties": {
        "@id": "node/4629107272",
        "addr:city": "Singapore",
        "addr:country": "SG",
        "addr:housenumber": "1",
        "addr:postcode": "069184",
        "addr:street": "Kadayanallur Street",
        "addr:unit": "#",
        "amenity": "fast_food",
        "check_date": "2025-08-10",
        "cuisine": "chinese",
        "fast_food": "cafeteria",
        "indoor_seating": "yes",
        "name": "洪家福州蠔饼 Maxwell Fuzhou Oyster Cake",
        "name:en": "Maxwell Fuzhou Oyster Cake",
        "name:zh-Hans": "洪家福州蠔饼",
        "name:zh-Hant": "洪家福州蠔餅",
        "outdoor_seating": "yes",
        "takeaway": "only"
      },
      "geometry": {
        "type": "Point",
        "coordinates": [
          103.8447192,
          1.2805876
        ]
      },
      "id": "node/4629107272"
    },
    {
      "type": "Feature",
      "properties": {
        "@id": "node/4629107273",
        "addr:city": "Singapore",
        "addr:country": "SG",
        "addr:housenumber": "1",
        "addr:postcode": "069184",
        "addr:street": "Kadayanallur Street",
        "addr:unit": "#28",
        "amenity": "fast_food",
        "check_date": "2025-08-10",
        "cuisine": "chinese",
        "fast_food": "cafeteria",
        "indoor_seating": "yes",
        "name": "中国街咸煎饼 Hum Jin Pang",
        "name:en": "Hum Jin Pang",
        "name:zh-Hans": "中国街咸煎饼",
        "name:zh-Hant": "中國街鹹煎餅",
        "outdoor_seating": "yes",
        "takeaway": "only"
      },
      "geometry": {
        "type": "Point",
        "coordinates": [
          103.8449076,
          1.2803161
        ]
      },
      "id": "node/4629107273"
    },
    {
      "type": "Feature",
      "properties": {
        "@id": "node/4629107274",
        "addr:city": "Singapore",
        "addr:country": "SG",
        "addr:housenumber": "1",
        "addr:postcode": "069184",
        "addr:street": "Kadayanallur Street",
        "addr:unit": "#",
        "amenity": "fast_food",
        "check_date": "2025-08-10",
        "cuisine": "chinese",
        "fast_food": "cafeteria",
        "indoor_seating": "yes",
        "name": "阿仔海南雞飯 Ah Tai Chicken Rice",
        "name:en": "Ah Tai Chicken Rice",
        "name:zh-Hans": "阿仔海南鸡饭",
        "name:zh-Hant": "阿仔海南雞飯",
        "outdoor_seating": "yes",
        "payment:cards": "no",
        "payment:cash": "yes",
        "payment:credit_cards": "no",
        "payment:debit_cards": "no",
        "takeaway": "only"
      },
      "geometry": {
        "type": "Point",
        "coordinates": [
          103.8447516,
          1.2805497
        ]
      },
      "id": "node/4629107274"
    },
    {
      "type": "Feature",
      "properties": {
        "@id": "node/4629107275",
        "addr:city": "Singapore",
        "addr:country": "SG",
        "addr:housenumber": "1",
        "addr:postcode": "069184",
        "addr:street": "Kadayanallur Street",
        "addr:unit": "#10/#11",
        "air_conditioning": "no",
        "amenity": "fast_food",
        "check_date": "2025-08-10",
        "cuisine": "chinese",
        "fast_food": "cafeteria",
        "indoor_seating": "yes",
        "level": "0",
        "name": "天天海南雞飯 Tian Tian Hainanese Chicken Rice",
        "name:en": "Tian Tian Hainanese Chicken Rice",
        "name:zh-Hans": "天天海南鸡饭",
        "name:zh-Hant": "天天海南雞飯",
        "opening_hours": "Tu-Su 10:00-16:00",
        "outdoor_seating": "yes",
        "takeaway": "only",
        "wheelchair": "yes"
      },
      "geometry": {
        "type": "Point",
        "coordinates": [
          103.8447984,
          1.280495
        ]
      },
      "id": "node/4629107275"
    },
    {
      "type": "Feature",
      "properties": {
        "@id": "node/4653464294",
        "addr:city": "Singapore",
        "addr:country": "SG",
        "addr:housename": "Elias Mall",
        "addr:housenumber": "625",
        "addr:postcode": "510625",
        "addr:street": "Elias Road",
        "addr:unit": "#01-312",
        "amenity": "fast_food",
        "branch": "Pasir Ris",
        "brand": "Domino's",
        "brand:wikidata": "Q839466",
        "cuisine": "pizza",
        "name": "Domino's",
        "opening_hours": "10:30-23:00",
        "source": "Kaart Ground Survey 2017",
        "takeaway": "yes",
        "website": "https://www.dominos.com.sg/",
        "wheelchair": "yes"
      },
      "geometry": {
        "type": "Point",
        "coordinates": [
          103.941808,
          1.3788268
        ]
      },
      "id": "node/4653464294"
    },
    {
      "type": "Feature",
      "properties": {
        "@id": "node/4670438595",
        "amenity": "fast_food",
        "brand": "McDonald's",
        "brand:en": "McDonald's",
        "brand:wikidata": "Q38076",
        "brand:wikipedia": "en:McDonald's",
        "brand:zh": "麦当劳",
        "brand:zh-Hans": "麦当劳",
        "cuisine": "burger",
        "name": "McDonald's",
        "name:en": "McDonald's",
        "name:zh": "麦当劳",
        "name:zh-Hans": "麦当劳",
        "source": "Kaart Ground Survey 2017",
        "takeaway": "yes"
      },
      "geometry": {
        "type": "Point",
        "coordinates": [
          103.9214889,
          1.3373089
        ]
      },
      "id": "node/4670438595"
    },
    {
      "type": "Feature",
      "properties": {
        "@id": "node/4675868326",
        "addr:street": "New Upper Changi Road",
        "amenity": "fast_food",
        "brand": "McDonald's",
        "brand:en": "McDonald's",
        "brand:wikidata": "Q38076",
        "brand:wikipedia": "en:McDonald's",
        "brand:zh": "麦当劳",
        "brand:zh-Hans": "麦当劳",
        "cuisine": "burger",
        "level": "1",
        "name": "McDonald's",
        "name:en": "McDonald's",
        "name:zh": "麦当劳",
        "name:zh-Hans": "麦当劳",
        "opening_hours": "Mo-Su,PH 06:00-24:00",
        "source": "Kaart Ground Survey 2017",
        "takeaway": "yes",
        "wheelchair": "yes"
      },
      "geometry": {
        "type": "Point",
        "coordinates": [
          103.9291499,
          1.3243472
        ]
      },
      "id": "node/4675868326"
    },
    {
      "type": "Feature",
      "properties": {
        "@id": "node/4675868327",
        "addr:street": "New Upper Changi Road",
        "amenity": "fast_food",
        "brand": "Pepper Lunch",
        "brand:wikidata": "Q1016072",
        "cuisine": "teppanyaki",
        "level": "1",
        "name": "Pepper Lunch",
        "source": "Kaart Ground Survey 2017",
        "takeaway": "yes",
        "wheelchair": "yes"
      },
      "geometry": {
        "type": "Point",
        "coordinates": [
          103.9297975,
          1.3245025
        ]
      },
      "id": "node/4675868327"
    },
    {
      "type": "Feature",
      "properties": {
        "@id": "node/4682762230",
        "addr:city": "Singapore",
        "addr:country": "SG",
        "addr:housenumber": "901",
        "addr:street": "East Coast Road",
        "alt_name": "Kentucky Fried Chicken",
        "amenity": "fast_food",
        "brand": "KFC",
        "brand:wikidata": "Q524757",
        "brand:wikipedia": "en:KFC",
        "cuisine": "chicken",
        "name": "KFC",
        "name:zh": "肯德基",
        "source": "Kaart Ground Survey 2017",
        "takeaway": "yes"
      },
      "geometry": {
        "type": "Point",
        "coordinates": [
          103.9243179,
          1.3128686
        ]
      },
      "id": "node/4682762230"
    },
    {
      "type": "Feature",
      "properties": {
        "@id": "node/4683522922",
        "amenity": "fast_food",
        "brand": "McDonald's",
        "brand:wikidata": "Q38076",
        "cuisine": "burger",
        "name": "McDonald's",
        "takeaway": "yes"
      },
      "geometry": {
        "type": "Point",
        "coordinates": [
          103.8377971,
          1.4359437
        ]
      },
      "id": "node/4683522922"
    },
    {
      "type": "Feature",
      "properties": {
        "@id": "node/4684122143",
        "addr:street": "Siglap Road",
        "amenity": "fast_food",
        "brand": "McDonald's",
        "brand:en": "McDonald's",
        "brand:wikidata": "Q38076",
        "brand:wikipedia": "en:McDonald's",
        "brand:zh": "麦当劳",
        "cuisine": "burger",
        "name": "McDonald's",
        "name:en": "McDonald's",
        "name:zh": "麦当劳",
        "name:zh-Hans": "麦当劳",
        "source": "Kaart Ground Survey 2017",
        "takeaway": "yes"
      },
      "geometry": {
        "type": "Point",
        "coordinates": [
          103.9233282,
          1.3124879
        ]
      },
      "id": "node/4684122143"
    },
    {
      "type": "Feature",
      "properties": {
        "@id": "node/4684139322",
        "addr:street": "East Coast Road",
        "amenity": "fast_food",
        "name": "Yong's Teochew Kueh",
        "source": "Kaart Ground Survey 2017",
        "wheelchair": "limited"
      },
      "geometry": {
        "type": "Point",
        "coordinates": [
          103.9057319,
          1.3063057
        ]
      },
      "id": "node/4684139322"
    },
    {
      "type": "Feature",
      "properties": {
        "@id": "node/4685872775",
        "addr:street": "Bedok North Avenue 1",
        "amenity": "fast_food",
        "brand": "McDonald's",
        "brand:en": "McDonald's",
        "brand:wikidata": "Q38076",
        "brand:wikipedia": "en:McDonald's",
        "brand:zh": "麦当劳",
        "cuisine": "burger",
        "name": "McDonald's",
        "name:en": "McDonald's",
        "name:zh": "麦当劳",
        "name:zh-Hans": "麦当劳",
        "source": "Kaart Ground Survey 2017",
        "takeaway": "yes"
      },
      "geometry": {
        "type": "Point",
        "coordinates": [
          103.9257716,
          1.331985
        ]
      },
      "id": "node/4685872775"
    },
    {
      "type": "Feature",
      "properties": {
        "@id": "node/4690112142",
        "amenity": "fast_food",
        "brand": "McDonald's",
        "brand:en": "McDonald's",
        "brand:wikidata": "Q38076",
        "brand:wikipedia": "en:McDonald's",
        "brand:zh": "麦当劳",
        "cuisine": "burger",
        "name": "McDonald's",
        "name:en": "McDonald's",
        "name:zh": "麦当劳",
        "name:zh-Hans": "麦当劳",
        "opening_hours": "24/7",
        "takeaway": "yes"
      },
      "geometry": {
        "type": "Point",
        "coordinates": [
          103.7382039,
          1.3439551
        ]
      },
      "id": "node/4690112142"
    },
    {
      "type": "Feature",
      "properties": {
        "@id": "node/4696283876",
        "addr:street": "Upper Serangoon Road",
        "amenity": "fast_food",
        "brand": "Texas Chicken",
        "brand:wikidata": "Q1089932",
        "cuisine": "chicken",
        "drive_through": "no",
        "name": "Texas Chicken",
        "opening_hours": "24/7",
        "source": "Kaart Ground Survey 2017",
        "takeaway": "yes",
        "website": "https://sg.texaschicken.com/"
      },
      "geometry": {
        "type": "Point",
        "coordinates": [
          103.9035949,
          1.3773363
        ]
      },
      "id": "node/4696283876"
    },
    {
      "type": "Feature",
      "properties": {
        "@id": "node/4697770633",
        "addr:street": "Paya Lebar Road",
        "amenity": "fast_food",
        "brand": "McDonald's",
        "brand:en": "McDonald's",
        "brand:wikidata": "Q38076",
        "brand:wikipedia": "en:McDonald's",
        "brand:zh": "麦当劳",
        "cuisine": "burger",
        "name": "McDonald's",
        "name:en": "McDonald's",
        "name:zh": "麦当劳",
        "name:zh-Hans": "麦当劳",
        "source": "Kaart Ground Survey 2017",
        "takeaway": "yes",
        "wheelchair": "yes"
      },
      "geometry": {
        "type": "Point",
        "coordinates": [
          103.8925608,
          1.3184239
        ]
      },
      "id": "node/4697770633"
    },
    {
      "type": "Feature",
      "properties": {
        "@id": "node/4697770634",
        "addr:street": "Paya Lebar Road",
        "amenity": "fast_food",
        "brand": "Burger King",
        "brand:wikidata": "Q177054",
        "brand:wikipedia": "en:Burger King",
        "cuisine": "burger",
        "name": "Burger King",
        "name:en": "Burger King",
        "name:zh": "汉堡王",
        "source": "Kaart Ground Survey 2017",
        "takeaway": "yes",
        "wheelchair": "yes"
      },
      "geometry": {
        "type": "Point",
        "coordinates": [
          103.8924113,
          1.3189652
        ]
      },
      "id": "node/4697770634"
    },
    {
      "type": "Feature",
      "properties": {
        "@id": "node/4700578112",
        "alt_name": "Kentucky Fried Chicken",
        "amenity": "fast_food",
        "brand": "KFC",
        "brand:wikidata": "Q524757",
        "brand:wikipedia": "en:KFC",
        "cuisine": "chicken",
        "name": "KFC",
        "name:zh": "肯德基",
        "takeaway": "yes"
      },
      "geometry": {
        "type": "Point",
        "coordinates": [
          103.7658522,
          1.3851177
        ]
      },
      "id": "node/4700578112"
    },
    {
      "type": "Feature",
      "properties": {
        "@id": "node/4702089433",
        "addr:street": "Joo Chiat Road",
        "amenity": "fast_food",
        "check_date": "2024-04-21",
        "cuisine": "kebab",
        "name": "Kebab Faktory",
        "source": "Kaart Ground Survey 2017"
      },
      "geometry": {
        "type": "Point",
        "coordinates": [
          103.900234,
          1.3123037
        ]
      },
      "id": "node/4702089433"
    },
    {
      "type": "Feature",
      "properties": {
        "@id": "node/4703167417",
        "addr:floor": "B1",
        "addr:housenumber": "17",
        "addr:street": "Petir Road",
        "addr:unit": "#B1-57/58/59",
        "amenity": "fast_food",
        "brand": "Long John Silver's",
        "brand:wikidata": "Q1535221",
        "brand:wikipedia": "en:Long John Silver's",
        "check_date": "2024-12-21",
        "contact:facebook": "https://www.facebook.com/longjohnsilvers.sg/",
        "contact:instagram": "https://www.instagram.com/ljs_sg",
        "cuisine": "seafood",
        "diet:halal": "yes",
        "level": "-1",
        "name": "Long John Silver's",
        "opening_hours": "07:30-22:00",
        "phone": "+65 6266 0191",
        "takeaway": "yes",
        "website": "https://www.longjohnsilvers.com.sg/",
        "wheelchair": "yes"
      },
      "geometry": {
        "type": "Point",
        "coordinates": [
          103.7634624,
          1.3782897
        ]
      },
      "id": "node/4703167417"
    },
    {
      "type": "Feature",
      "properties": {
        "@id": "node/4703848366",
        "addr:street": "Joo Chiat Road",
        "amenity": "fast_food",
        "cuisine": "yakitori",
        "name": "Nee",
        "source": "Kaart Ground Survey 2017"
      },
      "geometry": {
        "type": "Point",
        "coordinates": [
          103.9026673,
          1.3091621
        ]
      },
      "id": "node/4703848366"
    },
    {
      "type": "Feature",
      "properties": {
        "@id": "node/4712277746",
        "addr:street": "Hougang Street 21",
        "amenity": "fast_food",
        "brand": "麦当劳",
        "brand:en": "McDonald's",
        "brand:wikidata": "Q38076",
        "brand:wikipedia": "en:McDonald's",
        "brand:zh": "麦当劳",
        "brand:zh-Hans": "麦当劳",
        "cuisine": "burger",
        "level": "0",
        "name": "McDonald's",
        "name:en": "McDonald's",
        "name:zh": "麦当劳",
        "name:zh-Hans": "麦当劳",
        "source": "Kaart Ground Survey 2017",
        "takeaway": "yes",
        "wheelchair": "yes"
      },
      "geometry": {
        "type": "Point",
        "coordinates": [
          103.886344,
          1.3585427
        ]
      },
      "id": "node/4712277746"
    },
    {
      "type": "Feature",
      "properties": {
        "@id": "node/4715753020",
        "addr:city": "Singapore",
        "addr:country": "SG",
        "addr:housenumber": "169",
        "addr:postcode": "534860",
        "addr:street": "Upper Paya Lebar Road",
        "amenity": "fast_food",
        "branch": "Upper Paya Lebar",
        "brand": "Domino's",
        "brand:wikidata": "Q839466",
        "brand:wikipedia": "en:Domino's Pizza",
        "cuisine": "pizza",
        "name": "Domino's",
        "opening_hours": "10:30-23:00",
        "source": "Kaart Ground Survey 2017",
        "takeaway": "yes",
        "website": "https://www.dominos.com.sg/"
      },
      "geometry": {
        "type": "Point",
        "coordinates": [
          103.8854512,
          1.3397249
        ]
      },
      "id": "node/4715753020"
    },
    {
      "type": "Feature",
      "properties": {
        "@id": "node/4715840028",
        "addr:street": "Yishun Avenue 9",
        "amenity": "fast_food",
        "name": "Kate Jubilee",
        "source": "Kaart Ground Survey 2017"
      },
      "geometry": {
        "type": "Point",
        "coordinates": [
          103.8415936,
          1.4332908
        ]
      },
      "id": "node/4715840028"
    },
    {
      "type": "Feature",
      "properties": {
        "@id": "node/4724402984",
        "addr:street": "South Canal Road",
        "amenity": "fast_food",
        "brand": "Burger King",
        "brand:wikidata": "Q177054",
        "check_date": "2024-02-27",
        "cuisine": "burger",
        "name": "Burger King",
        "source": "Kaart Ground Survey 2017",
        "takeaway": "yes"
      },
      "geometry": {
        "type": "Point",
        "coordinates": [
          103.8496553,
          1.2857242
        ]
      },
      "id": "node/4724402984"
    },
    {
      "type": "Feature",
      "properties": {
        "@id": "node/4724402985",
        "addr:street": "Telok Ayer Street",
        "amenity": "fast_food",
        "brand": "摩斯漢堡",
        "brand:en": "MOS Burger",
        "brand:wikidata": "Q1204169",
        "brand:zh": "摩斯漢堡",
        "cuisine": "burger",
        "name": "MOS Burger",
        "name:en": "MOS Burger",
        "name:zh": "摩斯漢堡",
        "source": "Kaart Ground Survey 2017",
        "takeaway": "yes"
      },
      "geometry": {
        "type": "Point",
        "coordinates": [
          103.8491447,
          1.2829985
        ]
      },
      "id": "node/4724402985"
    },
    {
      "type": "Feature",
      "properties": {
        "@id": "node/4724565834",
        "addr:street": "Yishun Avenue 5",
        "alt_name": "Kentucky Fried Chicken",
        "amenity": "fast_food",
        "brand": "KFC",
        "brand:wikidata": "Q524757",
        "brand:wikipedia": "en:KFC",
        "cuisine": "chicken",
        "name": "KFC",
        "name:zh": "肯德基",
        "source": "Kaart Ground Survey 2017",
        "takeaway": "yes"
      },
      "geometry": {
        "type": "Point",
        "coordinates": [
          103.8279758,
          1.4299643
        ]
      },
      "id": "node/4724565834"
    },
    {
      "type": "Feature",
      "properties": {
        "@id": "node/4726355239",
        "addr:city": "Singapore",
        "addr:country": "SG",
        "addr:housenumber": "369",
        "addr:postcode": "758382",
        "addr:street": "Sembawang Road",
        "addr:unit": "#01-06",
        "amenity": "fast_food",
        "branch": "Sembawang",
        "brand": "Domino's",
        "brand:wikidata": "Q839466",
        "cuisine": "pizza",
        "name": "Domino's",
        "opening_hours": "10:30-23:00",
        "source": "Kaart Ground Survey 2017",
        "takeaway": "yes",
        "website": "https://www.dominos.com.sg/"
      },
      "geometry": {
        "type": "Point",
        "coordinates": [
          103.8261636,
          1.4270063
        ]
      },
      "id": "node/4726355239"
    },
    {
      "type": "Feature",
      "properties": {
        "@id": "node/4726355240",
        "addr:city": "Singapore",
        "addr:country": "SG",
        "addr:housenumber": "369",
        "addr:postcode": "758382",
        "addr:street": "Sembawang Road",
        "amenity": "fast_food",
        "brand": "McDonald's",
        "brand:en": "McDonald's",
        "brand:wikidata": "Q38076",
        "brand:wikipedia": "en:McDonald's",
        "brand:zh": "麦当劳",
        "cuisine": "burger",
        "drive_through": "yes",
        "name": "McDonald's",
        "name:en": "McDonald's",
        "name:zh": "麦当劳",
        "name:zh-Hans": "麦当劳",
        "source": "Kaart Ground Survey 2017",
        "takeaway": "yes"
      },
      "geometry": {
        "type": "Point",
        "coordinates": [
          103.8260764,
          1.4267083
        ]
      },
      "id": "node/4726355240"
    },
    {
      "type": "Feature",
      "properties": {
        "@id": "node/4729038191",
        "amenity": "fast_food",
        "brand": "Popeyes",
        "brand:wikidata": "Q1330910",
        "cuisine": "chicken",
        "name": "Popeyes",
        "official_name": "Popeyes Louisiana Kitchen",
        "takeaway": "yes",
        "wheelchair": "yes"
      },
      "geometry": {
        "type": "Point",
        "coordinates": [
          103.8379778,
          1.3010204
        ]
      },
      "id": "node/4729038191"
    },
    {
      "type": "Feature",
      "properties": {
        "@id": "node/4732627239",
        "amenity": "fast_food",
        "name": "Juice Clinic",
        "source": "Kaart Ground Survey 2017",
        "wheelchair": "no"
      },
      "geometry": {
        "type": "Point",
        "coordinates": [
          103.8591337,
          1.3006848
        ]
      },
      "id": "node/4732627239"
    },
    {
      "type": "Feature",
      "properties": {
        "@id": "node/4732825187",
        "addr:street": "Ang Mo Kio Avenue 10",
        "amenity": "fast_food",
        "brand": "McDonald's",
        "brand:en": "McDonald's",
        "brand:wikidata": "Q38076",
        "brand:zh": "麦当劳",
        "brand:zh-Hans": "麦当劳",
        "cuisine": "burger",
        "name": "McDonald's",
        "name:en": "McDonald's",
        "name:zh": "麦当劳",
        "name:zh-Hans": "麦当劳",
        "source": "Kaart Ground Survey 2017",
        "takeaway": "yes"
      },
      "geometry": {
        "type": "Point",
        "coordinates": [
          103.8563817,
          1.3673955
        ]
      },
      "id": "node/4732825187"
    },
    {
      "type": "Feature",
      "properties": {
        "@id": "node/4733077208",
        "addr:housenumber": "680",
        "addr:street": "North Bridge Road",
        "amenity": "fast_food",
        "check_date": "2025-01-09",
        "name": "Opah Satay",
        "source": "Kaart Ground Survey 2017",
        "takeaway": "only"
      },
      "geometry": {
        "type": "Point",
        "coordinates": [
          103.8584852,
          1.301825
        ]
      },
      "id": "node/4733077208"
    },
    {
      "type": "Feature",
      "properties": {
        "@id": "node/4733077209",
        "addr:street": "North Bridge Road",
        "amenity": "fast_food",
        "check_date": "2025-01-09",
        "cuisine": "burger",
        "name": "Tashdash",
        "takeaway": "only"
      },
      "geometry": {
        "type": "Point",
        "coordinates": [
          103.8584558,
          1.3017965
        ]
      },
      "id": "node/4733077209"
    },
    {
      "type": "Feature",
      "properties": {
        "@id": "node/4733077214",
        "addr:street": "North Bridge Road",
        "amenity": "fast_food",
        "name": "Peaches Juice Bar",
        "source": "Kaart Ground Survey 2017"
      },
      "geometry": {
        "type": "Point",
        "coordinates": [
          103.8582351,
          1.3015494
        ]
      },
      "id": "node/4733077214"
    },
    {
      "type": "Feature",
      "properties": {
        "@id": "node/4733077217",
        "addr:street": "Arab Street",
        "amenity": "fast_food",
        "name": "Tutti Frutti",
        "source": "Kaart Ground Survey 2017"
      },
      "geometry": {
        "type": "Point",
        "coordinates": [
          103.859715,
          1.300473
        ]
      },
      "id": "node/4733077217"
    },
    {
      "type": "Feature",
      "properties": {
        "@id": "node/4734330017",
        "addr:housenumber": "123",
        "addr:street": "Arab Street",
        "amenity": "fast_food",
        "check_date": "2025-01-09",
        "cuisine": "turkish",
        "name": "Go Tarboush"
      },
      "geometry": {
        "type": "Point",
        "coordinates": [
          103.8585253,
          1.3018723
        ]
      },
      "id": "node/4734330017"
    },
    {
      "type": "Feature",
      "properties": {
        "@id": "node/4737113788",
        "addr:street": "Woodlands Industrial Park E8/E9",
        "amenity": "fast_food",
        "name": "Broadway",
        "source": "Kaart Ground Survey 2017"
      },
      "geometry": {
        "type": "Point",
        "coordinates": [
          103.797595,
          1.4497199
        ]
      },
      "id": "node/4737113788"
    },
    {
      "type": "Feature",
      "properties": {
        "@id": "node/4738612316",
        "addr:street": "Alexandra Road",
        "amenity": "fast_food",
        "brand": "Subway",
        "brand:wikidata": "Q244457",
        "cuisine": "sandwich",
        "name": "Subway",
        "name:zh": "赛百味",
        "source": "Kaart Ground Survey 2017",
        "takeaway": "yes",
        "website": "https://www.subway.com"
      },
      "geometry": {
        "type": "Point",
        "coordinates": [
          103.8106526,
          1.2925479
        ]
      },
      "id": "node/4738612316"
    },
    {
      "type": "Feature",
      "properties": {
        "@id": "node/4745724673",
        "addr:city": "Singapore",
        "addr:street": "Penang Road",
        "amenity": "fast_food",
        "brand": "Subway",
        "brand:wikidata": "Q244457",
        "brand:wikipedia": "en:Subway (restaurant)",
        "cuisine": "sandwich",
        "name": "Subway",
        "name:zh": "赛百味",
        "source": "Kaart Ground Survey 2017",
        "takeaway": "yes"
      },
      "geometry": {
        "type": "Point",
        "coordinates": [
          103.8428739,
          1.2992102
        ]
      },
      "id": "node/4745724673"
    },
    {
      "type": "Feature",
      "properties": {
        "@id": "node/4745948577",
        "amenity": "fast_food",
        "brand": "Subway",
        "brand:wikidata": "Q244457",
        "cuisine": "sandwich",
        "name": "Subway",
        "name:zh": "赛百味",
        "source": "Kaart Ground Survey 2017",
        "website": "https://www.subway.com"
      },
      "geometry": {
        "type": "Point",
        "coordinates": [
          103.6829381,
          1.3294939
        ]
      },
      "id": "node/4745948577"
    },
    {
      "type": "Feature",
      "properties": {
        "@id": "node/4747751569",
        "addr:street": "Taman Mas Merah",
        "alt_name": "Kentucky Fried Chicken",
        "amenity": "fast_food",
        "brand": "肯德基",
        "brand:en": "KFC",
        "brand:wikidata": "Q524757",
        "brand:wikipedia": "en:KFC",
        "brand:zh": "肯德基",
        "cuisine": "chicken",
        "name": "肯德基",
        "name:en": "KFC",
        "name:zh": "肯德基",
        "takeaway": "yes"
      },
      "geometry": {
        "type": "Point",
        "coordinates": [
          103.7622894,
          1.3083611
        ]
      },
      "id": "node/4747751569"
    },
    {
      "type": "Feature",
      "properties": {
        "@id": "node/4747914898",
        "addr:city": "Singapore",
        "addr:country": "SG",
        "addr:housenumber": "505",
        "addr:postcode": "120505",
        "addr:street": "West Coast Drive",
        "addr:unit": "#01-210",
        "amenity": "fast_food",
        "branch": "West Coast",
        "brand": "Domino's",
        "brand:wikidata": "Q839466",
        "brand:wikipedia": "en:Domino's Pizza",
        "cuisine": "pizza",
        "name": "Domino's",
        "opening_hours": "10:30-23:00",
        "takeaway": "yes",
        "website": "https://www.dominos.com.sg/"
      },
      "geometry": {
        "type": "Point",
        "coordinates": [
          103.7600281,
          1.3122651
        ]
      },
      "id": "node/4747914898"
    },
    {
      "type": "Feature",
      "properties": {
        "@id": "node/4749181559",
        "addr:street": "Kim Keat Road",
        "amenity": "fast_food",
        "cuisine": "pizza",
        "name": "Canadian Pizza",
        "source": "Kaart Ground Survey 2017"
      },
      "geometry": {
        "type": "Point",
        "coordinates": [
          103.8527653,
          1.3239382
        ]
      },
      "id": "node/4749181559"
    },
    {
      "type": "Feature",
      "properties": {
        "@id": "node/4749426424",
        "addr:housenumber": "601",
        "addr:street": "Balestier Road",
        "air_conditioning": "yes",
        "amenity": "fast_food",
        "capacity": "4",
        "check_date": "2024-09-12",
        "cuisine": "fried_chicken",
        "diet:halal": "only",
        "drive_through": "no",
        "indoor_seating": "no",
        "level": "0",
        "name": "4Fingers  Crispy Chicken",
        "opening_hours": "10:00-23:00",
        "outdoor_seating": "no",
        "takeaway": "yes",
        "wheelchair": "no"
      },
      "geometry": {
        "type": "Point",
        "coordinates": [
          103.8433886,
          1.3263941
        ]
      },
      "id": "node/4749426424"
    },
    {
      "type": "Feature",
      "properties": {
        "@id": "node/4836072442",
        "addr:city": "Singapore",
        "addr:country": "SG",
        "addr:housenumber": "1",
        "addr:postcode": "545078",
        "addr:street": "Sengkang Square",
        "amenity": "fast_food",
        "branch": "Compass One",
        "brand": "McDonald's",
        "brand:en": "McDonald's",
        "brand:wikidata": "Q38076",
        "brand:wikipedia": "en:McDonald's",
        "brand:zh": "麦当劳",
        "brand:zh-Hans": "麦当劳",
        "cuisine": "burger",
        "delivery": "yes",
        "facebook": "https://www.facebook.com/mcdsg/",
        "internet_access": "yes",
        "level": "-1",
        "name": "McDonald's",
        "name:en": "McDonald's",
        "name:zh": "麦当劳",
        "name:zh-Hans": "麦当劳",
        "opening_hours": "07:00-22:30",
        "self_service": "yes",
        "smoking": "no",
        "takeaway": "yes",
        "website": "https://www.mcdonalds.com.sg"
      },
      "geometry": {
        "type": "Point",
        "coordinates": [
          103.8952432,
          1.392401
        ]
      },
      "id": "node/4836072442"
    },
    {
      "type": "Feature",
      "properties": {
        "@id": "node/4836072445",
        "addr:city": "Singapore",
        "addr:country": "SG",
        "addr:housenumber": "1",
        "addr:postcode": "545078",
        "addr:street": "Sengkang Square",
        "addr:unit": "20",
        "amenity": "fast_food",
        "branch": "Compass One",
        "brand": "Subway",
        "brand:wikidata": "Q244457",
        "brand:wikipedia": "en:Subway (restaurant)",
        "check_date": "2026-01-18",
        "cuisine": "sandwich",
        "drive_through": "no",
        "level": "0",
        "name": "Subway",
        "name:zh": "赛百味",
        "opening_hours": "Su-Fr 08:00-22:00; Sa 08:00-18:00",
        "outdoor_seating": "no",
        "phone": "+65 6386 3702",
        "smoking": "no",
        "takeaway": "yes",
        "website": "https://www.subway.com/"
      },
      "geometry": {
        "type": "Point",
        "coordinates": [
          103.8952904,
          1.3920852
        ]
      },
      "id": "node/4836072445"
    },
    {
      "type": "Feature",
      "properties": {
        "@id": "node/4836072447",
        "addr:city": "Singapore",
        "addr:country": "SG",
        "addr:housenumber": "1",
        "addr:postcode": "545078",
        "addr:street": "Sengkang Square",
        "amenity": "fast_food",
        "branch": "Compass One",
        "brand": "Burger King",
        "brand:wikidata": "Q177054",
        "brand:wikipedia": "en:Burger King",
        "cuisine": "burger",
        "facebook": "https://www.facebook.com/BurgerKingSG/",
        "internet_access": "no",
        "level": "-1",
        "name": "Burger King",
        "name:en": "Burger King",
        "name:zh": "汉堡王",
        "opening_hours": "08:00-22:30",
        "phone": "+65 6385 4178",
        "self_service": "yes",
        "smoking": "no",
        "takeaway": "yes",
        "website": "http://www.burgerking.com.sg"
      },
      "geometry": {
        "type": "Point",
        "coordinates": [
          103.8953305,
          1.3923931
        ]
      },
      "id": "node/4836072447"
    },
    {
      "type": "Feature",
      "properties": {
        "@id": "node/4836072448",
        "addr:city": "Singapore",
        "addr:country": "SG",
        "addr:housenumber": "1",
        "addr:postcode": "545078",
        "addr:street": "Sengkang Square",
        "amenity": "fast_food",
        "branch": "Compass One",
        "brand": "Yoshinoya",
        "brand:en": "Yoshinoya",
        "brand:ja": "吉野家",
        "brand:wikidata": "Q776272",
        "brand:wikipedia": "ja:吉野家",
        "cuisine": "beef_bowl",
        "internet_access": "no",
        "level": "0",
        "name": "Yoshinoya",
        "name:en": "Yoshinoya",
        "name:ja": "吉野家",
        "opening_hours": "10:00-22:00",
        "self_service": "yes",
        "smoking": "no",
        "takeaway": "yes",
        "website": "https://yoshinoya.com.sg/"
      },
      "geometry": {
        "type": "Point",
        "coordinates": [
          103.8946112,
          1.3917937
        ]
      },
      "id": "node/4836072448"
    },
    {
      "type": "Feature",
      "properties": {
        "@id": "node/4836072449",
        "addr:city": "Singapore",
        "addr:country": "SG",
        "addr:housenumber": "1",
        "addr:postcode": "545078",
        "addr:street": "Sengkang Square",
        "amenity": "fast_food",
        "branch": "Compass One",
        "brand": "摩斯漢堡",
        "brand:en": "MOS Burger",
        "brand:wikidata": "Q1204169",
        "brand:wikipedia": "zh:摩斯漢堡",
        "brand:zh": "摩斯漢堡",
        "cuisine": "burger",
        "internet_access": "no",
        "level": "0",
        "name": "MOS Burger",
        "name:en": "MOS Burger",
        "name:zh": "摩斯漢堡",
        "opening_hours": "09:30-22:30",
        "phone": "+65 6384 6106",
        "smoking": "no",
        "takeaway": "yes",
        "website": "https://www.mosburger.com.sg/",
        "wheelchair": "yes"
      },
      "geometry": {
        "type": "Point",
        "coordinates": [
          103.8950203,
          1.3925273
        ]
      },
      "id": "node/4836072449"
    },
    {
      "type": "Feature",
      "properties": {
        "@id": "node/4836072450",
        "addr:city": "Singapore",
        "addr:country": "SG",
        "addr:housenumber": "1",
        "addr:postcode": "545078",
        "addr:street": "Sengkang Square",
        "addr:unit": "15",
        "alt_name": "Kentucky Fried Chicken",
        "amenity": "fast_food",
        "branch": "Compass One",
        "brand": "KFC",
        "brand:en": "KFC",
        "brand:wikidata": "Q524757",
        "brand:wikipedia": "en:KFC",
        "brand:zh": "肯德基",
        "cuisine": "chicken",
        "level": "-1",
        "name": "KFC",
        "name:en": "KFC",
        "name:zh": "肯德基",
        "opening_hours": "08:00-22:00",
        "phone": "+65 6386 3570",
        "self_service": "yes",
        "smoking": "no",
        "takeaway": "yes",
        "website": "https://www.kfc.com.sg"
      },
      "geometry": {
        "type": "Point",
        "coordinates": [
          103.8953232,
          1.3923384
        ]
      },
      "id": "node/4836072450"
    },
    {
      "type": "Feature",
      "properties": {
        "@id": "node/4837878622",
        "addr:city": "Singapore",
        "addr:country": "SG",
        "addr:housenumber": "18",
        "addr:postcode": "539775",
        "addr:street": "Tai Seng Street",
        "addr:unit": "#01-31/31 & K7",
        "amenity": "fast_food",
        "brand": "Long John Silver's",
        "brand:wikidata": "Q1535221",
        "brand:wikipedia": "en:Long John Silver's",
        "cuisine": "seafood",
        "level": "1",
        "name": "Long John Silver's",
        "takeaway": "yes",
        "website": "https://www.longjohnsilvers.com.sg/"
      },
      "geometry": {
        "type": "Point",
        "coordinates": [
          103.8889897,
          1.3359439
        ]
      },
      "id": "node/4837878622"
    },
    {
      "type": "Feature",
      "properties": {
        "@id": "node/4837878646",
        "addr:city": "Singapore",
        "addr:country": "SG",
        "addr:housenumber": "51",
        "addr:postcode": "529684",
        "addr:street": "Tampines Avenue 4",
        "addr:unit": "#B1-K1/K2/K22",
        "amenity": "fast_food",
        "brand": "Yoshinoya",
        "brand:en": "Yoshinoya",
        "brand:wikidata": "Q776272",
        "cuisine": "beef_bowl",
        "drive_through": "no",
        "name": "Yoshinoya",
        "name:en": "Yoshinoya",
        "name:ja": "吉野家",
        "phone": "+65 63866952",
        "takeaway": "yes",
        "website": "https://www.heisushi.com/"
      },
      "geometry": {
        "type": "Point",
        "coordinates": [
          103.9402585,
          1.3534023
        ]
      },
      "id": "node/4837878646"
    },
    {
      "type": "Feature",
      "properties": {
        "@id": "node/4837878649",
        "addr:city": "Singapore",
        "addr:country": "SG",
        "addr:housenumber": "2",
        "addr:postcode": "609601",
        "addr:street": "Jurong East Street 21",
        "amenity": "fast_food",
        "brand": "McDonald's",
        "brand:en": "McDonald's",
        "brand:wikidata": "Q38076",
        "brand:wikipedia": "en:McDonald's",
        "brand:zh": "麦当劳",
        "cuisine": "burger",
        "name": "McDonald's",
        "name:en": "McDonald's",
        "name:zh": "麦当劳",
        "name:zh-Hans": "麦当劳",
        "takeaway": "yes"
      },
      "geometry": {
        "type": "Point",
        "coordinates": [
          103.746041,
          1.3351169
        ]
      },
      "id": "node/4837878649"
    },
    {
      "type": "Feature",
      "properties": {
        "@id": "node/4883488035",
        "addr:street": "Tampines Street 32",
        "amenity": "fast_food",
        "brand": "麦当劳",
        "brand:en": "McDonald's",
        "brand:wikidata": "Q38076",
        "brand:wikipedia": "en:McDonald's",
        "brand:zh": "麦当劳",
        "brand:zh-Hans": "麦当劳",
        "cuisine": "burger",
        "name": "McDonald's",
        "name:en": "McDonald's",
        "name:zh": "麦当劳",
        "name:zh-Hans": "麦当劳",
        "takeaway": "yes"
      },
      "geometry": {
        "type": "Point",
        "coordinates": [
          103.9595792,
          1.3540635
        ]
      },
      "id": "node/4883488035"
    },
    {
      "type": "Feature",
      "properties": {
        "@id": "node/4883490429",
        "amenity": "fast_food",
        "branch": "Tampines East Community Club",
        "brand": "McDonald's",
        "brand:en": "McDonald's",
        "brand:wikidata": "Q38076",
        "brand:wikipedia": "en:McDonald's",
        "brand:zh": "麦当劳",
        "brand:zh-Hans": "麦当劳",
        "cuisine": "burger",
        "delivery": "yes",
        "drive_through": "no",
        "name": "McDonald's",
        "name:en": "McDonald's",
        "name:zh": "麦当劳",
        "name:zh-Hans": "麦当劳",
        "opening_hours": "24/7",
        "outdoor_seating": "yes",
        "smoking": "no",
        "takeaway": "yes"
      },
      "geometry": {
        "type": "Point",
        "coordinates": [
          103.9544495,
          1.3533328
        ]
      },
      "id": "node/4883490429"
    },
    {
      "type": "Feature",
      "properties": {
        "@id": "node/4912365921",
        "addr:city": "Singapore",
        "addr:housenumber": "6",
        "addr:postcode": "059817",
        "addr:street": "Eu Tong Sen Street",
        "amenity": "fast_food",
        "cuisine": "burger;pizza;salad",
        "diet:vegan": "only",
        "diet:vegetarian": "only",
        "level": "2",
        "name": "nomVnom Bistro",
        "opening_hours": "Mo-Su 10:00-20:00",
        "organic": "yes",
        "toilets:wheelchair": "no",
        "website": "http://nomVnom.com",
        "wheelchair": "yes"
      },
      "geometry": {
        "type": "Point",
        "coordinates": [
          103.8466921,
          1.2892475
        ]
      },
      "id": "node/4912365921"
    },
    {
      "type": "Feature",
      "properties": {
        "@id": "node/4943333484",
        "alt_name": "Kentucky Fried Chicken",
        "amenity": "fast_food",
        "brand": "KFC",
        "brand:wikidata": "Q524757",
        "brand:wikipedia": "en:KFC",
        "cuisine": "chicken",
        "name": "KFC",
        "name:zh": "肯德基",
        "takeaway": "yes"
      },
      "geometry": {
        "type": "Point",
        "coordinates": [
          103.7498113,
          1.3657834
        ]
      },
      "id": "node/4943333484"
    },
    {
      "type": "Feature",
      "properties": {
        "@id": "node/4966235997",
        "addr:city": "Singapore",
        "addr:country": "SG",
        "addr:housenumber": "253",
        "addr:postcode": "680253",
        "addr:street": "Choa Chu Kang Avenue 1",
        "addr:unit": "#01-01",
        "amenity": "fast_food",
        "branch": "Choa Chu Kang",
        "brand": "Domino's",
        "brand:wikidata": "Q839466",
        "brand:wikipedia": "en:Domino's Pizza",
        "cuisine": "pizza",
        "name": "Domino's",
        "opening_hours": "10:30-23:00",
        "takeaway": "yes",
        "website": "https://www.dominos.com.sg/"
      },
      "geometry": {
        "type": "Point",
        "coordinates": [
          103.7445718,
          1.3769944
        ]
      },
      "id": "node/4966235997"
    },
    {
      "type": "Feature",
      "properties": {
        "@id": "node/4967834212",
        "addr:city": "Singapore",
        "addr:housenumber": "1",
        "addr:postcode": "545078",
        "addr:street": "Sengkang Square",
        "addr:unit": "01",
        "amenity": "fast_food",
        "branch": "Compass One",
        "brand": "Pepper Lunch",
        "brand:wikidata": "Q1016072",
        "brand:wikipedia": "en:Pepper Lunch",
        "cuisine": "teppanyaki",
        "level": "-1",
        "name": "Pepper Lunch",
        "opening_hours": "Mo-Su 10:00-22:00",
        "phone": "+65 6385 9841",
        "smoking": "no",
        "takeaway": "yes",
        "website": "https://www.pepperlunch.com.sg/"
      },
      "geometry": {
        "type": "Point",
        "coordinates": [
          103.8947774,
          1.3921865
        ]
      },
      "id": "node/4967834212"
    },
    {
      "type": "Feature",
      "properties": {
        "@id": "node/4967834213",
        "addr:city": "Singapore",
        "addr:housenumber": "1",
        "addr:postcode": "545078",
        "addr:street": "Sengkang Square",
        "amenity": "fast_food",
        "branch": "Compass One",
        "check_date": "2025-10-22",
        "contact:instagram": "https://www.instagram.com/rollwithmakisan/",
        "cuisine": "japanese;sushi;salad",
        "delivery": "yes",
        "email": "moshimoshi@rollwithmakisan.com",
        "facebook": "https://www.facebook.com/rollwithmakisan/",
        "level": "0",
        "name": "Maki-San",
        "opening_hours": "Su-Th 11:30-21:30; PH -1 day,Fr-Sa 11:30-22:00",
        "outdoor_seating": "no",
        "phone": "+65 8218 4204",
        "smoking": "no",
        "takeaway": "yes",
        "website": "http://www.rollwithmakisan.com/"
      },
      "geometry": {
        "type": "Point",
        "coordinates": [
          103.8948471,
          1.3919961
        ]
      },
      "id": "node/4967834213"
    },
    {
      "type": "Feature",
      "properties": {
        "@id": "node/4979137828",
        "addr:postcode": "409387",
        "amenity": "fast_food",
        "name": "Le Chasseur",
        "name:en": "Le Chasseur",
        "name:zh": "樂食幹砂煲飯",
        "phone": "+65 6337 7677"
      },
      "geometry": {
        "type": "Point",
        "coordinates": [
          103.8995784,
          1.3207537
        ]
      },
      "id": "node/4979137828"
    },
    {
      "type": "Feature",
      "properties": {
        "@id": "node/4992526221",
        "alt_name": "Kentucky Fried Chicken",
        "amenity": "fast_food",
        "brand": "肯德基",
        "brand:en": "KFC",
        "brand:wikidata": "Q524757",
        "brand:wikipedia": "en:KFC",
        "brand:zh": "肯德基",
        "cuisine": "chicken",
        "name": "肯德基",
        "name:en": "KFC",
        "name:zh": "肯德基",
        "takeaway": "yes"
      },
      "geometry": {
        "type": "Point",
        "coordinates": [
          103.9600853,
          1.3540657
        ]
      },
      "id": "node/4992526221"
    },
    {
      "type": "Feature",
      "properties": {
        "@id": "node/5038009623",
        "amenity": "fast_food",
        "name": "Kim Choo Kueh Chang",
        "name:en": "Kim Choo Kueh Chang",
        "wheelchair": "yes"
      },
      "geometry": {
        "type": "Point",
        "coordinates": [
          103.9045436,
          1.3058066
        ]
      },
      "id": "node/5038009623"
    },
    {
      "type": "Feature",
      "properties": {
        "@id": "node/5040225372",
        "amenity": "fast_food",
        "cuisine": "chinese",
        "level": "0",
        "name": "Guangdong Porridge",
        "outdoor_seating": "yes",
        "takeaway": "yes"
      },
      "geometry": {
        "type": "Point",
        "coordinates": [
          103.841617,
          1.2790696
        ]
      },
      "id": "node/5040225372"
    },
    {
      "type": "Feature",
      "properties": {
        "@id": "node/5040225374",
        "amenity": "fast_food",
        "cuisine": "indian",
        "level": "0",
        "name": "Yed & deen",
        "outdoor_seating": "yes",
        "takeaway": "yes"
      },
      "geometry": {
        "type": "Point",
        "coordinates": [
          103.8415996,
          1.2791077
        ]
      },
      "id": "node/5040225374"
    },
    {
      "type": "Feature",
      "properties": {
        "@id": "node/5055589383",
        "amenity": "fast_food",
        "cuisine": "seafood",
        "internet_access:fee": "no",
        "level": "0",
        "name": "添福珍寶莆田海鮮",
        "outdoor_seating": "yes",
        "smoking": "no"
      },
      "geometry": {
        "type": "Point",
        "coordinates": [
          103.859903,
          1.3109442
        ]
      },
      "id": "node/5055589383"
    },
    {
      "type": "Feature",
      "properties": {
        "@id": "node/5157074476",
        "amenity": "fast_food",
        "brand": "Long John Silver's",
        "brand:wikidata": "Q1535221",
        "brand:wikipedia": "en:Long John Silver's",
        "cuisine": "seafood",
        "level": "0",
        "name": "Long John Silver's",
        "takeaway": "yes",
        "wheelchair": "yes"
      },
      "geometry": {
        "type": "Point",
        "coordinates": [
          103.8927877,
          1.3186856
        ]
      },
      "id": "node/5157074476"
    },
    {
      "type": "Feature",
      "properties": {
        "@id": "node/5157074479",
        "amenity": "fast_food",
        "brand": "Carl's Jr.",
        "brand:wikidata": "Q1043486",
        "brand:wikipedia": "en:Carl's Jr.",
        "cuisine": "burger",
        "level": "2",
        "name": "Carl's Jr.",
        "takeaway": "yes",
        "wheelchair": "yes"
      },
      "geometry": {
        "type": "Point",
        "coordinates": [
          103.8937265,
          1.3186183
        ]
      },
      "id": "node/5157074479"
    },
    {
      "type": "Feature",
      "properties": {
        "@id": "node/5195384744",
        "addr:city": "Singapore",
        "addr:housenumber": "120",
        "addr:postcode": "519640",
        "addr:street": "Pasir Ris Central",
        "addr:unit": "01-12",
        "air_conditioning": "yes",
        "amenity": "fast_food",
        "brand": "McDonald's",
        "brand:en": "McDonald's",
        "brand:wikidata": "Q38076",
        "brand:wikipedia": "en:McDonald's",
        "brand:zh": "麦当劳",
        "brand:zh-Hans": "麦当劳",
        "cuisine": "burger",
        "delivery": "yes",
        "drive_through": "yes",
        "name": "McDonald's",
        "name:en": "McDonald's",
        "name:zh": "麦当劳",
        "name:zh-Hans": "麦当劳",
        "opening_hours": "24/7",
        "outdoor_seating": "no",
        "phone": "+65 6584 0949",
        "smoking": "no",
        "takeaway": "yes",
        "website": "https://www.mcdonalds.com.sg/",
        "wheelchair": "yes"
      },
      "geometry": {
        "type": "Point",
        "coordinates": [
          103.9515336,
          1.3741881
        ]
      },
      "id": "node/5195384744"
    },
    {
      "type": "Feature",
      "properties": {
        "@id": "node/5226089667",
        "amenity": "fast_food",
        "brand": "Subway",
        "brand:wikidata": "Q244457",
        "brand:wikipedia": "en:Subway (restaurant)",
        "cuisine": "sandwich",
        "indoor_seating": "yes",
        "name": "Subway",
        "name:zh": "赛百味",
        "outdoor_seating": "yes",
        "takeaway": "yes",
        "wheelchair": "no"
      },
      "geometry": {
        "type": "Point",
        "coordinates": [
          103.8496312,
          1.2975217
        ]
      },
      "id": "node/5226089667"
    },
    {
      "type": "Feature",
      "properties": {
        "@id": "node/5265296287",
        "amenity": "fast_food",
        "cuisine": "japanese;sushi",
        "level": "0",
        "name": "争鲜Gogo",
        "takeaway": "only"
      },
      "geometry": {
        "type": "Point",
        "coordinates": [
          103.8935834,
          1.3716078
        ]
      },
      "id": "node/5265296287"
    },
    {
      "type": "Feature",
      "properties": {
        "@id": "node/5265296301",
        "amenity": "fast_food",
        "brand": "Pepper Lunch",
        "brand:wikidata": "Q1016072",
        "brand:wikipedia": "en:Pepper Lunch",
        "cuisine": "teppanyaki",
        "level": "-1",
        "name": "Pepper Lunch",
        "takeaway": "yes"
      },
      "geometry": {
        "type": "Point",
        "coordinates": [
          103.8939275,
          1.372314
        ]
      },
      "id": "node/5265296301"
    },
    {
      "type": "Feature",
      "properties": {
        "@id": "node/5265451725",
        "amenity": "fast_food",
        "brand": "Subway",
        "brand:wikidata": "Q244457",
        "cuisine": "sandwich",
        "level": "0",
        "name": "Subway",
        "name:zh": "赛百味",
        "takeaway": "yes",
        "wheelchair": "yes"
      },
      "geometry": {
        "type": "Point",
        "coordinates": [
          103.882911,
          1.3750192
        ]
      },
      "id": "node/5265451725"
    },
    {
      "type": "Feature",
      "properties": {
        "@id": "node/5287324038",
        "amenity": "fast_food",
        "brand": "肯德基",
        "brand:en": "KFC",
        "brand:wikidata": "Q524757",
        "brand:wikipedia": "en:KFC",
        "brand:zh": "肯德基",
        "cuisine": "chicken",
        "name": "肯德基",
        "name:en": "KFC",
        "name:zh": "肯德基",
        "takeaway": "yes",
        "wheelchair": "limited"
      },
      "geometry": {
        "type": "Point",
        "coordinates": [
          103.8934807,
          1.3821812
        ]
      },
      "id": "node/5287324038"
    },
    {
      "type": "Feature",
      "properties": {
        "@id": "node/5344943422",
        "amenity": "fast_food"
      },
      "geometry": {
        "type": "Point",
        "coordinates": [
          103.8515718,
          1.2807564
        ]
      },
      "id": "node/5344943422"
    },
    {
      "type": "Feature",
      "properties": {
        "@id": "node/5442605724",
        "amenity": "fast_food",
        "brand": "Long John Silver's",
        "brand:wikidata": "Q1535221",
        "brand:wikipedia": "en:Long John Silver's",
        "cuisine": "seafood",
        "name": "Long John Silver's",
        "takeaway": "yes"
      },
      "geometry": {
        "type": "Point",
        "coordinates": [
          103.800877,
          1.4400275
        ]
      },
      "id": "node/5442605724"
    },
    {
      "type": "Feature",
      "properties": {
        "@id": "node/5455869827",
        "amenity": "fast_food",
        "name": "Coffee hut"
      },
      "geometry": {
        "type": "Point",
        "coordinates": [
          103.8568778,
          1.3076095
        ]
      },
      "id": "node/5455869827"
    },
    {
      "type": "Feature",
      "properties": {
        "@id": "node/5458627121",
        "amenity": "fast_food",
        "name": "LiHO here somewhere"
      },
      "geometry": {
        "type": "Point",
        "coordinates": [
          103.8483408,
          1.2830784
        ]
      },
      "id": "node/5458627121"
    },
    {
      "type": "Feature",
      "properties": {
        "@id": "node/5469774650",
        "amenity": "fast_food",
        "name": "Happy Hawkers",
        "name:en": "Happy Hawkers"
      },
      "geometry": {
        "type": "Point",
        "coordinates": [
          103.9087016,
          1.4047243
        ]
      },
      "id": "node/5469774650"
    },
    {
      "type": "Feature",
      "properties": {
        "@id": "node/5473002042",
        "addr:city": "Singapore",
        "amenity": "fast_food",
        "check_date": "2025-12-18",
        "level": "0",
        "name": "Jinjja Chicken"
      },
      "geometry": {
        "type": "Point",
        "coordinates": [
          103.8540605,
          1.2999534
        ]
      },
      "id": "node/5473002042"
    },
    {
      "type": "Feature",
      "properties": {
        "@id": "node/5474435681",
        "amenity": "fast_food",
        "cuisine": "italian;pizza",
        "name": "Gustoso"
      },
      "geometry": {
        "type": "Point",
        "coordinates": [
          103.7653089,
          1.3141752
        ]
      },
      "id": "node/5474435681"
    },
    {
      "type": "Feature",
      "properties": {
        "@id": "node/5476863824",
        "amenity": "fast_food",
        "check_date": "2025-06-03",
        "level": "1",
        "name": "Pulut Tai Tai",
        "smoking": "no",
        "takeaway": "yes",
        "wheelchair": "yes"
      },
      "geometry": {
        "type": "Point",
        "coordinates": [
          103.6968533,
          1.3377393
        ]
      },
      "id": "node/5476863824"
    },
    {
      "type": "Feature",
      "properties": {
        "@id": "node/5484076747",
        "amenity": "fast_food",
        "name": "Paradise Gastronomy",
        "wheelchair": "yes"
      },
      "geometry": {
        "type": "Point",
        "coordinates": [
          103.8536017,
          1.3018822
        ]
      },
      "id": "node/5484076747"
    },
    {
      "type": "Feature",
      "properties": {
        "@id": "node/5484076751",
        "addr:city": "Singapore",
        "addr:housenumber": "60",
        "addr:postcode": "189969",
        "addr:street": "Albert Street",
        "amenity": "fast_food",
        "brand": "Subway",
        "brand:wikidata": "Q244457",
        "brand:wikipedia": "en:Subway (restaurant)",
        "cuisine": "sandwich",
        "level": "-1",
        "name": "Subway",
        "name:zh": "赛百味",
        "takeaway": "yes",
        "wheelchair": "no"
      },
      "geometry": {
        "type": "Point",
        "coordinates": [
          103.8527107,
          1.3029006
        ]
      },
      "id": "node/5484076751"
    },
    {
      "type": "Feature",
      "properties": {
        "@id": "node/5484076756",
        "amenity": "fast_food",
        "cuisine": "chinese",
        "name": "Rong Kee Delights",
        "outdoor_seating": "yes",
        "takeaway": "yes"
      },
      "geometry": {
        "type": "Point",
        "coordinates": [
          103.8532865,
          1.3004423
        ]
      },
      "id": "node/5484076756"
    },
    {
      "type": "Feature",
      "properties": {
        "@id": "node/5484076759",
        "amenity": "fast_food",
        "name": "ChangCheng mi Wah",
        "outdoor_seating": "yes",
        "smoking": "dedicated",
        "takeaway": "yes"
      },
      "geometry": {
        "type": "Point",
        "coordinates": [
          103.8533281,
          1.3004244
        ]
      },
      "id": "node/5484076759"
    },
    {
      "type": "Feature",
      "properties": {
        "@id": "node/5484076760",
        "amenity": "fast_food",
        "cuisine": "chicken;chinese",
        "name": "New Rong Liang Ge Cantonese Roasted Duck Double Boiled Soup",
        "outdoor_seating": "yes",
        "takeaway": "yes"
      },
      "geometry": {
        "type": "Point",
        "coordinates": [
          103.8536186,
          1.3001477
        ]
      },
      "id": "node/5484076760"
    },
    {
      "type": "Feature",
      "properties": {
        "@id": "node/5515378637",
        "amenity": "fast_food",
        "level": "1",
        "name": "Pastamania",
        "opening_hours": "Mo-Su 11:00-20:00"
      },
      "geometry": {
        "type": "Point",
        "coordinates": [
          103.8871801,
          1.3966315
        ]
      },
      "id": "node/5515378637"
    },
    {
      "type": "Feature",
      "properties": {
        "@id": "node/5540541721",
        "addr:housenumber": "#05-11",
        "addr:postcode": "415934",
        "addr:street": "Kaki Bukit Road 1",
        "amenity": "fast_food",
        "cuisine": "chinese;regional;chicken;curry;local;asian",
        "name": "Golden Pillow 933",
        "opening_hours": "Mo-Su 09:00-21:00",
        "phone": "+6563238933"
      },
      "geometry": {
        "type": "Point",
        "coordinates": [
          103.9027802,
          1.3332423
        ]
      },
      "id": "node/5540541721"
    },
    {
      "type": "Feature",
      "properties": {
        "@id": "node/5540572021",
        "addr:housenumber": "#01-K99",
        "addr:postcode": "059108",
        "addr:street": "Park Road",
        "amenity": "fast_food",
        "cuisine": "chinese",
        "name": "Duck Master",
        "name:zh": "鴨師傅",
        "opening_hours": "Mo-Su 10:30-21:00"
      },
      "geometry": {
        "type": "Point",
        "coordinates": [
          103.8429834,
          1.2843651
        ]
      },
      "id": "node/5540572021"
    },
    {
      "type": "Feature",
      "properties": {
        "@id": "node/5560862542",
        "amenity": "fast_food",
        "cuisine": "cafe",
        "name": "Green Croft"
      },
      "geometry": {
        "type": "Point",
        "coordinates": [
          103.8524055,
          1.2771431
        ]
      },
      "id": "node/5560862542"
    },
    {
      "type": "Feature",
      "properties": {
        "@id": "node/5599585522",
        "amenity": "fast_food",
        "name": "Eat"
      },
      "geometry": {
        "type": "Point",
        "coordinates": [
          103.8929127,
          1.3189769
        ]
      },
      "id": "node/5599585522"
    },
    {
      "type": "Feature",
      "properties": {
        "@id": "node/5599585523",
        "amenity": "fast_food",
        "brand": "Jollibee",
        "brand:wikidata": "Q37614",
        "brand:wikipedia": "en:Jollibee",
        "cuisine": "burger",
        "name": "Jollibee",
        "takeaway": "yes",
        "wheelchair": "yes"
      },
      "geometry": {
        "type": "Point",
        "coordinates": [
          103.892937,
          1.3188921
        ]
      },
      "id": "node/5599585523"
    },
    {
      "type": "Feature",
      "properties": {
        "@id": "node/5644580948",
        "alt_name": "Kentucky Fried Chicken",
        "amenity": "fast_food",
        "brand": "KFC",
        "brand:en": "KFC",
        "brand:wikidata": "Q524757",
        "brand:zh": "肯德基",
        "cuisine": "chicken",
        "name": "KFC",
        "name:en": "KFC",
        "name:zh": "肯德基",
        "takeaway": "yes",
        "wheelchair": "no"
      },
      "geometry": {
        "type": "Point",
        "coordinates": [
          103.845872,
          1.370751
        ]
      },
      "id": "node/5644580948"
    },
    {
      "type": "Feature",
      "properties": {
        "@id": "node/5648975401",
        "addr:city": "Singapore",
        "addr:housenumber": "2",
        "addr:street": "Clementi West Street 2",
        "amenity": "fast_food",
        "brand": "Burger King",
        "brand:wikidata": "Q177054",
        "brand:wikipedia": "en:Burger King",
        "cuisine": "burger",
        "drive_through": "no",
        "name": "Burger King",
        "name:en": "Burger King",
        "name:zh": "汉堡王",
        "opening_hours": "Mo-Su 08:00-22:00",
        "operator": "Burger King",
        "outdoor_seating": "no",
        "takeaway": "yes"
      },
      "geometry": {
        "type": "Point",
        "coordinates": [
          103.7650612,
          1.3027818
        ]
      },
      "id": "node/5648975401"
    },
    {
      "type": "Feature",
      "properties": {
        "@id": "node/5661727633",
        "amenity": "fast_food",
        "cuisine": "kebab",
        "name": "Salad & Kebab Corner"
      },
      "geometry": {
        "type": "Point",
        "coordinates": [
          103.8488154,
          1.2834006
        ]
      },
      "id": "node/5661727633"
    },
    {
      "type": "Feature",
      "properties": {
        "@id": "node/5679746035",
        "amenity": "fast_food"
      },
      "geometry": {
        "type": "Point",
        "coordinates": [
          103.8484031,
          1.2812538
        ]
      },
      "id": "node/5679746035"
    },
    {
      "type": "Feature",
      "properties": {
        "@id": "node/5679780626",
        "amenity": "fast_food",
        "name": "food china town near"
      },
      "geometry": {
        "type": "Point",
        "coordinates": [
          103.848395,
          1.2812649
        ]
      },
      "id": "node/5679780626"
    },
    {
      "type": "Feature",
      "properties": {
        "@id": "node/5680501905",
        "amenity": "fast_food",
        "check_date": "2022-12-11",
        "cuisine": "mexican",
        "name": "Guzman y Gomez"
      },
      "geometry": {
        "type": "Point",
        "coordinates": [
          103.8135903,
          1.322515
        ]
      },
      "id": "node/5680501905"
    },
    {
      "type": "Feature",
      "properties": {
        "@id": "node/5696237821",
        "amenity": "fast_food",
        "brand": "麦当劳",
        "brand:en": "McDonald's",
        "brand:wikidata": "Q38076",
        "brand:wikipedia": "en:McDonald's",
        "brand:zh": "麦当劳",
        "brand:zh-Hans": "麦当劳",
        "cuisine": "burger",
        "delivery": "yes",
        "drive_through": "yes",
        "name": "McDonald's",
        "name:en": "McDonald's",
        "name:zh": "麦当劳",
        "name:zh-Hans": "麦当劳",
        "opening_hours": "24/7",
        "operator": "McDonald's",
        "smoking": "no",
        "takeaway": "yes"
      },
      "geometry": {
        "type": "Point",
        "coordinates": [
          103.9477703,
          1.3492927
        ]
      },
      "id": "node/5696237821"
    },
    {
      "type": "Feature",
      "properties": {
        "@id": "node/5808854455",
        "amenity": "fast_food",
        "cuisine": "burger",
        "level": "0",
        "wheelchair": "yes"
      },
      "geometry": {
        "type": "Point",
        "coordinates": [
          103.876515,
          1.3019475
        ]
      },
      "id": "node/5808854455"
    },
    {
      "type": "Feature",
      "properties": {
        "@id": "node/5808854462",
        "amenity": "fast_food",
        "brand": "Subway",
        "brand:wikidata": "Q244457",
        "brand:wikipedia": "en:Subway (restaurant)",
        "cuisine": "sandwich",
        "level": "0",
        "name": "Subway",
        "name:zh": "赛百味",
        "takeaway": "yes",
        "wheelchair": "yes"
      },
      "geometry": {
        "type": "Point",
        "coordinates": [
          103.8769555,
          1.3024368
        ]
      },
      "id": "node/5808854462"
    },
    {
      "type": "Feature",
      "properties": {
        "@id": "node/5808854474",
        "amenity": "fast_food",
        "brand": "Long John Silver's",
        "brand:wikidata": "Q1535221",
        "brand:wikipedia": "en:Long John Silver's",
        "cuisine": "seafood",
        "level": "0",
        "name": "Long John Silver's",
        "takeaway": "yes"
      },
      "geometry": {
        "type": "Point",
        "coordinates": [
          103.8767042,
          1.302033
        ]
      },
      "id": "node/5808854474"
    },
    {
      "type": "Feature",
      "properties": {
        "@id": "node/5813931537",
        "amenity": "fast_food",
        "brand": "Subway",
        "brand:wikidata": "Q244457",
        "cuisine": "sandwich",
        "level": "-1",
        "name": "Subway",
        "name:zh": "赛百味",
        "opening_hours": "Mo-Fr 08:30-21:30; Sa,Su 10:00-21:30; PH 08:30-21:30",
        "takeaway": "yes",
        "website": "https://www.subway.com"
      },
      "geometry": {
        "type": "Point",
        "coordinates": [
          103.9400084,
          1.3535523
        ]
      },
      "id": "node/5813931537"
    },
    {
      "type": "Feature",
      "properties": {
        "@id": "node/5825269280",
        "amenity": "fast_food",
        "brand": "Secret Recipe",
        "brand:wikidata": "Q7444079",
        "cuisine": "cake;malaysian",
        "level": "4",
        "name": "Secret Recipe",
        "takeaway": "yes",
        "wheelchair": "yes"
      },
      "geometry": {
        "type": "Point",
        "coordinates": [
          103.8449609,
          1.3004991
        ]
      },
      "id": "node/5825269280"
    },
    {
      "type": "Feature",
      "properties": {
        "@id": "node/5828042286",
        "amenity": "fast_food",
        "brand": "麦当劳",
        "brand:en": "McDonald's",
        "brand:wikidata": "Q38076",
        "brand:wikipedia": "zh:麦当劳",
        "brand:zh": "麦当劳",
        "brand:zh-Hans": "麦当劳",
        "cuisine": "burger",
        "name": "McDonald's",
        "name:en": "McDonald's",
        "name:zh": "麦当劳",
        "name:zh-Hans": "麦当劳",
        "opening_hours": "Mo-Th, Su, PH 06:00-02:00; Fr, Sa 00:00-24:00",
        "takeaway": "yes"
      },
      "geometry": {
        "type": "Point",
        "coordinates": [
          103.7489009,
          1.3781178
        ]
      },
      "id": "node/5828042286"
    },
    {
      "type": "Feature",
      "properties": {
        "@id": "node/5850832733",
        "amenity": "fast_food",
        "level": "0",
        "name": "Poke Doke"
      },
      "geometry": {
        "type": "Point",
        "coordinates": [
          103.8596553,
          1.2935765
        ]
      },
      "id": "node/5850832733"
    },
    {
      "type": "Feature",
      "properties": {
        "@id": "node/5863483185",
        "amenity": "fast_food",
        "cuisine": "asian",
        "name": "Food corner",
        "name:es": "Comida callejera"
      },
      "geometry": {
        "type": "Point",
        "coordinates": [
          103.8566905,
          1.3074798
        ]
      },
      "id": "node/5863483185"
    },
    {
      "type": "Feature",
      "properties": {
        "@id": "node/5865350923",
        "addr:city": "Singapore",
        "addr:housenumber": "632",
        "addr:postcode": "470632",
        "addr:street": "Bedok Reservoir Road",
        "alt_name": "Kentucky Fried Chicken",
        "amenity": "fast_food",
        "brand": "肯德基",
        "brand:en": "KFC",
        "brand:wikidata": "Q524757",
        "brand:wikipedia": "en:KFC",
        "brand:zh": "肯德基",
        "cuisine": "chicken",
        "drive_through": "no",
        "name": "肯德基",
        "name:en": "KFC",
        "name:zh": "肯德基",
        "outdoor_seating": "no",
        "takeaway": "yes"
      },
      "geometry": {
        "type": "Point",
        "coordinates": [
          103.9136248,
          1.3328039
        ]
      },
      "id": "node/5865350923"
    },
    {
      "type": "Feature",
      "properties": {
        "@id": "node/5883303672",
        "amenity": "fast_food",
        "cuisine": "kebab;mexican;turkish",
        "level": "-2",
        "name": "stuff'd",
        "takeaway": "only",
        "wheelchair": "yes"
      },
      "geometry": {
        "type": "Point",
        "coordinates": [
          103.901724,
          1.4068187
        ]
      },
      "id": "node/5883303672"
    },
    {
      "type": "Feature",
      "properties": {
        "@id": "node/5909205685",
        "amenity": "fast_food",
        "name": "Big Bowls Project",
        "opening_hours": "Mo-Fr 11:30-14:00"
      },
      "geometry": {
        "type": "Point",
        "coordinates": [
          103.8468049,
          1.2795201
        ]
      },
      "id": "node/5909205685"
    },
    {
      "type": "Feature",
      "properties": {
        "@id": "node/5924056452",
        "amenity": "fast_food",
        "brand": "麦当劳",
        "brand:en": "McDonald's",
        "brand:wikidata": "Q38076",
        "brand:wikipedia": "en:McDonald's",
        "brand:zh": "麦当劳",
        "brand:zh-Hans": "麦当劳",
        "cuisine": "burger",
        "level": "0",
        "name": "McDonald's",
        "name:en": "McDonald's",
        "name:zh": "麦当劳",
        "name:zh-Hans": "麦当劳",
        "takeaway": "yes",
        "wheelchair": "yes"
      },
      "geometry": {
        "type": "Point",
        "coordinates": [
          103.8274757,
          1.2865108
        ]
      },
      "id": "node/5924056452"
    },
    {
      "type": "Feature",
      "properties": {
        "@id": "node/5924056460",
        "amenity": "fast_food",
        "brand": "Subway",
        "brand:wikidata": "Q244457",
        "brand:wikipedia": "en:Subway (restaurant)",
        "cuisine": "sandwich",
        "level": "0",
        "name": "Subway",
        "name:zh": "赛百味",
        "takeaway": "yes"
      },
      "geometry": {
        "type": "Point",
        "coordinates": [
          103.8278349,
          1.2862613
        ]
      },
      "id": "node/5924056460"
    },
    {
      "type": "Feature",
      "properties": {
        "@id": "node/5924056461",
        "amenity": "fast_food",
        "name": "Soup Spoon"
      },
      "geometry": {
        "type": "Point",
        "coordinates": [
          103.8277694,
          1.2862755
        ]
      },
      "id": "node/5924056461"
    },
    {
      "type": "Feature",
      "properties": {
        "@id": "node/5924056462",
        "amenity": "fast_food",
        "level": "0",
        "name": "4FINGERS"
      },
      "geometry": {
        "type": "Point",
        "coordinates": [
          103.8276987,
          1.2862914
        ]
      },
      "id": "node/5924056462"
    },
    {
      "type": "Feature",
      "properties": {
        "@id": "node/5924056469",
        "alt_name": "Kentucky Fried Chicken",
        "amenity": "fast_food",
        "brand": "KFC",
        "brand:en": "KFC",
        "brand:wikidata": "Q524757",
        "brand:wikipedia": "en:KFC",
        "brand:zh": "肯德基",
        "cuisine": "chicken",
        "level": "-1",
        "name": "KFC",
        "name:en": "KFC",
        "name:zh": "肯德基",
        "takeaway": "yes",
        "wheelchair": "yes"
      },
      "geometry": {
        "type": "Point",
        "coordinates": [
          103.8274137,
          1.2865231
        ]
      },
      "id": "node/5924056469"
    },
    {
      "type": "Feature",
      "properties": {
        "@id": "node/5924056470",
        "amenity": "fast_food",
        "brand": "摩斯漢堡",
        "brand:en": "MOS Burger",
        "brand:wikidata": "Q1204169",
        "brand:zh": "摩斯漢堡",
        "cuisine": "burger",
        "name": "MOS Burger",
        "name:en": "MOS Burger",
        "name:zh": "摩斯漢堡",
        "takeaway": "yes"
      },
      "geometry": {
        "type": "Point",
        "coordinates": [
          103.8272421,
          1.2865125
        ]
      },
      "id": "node/5924056470"
    },
    {
      "type": "Feature",
      "properties": {
        "@id": "node/5942836030",
        "amenity": "fast_food",
        "brand": "Subway",
        "brand:wikidata": "Q244457",
        "brand:wikipedia": "en:Subway (restaurant)",
        "cuisine": "sandwich",
        "level": "1",
        "name": "Subway",
        "name:zh": "赛百味",
        "takeaway": "yes"
      },
      "geometry": {
        "type": "Point",
        "coordinates": [
          103.8721922,
          1.3507029
        ]
      },
      "id": "node/5942836030"
    },
    {
      "type": "Feature",
      "properties": {
        "@id": "node/5942836039",
        "alt_name": "Church's Chicken",
        "amenity": "fast_food",
        "brand": "Texas Chicken",
        "brand:wikidata": "Q1089932",
        "cuisine": "chicken",
        "level": "3",
        "name": "Texas Chicken",
        "takeaway": "yes"
      },
      "geometry": {
        "type": "Point",
        "coordinates": [
          103.8726454,
          1.3507234
        ]
      },
      "id": "node/5942836039"
    },
    {
      "type": "Feature",
      "properties": {
        "@id": "node/5942836056",
        "amenity": "fast_food",
        "level": "3",
        "name": "Nene Chicken"
      },
      "geometry": {
        "type": "Point",
        "coordinates": [
          103.8724858,
          1.3508487
        ]
      },
      "id": "node/5942836056"
    },
    {
      "type": "Feature",
      "properties": {
        "@id": "node/5951170492",
        "amenity": "fast_food",
        "brand": "Burger King",
        "brand:wikidata": "Q177054",
        "brand:wikipedia": "en:Burger King",
        "cuisine": "burger",
        "level": "-1",
        "name": "Burger King",
        "name:en": "Burger King",
        "name:zh": "汉堡王",
        "takeaway": "yes"
      },
      "geometry": {
        "type": "Point",
        "coordinates": [
          103.8730375,
          1.3501975
        ]
      },
      "id": "node/5951170492"
    },
    {
      "type": "Feature",
      "properties": {
        "@id": "node/5951170508",
        "alt_name": "Kentucky Fried Chicken",
        "amenity": "fast_food",
        "brand": "肯德基",
        "brand:en": "KFC",
        "brand:wikidata": "Q524757",
        "brand:wikipedia": "en:KFC",
        "brand:zh": "肯德基",
        "cuisine": "chicken",
        "level": "-1",
        "name": "肯德基",
        "name:en": "KFC",
        "name:zh": "肯德基",
        "takeaway": "yes"
      },
      "geometry": {
        "type": "Point",
        "coordinates": [
          103.8730747,
          1.3501719
        ]
      },
      "id": "node/5951170508"
    },
    {
      "type": "Feature",
      "properties": {
        "@id": "node/5951170515",
        "amenity": "fast_food",
        "brand": "Yoshinoya",
        "brand:en": "Yoshinoya",
        "brand:wikidata": "Q776272",
        "brand:wikipedia": "ja:吉野家",
        "cuisine": "beef_bowl",
        "level": "-1",
        "name": "Yoshinoya",
        "name:en": "Yoshinoya",
        "name:ja": "吉野家",
        "takeaway": "yes",
        "wheelchair": "yes"
      },
      "geometry": {
        "type": "Point",
        "coordinates": [
          103.87318,
          1.3500733
        ]
      },
      "id": "node/5951170515"
    },
    {
      "type": "Feature",
      "properties": {
        "@id": "node/5963355785",
        "amenity": "fast_food",
        "brand": "Jollibee",
        "brand:wikidata": "Q37614",
        "brand:wikipedia": "en:Jollibee",
        "cuisine": "burger",
        "level": "0",
        "name": "Jollibee",
        "takeaway": "yes"
      },
      "geometry": {
        "type": "Point",
        "coordinates": [
          103.9630449,
          1.3342506
        ]
      },
      "id": "node/5963355785"
    },
    {
      "type": "Feature",
      "properties": {
        "@id": "node/5974136144",
        "addr:city": "Singapore",
        "addr:housenumber": "148",
        "addr:postcode": "350148",
        "addr:street": "Potong Pasir Avenue 1",
        "amenity": "fast_food",
        "brand": "McDonald's",
        "brand:en": "McDonald's",
        "brand:wikidata": "Q38076",
        "brand:wikipedia": "en:McDonald's",
        "brand:zh": "麦当劳",
        "brand:zh-Hans": "麦当劳",
        "cuisine": "burger",
        "delivery": "yes",
        "diet:halal": "yes",
        "drive_through": "no",
        "name": "McDonald's",
        "name:en": "McDonald's",
        "name:zh": "麦当劳",
        "name:zh-Hans": "麦当劳",
        "opening_hours": "Mo-Su 07:00-23:00",
        "operator": "MacDonald",
        "outdoor_seating": "yes",
        "smoking": "outside",
        "takeaway": "yes",
        "wheelchair": "yes"
      },
      "geometry": {
        "type": "Point",
        "coordinates": [
          103.8678801,
          1.3327737
        ]
      },
      "id": "node/5974136144"
    },
    {
      "type": "Feature",
      "properties": {
        "@id": "node/6012281623",
        "alt_name": "Kentucky Fried Chicken",
        "amenity": "fast_food",
        "brand": "肯德基",
        "brand:en": "KFC",
        "brand:wikidata": "Q524757",
        "brand:wikipedia": "en:KFC",
        "brand:zh": "肯德基",
        "cuisine": "chicken",
        "level": "1",
        "name": "肯德基",
        "name:en": "KFC",
        "name:zh": "肯德基",
        "takeaway": "yes",
        "toilets:wheelchair": "no",
        "wheelchair": "yes"
      },
      "geometry": {
        "type": "Point",
        "coordinates": [
          103.8484038,
          1.3503478
        ]
      },
      "id": "node/6012281623"
    },
    {
      "type": "Feature",
      "properties": {
        "@id": "node/6012281632",
        "amenity": "fast_food",
        "brand:wikidata": "Q23043391",
        "level": "0",
        "name": "4Fingers Crispy Chicken",
        "takeaway": "yes",
        "toilets:wheelchair": "no",
        "wheelchair": "yes"
      },
      "geometry": {
        "type": "Point",
        "coordinates": [
          103.8482765,
          1.3502031
        ]
      },
      "id": "node/6012281632"
    },
    {
      "type": "Feature",
      "properties": {
        "@id": "node/6012281643",
        "amenity": "fast_food",
        "brand": "栄寿司",
        "brand:en": "Sakae Sushi",
        "brand:ja": "栄寿司",
        "brand:wikidata": "Q14955169",
        "cuisine": "japanese",
        "level": "-1",
        "name": "栄寿司",
        "name:en": "Sakae Sushi",
        "name:ja": "栄寿司",
        "takeaway": "yes",
        "wheelchair": "yes"
      },
      "geometry": {
        "type": "Point",
        "coordinates": [
          103.8486681,
          1.3510408
        ]
      },
      "id": "node/6012281643"
    },
    {
      "type": "Feature",
      "properties": {
        "@id": "node/6012281646",
        "amenity": "fast_food",
        "brand": "Subway",
        "brand:wikidata": "Q244457",
        "brand:wikipedia": "en:Subway (restaurant)",
        "cuisine": "sandwich",
        "level": "0",
        "name": "Subway",
        "name:zh": "赛百味",
        "takeaway": "yes",
        "wheelchair": "yes"
      },
      "geometry": {
        "type": "Point",
        "coordinates": [
          103.8482603,
          1.3501048
        ]
      },
      "id": "node/6012281646"
    },
    {
      "type": "Feature",
      "properties": {
        "@id": "node/6012281647",
        "amenity": "fast_food",
        "brand": "麦当劳",
        "brand:en": "McDonald's",
        "brand:wikidata": "Q38076",
        "brand:wikipedia": "en:McDonald's",
        "brand:zh": "麦当劳",
        "brand:zh-Hans": "麦当劳",
        "cuisine": "burger",
        "level": "0",
        "name": "McDonald's",
        "name:en": "McDonald's",
        "name:zh": "麦当劳",
        "name:zh-Hans": "麦当劳",
        "takeaway": "yes",
        "toilets:wheelchair": "no",
        "wheelchair": "yes"
      },
      "geometry": {
        "type": "Point",
        "coordinates": [
          103.848388,
          1.3502711
        ]
      },
      "id": "node/6012281647"
    },
    {
      "type": "Feature",
      "properties": {
        "@id": "node/6012281650",
        "amenity": "fast_food",
        "brand": "Long John Silver's",
        "brand:wikidata": "Q1535221",
        "brand:wikipedia": "en:Long John Silver's",
        "cuisine": "seafood",
        "level": "0",
        "name": "Long John Silver's",
        "takeaway": "yes",
        "toilets:wheelchair": "no",
        "wheelchair": "yes"
      },
      "geometry": {
        "type": "Point",
        "coordinates": [
          103.8483568,
          1.3500824
        ]
      },
      "id": "node/6012281650"
    },
    {
      "type": "Feature",
      "properties": {
        "@id": "node/6012281651",
        "amenity": "fast_food",
        "brand": "摩斯漢堡",
        "brand:en": "MOS Burger",
        "brand:wikidata": "Q1204169",
        "brand:zh": "摩斯漢堡",
        "cuisine": "burger",
        "level": "0",
        "name": "MOS Burger",
        "name:en": "MOS Burger",
        "name:zh": "摩斯漢堡",
        "takeaway": "yes",
        "toilets:wheelchair": "no",
        "wheelchair": "yes"
      },
      "geometry": {
        "type": "Point",
        "coordinates": [
          103.8483722,
          1.3501913
        ]
      },
      "id": "node/6012281651"
    },
    {
      "type": "Feature",
      "properties": {
        "@id": "node/6016984313",
        "amenity": "fast_food",
        "level": "0",
        "name": "Mr Bean",
        "name:zh": "豆先生",
        "takeaway": "only",
        "wheelchair": "yes"
      },
      "geometry": {
        "type": "Point",
        "coordinates": [
          103.8929279,
          1.3953136
        ]
      },
      "id": "node/6016984313"
    },
    {
      "type": "Feature",
      "properties": {
        "@id": "node/6035808889",
        "amenity": "fast_food",
        "name": "Selera Rasa Nasi Lemak"
      },
      "geometry": {
        "type": "Point",
        "coordinates": [
          103.8141232,
          1.3240762
        ]
      },
      "id": "node/6035808889"
    },
    {
      "type": "Feature",
      "properties": {
        "@id": "node/6128474785",
        "amenity": "fast_food",
        "brand": "Old Chang Kee",
        "brand:en": "Old Chang Kee",
        "brand:wikidata": "Q17005286",
        "brand:zh": "老曾记",
        "cuisine": "snacks;singaporean",
        "indoor_seating": "no",
        "name": "Old Chang Kee",
        "name:en": "Old Chang Kee",
        "name:zh": "老曾记",
        "outdoor_seating": "no",
        "takeaway": "only"
      },
      "geometry": {
        "type": "Point",
        "coordinates": [
          103.8182564,
          1.2513823
        ]
      },
      "id": "node/6128474785"
    },
    {
      "type": "Feature",
      "properties": {
        "@id": "node/6144079547",
        "amenity": "fast_food",
        "brand": "Burger King",
        "brand:wikidata": "Q177054",
        "brand:wikipedia": "en:Burger King",
        "cuisine": "burger",
        "name": "Burger King",
        "name:en": "Burger King",
        "name:zh": "汉堡王",
        "takeaway": "yes"
      },
      "geometry": {
        "type": "Point",
        "coordinates": [
          103.8014021,
          1.2741544
        ]
      },
      "id": "node/6144079547"
    },
    {
      "type": "Feature",
      "properties": {
        "@id": "node/6144079549",
        "alt_name": "Kentucky Fried Chicken",
        "amenity": "fast_food",
        "brand": "KFC",
        "brand:en": "KFC",
        "brand:wikidata": "Q524757",
        "brand:wikipedia": "en:KFC",
        "brand:zh": "肯德基",
        "cuisine": "chicken",
        "name": "KFC",
        "name:en": "KFC",
        "name:zh": "肯德基",
        "takeaway": "yes"
      },
      "geometry": {
        "type": "Point",
        "coordinates": [
          103.8014521,
          1.2742859
        ]
      },
      "id": "node/6144079549"
    },
    {
      "type": "Feature",
      "properties": {
        "@id": "node/6164092292",
        "amenity": "fast_food",
        "name": "Shiraz Kebabs",
        "wheelchair": "yes"
      },
      "geometry": {
        "type": "Point",
        "coordinates": [
          103.8285748,
          1.3064157
        ]
      },
      "id": "node/6164092292"
    },
    {
      "type": "Feature",
      "properties": {
        "@id": "node/6197774740",
        "addr:city": "Singapore",
        "addr:housenumber": "391A",
        "addr:postcode": "238873",
        "addr:street": "Orchard Road",
        "air_conditioning": "yes",
        "amenity": "fast_food",
        "cuisine": "juice",
        "level": "-2",
        "name": "Coconut Queen",
        "outdoor_seating": "no",
        "takeaway": "only"
      },
      "geometry": {
        "type": "Point",
        "coordinates": [
          103.8349839,
          1.3026933
        ]
      },
      "id": "node/6197774740"
    },
    {
      "type": "Feature",
      "properties": {
        "@id": "node/6197774741",
        "amenity": "fast_food",
        "level": "-2",
        "name": "SAPPORO Petit Doughnut",
        "takeaway": "only"
      },
      "geometry": {
        "type": "Point",
        "coordinates": [
          103.8350219,
          1.3027488
        ]
      },
      "id": "node/6197774741"
    },
    {
      "type": "Feature",
      "properties": {
        "@id": "node/6197774756",
        "alt_name": "Kentucky Fried Chicken",
        "amenity": "fast_food",
        "brand": "KFC",
        "brand:wikidata": "Q524757",
        "brand:wikipedia": "en:KFC",
        "cuisine": "chicken",
        "level": "-1",
        "name": "KFC",
        "name:zh": "肯德基",
        "takeaway": "yes",
        "wheelchair": "yes"
      },
      "geometry": {
        "type": "Point",
        "coordinates": [
          103.8344017,
          1.302656
        ]
      },
      "id": "node/6197774756"
    },
    {
      "type": "Feature",
      "properties": {
        "@id": "node/6212980050",
        "amenity": "fast_food",
        "brand": "老曾记",
        "brand:en": "Old Chang Kee",
        "brand:wikidata": "Q17005286",
        "brand:wikipedia": "en:Old Chang Kee",
        "brand:zh": "老曾记",
        "check_date": "2023-06-23",
        "cuisine": "snacks",
        "level": "0",
        "name": "Old Chang Kee",
        "name:en": "Old Chang Kee",
        "name:zh": "老曾记",
        "takeaway": "only",
        "wheelchair": "yes"
      },
      "geometry": {
        "type": "Point",
        "coordinates": [
          103.8936808,
          1.3720458
        ]
      },
      "id": "node/6212980050"
    },
    {
      "type": "Feature",
      "properties": {
        "@id": "node/6212980060",
        "amenity": "fast_food",
        "level": "0",
        "name": "Asam Tree",
        "takeaway": "only",
        "wheelchair": "yes"
      },
      "geometry": {
        "type": "Point",
        "coordinates": [
          103.8940041,
          1.3719498
        ]
      },
      "id": "node/6212980060"
    },
    {
      "type": "Feature",
      "properties": {
        "@id": "node/6212980062",
        "amenity": "fast_food",
        "check_date": "2023-06-23",
        "level": "0",
        "name": "Wok Hey",
        "takeaway": "only",
        "wheelchair": "yes"
      },
      "geometry": {
        "type": "Point",
        "coordinates": [
          103.8937138,
          1.3720718
        ]
      },
      "id": "node/6212980062"
    },
    {
      "type": "Feature",
      "properties": {
        "@id": "node/6259508985",
        "addr:city": "Singapore",
        "addr:country": "SG",
        "addr:housenumber": "574",
        "addr:postcode": "560574",
        "addr:street": "Ang Mo Kio Avenue 10",
        "addr:unit": "#01-1827",
        "amenity": "fast_food",
        "branch": "Ang Mo Kio Avenue 10",
        "brand": "Domino's",
        "brand:wikidata": "Q839466",
        "cuisine": "pizza",
        "name": "Domino's",
        "opening_hours": "10:30-23:00",
        "takeaway": "yes",
        "website": "https://www.dominos.com.sg/"
      },
      "geometry": {
        "type": "Point",
        "coordinates": [
          103.8564782,
          1.3706604
        ]
      },
      "id": "node/6259508985"
    },
    {
      "type": "Feature",
      "properties": {
        "@id": "node/6259519055",
        "addr:city": "Singapore",
        "addr:country": "SG",
        "addr:housenumber": "218",
        "addr:postcode": "460218",
        "addr:street": "Bedok North Street 1",
        "addr:unit": "#01-15",
        "amenity": "fast_food",
        "branch": "Bedok",
        "brand": "Domino's",
        "brand:wikidata": "Q839466",
        "cuisine": "pizza",
        "name": "Domino's",
        "takeaway": "yes",
        "website": "https://www.dominos.com.sg/"
      },
      "geometry": {
        "type": "Point",
        "coordinates": [
          103.9347283,
          1.327458
        ]
      },
      "id": "node/6259519055"
    },
    {
      "type": "Feature",
      "properties": {
        "@id": "node/6259556447",
        "addr:city": "Singapore",
        "addr:country": "SG",
        "addr:housenumber": "161",
        "addr:postcode": "150161",
        "addr:street": "Bukit Merah Central",
        "addr:unit": "#01-3725",
        "amenity": "fast_food",
        "branch": "Bukit Merah",
        "brand": "Domino's",
        "brand:wikidata": "Q839466",
        "cuisine": "pizza",
        "name": "Domino's",
        "opening_hours": "10:30-23:00",
        "takeaway": "yes",
        "website": "https://www.dominos.com.sg/"
      },
      "geometry": {
        "type": "Point",
        "coordinates": [
          103.815955,
          1.2838114
        ]
      },
      "id": "node/6259556447"
    },
    {
      "type": "Feature",
      "properties": {
        "@id": "node/6259576097",
        "amenity": "fast_food",
        "cuisine": "pizza",
        "name": "Sarpinos Pizza"
      },
      "geometry": {
        "type": "Point",
        "coordinates": [
          103.816009,
          1.2840259
        ]
      },
      "id": "node/6259576097"
    },
    {
      "type": "Feature",
      "properties": {
        "@id": "node/6259722365",
        "addr:city": "Singapore",
        "addr:country": "SG",
        "addr:housename": "Crown Centre",
        "addr:housenumber": "557",
        "addr:postcode": "269694",
        "addr:street": "Bukit Timah Road",
        "addr:unit": "#01-04/05",
        "amenity": "fast_food",
        "branch": "Crown Centre",
        "brand": "Domino's",
        "brand:wikidata": "Q839466",
        "check_date:opening_hours": "2024-04-28",
        "cuisine": "pizza",
        "name": "Domino's",
        "opening_hours": "10:30-23:00",
        "takeaway": "yes",
        "website": "https://www.dominos.com.sg/"
      },
      "geometry": {
        "type": "Point",
        "coordinates": [
          103.8112481,
          1.3231261
        ]
      },
      "id": "node/6259722365"
    },
    {
      "type": "Feature",
      "properties": {
        "@id": "node/6259727797",
        "addr:city": "Singapore",
        "addr:country": "SG",
        "addr:housename": "Hillview Community Club",
        "addr:housenumber": "1",
        "addr:postcode": "667970",
        "addr:street": "Hillview Rise",
        "addr:unit": "#01-03",
        "amenity": "fast_food",
        "branch": "Hillview",
        "brand": "Domino's",
        "brand:wikidata": "Q839466",
        "brand:wikipedia": "en:Domino's Pizza",
        "check_date:opening_hours": "2024-04-24",
        "cuisine": "pizza",
        "name": "Domino's",
        "opening_hours": "10:30-23:00",
        "takeaway": "yes",
        "website": "https://www.dominos.com.sg/"
      },
      "geometry": {
        "type": "Point",
        "coordinates": [
          103.7643092,
          1.3617966
        ]
      },
      "id": "node/6259727797"
    },
    {
      "type": "Feature",
      "properties": {
        "@id": "node/6259736859",
        "addr:city": "Singapore",
        "addr:country": "SG",
        "addr:housenumber": "42",
        "addr:postcode": "270042",
        "addr:street": "Holland Drive",
        "addr:unit": "#01-81",
        "amenity": "fast_food",
        "branch": "Holland",
        "brand": "Domino's",
        "brand:wikidata": "Q839466",
        "brand:wikipedia": "en:Domino's Pizza",
        "cuisine": "pizza",
        "name": "Domino's",
        "opening_hours": "10:30-23:00",
        "takeaway": "yes",
        "website": "https://www.dominos.com.sg/"
      },
      "geometry": {
        "type": "Point",
        "coordinates": [
          103.7929045,
          1.3078388
        ]
      },
      "id": "node/6259736859"
    },
    {
      "type": "Feature",
      "properties": {
        "@id": "node/6259750352",
        "addr:city": "Singapore",
        "addr:country": "SG",
        "addr:housenumber": "233",
        "addr:postcode": "799457",
        "addr:street": "Jalan Kayu",
        "amenity": "fast_food",
        "branch": "Jalan Kayu",
        "brand": "Domino's",
        "brand:wikidata": "Q839466",
        "cuisine": "pizza",
        "name": "Domino's",
        "opening_hours": "10:30-23:00",
        "takeaway": "yes",
        "website": "https://www.dominos.com.sg/"
      },
      "geometry": {
        "type": "Point",
        "coordinates": [
          103.872852,
          1.3960781
        ]
      },
      "id": "node/6259750352"
    },
    {
      "type": "Feature",
      "properties": {
        "@id": "node/6259753000",
        "addr:city": "Singapore",
        "addr:country": "SG",
        "addr:housenumber": "1",
        "addr:postcode": "629117",
        "addr:street": "Joon Koon Circle",
        "addr:unit": "#03-23/24",
        "amenity": "fast_food",
        "branch": "Joo Koon",
        "brand": "Domino's",
        "brand:wikidata": "Q839466",
        "brand:wikipedia": "en:Domino's Pizza",
        "capacity": "26",
        "cuisine": "pizza",
        "drive_through": "no",
        "level": "2",
        "name": "Domino's",
        "opening_hours": "Mo-Su 11:00-23:30",
        "takeaway": "yes",
        "website": "https://www.dominos.com.sg/"
      },
      "geometry": {
        "type": "Point",
        "coordinates": [
          103.6786745,
          1.3270772
        ]
      },
      "id": "node/6259753000"
    },
    {
      "type": "Feature",
      "properties": {
        "@id": "node/6259779131",
        "addr:country": "SG",
        "addr:postcode": "600202",
        "addr:unit": "#01-115",
        "amenity": "fast_food",
        "branch": "Jurong East",
        "brand": "Domino's",
        "brand:wikidata": "Q839466",
        "brand:wikipedia": "en:Domino's Pizza",
        "cuisine": "pizza",
        "name": "Domino's",
        "opening_hours": "10:30-23:00",
        "takeaway": "yes",
        "website": "https://www.dominos.com.sg/"
      },
      "geometry": {
        "type": "Point",
        "coordinates": [
          103.7429027,
          1.3367172
        ]
      },
      "id": "node/6259779131"
    },
    {
      "type": "Feature",
      "properties": {
        "@id": "node/6259785861",
        "addr:city": "Singapore",
        "addr:country": "SG",
        "addr:housenumber": "216",
        "addr:postcode": "569897",
        "addr:street": "Ang Mo Kio Avenue 4",
        "amenity": "fast_food",
        "branch": "Kebun Baru",
        "brand": "Domino's",
        "brand:wikidata": "Q839466",
        "brand:wikipedia": "en:Domino's Pizza",
        "cuisine": "pizza",
        "name": "Domino's",
        "opening_hours": "10:30-23:00",
        "takeaway": "yes",
        "website": "https://www.dominos.com.sg/"
      },
      "geometry": {
        "type": "Point",
        "coordinates": [
          103.8375914,
          1.3731006
        ]
      },
      "id": "node/6259785861"
    },
    {
      "type": "Feature",
      "properties": {
        "@id": "node/6259798717",
        "addr:city": "Singapore",
        "addr:country": "SG",
        "addr:housenumber": "73",
        "addr:postcode": "239528",
        "addr:street": "Killiney Road",
        "amenity": "fast_food",
        "branch": "Killiney",
        "brand": "Domino's",
        "brand:wikidata": "Q839466",
        "brand:wikipedia": "en:Domino's Pizza",
        "check_date": "2024-06",
        "cuisine": "pizza",
        "name": "Domino's",
        "opening_hours": "10:30-23:00",
        "phone": "+65 62354051",
        "takeaway": "yes",
        "website": "https://www.dominos.com.sg/"
      },
      "geometry": {
        "type": "Point",
        "coordinates": [
          103.8393549,
          1.2987184
        ]
      },
      "id": "node/6259798717"
    },
    {
      "type": "Feature",
      "properties": {
        "@id": "node/6259869783",
        "addr:city": "Singapore",
        "addr:country": "SG",
        "addr:housenumber": "369",
        "addr:postcode": "758382",
        "addr:street": "Sembawang Road",
        "amenity": "fast_food",
        "cuisine": "pizza",
        "name": "Canadian Pizza",
        "website": "https://www.canadian-pizza.com/"
      },
      "geometry": {
        "type": "Point",
        "coordinates": [
          103.8261019,
          1.4267954
        ]
      },
      "id": "node/6259869783"
    },
    {
      "type": "Feature",
      "properties": {
        "@id": "node/6259912951",
        "addr:city": "Singapore",
        "addr:country": "SG",
        "addr:housenumber": "918",
        "addr:postcode": "459111",
        "addr:street": "East Coast Road",
        "amenity": "fast_food",
        "branch": "Siglap",
        "brand": "Domino's",
        "brand:wikidata": "Q839466",
        "brand:wikipedia": "en:Domino's Pizza",
        "check_date": "2026-01-21",
        "check_date:opening_hours": "2026-01-21",
        "cuisine": "pizza",
        "name": "Domino's",
        "opening_hours": "10:30-23:00",
        "takeaway": "yes",
        "website": "https://www.dominos.com.sg/",
        "wheelchair": "no"
      },
      "geometry": {
        "type": "Point",
        "coordinates": [
          103.9247847,
          1.3123703
        ]
      },
      "id": "node/6259912951"
    },
    {
      "type": "Feature",
      "properties": {
        "@id": "node/6260001640",
        "addr:city": "Singapore",
        "addr:country": "SG",
        "addr:housenumber": "462",
        "addr:postcode": "520462",
        "addr:street": "Tampines Street 44",
        "addr:unit": "#01-76",
        "amenity": "fast_food",
        "branch": "Tampines",
        "brand": "Domino's",
        "brand:wikidata": "Q839466",
        "cuisine": "pizza",
        "name": "Domino's",
        "opening_hours": "10:30-23:00",
        "takeaway": "yes",
        "website": "https://www.dominos.com.sg/"
      },
      "geometry": {
        "type": "Point",
        "coordinates": [
          103.9551526,
          1.359267
        ]
      },
      "id": "node/6260001640"
    },
    {
      "type": "Feature",
      "properties": {
        "@id": "node/6260058889",
        "addr:city": "Singapore",
        "addr:country": "SG",
        "addr:housename": "Blangah Court",
        "addr:housenumber": "46",
        "addr:postcode": "100046",
        "addr:street": "Telok Blangah Drive",
        "addr:unit": "#01-81",
        "amenity": "fast_food",
        "branch": "Telok Blangah",
        "brand": "Domino's",
        "brand:wikidata": "Q839466",
        "cuisine": "pizza",
        "diet:halal": "only",
        "diet:vegetarian": "no",
        "name": "Domino's",
        "opening_hours": "10:30-23:00",
        "takeaway": "yes",
        "website": "https://www.dominos.com.sg/",
        "wheelchair": "no"
      },
      "geometry": {
        "type": "Point",
        "coordinates": [
          103.8099378,
          1.2715752
        ]
      },
      "id": "node/6260058889"
    },
    {
      "type": "Feature",
      "properties": {
        "@id": "node/6260139585",
        "amenity": "fast_food",
        "name": "Nene Chicken",
        "shop": "beauty"
      },
      "geometry": {
        "type": "Point",
        "coordinates": [
          103.8853746,
          1.3398033
        ]
      },
      "id": "node/6260139585"
    },
    {
      "type": "Feature",
      "properties": {
        "@id": "node/6260204895",
        "addr:city": "Singapore",
        "addr:country": "SG",
        "addr:housenumber": "166",
        "addr:postcode": "730166",
        "addr:street": "Woodlands Street 13",
        "addr:unit": "#02-525",
        "amenity": "fast_food",
        "branch": "Woodlands",
        "cuisine": "pizza",
        "name": "Domino's Pizza",
        "opening_hours": "10:30-23:00",
        "website": "https://www.dominos.com.sg/"
      },
      "geometry": {
        "type": "Point",
        "coordinates": [
          103.7754572,
          1.4341733
        ]
      },
      "id": "node/6260204895"
    },
    {
      "type": "Feature",
      "properties": {
        "@id": "node/6260206673",
        "addr:city": "Singapore",
        "addr:country": "SG",
        "addr:housename": "Nee Soon East Community Club",
        "addr:housenumber": "1",
        "addr:postcode": "768893",
        "addr:street": "Yishun Avenue 9",
        "addr:unit": "#01-03",
        "amenity": "fast_food",
        "branch": "Yishun",
        "brand": "Domino's",
        "brand:wikidata": "Q839466",
        "brand:wikipedia": "en:Domino's Pizza",
        "cuisine": "pizza",
        "name": "Domino's",
        "opening_hours": "10:30-23:00",
        "takeaway": "yes",
        "website": "https://www.dominos.com.sg/"
      },
      "geometry": {
        "type": "Point",
        "coordinates": [
          103.8385738,
          1.4304371
        ]
      },
      "id": "node/6260206673"
    },
    {
      "type": "Feature",
      "properties": {
        "@id": "node/6267395810",
        "amenity": "fast_food",
        "level": "3",
        "name": "Eighteen Chefs",
        "wheelchair": "yes"
      },
      "geometry": {
        "type": "Point",
        "coordinates": [
          103.8554658,
          1.2995518
        ]
      },
      "id": "node/6267395810"
    },
    {
      "type": "Feature",
      "properties": {
        "@id": "node/6267395812",
        "amenity": "fast_food",
        "level": "3",
        "name": "Big Fish Small Fish"
      },
      "geometry": {
        "type": "Point",
        "coordinates": [
          103.8555872,
          1.299422
        ]
      },
      "id": "node/6267395812"
    },
    {
      "type": "Feature",
      "properties": {
        "@id": "node/6267395816",
        "amenity": "fast_food",
        "brand": "Subway",
        "brand:wikidata": "Q244457",
        "brand:wikipedia": "en:Subway (restaurant)",
        "cuisine": "sandwich",
        "level": "-1",
        "name": "Subway",
        "name:zh": "赛百味",
        "takeaway": "yes",
        "wheelchair": "yes"
      },
      "geometry": {
        "type": "Point",
        "coordinates": [
          103.8554887,
          1.2993707
        ]
      },
      "id": "node/6267395816"
    },
    {
      "type": "Feature",
      "properties": {
        "@id": "node/6271033432",
        "amenity": "fast_food",
        "brand": "Secret Recipe",
        "brand:wikidata": "Q7444079",
        "cuisine": "cake;malaysian",
        "level": "1",
        "name": "Secret Recipe",
        "takeaway": "yes",
        "wheelchair": "yes"
      },
      "geometry": {
        "type": "Point",
        "coordinates": [
          103.822556,
          1.2637604
        ]
      },
      "id": "node/6271033432"
    },
    {
      "type": "Feature",
      "properties": {
        "@id": "node/6271033462",
        "amenity": "fast_food",
        "diet:vegetarian": "yes",
        "level": "0",
        "name": "Project Açaí",
        "wheelchair": "yes"
      },
      "geometry": {
        "type": "Point",
        "coordinates": [
          103.8224302,
          1.2634876
        ]
      },
      "id": "node/6271033462"
    },
    {
      "type": "Feature",
      "properties": {
        "@id": "node/6271033469",
        "amenity": "fast_food",
        "brand": "McDonald's",
        "brand:en": "McDonald's",
        "brand:wikidata": "Q38076",
        "brand:wikipedia": "en:McDonald's",
        "brand:zh": "麦当劳",
        "brand:zh-Hans": "麦当劳",
        "check_date": "2023-06-23",
        "cuisine": "burger",
        "level": "-2",
        "name": "McDonald's",
        "name:en": "McDonald's",
        "name:zh": "麦当劳",
        "name:zh-Hans": "麦当劳",
        "takeaway": "yes",
        "wheelchair": "yes"
      },
      "geometry": {
        "type": "Point",
        "coordinates": [
          103.8214606,
          1.2649958
        ]
      },
      "id": "node/6271033469"
    },
    {
      "type": "Feature",
      "properties": {
        "@id": "node/6271033471",
        "amenity": "fast_food",
        "brand": "Subway",
        "brand:wikidata": "Q244457",
        "brand:wikipedia": "en:Subway (restaurant)",
        "cuisine": "sandwich",
        "level": "-2",
        "name": "Subway",
        "name:zh": "赛百味",
        "takeaway": "yes",
        "wheelchair": "yes"
      },
      "geometry": {
        "type": "Point",
        "coordinates": [
          103.8219796,
          1.2647066
        ]
      },
      "id": "node/6271033471"
    },
    {
      "type": "Feature",
      "properties": {
        "@id": "node/6271039792",
        "amenity": "fast_food",
        "diet:vegetarian": "yes",
        "level": "1",
        "name": "Greendot",
        "name:zh": "绿一点"
      },
      "geometry": {
        "type": "Point",
        "coordinates": [
          103.821429,
          1.2635185
        ]
      },
      "id": "node/6271039792"
    },
    {
      "type": "Feature",
      "properties": {
        "@id": "node/6280694186",
        "amenity": "fast_food",
        "branch": "Gek Poh",
        "brand": "Subway",
        "brand:wikidata": "Q244457",
        "cuisine": "sandwich",
        "level": "1",
        "name": "Subway",
        "name:zh": "赛百味",
        "operator": "Subway",
        "takeaway": "yes"
      },
      "geometry": {
        "type": "Point",
        "coordinates": [
          103.6975962,
          1.3486551
        ]
      },
      "id": "node/6280694186"
    },
    {
      "type": "Feature",
      "properties": {
        "@id": "node/6304207421",
        "amenity": "fast_food",
        "name": "Khana Basmati"
      },
      "geometry": {
        "type": "Point",
        "coordinates": [
          103.8544521,
          1.3094568
        ]
      },
      "id": "node/6304207421"
    },
    {
      "type": "Feature",
      "properties": {
        "@id": "node/6313523686",
        "amenity": "fast_food",
        "brand": "Old Chang Kee",
        "brand:wikidata": "Q17005286",
        "cuisine": "snacks;singaporean",
        "name": "Old Chang Kee",
        "name:en": "Old Chang Kee",
        "name:zh": "老曾记",
        "takeaway": "yes",
        "wheelchair": "yes"
      },
      "geometry": {
        "type": "Point",
        "coordinates": [
          103.8445336,
          1.3002184
        ]
      },
      "id": "node/6313523686"
    },
    {
      "type": "Feature",
      "properties": {
        "@id": "node/6326059039",
        "amenity": "fast_food",
        "name": "Heng Heng",
        "ref": "31"
      },
      "geometry": {
        "type": "Point",
        "coordinates": [
          103.8396126,
          1.3119543
        ]
      },
      "id": "node/6326059039"
    },
    {
      "type": "Feature",
      "properties": {
        "@id": "node/6326059040",
        "amenity": "fast_food",
        "name": "BBQ Chicken",
        "ref": "30"
      },
      "geometry": {
        "type": "Point",
        "coordinates": [
          103.8396329,
          1.3119552
        ]
      },
      "id": "node/6326059040"
    },
    {
      "type": "Feature",
      "properties": {
        "@id": "node/6326059041",
        "amenity": "fast_food",
        "name": "Heng",
        "ref": "28"
      },
      "geometry": {
        "type": "Point",
        "coordinates": [
          103.8396688,
          1.3119591
        ]
      },
      "id": "node/6326059041"
    },
    {
      "type": "Feature",
      "properties": {
        "@id": "node/6326059042",
        "amenity": "fast_food",
        "name": "Al-Amin",
        "ref": "26"
      },
      "geometry": {
        "type": "Point",
        "coordinates": [
          103.8397008,
          1.3119618
        ]
      },
      "id": "node/6326059042"
    },
    {
      "type": "Feature",
      "properties": {
        "@id": "node/6326059043",
        "amenity": "fast_food",
        "name": "TKR",
        "ref": "25"
      },
      "geometry": {
        "type": "Point",
        "coordinates": [
          103.8397554,
          1.3119669
        ]
      },
      "id": "node/6326059043"
    },
    {
      "type": "Feature",
      "properties": {
        "@id": "node/6326059044",
        "amenity": "fast_food",
        "name": "Chan Chan",
        "ref": "24"
      },
      "geometry": {
        "type": "Point",
        "coordinates": [
          103.8397768,
          1.3119684
        ]
      },
      "id": "node/6326059044"
    },
    {
      "type": "Feature",
      "properties": {
        "@id": "node/6326059045",
        "amenity": "fast_food",
        "name": "Best Satay",
        "ref": "22"
      },
      "geometry": {
        "type": "Point",
        "coordinates": [
          103.8398167,
          1.3119707
        ]
      },
      "id": "node/6326059045"
    },
    {
      "type": "Feature",
      "properties": {
        "@id": "node/6326059046",
        "amenity": "fast_food",
        "cuisine": "seafood",
        "name": "Takara",
        "ref": "23"
      },
      "geometry": {
        "type": "Point",
        "coordinates": [
          103.8397973,
          1.3119695
        ]
      },
      "id": "node/6326059046"
    },
    {
      "type": "Feature",
      "properties": {
        "@id": "node/6326739579",
        "amenity": "fast_food",
        "cuisine": "chicken",
        "name": "R&B Express",
        "ref": "76"
      },
      "geometry": {
        "type": "Point",
        "coordinates": [
          103.8396186,
          1.3121596
        ]
      },
      "id": "node/6326739579"
    },
    {
      "type": "Feature",
      "properties": {
        "@id": "node/6326739580",
        "amenity": "fast_food",
        "name": "Indian Palace",
        "ref": "64"
      },
      "geometry": {
        "type": "Point",
        "coordinates": [
          103.8394183,
          1.3122427
        ]
      },
      "id": "node/6326739580"
    },
    {
      "type": "Feature",
      "properties": {
        "@id": "node/6326739581",
        "amenity": "fast_food",
        "name": "Sun Wah",
        "ref": "69"
      },
      "geometry": {
        "type": "Point",
        "coordinates": [
          103.8395213,
          1.3122697
        ]
      },
      "id": "node/6326739581"
    },
    {
      "type": "Feature",
      "properties": {
        "@id": "node/6326739582",
        "amenity": "fast_food",
        "name": "Hajah Monah",
        "ref": "83"
      },
      "geometry": {
        "type": "Point",
        "coordinates": [
          103.8397863,
          1.3120739
        ]
      },
      "id": "node/6326739582"
    },
    {
      "type": "Feature",
      "properties": {
        "@id": "node/6326739583",
        "amenity": "fast_food",
        "cuisine": "seafood",
        "name": "Pirate's",
        "ref": "56"
      },
      "geometry": {
        "type": "Point",
        "coordinates": [
          103.8393451,
          1.3121789
        ]
      },
      "id": "node/6326739583"
    },
    {
      "type": "Feature",
      "properties": {
        "@id": "node/6326739785",
        "amenity": "fast_food",
        "name": "Hanfa",
        "ref": "43"
      },
      "geometry": {
        "type": "Point",
        "coordinates": [
          103.8393295,
          1.3119842
        ]
      },
      "id": "node/6326739785"
    },
    {
      "type": "Feature",
      "properties": {
        "@id": "node/6326739786",
        "amenity": "fast_food",
        "name": "Yong Sung",
        "ref": "42"
      },
      "geometry": {
        "type": "Point",
        "coordinates": [
          103.8393952,
          1.3119356
        ]
      },
      "id": "node/6326739786"
    },
    {
      "type": "Feature",
      "properties": {
        "@id": "node/6326739787",
        "amenity": "fast_food",
        "name": "Oyster",
        "ref": "40"
      },
      "geometry": {
        "type": "Point",
        "coordinates": [
          103.8394224,
          1.3119384
        ]
      },
      "id": "node/6326739787"
    },
    {
      "type": "Feature",
      "properties": {
        "@id": "node/6326739789",
        "amenity": "fast_food",
        "ref": "36"
      },
      "geometry": {
        "type": "Point",
        "coordinates": [
          103.8394836,
          1.311944
        ]
      },
      "id": "node/6326739789"
    },
    {
      "type": "Feature",
      "properties": {
        "@id": "node/6326739791",
        "amenity": "fast_food",
        "cuisine": "seafood",
        "name": "All Best",
        "ref": "39"
      },
      "geometry": {
        "type": "Point",
        "coordinates": [
          103.8394371,
          1.3119398
        ]
      },
      "id": "node/6326739791"
    },
    {
      "type": "Feature",
      "properties": {
        "@id": "node/6326739793",
        "amenity": "fast_food",
        "name": "Happy Bak Kut Teh",
        "ref": "35"
      },
      "geometry": {
        "type": "Point",
        "coordinates": [
          103.8395006,
          1.3119452
        ]
      },
      "id": "node/6326739793"
    },
    {
      "type": "Feature",
      "properties": {
        "@id": "node/6326739797",
        "amenity": "fast_food",
        "cuisine": "seafood",
        "name": "Alliance",
        "ref": "27"
      },
      "geometry": {
        "type": "Point",
        "coordinates": [
          103.8396843,
          1.3119605
        ]
      },
      "id": "node/6326739797"
    },
    {
      "type": "Feature",
      "properties": {
        "@id": "node/6326739798",
        "amenity": "fast_food",
        "name": "Jauriah",
        "ref": "21"
      },
      "geometry": {
        "type": "Point",
        "coordinates": [
          103.83982,
          1.3118528
        ]
      },
      "id": "node/6326739798"
    },
    {
      "type": "Feature",
      "properties": {
        "@id": "node/6326739799",
        "amenity": "fast_food",
        "name": "Kwang Kee",
        "ref": "20"
      },
      "geometry": {
        "type": "Point",
        "coordinates": [
          103.8398025,
          1.3118517
        ]
      },
      "id": "node/6326739799"
    },
    {
      "type": "Feature",
      "properties": {
        "@id": "node/6326739800",
        "amenity": "fast_food",
        "name": "Stingray",
        "ref": "19"
      },
      "geometry": {
        "type": "Point",
        "coordinates": [
          103.8397833,
          1.3118502
        ]
      },
      "id": "node/6326739800"
    },
    {
      "type": "Feature",
      "properties": {
        "@id": "node/6326739804",
        "amenity": "fast_food",
        "name": "Kwang Huat",
        "ref": "15"
      },
      "geometry": {
        "type": "Point",
        "coordinates": [
          103.8396707,
          1.3118416
        ]
      },
      "id": "node/6326739804"
    },
    {
      "type": "Feature",
      "properties": {
        "@id": "node/6326739806",
        "amenity": "fast_food",
        "name": "Kwee Heng",
        "ref": "13"
      },
      "geometry": {
        "type": "Point",
        "coordinates": [
          103.8396358,
          1.3118402
        ]
      },
      "id": "node/6326739806"
    },
    {
      "type": "Feature",
      "properties": {
        "@id": "node/6326739807",
        "amenity": "fast_food",
        "name": "Satay Popiah",
        "ref": "12"
      },
      "geometry": {
        "type": "Point",
        "coordinates": [
          103.8396175,
          1.3118396
        ]
      },
      "id": "node/6326739807"
    },
    {
      "type": "Feature",
      "properties": {
        "@id": "node/6326739808",
        "amenity": "fast_food",
        "name": "Hai Yan",
        "ref": "11"
      },
      "geometry": {
        "type": "Point",
        "coordinates": [
          103.8395994,
          1.3118388
        ]
      },
      "id": "node/6326739808"
    },
    {
      "type": "Feature",
      "properties": {
        "@id": "node/6326739809",
        "amenity": "fast_food",
        "name": "XO",
        "ref": "10"
      },
      "geometry": {
        "type": "Point",
        "coordinates": [
          103.8395808,
          1.3118376
        ]
      },
      "id": "node/6326739809"
    },
    {
      "type": "Feature",
      "properties": {
        "@id": "node/6326739810",
        "amenity": "fast_food",
        "ref": "9"
      },
      "geometry": {
        "type": "Point",
        "coordinates": [
          103.8395264,
          1.3118326
        ]
      },
      "id": "node/6326739810"
    },
    {
      "type": "Feature",
      "properties": {
        "@id": "node/6326739812",
        "amenity": "fast_food",
        "name": "Sarah Nadiah",
        "ref": "7"
      },
      "geometry": {
        "type": "Point",
        "coordinates": [
          103.8394987,
          1.3118309
        ]
      },
      "id": "node/6326739812"
    },
    {
      "type": "Feature",
      "properties": {
        "@id": "node/6326739815",
        "amenity": "fast_food",
        "name": "Bangkok Express",
        "ref": "4"
      },
      "geometry": {
        "type": "Point",
        "coordinates": [
          103.8394513,
          1.3118271
        ]
      },
      "id": "node/6326739815"
    },
    {
      "type": "Feature",
      "properties": {
        "@id": "node/6326739816",
        "amenity": "fast_food",
        "cuisine": "seafood",
        "name": "Sheng Da",
        "ref": "2"
      },
      "geometry": {
        "type": "Point",
        "coordinates": [
          103.8394246,
          1.3118244
        ]
      },
      "id": "node/6326739816"
    },
    {
      "type": "Feature",
      "properties": {
        "@id": "node/6326739817",
        "amenity": "fast_food",
        "cuisine": "indian",
        "name": "Indian Tandoori",
        "ref": "3"
      },
      "geometry": {
        "type": "Point",
        "coordinates": [
          103.8394405,
          1.3118265
        ]
      },
      "id": "node/6326739817"
    },
    {
      "type": "Feature",
      "properties": {
        "@id": "node/6326886126",
        "amenity": "fast_food",
        "cuisine": "seafood",
        "name": "Lucky",
        "ref": "82"
      },
      "geometry": {
        "type": "Point",
        "coordinates": [
          103.839769,
          1.3120832
        ]
      },
      "id": "node/6326886126"
    },
    {
      "type": "Feature",
      "properties": {
        "@id": "node/6326886127",
        "amenity": "fast_food",
        "name": "Hajiah Turfan",
        "ref": "80"
      },
      "geometry": {
        "type": "Point",
        "coordinates": [
          103.8397295,
          1.3121016
        ]
      },
      "id": "node/6326886127"
    },
    {
      "type": "Feature",
      "properties": {
        "@id": "node/6326886128",
        "amenity": "fast_food",
        "name": "Faizur",
        "ref": "79"
      },
      "geometry": {
        "type": "Point",
        "coordinates": [
          103.8397132,
          1.312107
        ]
      },
      "id": "node/6326886128"
    },
    {
      "type": "Feature",
      "properties": {
        "@id": "node/6326886129",
        "amenity": "fast_food",
        "cuisine": "seafood",
        "name": "Hai Kee",
        "ref": "78"
      },
      "geometry": {
        "type": "Point",
        "coordinates": [
          103.8396909,
          1.3121172
        ]
      },
      "id": "node/6326886129"
    },
    {
      "type": "Feature",
      "properties": {
        "@id": "node/6326886131",
        "amenity": "fast_food",
        "name": "Takara",
        "ref": "74"
      },
      "geometry": {
        "type": "Point",
        "coordinates": [
          103.8395956,
          1.3121921
        ]
      },
      "id": "node/6326886131"
    },
    {
      "type": "Feature",
      "properties": {
        "@id": "node/6326886132",
        "amenity": "fast_food",
        "name": "Hup Kee",
        "ref": "73"
      },
      "geometry": {
        "type": "Point",
        "coordinates": [
          103.8395806,
          1.3122086
        ]
      },
      "id": "node/6326886132"
    },
    {
      "type": "Feature",
      "properties": {
        "@id": "node/6326886133",
        "addr:housenumber": "72",
        "amenity": "fast_food",
        "cuisine": "chinese",
        "name": "九鼎",
        "name:en": "Jiu Ding",
        "opening_hours": "Mo-Su 17:00-12:00",
        "ref": "72",
        "self_service": "no",
        "website": "https://newtonfoodcentre.sg/jiu-ding/"
      },
      "geometry": {
        "type": "Point",
        "coordinates": [
          103.8395664,
          1.3122291
        ]
      },
      "id": "node/6326886133"
    },
    {
      "type": "Feature",
      "properties": {
        "@id": "node/6326886134",
        "amenity": "fast_food",
        "ref": "70"
      },
      "geometry": {
        "type": "Point",
        "coordinates": [
          103.8395392,
          1.312254
        ]
      },
      "id": "node/6326886134"
    },
    {
      "type": "Feature",
      "properties": {
        "@id": "node/6326886136",
        "amenity": "fast_food",
        "ref": "60"
      },
      "geometry": {
        "type": "Point",
        "coordinates": [
          103.8393804,
          1.3122099
        ]
      },
      "id": "node/6326886136"
    },
    {
      "type": "Feature",
      "properties": {
        "@id": "node/6326886139",
        "amenity": "fast_food",
        "name": "Madina",
        "ref": "57"
      },
      "geometry": {
        "type": "Point",
        "coordinates": [
          103.8393536,
          1.3121873
        ]
      },
      "id": "node/6326886139"
    },
    {
      "type": "Feature",
      "properties": {
        "@id": "node/6326886140",
        "amenity": "fast_food",
        "cuisine": "seafood",
        "name": "Goodman",
        "ref": "61"
      },
      "geometry": {
        "type": "Point",
        "coordinates": [
          103.8393898,
          1.3122175
        ]
      },
      "id": "node/6326886140"
    },
    {
      "type": "Feature",
      "properties": {
        "@id": "node/6326886141",
        "amenity": "fast_food",
        "cuisine": "chicken",
        "name": "Chong Pang Huat",
        "ref": "62"
      },
      "geometry": {
        "type": "Point",
        "coordinates": [
          103.8394003,
          1.3122267
        ]
      },
      "id": "node/6326886141"
    },
    {
      "type": "Feature",
      "properties": {
        "@id": "node/6326886143",
        "amenity": "fast_food",
        "name": "Al-Noor Biasa",
        "ref": "65"
      },
      "geometry": {
        "type": "Point",
        "coordinates": [
          103.8394271,
          1.3122491
        ]
      },
      "id": "node/6326886143"
    },
    {
      "type": "Feature",
      "properties": {
        "@id": "node/6326886144",
        "amenity": "fast_food",
        "cuisine": "seafood",
        "name": "Sin Sin",
        "ref": "66"
      },
      "geometry": {
        "type": "Point",
        "coordinates": [
          103.8394359,
          1.312257
        ]
      },
      "id": "node/6326886144"
    },
    {
      "type": "Feature",
      "properties": {
        "@id": "node/6326886146",
        "amenity": "fast_food",
        "name": "Norjaan",
        "ref": "68"
      },
      "geometry": {
        "type": "Point",
        "coordinates": [
          103.8394514,
          1.3122709
        ]
      },
      "id": "node/6326886146"
    },
    {
      "type": "Feature",
      "properties": {
        "@id": "node/6326886148",
        "amenity": "fast_food",
        "name": "Nasi Lemar",
        "ref": "54"
      },
      "geometry": {
        "type": "Point",
        "coordinates": [
          103.8393178,
          1.3121118
        ]
      },
      "id": "node/6326886148"
    },
    {
      "type": "Feature",
      "properties": {
        "@id": "node/6326886149",
        "amenity": "fast_food",
        "name": "Guan Kee",
        "ref": "53"
      },
      "geometry": {
        "type": "Point",
        "coordinates": [
          103.8393189,
          1.3121021
        ]
      },
      "id": "node/6326886149"
    },
    {
      "type": "Feature",
      "properties": {
        "@id": "node/6326886150",
        "amenity": "fast_food",
        "ref": "51"
      },
      "geometry": {
        "type": "Point",
        "coordinates": [
          103.8393208,
          1.3120841
        ]
      },
      "id": "node/6326886150"
    },
    {
      "type": "Feature",
      "properties": {
        "@id": "node/6326886151",
        "amenity": "fast_food",
        "cuisine": "seafood",
        "name": "Denmark",
        "ref": "49"
      },
      "geometry": {
        "type": "Point",
        "coordinates": [
          103.8393227,
          1.3120604
        ]
      },
      "id": "node/6326886151"
    },
    {
      "type": "Feature",
      "properties": {
        "@id": "node/6326886152",
        "amenity": "fast_food",
        "name": "Tanglin",
        "ref": "47"
      },
      "geometry": {
        "type": "Point",
        "coordinates": [
          103.8393248,
          1.3120364
        ]
      },
      "id": "node/6326886152"
    },
    {
      "type": "Feature",
      "properties": {
        "@id": "node/6326886153",
        "amenity": "fast_food",
        "cuisine": "indian",
        "name": "Indian Palace",
        "ref": "46"
      },
      "geometry": {
        "type": "Point",
        "coordinates": [
          103.8393265,
          1.3120232
        ]
      },
      "id": "node/6326886153"
    },
    {
      "type": "Feature",
      "properties": {
        "@id": "node/6326886154",
        "amenity": "fast_food",
        "cuisine": "indian",
        "name": "Indian Kitchen",
        "ref": "44"
      },
      "geometry": {
        "type": "Point",
        "coordinates": [
          103.8393289,
          1.3119971
        ]
      },
      "id": "node/6326886154"
    },
    {
      "type": "Feature",
      "properties": {
        "@id": "node/6326886156",
        "amenity": "fast_food",
        "cuisine": "chicken",
        "name": "TKR",
        "ref": "50"
      },
      "geometry": {
        "type": "Point",
        "coordinates": [
          103.8393216,
          1.3120717
        ]
      },
      "id": "node/6326886156"
    },
    {
      "type": "Feature",
      "properties": {
        "@id": "node/6356072968",
        "amenity": "fast_food",
        "brand": "McDonald's",
        "brand:wikidata": "Q38076",
        "cuisine": "burger",
        "level": "0",
        "name": "McDonald's",
        "opening_hours": "24/7",
        "takeaway": "yes"
      },
      "geometry": {
        "type": "Point",
        "coordinates": [
          103.8362152,
          1.3014411
        ]
      },
      "id": "node/6356072968"
    },
    {
      "type": "Feature",
      "properties": {
        "@id": "node/6356102585",
        "amenity": "fast_food",
        "level": "-1",
        "name": "Maki-san"
      },
      "geometry": {
        "type": "Point",
        "coordinates": [
          103.8365265,
          1.3012934
        ]
      },
      "id": "node/6356102585"
    },
    {
      "type": "Feature",
      "properties": {
        "@id": "node/6356102586",
        "amenity": "fast_food",
        "brand": "Subway",
        "brand:wikidata": "Q244457",
        "brand:wikipedia": "en:Subway (restaurant)",
        "cuisine": "sandwich",
        "level": "0",
        "name": "Subway",
        "name:zh": "赛百味",
        "takeaway": "yes",
        "wheelchair": "limited"
      },
      "geometry": {
        "type": "Point",
        "coordinates": [
          103.8359066,
          1.3011426
        ]
      },
      "id": "node/6356102586"
    },
    {
      "type": "Feature",
      "properties": {
        "@id": "node/6359694385",
        "amenity": "fast_food",
        "brand": "Subway",
        "brand:wikidata": "Q244457",
        "brand:wikipedia": "en:Subway (restaurant)",
        "cuisine": "sandwich",
        "level": "0",
        "name": "Subway",
        "name:zh": "赛百味",
        "takeaway": "yes"
      },
      "geometry": {
        "type": "Point",
        "coordinates": [
          103.8481697,
          1.3318406
        ]
      },
      "id": "node/6359694385"
    },
    {
      "type": "Feature",
      "properties": {
        "@id": "node/6362035085",
        "amenity": "fast_food",
        "brand": "摩斯漢堡",
        "brand:en": "MOS Burger",
        "brand:wikidata": "Q1204169",
        "brand:zh": "摩斯漢堡",
        "cuisine": "burger",
        "level": "0",
        "name": "MOS Burger",
        "name:en": "MOS Burger",
        "name:zh": "摩斯漢堡",
        "takeaway": "yes"
      },
      "geometry": {
        "type": "Point",
        "coordinates": [
          103.8482836,
          1.332626
        ]
      },
      "id": "node/6362035085"
    },
    {
      "type": "Feature",
      "properties": {
        "@id": "node/6398250289",
        "amenity": "fast_food",
        "brand": "Old Chang Kee",
        "brand:en": "Old Chang Kee",
        "brand:wikidata": "Q17005286",
        "brand:zh": "老曾记",
        "cuisine": "snacks;singaporean",
        "name": "Old Chang Kee",
        "name:en": "Old Chang Kee",
        "name:zh": "老曾记",
        "takeaway": "yes"
      },
      "geometry": {
        "type": "Point",
        "coordinates": [
          103.8564328,
          1.2933331
        ]
      },
      "id": "node/6398250289"
    },
    {
      "type": "Feature",
      "properties": {
        "@id": "node/6405687986",
        "amenity": "fast_food",
        "name": "Mr Bean",
        "name:zh": "豆先生",
        "takeaway": "yes"
      },
      "geometry": {
        "type": "Point",
        "coordinates": [
          103.7832514,
          1.29576
        ]
      },
      "id": "node/6405687986"
    },
    {
      "type": "Feature",
      "properties": {
        "@id": "node/6417303786",
        "addr:city": "Singapore",
        "addr:floor": "1",
        "addr:housenumber": "43",
        "addr:postcode": "099010",
        "addr:street": "Siloso Beach Walk",
        "addr:unit": "3",
        "amenity": "fast_food",
        "brand": "Marrybrown",
        "brand:wikidata": "Q3380773",
        "cuisine": "malaysian;chicken;burger",
        "diet:halal": "yes",
        "name": "Marrybrown",
        "takeaway": "yes"
      },
      "geometry": {
        "type": "Point",
        "coordinates": [
          103.8175038,
          1.2519554
        ]
      },
      "id": "node/6417303786"
    },
    {
      "type": "Feature",
      "properties": {
        "@id": "node/6437675986",
        "amenity": "fast_food",
        "brand": "Subway",
        "brand:wikidata": "Q244457",
        "brand:wikipedia": "en:Subway (restaurant)",
        "cuisine": "sandwich",
        "level": "2",
        "name": "Subway",
        "name:zh": "赛百味",
        "takeaway": "yes"
      },
      "geometry": {
        "type": "Point",
        "coordinates": [
          103.889365,
          1.3343667
        ]
      },
      "id": "node/6437675986"
    },
    {
      "type": "Feature",
      "properties": {
        "@id": "node/6439273252",
        "amenity": "fast_food",
        "brand": "McDonald's",
        "brand:en": "McDonald's",
        "brand:wikidata": "Q38076",
        "brand:wikipedia": "en:McDonald's",
        "brand:zh": "麦当劳",
        "cuisine": "burger",
        "name": "McDonald's",
        "name:en": "McDonald's",
        "name:zh": "麦当劳",
        "name:zh-Hans": "麦当劳",
        "takeaway": "yes",
        "wheelchair": "yes"
      },
      "geometry": {
        "type": "Point",
        "coordinates": [
          103.7184195,
          1.348334
        ]
      },
      "id": "node/6439273252"
    },
    {
      "type": "Feature",
      "properties": {
        "@id": "node/6497423047",
        "addr:housenumber": "12",
        "addr:street": "Kallang Avenue",
        "amenity": "fast_food",
        "brand": "McDonald's",
        "brand:en": "McDonald's",
        "brand:wikidata": "Q38076",
        "brand:wikipedia": "en:McDonald's",
        "brand:zh": "麦当劳",
        "check_date": "2024-04-05",
        "cuisine": "burger",
        "level": "0;1",
        "name": "McDonald's",
        "name:en": "McDonald's",
        "name:zh": "麦当劳",
        "name:zh-Hans": "麦当劳",
        "payment:cash": "yes",
        "payment:credit_cards": "yes",
        "payment:debit_cards": "yes",
        "takeaway": "yes"
      },
      "geometry": {
        "type": "Point",
        "coordinates": [
          103.8639506,
          1.3097929
        ]
      },
      "id": "node/6497423047"
    },
    {
      "type": "Feature",
      "properties": {
        "@id": "node/6502274329",
        "air_conditioning": "yes",
        "amenity": "fast_food",
        "delivery": "yes",
        "takeaway": "only"
      },
      "geometry": {
        "type": "Point",
        "coordinates": [
          103.7575199,
          1.3159464
        ]
      },
      "id": "node/6502274329"
    },
    {
      "type": "Feature",
      "properties": {
        "@id": "node/6510975849",
        "amenity": "fast_food",
        "cuisine": "chicken",
        "level": "2",
        "name": "Chic-a-boo",
        "operator": "Astons"
      },
      "geometry": {
        "type": "Point",
        "coordinates": [
          103.8567771,
          1.2913493
        ]
      },
      "id": "node/6510975849"
    },
    {
      "type": "Feature",
      "properties": {
        "@id": "node/6514811743",
        "amenity": "fast_food",
        "cuisine": "thai",
        "level": "-2",
        "name": "Saigon Rolls",
        "takeaway": "only"
      },
      "geometry": {
        "type": "Point",
        "coordinates": [
          103.8537629,
          1.2807848
        ]
      },
      "id": "node/6514811743"
    },
    {
      "type": "Feature",
      "properties": {
        "@id": "node/6514811744",
        "amenity": "fast_food",
        "cuisine": "chinese",
        "level": "-2",
        "name": "The Well",
        "takeaway": "only"
      },
      "geometry": {
        "type": "Point",
        "coordinates": [
          103.853819,
          1.2807401
        ]
      },
      "id": "node/6514811744"
    },
    {
      "type": "Feature",
      "properties": {
        "@id": "node/6520655372",
        "addr:city": "Singapore",
        "addr:housenumber": "78",
        "addr:postcode": "207663",
        "addr:street": "Airport Boulevard",
        "amenity": "fast_food",
        "brand": "Saravanaa Bhavan",
        "brand:wikidata": "Q3528082",
        "contact:email": "hsbsingapore@gmail.com",
        "contact:facebook": "https://www.facebook.com/saravanaabhavan",
        "contact:website": "http://saravanabhavan.com.sg",
        "cuisine": "indian;south_indian",
        "delivery": "yes",
        "diet:vegan": "yes",
        "diet:vegetarian": "yes",
        "level": "-2",
        "name": "Saravanaa Bhavan",
        "opening_hours": "Mo-Su 9:00 - 23:30",
        "outdoor_seating": "yes",
        "phone": "+65 8262 6793",
        "takeaway": "yes"
      },
      "geometry": {
        "type": "Point",
        "coordinates": [
          103.9895289,
          1.3598546
        ]
      },
      "id": "node/6520655372"
    },
    {
      "type": "Feature",
      "properties": {
        "@id": "node/6549175917",
        "amenity": "fast_food",
        "brand": "Yoshinoya",
        "brand:en": "Yoshinoya",
        "brand:wikidata": "Q776272",
        "cuisine": "beef_bowl",
        "level": "1",
        "name": "Yoshinoya",
        "name:en": "Yoshinoya",
        "name:ja": "吉野家",
        "takeaway": "yes",
        "wheelchair": "yes"
      },
      "geometry": {
        "type": "Point",
        "coordinates": [
          103.8200384,
          1.2647149
        ]
      },
      "id": "node/6549175917"
    },
    {
      "type": "Feature",
      "properties": {
        "@id": "node/6549175925",
        "amenity": "fast_food",
        "level": "0",
        "name": "Mr Bean",
        "name:zh": "豆先生",
        "wheelchair": "yes"
      },
      "geometry": {
        "type": "Point",
        "coordinates": [
          103.8204039,
          1.2649644
        ]
      },
      "id": "node/6549175925"
    },
    {
      "type": "Feature",
      "properties": {
        "@id": "node/6549175950",
        "amenity": "fast_food",
        "brand": "摩斯漢堡",
        "brand:en": "MOS Burger",
        "brand:wikidata": "Q1204169",
        "brand:zh": "摩斯漢堡",
        "cuisine": "burger",
        "level": "0",
        "name": "MOS Burger",
        "name:en": "MOS Burger",
        "name:zh": "摩斯漢堡",
        "takeaway": "yes",
        "wheelchair": "yes"
      },
      "geometry": {
        "type": "Point",
        "coordinates": [
          103.8204887,
          1.264212
        ]
      },
      "id": "node/6549175950"
    },
    {
      "type": "Feature",
      "properties": {
        "@id": "node/6549175955",
        "amenity": "fast_food",
        "level": "0",
        "name": "Big Bird",
        "takeaway": "no"
      },
      "geometry": {
        "type": "Point",
        "coordinates": [
          103.8203415,
          1.2643356
        ]
      },
      "id": "node/6549175955"
    },
    {
      "type": "Feature",
      "properties": {
        "@id": "node/6549175958",
        "amenity": "fast_food",
        "level": "0",
        "name": "Simply Wraps",
        "wheelchair": "yes"
      },
      "geometry": {
        "type": "Point",
        "coordinates": [
          103.82009,
          1.2645488
        ]
      },
      "id": "node/6549175958"
    },
    {
      "type": "Feature",
      "properties": {
        "@id": "node/6549175967",
        "alt_name": "Dunkin' Donuts",
        "amenity": "fast_food",
        "brand": "Dunkin'",
        "brand:wikidata": "Q847743",
        "brand:wikipedia": "en:Dunkin' Donuts",
        "cuisine": "donut;coffee_shop",
        "level": "0",
        "name": "Dunkin'",
        "takeaway": "yes",
        "wheelchair": "yes"
      },
      "geometry": {
        "type": "Point",
        "coordinates": [
          103.8201537,
          1.2640378
        ]
      },
      "id": "node/6549175967"
    },
    {
      "type": "Feature",
      "properties": {
        "@id": "node/6549183806",
        "addr:street": "Boon Tat Street",
        "amenity": "fast_food",
        "cuisine": "asian",
        "name": "Satay Street",
        "opening_hours": "Mo-Su 05:00-01:00",
        "wheelchair": "yes"
      },
      "geometry": {
        "type": "Point",
        "coordinates": [
          103.8501588,
          1.2803286
        ]
      },
      "id": "node/6549183806"
    },
    {
      "type": "Feature",
      "properties": {
        "@id": "node/6554678333",
        "addr:city": "Singapore",
        "addr:housenumber": "55",
        "addr:postcode": "347694",
        "addr:street": "Upper Serangoon Road",
        "amenity": "fast_food",
        "brand": "Old Chang Kee",
        "brand:en": "Old Chang Kee",
        "brand:wikidata": "Q17005286",
        "brand:zh": "老曾记",
        "cuisine": "snacks;singaporean",
        "diet:halal": "yes",
        "drive_through": "no",
        "level": "0",
        "name": "Old Chang Kee",
        "name:en": "Old Chang Kee",
        "name:zh": "老曾记",
        "opening_hours": "Mo 08:00-20:00; Tu-Su 07:00-20:00",
        "phone": "+65 6518 3537",
        "takeaway": "only",
        "website": "https://www.oldchangkee.com/",
        "wheelchair": "yes"
      },
      "geometry": {
        "type": "Point",
        "coordinates": [
          103.8687262,
          1.3311535
        ]
      },
      "id": "node/6554678333"
    },
    {
      "type": "Feature",
      "properties": {
        "@id": "node/6554678335",
        "amenity": "fast_food",
        "level": "0",
        "name": "Mr Bean",
        "name:zh": "豆先生",
        "takeaway": "only",
        "wheelchair": "yes"
      },
      "geometry": {
        "type": "Point",
        "coordinates": [
          103.8684521,
          1.3313824
        ]
      },
      "id": "node/6554678335"
    },
    {
      "type": "Feature",
      "properties": {
        "@id": "node/6583281508",
        "amenity": "fast_food",
        "level": "-2",
        "name": "Gong yuan ma la tang"
      },
      "geometry": {
        "type": "Point",
        "coordinates": [
          103.8501729,
          1.2912968
        ]
      },
      "id": "node/6583281508"
    },
    {
      "type": "Feature",
      "properties": {
        "@id": "node/6583281518",
        "amenity": "fast_food",
        "brand": "Subway",
        "brand:wikidata": "Q244457",
        "brand:wikipedia": "en:Subway (restaurant)",
        "cuisine": "sandwich",
        "level": "-2",
        "name": "Subway",
        "name:zh-Hans": "赛百味",
        "name:zh-Hant": "賽百味",
        "takeaway": "yes",
        "wheelchair": "yes"
      },
      "geometry": {
        "type": "Point",
        "coordinates": [
          103.8502999,
          1.2913206
        ]
      },
      "id": "node/6583281518"
    },
    {
      "type": "Feature",
      "properties": {
        "@id": "node/6583281520",
        "alt_name": "Dunkin' Donuts",
        "amenity": "fast_food",
        "brand": "Dunkin'",
        "brand:wikidata": "Q847743",
        "brand:wikipedia": "en:Dunkin' Donuts",
        "cuisine": "donut;coffee_shop",
        "level": "-2",
        "name": "Dunkin'",
        "takeaway": "yes",
        "wheelchair": "yes"
      },
      "geometry": {
        "type": "Point",
        "coordinates": [
          103.8505449,
          1.2914838
        ]
      },
      "id": "node/6583281520"
    },
    {
      "type": "Feature",
      "properties": {
        "@id": "node/6583281527",
        "amenity": "fast_food",
        "level": "-2",
        "name": "Qiji",
        "wheelchair": "yes"
      },
      "geometry": {
        "type": "Point",
        "coordinates": [
          103.8502051,
          1.2912577
        ]
      },
      "id": "node/6583281527"
    },
    {
      "type": "Feature",
      "properties": {
        "@id": "node/6583281533",
        "amenity": "fast_food",
        "brand": "Guzman y Gomez",
        "brand:wikidata": "Q23019759",
        "cuisine": "mexican",
        "level": "-1",
        "name": "Guzman y Gomez",
        "takeaway": "yes",
        "wheelchair": "yes"
      },
      "geometry": {
        "type": "Point",
        "coordinates": [
          103.8504333,
          1.2913515
        ]
      },
      "id": "node/6583281533"
    },
    {
      "type": "Feature",
      "properties": {
        "@id": "node/6583281546",
        "amenity": "fast_food",
        "level": "-2",
        "name": "A Gan Guo Kui",
        "wheelchair": "yes"
      },
      "geometry": {
        "type": "Point",
        "coordinates": [
          103.8500969,
          1.2913841
        ]
      },
      "id": "node/6583281546"
    },
    {
      "type": "Feature",
      "properties": {
        "@id": "node/6583281550",
        "amenity": "fast_food",
        "brand": "Potato Corner",
        "brand:wikidata": "Q60741625",
        "cuisine": "fries",
        "level": "-2",
        "name": "Potato Corner",
        "takeaway": "only",
        "wheelchair": "yes"
      },
      "geometry": {
        "type": "Point",
        "coordinates": [
          103.8500066,
          1.291294
        ]
      },
      "id": "node/6583281550"
    },
    {
      "type": "Feature",
      "properties": {
        "@id": "node/6583281561",
        "addr:city": "Singapore",
        "addr:housenumber": "107 #01-16/17/21",
        "addr:postcode": "179105",
        "addr:street": "North Bridge Road",
        "air_conditioning": "yes",
        "amenity": "fast_food",
        "branch": "Funan",
        "brand": "McDonald's",
        "brand:en": "McDonald's",
        "brand:wikidata": "Q38076",
        "brand:wikipedia": "en:McDonald's",
        "brand:zh": "麦当劳",
        "check_date": "2024-09",
        "cuisine": "burger",
        "highchair": "yes",
        "level": "0",
        "level:ref": "1",
        "name": "McDonald's",
        "name:en": "McDonald's",
        "name:zh": "麥當勞",
        "name:zh-Hans": "麦当劳",
        "opening_hours": "PH,Mo-Su 07:00-02:00",
        "outdoor_seating": "no",
        "payment:american_express": "yes",
        "payment:coins": "yes",
        "payment:mastercard": "yes",
        "payment:notes": "yes",
        "payment:visa": "yes",
        "phone": "+65 69520352",
        "takeaway": "yes",
        "website": "https://www.mcdonalds.com.sg",
        "wheelchair": "yes"
      },
      "geometry": {
        "type": "Point",
        "coordinates": [
          103.8495495,
          1.2916652
        ]
      },
      "id": "node/6583281561"
    },
    {
      "type": "Feature",
      "properties": {
        "@id": "node/6583281571",
        "amenity": "fast_food",
        "level": "-2",
        "name": "Stuff'd",
        "wheelchair": "yes"
      },
      "geometry": {
        "type": "Point",
        "coordinates": [
          103.8501381,
          1.2912744
        ]
      },
      "id": "node/6583281571"
    },
    {
      "type": "Feature",
      "properties": {
        "@id": "node/6618286274",
        "amenity": "fast_food",
        "brand": "Krispy Kreme",
        "brand:wikidata": "Q1192805",
        "brand:wikipedia": "en:Krispy Kreme",
        "check_date": "2025-10-22",
        "cuisine": "donut",
        "level": "0",
        "name": "Krispy Kreme",
        "takeaway": "yes"
      },
      "geometry": {
        "type": "Point",
        "coordinates": [
          103.8949259,
          1.3921661
        ]
      },
      "id": "node/6618286274"
    },
    {
      "type": "Feature",
      "properties": {
        "@id": "node/6618286276",
        "amenity": "fast_food",
        "cuisine": "pasta",
        "level": "-1",
        "name": "PastaGo",
        "takeaway": "only"
      },
      "geometry": {
        "type": "Point",
        "coordinates": [
          103.8950179,
          1.3922651
        ]
      },
      "id": "node/6618286276"
    },
    {
      "type": "Feature",
      "properties": {
        "@id": "node/6618286279",
        "addr:unit": "27",
        "amenity": "fast_food",
        "brand": "Old Chang Kee",
        "brand:en": "Old Chang Kee",
        "brand:wikidata": "Q17005286",
        "brand:zh": "老曾记",
        "cuisine": "snacks;singaporean",
        "level": "0",
        "name": "Old Chang Kee",
        "name:en": "Old Chang Kee",
        "name:zh": "老曾记",
        "takeaway": "only"
      },
      "geometry": {
        "type": "Point",
        "coordinates": [
          103.8951651,
          1.3917095
        ]
      },
      "id": "node/6618286279"
    },
    {
      "type": "Feature",
      "properties": {
        "@id": "node/6618286281",
        "amenity": "fast_food",
        "level": "-1",
        "name": "Tip Top",
        "takeaway": "only"
      },
      "geometry": {
        "type": "Point",
        "coordinates": [
          103.8952509,
          1.3922723
        ]
      },
      "id": "node/6618286281"
    },
    {
      "type": "Feature",
      "properties": {
        "@id": "node/6618286283",
        "amenity": "fast_food",
        "check_date": "2025-10-22",
        "level": "-1",
        "name": "Shihlin Taiwan Street Snacks",
        "name:zh": "士林台湾小吃",
        "takeaway": "only"
      },
      "geometry": {
        "type": "Point",
        "coordinates": [
          103.894966,
          1.392254
        ]
      },
      "id": "node/6618286283"
    },
    {
      "type": "Feature",
      "properties": {
        "@id": "node/6618302987",
        "amenity": "fast_food",
        "cuisine": "juice",
        "level": "-1",
        "name": "CocoCane",
        "self_service": "yes"
      },
      "geometry": {
        "type": "Point",
        "coordinates": [
          103.8952956,
          1.3922637
        ]
      },
      "id": "node/6618302987"
    },
    {
      "type": "Feature",
      "properties": {
        "@id": "node/6618303001",
        "addr:unit": "46",
        "amenity": "fast_food",
        "level": "-1",
        "name": "D'Laksa",
        "takeaway": "yes"
      },
      "geometry": {
        "type": "Point",
        "coordinates": [
          103.8952159,
          1.3922781
        ]
      },
      "id": "node/6618303001"
    },
    {
      "type": "Feature",
      "properties": {
        "@id": "node/6618303002",
        "amenity": "fast_food",
        "cuisine": "japanese",
        "level": "-1",
        "name": "Tori-Q",
        "takeaway": "yes",
        "wheelchair": "yes"
      },
      "geometry": {
        "type": "Point",
        "coordinates": [
          103.8951298,
          1.3922896
        ]
      },
      "id": "node/6618303002"
    },
    {
      "type": "Feature",
      "properties": {
        "@id": "node/6618303013",
        "addr:unit": "28",
        "amenity": "fast_food",
        "brand:wikidata": "Q6929358",
        "diet:halal": "yes",
        "level": "0",
        "name": "Mr Bean",
        "name:zh": "豆先生",
        "payment:sgqr": "yes",
        "takeaway": "only",
        "wheelchair": "yes"
      },
      "geometry": {
        "type": "Point",
        "coordinates": [
          103.895137,
          1.3916606
        ]
      },
      "id": "node/6618303013"
    },
    {
      "type": "Feature",
      "properties": {
        "@id": "node/6618303016",
        "amenity": "fast_food",
        "level": "-1",
        "name": "Nine Fresh Desserts Taiwan",
        "name:zh": "九鲜九份甜品",
        "takeaway": "yes"
      },
      "geometry": {
        "type": "Point",
        "coordinates": [
          103.895148,
          1.392343
        ]
      },
      "id": "node/6618303016"
    },
    {
      "type": "Feature",
      "properties": {
        "@id": "node/6618303024",
        "addr:unit": "02",
        "amenity": "fast_food",
        "cuisine": "japanese",
        "level": "0",
        "name": "争鲜gogo",
        "opening_hours": "10:00-22:00",
        "payment:american_express": "yes",
        "payment:grabpay": "yes",
        "payment:jcb": "yes",
        "payment:mastercard": "yes",
        "payment:visa": "yes",
        "takeaway": "only"
      },
      "geometry": {
        "type": "Point",
        "coordinates": [
          103.8952964,
          1.3912802
        ]
      },
      "id": "node/6618303024"
    },
    {
      "type": "Feature",
      "properties": {
        "@id": "node/6618303030",
        "addr:unit": "24",
        "amenity": "fast_food",
        "check_date": "2026-01-18",
        "cuisine": "japanese",
        "level": "0",
        "name": "Umi Sushi",
        "takeaway": "yes"
      },
      "geometry": {
        "type": "Point",
        "coordinates": [
          103.8952153,
          1.3918559
        ]
      },
      "id": "node/6618303030"
    },
    {
      "type": "Feature",
      "properties": {
        "@id": "node/6618303033",
        "amenity": "fast_food",
        "contact:facebook": "https://www.facebook.com/wokheysg/",
        "contact:instagram": "https://www.instagram.com/wokheysg/",
        "drive_through": "no",
        "level": "-1",
        "name": "Wok Hey",
        "takeaway": "only"
      },
      "geometry": {
        "type": "Point",
        "coordinates": [
          103.8952059,
          1.3923321
        ]
      },
      "id": "node/6618303033"
    },
    {
      "type": "Feature",
      "properties": {
        "@id": "node/6639589385",
        "amenity": "fast_food",
        "cuisine": "juice",
        "level": "-2",
        "name": "CocoCane"
      },
      "geometry": {
        "type": "Point",
        "coordinates": [
          103.9020788,
          1.4065817
        ]
      },
      "id": "node/6639589385"
    },
    {
      "type": "Feature",
      "properties": {
        "@id": "node/6639589389",
        "addr:housenumber": "83",
        "addr:street": "Punggol Central",
        "addr:unit": "#01-K3",
        "amenity": "fast_food",
        "check_date": "2025-12-20",
        "level": "0",
        "name": "Nam Kee Pau",
        "takeaway": "only",
        "wheelchair": "yes"
      },
      "geometry": {
        "type": "Point",
        "coordinates": [
          103.9022168,
          1.4059633
        ]
      },
      "id": "node/6639589389"
    },
    {
      "type": "Feature",
      "properties": {
        "@id": "node/6639589391",
        "amenity": "fast_food",
        "brand": "Burger King",
        "brand:wikidata": "Q177054",
        "brand:wikipedia": "en:Burger King",
        "cuisine": "burger",
        "level": "0",
        "name": "Burger King",
        "name:en": "Burger King",
        "name:zh": "汉堡王",
        "takeaway": "yes"
      },
      "geometry": {
        "type": "Point",
        "coordinates": [
          103.9023561,
          1.4067579
        ]
      },
      "id": "node/6639589391"
    },
    {
      "type": "Feature",
      "properties": {
        "@id": "node/6639589394",
        "addr:unit": "K8",
        "amenity": "fast_food",
        "branch": "Waterway Point",
        "cuisine": "pasta",
        "level": "-1",
        "name": "Pasta Play",
        "takeaway": "only"
      },
      "geometry": {
        "type": "Point",
        "coordinates": [
          103.9022017,
          1.4065482
        ]
      },
      "id": "node/6639589394"
    },
    {
      "type": "Feature",
      "properties": {
        "@id": "node/6639589396",
        "addr:unit": "K3",
        "alt_name": "Dunkin' Donuts",
        "amenity": "fast_food",
        "brand": "Dunkin'",
        "brand:wikidata": "Q847743",
        "cuisine": "donut;coffee_shop",
        "level": "-1",
        "name": "Dunkin'",
        "takeaway": "only",
        "wheelchair": "yes"
      },
      "geometry": {
        "type": "Point",
        "coordinates": [
          103.9019337,
          1.4066248
        ]
      },
      "id": "node/6639589396"
    },
    {
      "type": "Feature",
      "properties": {
        "@id": "node/6639589399",
        "amenity": "fast_food",
        "cuisine": "thai",
        "level": "-1",
        "name": "Talad Thai Banana",
        "name:en": "Talad Thai Banana",
        "takeaway": "only"
      },
      "geometry": {
        "type": "Point",
        "coordinates": [
          103.9019434,
          1.4066958
        ]
      },
      "id": "node/6639589399"
    },
    {
      "type": "Feature",
      "properties": {
        "@id": "node/6639589403",
        "amenity": "fast_food",
        "level": "-2",
        "name": "Shihlin Taiwan Street Snacks",
        "name:zh": "士林台湾小吃",
        "takeaway": "only",
        "wheelchair": "yes"
      },
      "geometry": {
        "type": "Point",
        "coordinates": [
          103.9018392,
          1.4066973
        ]
      },
      "id": "node/6639589403"
    },
    {
      "type": "Feature",
      "properties": {
        "@id": "node/6639589404",
        "amenity": "fast_food",
        "level": "-1",
        "name": "Crave",
        "takeaway": "only",
        "wheelchair": "yes"
      },
      "geometry": {
        "type": "Point",
        "coordinates": [
          103.9021599,
          1.4065985
        ]
      },
      "id": "node/6639589404"
    },
    {
      "type": "Feature",
      "properties": {
        "@id": "node/6639589406",
        "addr:housenumber": "83",
        "addr:street": "Punggol Central",
        "addr:unit": "#01-K2",
        "amenity": "fast_food",
        "brand": "Old Chang Kee",
        "brand:en": "Old Chang Kee",
        "brand:wikidata": "Q17005286",
        "brand:wikipedia": "en:Old Chang Kee",
        "brand:zh": "老曾记",
        "check_date": "2025-12-20",
        "cuisine": "snacks;singaporean",
        "level": "0",
        "name": "Old Chang Kee",
        "name:en": "Old Chang Kee",
        "name:zh": "老曾记",
        "takeaway": "only",
        "wheelchair": "yes"
      },
      "geometry": {
        "type": "Point",
        "coordinates": [
          103.9022687,
          1.4059236
        ]
      },
      "id": "node/6639589406"
    },
    {
      "type": "Feature",
      "properties": {
        "@id": "node/6639589415",
        "amenity": "fast_food",
        "check_date": "2026-01-18",
        "cuisine": "japanese",
        "level": "-1",
        "name": "Tori Q",
        "takeaway": "only",
        "wheelchair": "yes"
      },
      "geometry": {
        "type": "Point",
        "coordinates": [
          103.9025886,
          1.4066639
        ]
      },
      "id": "node/6639589415"
    },
    {
      "type": "Feature",
      "properties": {
        "@id": "node/6639589424",
        "amenity": "fast_food",
        "brand": "Jollibee",
        "brand:wikidata": "Q37614",
        "brand:wikipedia": "en:Jollibee",
        "cuisine": "burger",
        "level": "-2",
        "name": "Jollibee",
        "takeaway": "yes",
        "wheelchair": "yes"
      },
      "geometry": {
        "type": "Point",
        "coordinates": [
          103.9019749,
          1.4067504
        ]
      },
      "id": "node/6639589424"
    },
    {
      "type": "Feature",
      "properties": {
        "@id": "node/6639589431",
        "amenity": "fast_food",
        "cuisine": "pizza",
        "level": "-2",
        "name": "Pezzo",
        "takeaway": "only"
      },
      "geometry": {
        "type": "Point",
        "coordinates": [
          103.9021445,
          1.4065425
        ]
      },
      "id": "node/6639589431"
    },
    {
      "type": "Feature",
      "properties": {
        "@id": "node/6639589434",
        "addr:housenumber": "83",
        "addr:street": "Punggol Central",
        "addr:unit": "#01-K5",
        "amenity": "fast_food",
        "check_date": "2025-12-20",
        "level": "0",
        "name": "Dough Culture",
        "takeaway": "only",
        "wheelchair": "yes"
      },
      "geometry": {
        "type": "Point",
        "coordinates": [
          103.9023267,
          1.4059919
        ]
      },
      "id": "node/6639589434"
    },
    {
      "type": "Feature",
      "properties": {
        "@id": "node/6639589440",
        "addr:housenumber": "83",
        "addr:postcode": "828761",
        "addr:street": "Punggol Central",
        "addr:unit": "#01-K6",
        "amenity": "fast_food",
        "check_date": "2025-12-20",
        "cuisine": "stir_fry",
        "diet:halal": "yes",
        "drive_through": "no",
        "level": "0",
        "name": "Wok Hey",
        "takeaway": "only",
        "wheelchair": "yes"
      },
      "geometry": {
        "type": "Point",
        "coordinates": [
          103.902377,
          1.4059595
        ]
      },
      "id": "node/6639589440"
    },
    {
      "type": "Feature",
      "properties": {
        "@id": "node/6639589443",
        "addr:housenumber": "83",
        "addr:street": "Punggol Central",
        "addr:unit": "#01-K7",
        "amenity": "fast_food",
        "check_date": "2025-12-20",
        "cuisine": "juice",
        "level": "0",
        "name": "Mr. Coconut",
        "payment:cash": "yes",
        "payment:credit_cards": "yes",
        "payment:debit_cards": "yes",
        "wheelchair": "yes"
      },
      "geometry": {
        "type": "Point",
        "coordinates": [
          103.9024287,
          1.4059326
        ]
      },
      "id": "node/6639589443"
    },
    {
      "type": "Feature",
      "properties": {
        "@id": "node/6639589444",
        "addr:housenumber": "83",
        "addr:street": "Punggol Central",
        "addr:unit": "#01-K1",
        "amenity": "fast_food",
        "brand": "Mr Bean",
        "brand:wikidata": "Q6929358",
        "brand:wikipedia": "en:Mr_Bean_(company)",
        "check_date": "2025-12-20",
        "level": "0",
        "name": "Mr Bean",
        "name:zh": "豆先生",
        "takeaway": "only",
        "wheelchair": "yes"
      },
      "geometry": {
        "type": "Point",
        "coordinates": [
          103.9022968,
          1.4059093
        ]
      },
      "id": "node/6639589444"
    },
    {
      "type": "Feature",
      "properties": {
        "@id": "node/6639589448",
        "amenity": "fast_food",
        "level": "-1",
        "name": "我愛台妹",
        "name:en": "I Love Taimei",
        "name:zh": "我爱台妹",
        "takeaway": "only"
      },
      "geometry": {
        "type": "Point",
        "coordinates": [
          103.9019313,
          1.4067296
        ]
      },
      "id": "node/6639589448"
    },
    {
      "type": "Feature",
      "properties": {
        "@id": "node/6639726961",
        "addr:unit": "K1",
        "amenity": "fast_food",
        "cuisine": "juice",
        "description": "sells fruit juice",
        "level": "-1",
        "name": "Boost"
      },
      "geometry": {
        "type": "Point",
        "coordinates": [
          103.9019444,
          1.4064474
        ]
      },
      "id": "node/6639726961"
    },
    {
      "type": "Feature",
      "properties": {
        "@id": "node/6640142690",
        "amenity": "fast_food",
        "name": "The Berry Spot",
        "takeaway": "only"
      },
      "geometry": {
        "type": "Point",
        "coordinates": [
          103.8564965,
          1.2888628
        ]
      },
      "id": "node/6640142690"
    },
    {
      "type": "Feature",
      "properties": {
        "@id": "node/6649097787",
        "amenity": "fast_food",
        "name": "Arnold's Fried Chicken",
        "wheelchair": "yes"
      },
      "geometry": {
        "type": "Point",
        "coordinates": [
          103.8364383,
          1.4300288
        ]
      },
      "id": "node/6649097787"
    },
    {
      "type": "Feature",
      "properties": {
        "@id": "node/6649603921",
        "amenity": "fast_food",
        "level": "1",
        "name": "MOS Burger",
        "name:en": "MOS Burger",
        "name:zh": "摩斯漢堡",
        "toilets:wheelchair": "yes",
        "wheelchair": "yes"
      },
      "geometry": {
        "type": "Point",
        "coordinates": [
          103.835915,
          1.4298927
        ]
      },
      "id": "node/6649603921"
    },
    {
      "type": "Feature",
      "properties": {
        "@id": "node/6665234531",
        "addr:housenumber": "101 #01-02",
        "addr:street": "Thomson Road",
        "amenity": "fast_food",
        "brand": "Burger King",
        "brand:wikidata": "Q177054",
        "capacity": "78",
        "cuisine": "burger",
        "level": "1",
        "name": "Burger King",
        "name:en": "Burger King",
        "name:zh": "汉堡王",
        "opening_hours": "Mo-Su 11:00-22:00",
        "payment:cash": "yes",
        "payment:mastercard": "yes",
        "payment:nets": "yes",
        "payment:visa": "yes",
        "takeaway": "yes",
        "wheelchair": "yes"
      },
      "geometry": {
        "type": "Point",
        "coordinates": [
          103.843772,
          1.3176867
        ]
      },
      "id": "node/6665234531"
    },
    {
      "type": "Feature",
      "properties": {
        "@id": "node/6669208285",
        "amenity": "fast_food",
        "brand": "Jollibee",
        "brand:wikidata": "Q37614",
        "brand:wikipedia": "en:Jollibee",
        "cuisine": "burger",
        "name": "Jollibee",
        "takeaway": "yes"
      },
      "geometry": {
        "type": "Point",
        "coordinates": [
          103.7419508,
          1.3334533
        ]
      },
      "id": "node/6669208285"
    },
    {
      "type": "Feature",
      "properties": {
        "@id": "node/6722486664",
        "amenity": "fast_food",
        "brand": "摩斯漢堡",
        "brand:en": "MOS Burger",
        "brand:wikidata": "Q1204169",
        "brand:wikipedia": "zh:摩斯漢堡",
        "brand:zh": "摩斯漢堡",
        "cuisine": "burger",
        "level": "-1",
        "name": "MOS Burger",
        "name:en": "MOS Burger",
        "name:zh": "摩斯漢堡",
        "not:brand:wikidata": "Q17022303",
        "takeaway": "yes"
      },
      "geometry": {
        "type": "Point",
        "coordinates": [
          103.9022138,
          1.4065041
        ]
      },
      "id": "node/6722486664"
    },
    {
      "type": "Feature",
      "properties": {
        "@id": "node/6728544852",
        "addr:city": "Singapore",
        "addr:housenumber": "#01-202A, 8",
        "addr:postcode": "487372",
        "addr:street": "Somapah Road",
        "air_conditioning": "yes",
        "amenity": "fast_food",
        "cuisine": "sandwich;western",
        "delivery": "yes",
        "diet:halal": "yes",
        "drive_through": "no",
        "name": "Gomgom",
        "opening_hours": "Mo-Fr 08:30-20:00; Sa,Su 10:00-18:00"
      },
      "geometry": {
        "type": "Point",
        "coordinates": [
          103.96255,
          1.3407312
        ]
      },
      "id": "node/6728544852"
    },
    {
      "type": "Feature",
      "properties": {
        "@id": "node/6743835924",
        "amenity": "fast_food",
        "level": "-1",
        "name": "Wok Hey",
        "wheelchair": "yes"
      },
      "geometry": {
        "type": "Point",
        "coordinates": [
          103.8559148,
          1.3001462
        ]
      },
      "id": "node/6743835924"
    },
    {
      "type": "Feature",
      "properties": {
        "@id": "node/6743835925",
        "amenity": "fast_food",
        "level": "-1",
        "name": "Jollibean"
      },
      "geometry": {
        "type": "Point",
        "coordinates": [
          103.8558198,
          1.299909
        ]
      },
      "id": "node/6743835925"
    },
    {
      "type": "Feature",
      "properties": {
        "@id": "node/6743835940",
        "amenity": "fast_food",
        "level": "-1",
        "name": "Nam Kee Pau"
      },
      "geometry": {
        "type": "Point",
        "coordinates": [
          103.8559594,
          1.3001238
        ]
      },
      "id": "node/6743835940"
    },
    {
      "type": "Feature",
      "properties": {
        "@id": "node/6743835942",
        "amenity": "fast_food",
        "level": "-1",
        "name": "Wow Tako",
        "wheelchair": "yes"
      },
      "geometry": {
        "type": "Point",
        "coordinates": [
          103.8559446,
          1.3000624
        ]
      },
      "id": "node/6743835942"
    },
    {
      "type": "Feature",
      "properties": {
        "@id": "node/6743835945",
        "amenity": "fast_food",
        "level": "-1",
        "name": "Tori Q",
        "wheelchair": "yes"
      },
      "geometry": {
        "type": "Point",
        "coordinates": [
          103.8559608,
          1.3001591
        ]
      },
      "id": "node/6743835945"
    },
    {
      "type": "Feature",
      "properties": {
        "@id": "node/6743884763",
        "amenity": "fast_food",
        "brand": "4Fingers Crispy Chicken",
        "brand:wikidata": "Q23043391",
        "check_date": "2025-05-23",
        "cuisine": "chicken",
        "level": "0",
        "name": "4Fingers Crispy Chicken",
        "takeaway": "yes",
        "wheelchair": "no"
      },
      "geometry": {
        "type": "Point",
        "coordinates": [
          103.8553794,
          1.3009469
        ]
      },
      "id": "node/6743884763"
    },
    {
      "type": "Feature",
      "properties": {
        "@id": "node/6743884764",
        "amenity": "fast_food",
        "check_date": "2024-03-20",
        "cuisine": "chicken",
        "delivery": "yes",
        "level": "0",
        "name": "Ayam Penyet Ria",
        "wheelchair": "no"
      },
      "geometry": {
        "type": "Point",
        "coordinates": [
          103.8553869,
          1.300429
        ]
      },
      "id": "node/6743884764"
    },
    {
      "type": "Feature",
      "properties": {
        "@id": "node/6749829879",
        "addr:unit": "#01-05",
        "amenity": "fast_food",
        "brand": "Burger King",
        "brand:wikidata": "Q177054",
        "brand:wikipedia": "en:Burger King",
        "cuisine": "burger",
        "level": "0",
        "name": "Burger King",
        "name:en": "Burger King",
        "name:zh": "汉堡王",
        "opening_hours": "Mo-Su 07:30-24:00",
        "outdoor_seating": "yes",
        "takeaway": "yes",
        "wheelchair": "yes"
      },
      "geometry": {
        "type": "Point",
        "coordinates": [
          103.847618,
          1.33259
        ]
      },
      "id": "node/6749829879"
    },
    {
      "type": "Feature",
      "properties": {
        "@id": "node/6749831454",
        "addr:housename": "SAFRA Toa Payoh",
        "addr:housenumber": "293",
        "addr:street": "Lor 6 Toa Payoh",
        "amenity": "fast_food",
        "brand": "McDonald's",
        "brand:en": "McDonald's",
        "brand:wikidata": "Q38076",
        "brand:wikipedia": "en:McDonald's",
        "brand:zh": "麦当劳",
        "brand:zh-Hans": "麦当劳",
        "check_date": "2024-02-25",
        "cuisine": "burger",
        "drive_through": "yes",
        "name": "McDonald's",
        "name:en": "McDonald's",
        "name:zh": "麦当劳",
        "name:zh-Hans": "麦当劳",
        "takeaway": "yes"
      },
      "geometry": {
        "type": "Point",
        "coordinates": [
          103.8546267,
          1.3308349
        ]
      },
      "id": "node/6749831454"
    },
    {
      "type": "Feature",
      "properties": {
        "@id": "node/6780316637",
        "addr:housenumber": "20",
        "addr:street": "Ah Hood Road",
        "air_conditioning": "yes",
        "amenity": "fast_food",
        "branch": "Zhongshan Mall",
        "brand": "McDonald's",
        "brand:en": "McDonald's",
        "brand:wikidata": "Q38076",
        "brand:wikipedia": "en:McDonald's",
        "brand:zh": "麦当劳",
        "brand:zh-Hans": "麦当劳",
        "check_date": "2025-11-05",
        "cuisine": "burger",
        "delivery": "yes",
        "diet:halal": "only",
        "drive_through": "no",
        "highchair": "no",
        "internet_access": "wlan",
        "internet_access:fee": "no",
        "level": "0",
        "name": "McDonald's",
        "name:en": "McDonald's",
        "name:zh": "麦当劳",
        "name:zh-Hans": "麦当劳",
        "operator": "McDonald's",
        "outdoor_seating": "yes",
        "payment:cards": "yes",
        "payment:credit_cards": "yes",
        "payment:debit_cards": "yes",
        "payment:grabpay": "yes",
        "payment:mastercard": "yes",
        "payment:nets": "yes",
        "payment:visa": "yes",
        "takeaway": "yes",
        "wheelchair": "yes"
      },
      "geometry": {
        "type": "Point",
        "coordinates": [
          103.8468097,
          1.3268678
        ]
      },
      "id": "node/6780316637"
    },
    {
      "type": "Feature",
      "properties": {
        "@id": "node/6780474724",
        "addr:housenumber": "#01-18",
        "addr:street": "Funan",
        "air_conditioning": "yes",
        "amenity": "fast_food",
        "cuisine": "pizza",
        "level": "0",
        "name": "US Pizza",
        "opening_hours": "Mo-Su 10:00-22:30",
        "takeaway": "yes",
        "wheelchair": "yes"
      },
      "geometry": {
        "type": "Point",
        "coordinates": [
          103.8494989,
          1.2917077
        ]
      },
      "id": "node/6780474724"
    },
    {
      "type": "Feature",
      "properties": {
        "@id": "node/6780648700",
        "addr:city": "Singapore",
        "addr:housenumber": "6",
        "addr:postcode": "059817",
        "addr:street": "Eu Tong Sen Street",
        "amenity": "fast_food",
        "brand": "Subway",
        "brand:wikidata": "Q244457",
        "brand:wikipedia": "en:Subway (restaurant)",
        "cuisine": "sandwich",
        "drive_through": "no",
        "level": "0",
        "name": "Subway",
        "name:zh": "赛百味",
        "opening_hours": "Mo-Th 07:30-22:30; Fr 07:30-23:00; Sa-Su 08:00-22:30",
        "operator": "Subway",
        "phone": "+65 62385618",
        "takeaway": "yes",
        "website": "https://www.subway.com/en-sg"
      },
      "geometry": {
        "type": "Point",
        "coordinates": [
          103.846156,
          1.2888906
        ]
      },
      "id": "node/6780648700"
    },
    {
      "type": "Feature",
      "properties": {
        "@id": "node/6780648711",
        "addr:city": "Singapore",
        "addr:housenumber": "42",
        "addr:postcode": "239351",
        "addr:street": "Kim Yam Road",
        "amenity": "fast_food",
        "cuisine": "burger",
        "drive_through": "no",
        "level": "2",
        "name": "One Fattened Calf Burgers",
        "opening_hours": "Mo-Su 11:00-20:00",
        "shop": "optician",
        "website": "https://www.onefattenedcalf.com/"
      },
      "geometry": {
        "type": "Point",
        "coordinates": [
          103.8390043,
          1.2922175
        ]
      },
      "id": "node/6780648711"
    },
    {
      "type": "Feature",
      "properties": {
        "@id": "node/6796486577",
        "amenity": "fast_food",
        "level": "-1",
        "name": "Maki-San"
      },
      "geometry": {
        "type": "Point",
        "coordinates": [
          103.8475461,
          1.299738
        ]
      },
      "id": "node/6796486577"
    },
    {
      "type": "Feature",
      "properties": {
        "@id": "node/6815684829",
        "amenity": "fast_food",
        "cuisine": "japanese",
        "level": "0",
        "name": "Sukiya"
      },
      "geometry": {
        "type": "Point",
        "coordinates": [
          103.9623981,
          1.3345528
        ]
      },
      "id": "node/6815684829"
    },
    {
      "type": "Feature",
      "properties": {
        "@id": "node/6832566764",
        "addr:city": "Singapore",
        "addr:housenumber": "1",
        "addr:postcode": "138632",
        "addr:street": "Fusionopolis Way",
        "amenity": "fast_food",
        "cuisine": "burger",
        "drive_through": "no",
        "level": "0",
        "name": "MOS Burger",
        "name:en": "MOS Burger",
        "name:zh": "摩斯漢堡",
        "opening_hours": "Mo-Sa 08:00-21:00",
        "operator": "MOS Burger",
        "website": "https://www.mosburger.com.sg/",
        "wheelchair": "yes"
      },
      "geometry": {
        "type": "Point",
        "coordinates": [
          103.7876728,
          1.2991326
        ]
      },
      "id": "node/6832566764"
    },
    {
      "type": "Feature",
      "properties": {
        "@id": "node/6832566774",
        "amenity": "fast_food",
        "level": "0",
        "name": "Mr Bean",
        "name:zh": "豆先生",
        "wheelchair": "yes"
      },
      "geometry": {
        "type": "Point",
        "coordinates": [
          103.7876405,
          1.2991022
        ]
      },
      "id": "node/6832566774"
    },
    {
      "type": "Feature",
      "properties": {
        "@id": "node/6842646796",
        "addr:unit": "33",
        "amenity": "fast_food",
        "cuisine": "juice",
        "drive_through": "no",
        "level": "1",
        "name": "Mr. Coconut",
        "wheelchair": "limited"
      },
      "geometry": {
        "type": "Point",
        "coordinates": [
          103.8950023,
          1.3916478
        ]
      },
      "id": "node/6842646796"
    },
    {
      "type": "Feature",
      "properties": {
        "@id": "node/6846394996",
        "amenity": "fast_food",
        "level": "-1",
        "name": "Wok Hey",
        "takeaway": "only"
      },
      "geometry": {
        "type": "Point",
        "coordinates": [
          103.8560056,
          1.3114607
        ]
      },
      "id": "node/6846394996"
    },
    {
      "type": "Feature",
      "properties": {
        "@id": "node/6846394999",
        "amenity": "fast_food",
        "brand": "Subway",
        "brand:wikidata": "Q244457",
        "cuisine": "sandwich",
        "diet:vegetarian": "yes",
        "level": "-3",
        "name": "Subway",
        "name:zh": "赛百味",
        "takeaway": "yes",
        "website": "https://www.subway.com"
      },
      "geometry": {
        "type": "Point",
        "coordinates": [
          103.8563754,
          1.3112254
        ]
      },
      "id": "node/6846394999"
    },
    {
      "type": "Feature",
      "properties": {
        "@id": "node/6888275685",
        "amenity": "fast_food",
        "cuisine": "japanese",
        "level": "0",
        "name": "Umi Sushi",
        "name:fa": "یومی سوشی",
        "takeaway": "yes",
        "wheelchair": "yes"
      },
      "geometry": {
        "type": "Point",
        "coordinates": [
          103.9032462,
          1.3198236
        ]
      },
      "id": "node/6888275685"
    },
    {
      "type": "Feature",
      "properties": {
        "@id": "node/6888283385",
        "amenity": "fast_food",
        "name": "Old Chang Kee",
        "wheelchair": "no"
      },
      "geometry": {
        "type": "Point",
        "coordinates": [
          103.9132946,
          1.3210241
        ]
      },
      "id": "node/6888283385"
    },
    {
      "type": "Feature",
      "properties": {
        "@id": "node/6898252892",
        "amenity": "fast_food",
        "brand": "麦当劳",
        "brand:en": "McDonald's",
        "brand:wikidata": "Q38076",
        "brand:wikipedia": "en:McDonald's",
        "brand:zh": "麦当劳",
        "brand:zh-Hans": "麦当劳",
        "cuisine": "burger",
        "name": "McDonald's",
        "name:en": "McDonald's",
        "name:zh": "麦当劳",
        "name:zh-Hans": "麦当劳",
        "takeaway": "yes"
      },
      "geometry": {
        "type": "Point",
        "coordinates": [
          103.7254183,
          1.3504275
        ]
      },
      "id": "node/6898252892"
    },
    {
      "type": "Feature",
      "properties": {
        "@id": "node/6916279920",
        "amenity": "fast_food",
        "brand": "Shake Shack",
        "brand:wikidata": "Q1058722",
        "cuisine": "burger",
        "level": "-1",
        "name": "Shake Shack",
        "takeaway": "yes"
      },
      "geometry": {
        "type": "Point",
        "coordinates": [
          103.989959,
          1.3602973
        ]
      },
      "id": "node/6916279920"
    },
    {
      "type": "Feature",
      "properties": {
        "@id": "node/6939382735",
        "amenity": "fast_food",
        "brand": "麦当劳",
        "brand:en": "McDonald's",
        "brand:wikidata": "Q38076",
        "brand:wikipedia": "en:McDonald's",
        "brand:zh": "麦当劳",
        "brand:zh-Hans": "麦当劳",
        "cuisine": "burger",
        "drive_through": "yes",
        "name": "McDonald's",
        "name:en": "McDonald's",
        "name:zh": "麦当劳",
        "name:zh-Hans": "麦当劳",
        "takeaway": "yes"
      },
      "geometry": {
        "type": "Point",
        "coordinates": [
          103.8901702,
          1.3491728
        ]
      },
      "id": "node/6939382735"
    },
    {
      "type": "Feature",
      "properties": {
        "@id": "node/6941039455",
        "amenity": "fast_food",
        "brand": "McDonald's",
        "brand:en": "McDonald's",
        "brand:wikidata": "Q38076",
        "brand:wikipedia": "en:McDonald's",
        "brand:zh": "麦当劳",
        "brand:zh-Hans": "麦当劳",
        "cuisine": "burger",
        "name": "McDonald's",
        "name:en": "McDonald's",
        "name:zh": "麦当劳",
        "name:zh-Hans": "麦当劳",
        "takeaway": "yes"
      },
      "geometry": {
        "type": "Point",
        "coordinates": [
          103.8376182,
          1.373602
        ]
      },
      "id": "node/6941039455"
    },
    {
      "type": "Feature",
      "properties": {
        "@id": "node/6942610080",
        "amenity": "fast_food",
        "brand": "Subway",
        "brand:wikidata": "Q244457",
        "brand:wikipedia": "en:Subway (restaurant)",
        "cuisine": "sandwich",
        "name": "Subway",
        "name:zh": "赛百味",
        "takeaway": "yes"
      },
      "geometry": {
        "type": "Point",
        "coordinates": [
          103.7207896,
          1.3346836
        ]
      },
      "id": "node/6942610080"
    },
    {
      "type": "Feature",
      "properties": {
        "@id": "node/6942610083",
        "amenity": "fast_food",
        "brand": "Subway",
        "brand:wikidata": "Q244457",
        "brand:wikipedia": "en:Subway (restaurant)",
        "cuisine": "sandwich",
        "name": "Subway",
        "name:zh": "赛百味",
        "takeaway": "yes"
      },
      "geometry": {
        "type": "Point",
        "coordinates": [
          103.7247314,
          1.3257297
        ]
      },
      "id": "node/6942610083"
    },
    {
      "type": "Feature",
      "properties": {
        "@id": "node/6966435401",
        "addr:city": "Singapore",
        "addr:housenumber": "33",
        "addr:postcode": "797653",
        "addr:street": "Sengkang West Avenue",
        "amenity": "fast_food",
        "brand": "麦当劳",
        "brand:en": "McDonald's",
        "brand:wikidata": "Q38076",
        "brand:wikipedia": "en:McDonald's",
        "brand:zh": "麦当劳",
        "brand:zh-Hans": "麦当劳",
        "cuisine": "burger",
        "indoor_seating": "yes",
        "level": "0",
        "name": "McDonald's",
        "name:en": "McDonald's",
        "name:zh": "麦当劳",
        "name:zh-Hans": "麦当劳",
        "outdoor_seating": "no",
        "takeaway": "yes",
        "wheelchair": "yes"
      },
      "geometry": {
        "type": "Point",
        "coordinates": [
          103.8761135,
          1.3911091
        ]
      },
      "id": "node/6966435401"
    },
    {
      "type": "Feature",
      "properties": {
        "@id": "node/6975908288",
        "amenity": "fast_food",
        "brand": "Subway",
        "brand:wikidata": "Q244457",
        "brand:wikipedia": "en:Subway (restaurant)",
        "cuisine": "sandwich",
        "level": "1",
        "name": "Subway",
        "name:en": "Subway",
        "name:zh": "赛百味",
        "takeaway": "yes"
      },
      "geometry": {
        "type": "Point",
        "coordinates": [
          103.9059681,
          1.3008124
        ]
      },
      "id": "node/6975908288"
    },
    {
      "type": "Feature",
      "properties": {
        "@id": "node/6975908690",
        "amenity": "fast_food",
        "brand": "Subway",
        "brand:wikidata": "Q244457",
        "brand:wikipedia": "en:Subway (restaurant)",
        "cuisine": "sandwich",
        "level": "2",
        "name": "Subway",
        "name:en": "Subway",
        "name:zh": "赛百味",
        "takeaway": "yes"
      },
      "geometry": {
        "type": "Point",
        "coordinates": [
          103.9059681,
          1.3008124
        ]
      },
      "id": "node/6975908690"
    },
    {
      "type": "Feature",
      "properties": {
        "@id": "node/6975909485",
        "alt_name": "Kentucky Fried Chicken",
        "amenity": "fast_food",
        "brand": "KFC",
        "brand:wikidata": "Q524757",
        "brand:wikipedia": "en:KFC",
        "cuisine": "chicken",
        "level": "2",
        "name": "KFC",
        "name:en": "KFC",
        "name:zh": "肯德基",
        "takeaway": "yes"
      },
      "geometry": {
        "type": "Point",
        "coordinates": [
          103.9051172,
          1.3021337
        ]
      },
      "id": "node/6975909485"
    },
    {
      "type": "Feature",
      "properties": {
        "@id": "node/6976881289",
        "amenity": "fast_food",
        "level": "3",
        "name": "鼎泰豐",
        "name:en": "鼎泰豐",
        "wheelchair": "yes"
      },
      "geometry": {
        "type": "Point",
        "coordinates": [
          103.905449,
          1.3016997
        ]
      },
      "id": "node/6976881289"
    },
    {
      "type": "Feature",
      "properties": {
        "@id": "node/6976881488",
        "amenity": "fast_food",
        "brand": "Subway",
        "brand:wikidata": "Q244457",
        "brand:wikipedia": "en:Subway (restaurant)",
        "cuisine": "sandwich",
        "level": "3",
        "name": "Subway",
        "name:en": "Subway",
        "name:zh": "赛百味",
        "takeaway": "yes"
      },
      "geometry": {
        "type": "Point",
        "coordinates": [
          103.9059681,
          1.3008124
        ]
      },
      "id": "node/6976881488"
    },
    {
      "type": "Feature",
      "properties": {
        "@id": "node/6980152821",
        "alt_name": "Kentucky Fried Chicken",
        "amenity": "fast_food",
        "brand": "KFC",
        "brand:wikidata": "Q524757",
        "brand:wikipedia": "en:KFC",
        "cuisine": "chicken",
        "name": "KFC",
        "name:zh": "肯德基",
        "takeaway": "yes"
      },
      "geometry": {
        "type": "Point",
        "coordinates": [
          103.7431212,
          1.3334247
        ]
      },
      "id": "node/6980152821"
    },
    {
      "type": "Feature",
      "properties": {
        "@id": "node/6981846721",
        "amenity": "fast_food",
        "brand": "McDonald's",
        "brand:en": "McDonald's",
        "brand:wikidata": "Q38076",
        "brand:wikipedia": "en:McDonald's",
        "brand:zh": "麦当劳",
        "cuisine": "burger",
        "delivery": "yes",
        "name": "McDonald's",
        "name:en": "McDonald's",
        "name:zh": "麦当劳",
        "name:zh-Hans": "麦当劳",
        "opening_hours": "Su-Th 11:00-22:00; Fr-Sa 11:00-23:00",
        "takeaway": "yes",
        "wheelchair": "yes"
      },
      "geometry": {
        "type": "Point",
        "coordinates": [
          103.8317122,
          1.3054682
        ]
      },
      "id": "node/6981846721"
    },
    {
      "type": "Feature",
      "properties": {
        "@id": "node/6988789415",
        "amenity": "fast_food",
        "brand": "摩斯漢堡",
        "brand:en": "MOS Burger",
        "brand:wikidata": "Q1204169",
        "brand:wikipedia": "zh:摩斯漢堡",
        "brand:zh": "摩斯漢堡",
        "cuisine": "burger",
        "level": "3",
        "name": "MOS Burger",
        "name:en": "MOS Burger",
        "name:zh": "摩斯漢堡",
        "takeaway": "yes"
      },
      "geometry": {
        "type": "Point",
        "coordinates": [
          103.8938742,
          1.3724997
        ]
      },
      "id": "node/6988789415"
    },
    {
      "type": "Feature",
      "properties": {
        "@id": "node/6988855397",
        "amenity": "fast_food",
        "brand": "Subway",
        "brand:wikidata": "Q244457",
        "brand:wikipedia": "en:Subway (restaurant)",
        "cuisine": "sandwich",
        "level": "1",
        "name": "Subway",
        "name:zh": "赛百味",
        "takeaway": "yes"
      },
      "geometry": {
        "type": "Point",
        "coordinates": [
          103.89388,
          1.3725345
        ]
      },
      "id": "node/6988855397"
    },
    {
      "type": "Feature",
      "properties": {
        "@id": "node/6991560587",
        "amenity": "fast_food",
        "indoor": "room",
        "level": "-1",
        "name": "Boost Juice",
        "room": "restaurant",
        "wheelchair": "yes"
      },
      "geometry": {
        "type": "Point",
        "coordinates": [
          103.905439,
          1.3009938
        ]
      },
      "id": "node/6991560587"
    },
    {
      "type": "Feature",
      "properties": {
        "@id": "node/7019696057",
        "addr:floor": "1",
        "addr:housenumber": "12",
        "addr:street": "Kallang Avenue",
        "amenity": "fast_food",
        "capacity": "20",
        "check_date": "2024-05-17",
        "contact:instagram": "https://www.instagram.com/thepacksaladbar",
        "cuisine": "salad",
        "delivery": "yes",
        "diet:vegetarian": "yes",
        "level": "0",
        "name": "The Pack",
        "opening_hours": "Mo-Sa 10:30-20:15; Su off",
        "outdoor_seating": "no",
        "payment:cards": "no",
        "payment:cash": "yes",
        "payment:credit_cards": "no",
        "payment:debit_cards": "no",
        "payment:paynow": "yes",
        "pets": "no",
        "takeaway": "only"
      },
      "geometry": {
        "type": "Point",
        "coordinates": [
          103.8640723,
          1.3099738
        ]
      },
      "id": "node/7019696057"
    },
    {
      "type": "Feature",
      "properties": {
        "@id": "node/7056023159",
        "amenity": "fast_food",
        "level": "0",
        "name": "Megapicks",
        "takeaway": "only"
      },
      "geometry": {
        "type": "Point",
        "coordinates": [
          103.9340348,
          1.3739403
        ]
      },
      "id": "node/7056023159"
    },
    {
      "type": "Feature",
      "properties": {
        "@id": "node/7056023160",
        "amenity": "fast_food",
        "brand": "Subway",
        "brand:wikidata": "Q244457",
        "brand:wikipedia": "en:Subway (restaurant)",
        "cuisine": "sandwich",
        "level": "2",
        "name": "Subway",
        "name:zh": "赛百味",
        "takeaway": "yes"
      },
      "geometry": {
        "type": "Point",
        "coordinates": [
          103.9335241,
          1.3733336
        ]
      },
      "id": "node/7056023160"
    },
    {
      "type": "Feature",
      "properties": {
        "@id": "node/7056599272",
        "amenity": "fast_food",
        "check_date": "2023-05-27",
        "level": "0",
        "name": "Foodsta Kitchen",
        "takeaway": "only"
      },
      "geometry": {
        "type": "Point",
        "coordinates": [
          103.8516726,
          1.3237223
        ]
      },
      "id": "node/7056599272"
    },
    {
      "type": "Feature",
      "properties": {
        "@id": "node/7056606583",
        "addr:housenumber": "300",
        "addr:postcode": "329737",
        "addr:street": "Balestier Road",
        "alt_name": "Dong Yuan Bak Chang",
        "amenity": "fast_food",
        "branch": "Central",
        "check_date": "2023-12-16",
        "cuisine": "snack",
        "indoor_seating": "yes",
        "name": "Eastern Rice Dumpling",
        "opening_hours": "24/7",
        "outdoor_seating": "no",
        "phone": "+65 6352 6283",
        "website": "https://www.dongyuan.com.sg/"
      },
      "geometry": {
        "type": "Point",
        "coordinates": [
          103.852508,
          1.3232165
        ]
      },
      "id": "node/7056606583"
    },
    {
      "type": "Feature",
      "properties": {
        "@id": "node/7065476361",
        "amenity": "fast_food",
        "level": "1",
        "name": "Tuk Tuk Cha"
      },
      "geometry": {
        "type": "Point",
        "coordinates": [
          103.8723343,
          1.3507554
        ]
      },
      "id": "node/7065476361"
    },
    {
      "type": "Feature",
      "properties": {
        "@id": "node/7071868900",
        "addr:city": "Singapore",
        "addr:housenumber": "#01-28",
        "addr:postcode": "199597",
        "addr:street": "371 Beach Road",
        "amenity": "fast_food",
        "cuisine": "chinese",
        "drive_through": "no",
        "name": "Ifry 爱小炒",
        "operator": "Ifry"
      },
      "geometry": {
        "type": "Point",
        "coordinates": [
          103.8623239,
          1.302564
        ]
      },
      "id": "node/7071868900"
    },
    {
      "type": "Feature",
      "properties": {
        "@id": "node/7079732341",
        "addr:housenumber": "429",
        "addr:street": "Balestier Road",
        "air_conditioning": "yes",
        "amenity": "fast_food",
        "brand": "Domino's",
        "brand:wikidata": "Q839466",
        "brand:wikipedia": "en:Domino's Pizza",
        "check_date": "2025-11-05",
        "cuisine": "pizza",
        "drive_through": "no",
        "indoor_seating": "yes",
        "level": "0",
        "name": "Domino's",
        "outdoor_seating": "no",
        "takeaway": "yes",
        "wheelchair": "no"
      },
      "geometry": {
        "type": "Point",
        "coordinates": [
          103.8487734,
          1.3258715
        ]
      },
      "id": "node/7079732341"
    },
    {
      "type": "Feature",
      "properties": {
        "@id": "node/7111373286",
        "addr:city": "Singapore",
        "addr:country": "SG",
        "addr:housenumber": "89",
        "addr:postcode": "088849",
        "addr:street": "Neil Road",
        "addr:unit": "#01-01",
        "amenity": "fast_food",
        "branch": "Neil Road",
        "brand": "Shake Shack",
        "brand:wikidata": "Q1058722",
        "brand:wikipedia": "en:Shake Shack",
        "cuisine": "burger",
        "currency:SGD": "yes",
        "level": "0",
        "name": "Shake Shack",
        "opening_hours": "Mo-Su 11:00-21:00",
        "takeaway": "yes",
        "website": "https://www.shakeshack.com/",
        "wheelchair": "limited"
      },
      "geometry": {
        "type": "Point",
        "coordinates": [
          103.8416918,
          1.2785923
        ]
      },
      "id": "node/7111373286"
    },
    {
      "type": "Feature",
      "properties": {
        "@id": "node/7121398285",
        "amenity": "fast_food",
        "name": "Popeye"
      },
      "geometry": {
        "type": "Point",
        "coordinates": [
          103.9226622,
          1.3234635
        ]
      },
      "id": "node/7121398285"
    },
    {
      "type": "Feature",
      "properties": {
        "@id": "node/7121522399",
        "amenity": "fast_food",
        "level": "-1",
        "name": "Nature Bowl & Sushi"
      },
      "geometry": {
        "type": "Point",
        "coordinates": [
          103.7846233,
          1.2940881
        ]
      },
      "id": "node/7121522399"
    },
    {
      "type": "Feature",
      "properties": {
        "@id": "node/7129593482",
        "addr:city": "Singapore",
        "addr:housenumber": "896",
        "addr:postcode": "589472",
        "addr:street": "Dunearn Road",
        "amenity": "fast_food",
        "brand": "Burger King",
        "brand:wikidata": "Q177054",
        "brand:wikipedia": "en:Burger King",
        "cuisine": "burger",
        "level": "0",
        "name": "Burger King",
        "name:en": "Burger King",
        "name:zh": "汉堡王",
        "opening_hours": "Mo-Su 08:00-22:00",
        "payment:cards": "yes",
        "payment:cash": "yes",
        "payment:contactless": "yes",
        "takeaway": "yes"
      },
      "geometry": {
        "type": "Point",
        "coordinates": [
          103.7833364,
          1.336574
        ]
      },
      "id": "node/7129593482"
    },
    {
      "type": "Feature",
      "properties": {
        "@id": "node/7129609602",
        "addr:city": "Singapore",
        "addr:housenumber": "2",
        "addr:postcode": "238801",
        "addr:street": "Orchard Turn",
        "addr:unit": "#B4-06A",
        "amenity": "fast_food",
        "brand": "4Fingers Crispy Chicken",
        "brand:wikidata": "Q23043391",
        "cuisine": "chicken",
        "drive_through": "no",
        "email": "feedback@4fingers.com",
        "internet_access": "wlan",
        "level": "-4",
        "name": "4Fingers Crispy Chicken",
        "opening_hours": "Su-Th 11:00-22:00, Fr-Sa 11:00-22:30",
        "outdoor_seating": "no",
        "phone": "+65 65098641",
        "smoking": "no",
        "takeaway": "yes",
        "website": "https://www.4fingers.com/Outlets-4Fingers",
        "wheelchair": "yes"
      },
      "geometry": {
        "type": "Point",
        "coordinates": [
          103.8316039,
          1.3044559
        ]
      },
      "id": "node/7129609602"
    },
    {
      "type": "Feature",
      "properties": {
        "@id": "node/7129646312",
        "addr:city": "Singapore",
        "addr:housenumber": "2",
        "addr:postcode": "238801",
        "addr:street": "Orchard Turn",
        "air_conditioning": "yes",
        "amenity": "fast_food",
        "cuisine": "juice",
        "fax": "+65 6509 1329",
        "internet_access": "no",
        "level": "-4",
        "min_age": "no",
        "name": "Boost Juice Bar",
        "opening_hours": "Mo-Su 10:00-22:00",
        "outdoor_seating": "no",
        "website": "https://www.boostjuice.com/",
        "wheelchair": "yes"
      },
      "geometry": {
        "type": "Point",
        "coordinates": [
          103.8321841,
          1.3041311
        ]
      },
      "id": "node/7129646312"
    },
    {
      "type": "Feature",
      "properties": {
        "@id": "node/7142247385",
        "addr:postcode": "310073",
        "addr:street": "73 Lorong 4 Toa Payoh, Singapore 310073",
        "amenity": "fast_food",
        "cuisine": "chicken",
        "name": "Xiang Ji Chicken Rice (Since 1986)"
      },
      "geometry": {
        "type": "Point",
        "coordinates": [
          103.8517293,
          1.334692
        ]
      },
      "id": "node/7142247385"
    },
    {
      "type": "Feature",
      "properties": {
        "@id": "node/7143800179",
        "addr:city": "Singapore",
        "addr:country": "SG",
        "addr:housenumber": "9",
        "addr:postcode": "589474",
        "addr:street": "King Albert Park",
        "addr:unit": "#01-06/07/08",
        "amenity": "fast_food",
        "brand": "Carl's Jr.",
        "brand:wikidata": "Q1043486",
        "brand:wikipedia": "en:Carl's Jr.",
        "cuisine": "burger",
        "drive_through": "no",
        "level": "0-1",
        "name": "Carl's Jr.",
        "opening_hours": "Mo-Su 11:00-22:00",
        "phone": "+65 6250 4906",
        "takeaway": "yes",
        "website": "https://www.carlsjr.com.sg/"
      },
      "geometry": {
        "type": "Point",
        "coordinates": [
          103.7789699,
          1.336948
        ]
      },
      "id": "node/7143800179"
    },
    {
      "type": "Feature",
      "properties": {
        "@id": "node/7143823921",
        "amenity": "fast_food",
        "level": "0",
        "name": "Acai-Guru"
      },
      "geometry": {
        "type": "Point",
        "coordinates": [
          103.7793757,
          1.3369827
        ]
      },
      "id": "node/7143823921"
    },
    {
      "type": "Feature",
      "properties": {
        "@id": "node/7165375022",
        "amenity": "fast_food",
        "brand": "Jollibee",
        "brand:wikidata": "Q37614",
        "brand:wikipedia": "en:Jollibee",
        "cuisine": "burger",
        "name": "Jollibee",
        "takeaway": "yes"
      },
      "geometry": {
        "type": "Point",
        "coordinates": [
          103.706429,
          1.3396588
        ]
      },
      "id": "node/7165375022"
    },
    {
      "type": "Feature",
      "properties": {
        "@id": "node/7169785194",
        "addr:city": "Singapore",
        "addr:housenumber": "50",
        "addr:postcode": "639798",
        "addr:street": "Nanyang Avenue",
        "amenity": "fast_food",
        "brand": "Mr Bean",
        "cuisine": "soy",
        "name": "Mr Bean",
        "name:zh": "豆先生",
        "opening_hours": "Mo-Fr 07:00-16:00",
        "wheelchair": "yes"
      },
      "geometry": {
        "type": "Point",
        "coordinates": [
          103.6806811,
          1.3466439
        ]
      },
      "id": "node/7169785194"
    },
    {
      "type": "Feature",
      "properties": {
        "@id": "node/7233002744",
        "addr:city": "Singapore",
        "addr:housenumber": "460",
        "addr:postcode": "119963",
        "addr:street": "Alexandra Road",
        "air_conditioning": "yes",
        "amenity": "fast_food",
        "brand": "McDonald's",
        "brand:en": "McDonald's",
        "brand:wikidata": "Q38076",
        "brand:wikipedia": "en:McDonald's",
        "brand:zh": "麦当劳",
        "check_date": "2024-04-07",
        "cuisine": "burger",
        "drive_through": "yes",
        "level": "0",
        "name": "McDonald's",
        "name:en": "McDonald's",
        "name:zh": "麦当劳",
        "name:zh-Hans": "麦当劳",
        "outdoor_seating": "no",
        "phone": "+65 6274 7089",
        "takeaway": "yes",
        "website": "https://www.mcdonalds.com.sg/"
      },
      "geometry": {
        "type": "Point",
        "coordinates": [
          103.8016015,
          1.2744444
        ]
      },
      "id": "node/7233002744"
    },
    {
      "type": "Feature",
      "properties": {
        "@id": "node/7236038837",
        "addr:city": "Singapore",
        "addr:housenumber": "6",
        "addr:postcode": "039594",
        "addr:street": "Raffles Boulevard",
        "air_conditioning": "yes",
        "amenity": "fast_food",
        "brand": "Burger King",
        "brand:wikidata": "Q177054",
        "brand:wikipedia": "en:Burger King",
        "cuisine": "burger",
        "name": "Burger King",
        "name:en": "Burger King",
        "name:zh": "汉堡王",
        "opening_hours": "Mo-Sa 08:00-22:00; Su 08:30-22:00",
        "takeaway": "yes"
      },
      "geometry": {
        "type": "Point",
        "coordinates": [
          103.8564967,
          1.2916989
        ]
      },
      "id": "node/7236038837"
    },
    {
      "type": "Feature",
      "properties": {
        "@id": "node/7236038839",
        "addr:city": "Singapore",
        "addr:housenumber": "3",
        "addr:postcode": "038983",
        "addr:street": "Temasek Avenue",
        "air_conditioning": "yes",
        "amenity": "fast_food",
        "brand": "Jollibee",
        "brand:wikidata": "Q37614",
        "brand:wikipedia": "en:Jollibee",
        "check_date": "2023-11-07",
        "cuisine": "burger",
        "level": "-1",
        "name": "Jollibee",
        "opening_hours": "Mo-Su 10:00-22:00",
        "takeaway": "yes"
      },
      "geometry": {
        "type": "Point",
        "coordinates": [
          103.8583587,
          1.2945568
        ]
      },
      "id": "node/7236038839"
    },
    {
      "type": "Feature",
      "properties": {
        "@id": "node/7251543643",
        "amenity": "fast_food",
        "brand": "Burger King",
        "brand:wikidata": "Q177054",
        "brand:wikipedia": "en:Burger King",
        "cuisine": "burger",
        "name": "Burger King",
        "name:en": "Burger King",
        "name:zh": "汉堡王",
        "takeaway": "yes"
      },
      "geometry": {
        "type": "Point",
        "coordinates": [
          103.7795935,
          1.4334749
        ]
      },
      "id": "node/7251543643"
    },
    {
      "type": "Feature",
      "properties": {
        "@id": "node/7290752232",
        "alt_name": "Church's Chicken",
        "amenity": "fast_food",
        "brand": "Texas Chicken",
        "brand:wikidata": "Q1089932",
        "cuisine": "chicken",
        "level": "-1",
        "name": "Texas Chicken",
        "takeaway": "yes"
      },
      "geometry": {
        "type": "Point",
        "coordinates": [
          103.8202079,
          1.257053
        ]
      },
      "id": "node/7290752232"
    },
    {
      "type": "Feature",
      "properties": {
        "@id": "node/7306114521",
        "amenity": "fast_food",
        "brand": "Secret Recipe",
        "brand:wikidata": "Q7444079",
        "cuisine": "cake;malaysian",
        "level": "0",
        "name": "Secret Recipe",
        "takeaway": "yes"
      },
      "geometry": {
        "type": "Point",
        "coordinates": [
          103.8494932,
          1.3320434
        ]
      },
      "id": "node/7306114521"
    },
    {
      "type": "Feature",
      "properties": {
        "@id": "node/7353764015",
        "addr:city": "Singapore",
        "addr:housenumber": "2",
        "addr:postcode": "238801",
        "addr:street": "Orchard Turn",
        "air_conditioning": "yes",
        "amenity": "fast_food",
        "brand": "4Fingers Crispy Chicken",
        "brand:wikidata": "Q23043391",
        "cuisine": "chicken",
        "drive_through": "no",
        "email": "feedback@4fingers.com",
        "name": "4Fingers Crispy Chicken",
        "opening_hours": "Su-Th 11:00-22:00; Fr-Sa 11:00-22:30",
        "phone": "+65 6509 6987",
        "smoking": "no",
        "takeaway": "yes",
        "website": "https://www.4fingers.com/",
        "wikimedia_commons": "Category:4Fingers"
      },
      "geometry": {
        "type": "Point",
        "coordinates": [
          103.8318627,
          1.3042007
        ]
      },
      "id": "node/7353764015"
    },
    {
      "type": "Feature",
      "properties": {
        "@id": "node/7353764016",
        "addr:city": "Singapore",
        "addr:housenumber": "277",
        "addr:postcode": "238858",
        "addr:street": "Orchard Road",
        "air_conditioning": "yes",
        "amenity": "fast_food",
        "brand": "4Fingers Crispy Chicken",
        "brand:wikidata": "Q23043391",
        "cuisine": "chicken",
        "drive_through": "no",
        "email": "feedback@4fingers.com",
        "name": "4Fingers Crispy Chicken",
        "opening_hours": "Su-Th 11:00-22:00; Fr-Sa 11:00-23:00",
        "phone": "+65 6384 0471",
        "smoking": "no",
        "takeaway": "yes",
        "website": "https://www.4fingers.com/",
        "wikimedia_commons": "Category:4Fingers"
      },
      "geometry": {
        "type": "Point",
        "coordinates": [
          103.8393356,
          1.300602
        ]
      },
      "id": "node/7353764016"
    },
    {
      "type": "Feature",
      "properties": {
        "@id": "node/7353764017",
        "addr:city": "Singapore",
        "addr:housenumber": "80",
        "addr:postcode": "819642",
        "addr:street": "Airport Blvd",
        "air_conditioning": "yes",
        "amenity": "fast_food",
        "brand": "4Fingers Crispy Chicken",
        "brand:wikidata": "Q23043391",
        "cuisine": "chicken",
        "drive_through": "no",
        "email": "feedback@4fingers.com",
        "name": "4Fingers Crispy Chicken",
        "opening_hours": "Mo-Su 06:00-01:00",
        "phone": "+65 6386 5075",
        "smoking": "no",
        "takeaway": "yes",
        "website": "https://www.4fingers.com/",
        "wikimedia_commons": "Category:4Fingers"
      },
      "geometry": {
        "type": "Point",
        "coordinates": [
          103.9906669,
          1.3622501
        ]
      },
      "id": "node/7353764017"
    },
    {
      "type": "Feature",
      "properties": {
        "@id": "node/7353764018",
        "addr:city": "Singapore",
        "addr:housenumber": "65",
        "addr:postcode": "819663",
        "addr:street": "Airport Boulevard",
        "air_conditioning": "yes",
        "amenity": "fast_food",
        "brand": "4Fingers Crispy Chicken",
        "brand:wikidata": "Q23043391",
        "check_date": "2024-10-12",
        "cuisine": "chicken",
        "drive_through": "no",
        "email": "feedback@4fingers.com",
        "level": "-2",
        "name": "4Fingers Crispy Chicken",
        "opening_hours": "Mo-Su 11:00-22:00",
        "phone": "+65 6214 3928",
        "smoking": "no",
        "takeaway": "yes",
        "website": "https://www.4fingers.com/",
        "wikimedia_commons": "Category:4Fingers"
      },
      "geometry": {
        "type": "Point",
        "coordinates": [
          103.986761,
          1.3552889
        ]
      },
      "id": "node/7353764018"
    },
    {
      "type": "Feature",
      "properties": {
        "@id": "node/7457517320",
        "alt_name": "Kentucky Fried Chicken",
        "amenity": "fast_food",
        "brand": "KFC",
        "brand:en": "KFC",
        "brand:wikidata": "Q524757",
        "brand:wikipedia": "en:KFC",
        "brand:zh": "肯德基",
        "cuisine": "chicken",
        "level": "1",
        "name": "KFC",
        "name:en": "KFC",
        "name:zh": "肯德基",
        "takeaway": "yes",
        "wheelchair": "yes"
      },
      "geometry": {
        "type": "Point",
        "coordinates": [
          103.9302589,
          1.3255152
        ]
      },
      "id": "node/7457517320"
    },
    {
      "type": "Feature",
      "properties": {
        "@id": "node/7457517321",
        "alt_name": "Kentucky Fried Chicken",
        "amenity": "fast_food",
        "brand": "KFC",
        "brand:en": "KFC",
        "brand:wikidata": "Q524757",
        "brand:wikipedia": "en:KFC",
        "brand:zh": "肯德基",
        "cuisine": "chicken",
        "level": "-2",
        "name": "KFC",
        "name:en": "KFC",
        "name:zh": "肯德基",
        "takeaway": "yes",
        "wheelchair": "yes"
      },
      "geometry": {
        "type": "Point",
        "coordinates": [
          103.9299662,
          1.3247841
        ]
      },
      "id": "node/7457517321"
    },
    {
      "type": "Feature",
      "properties": {
        "@id": "node/7457571841",
        "amenity": "fast_food",
        "brand": "Jollibee",
        "brand:wikidata": "Q37614",
        "brand:wikipedia": "en:Jollibee",
        "check_date": "2025-05-22",
        "cuisine": "burger",
        "indoor_seating": "yes",
        "level": "0",
        "name": "Jollibee",
        "outdoor_seating": "no",
        "takeaway": "yes",
        "wheelchair": "yes"
      },
      "geometry": {
        "type": "Point",
        "coordinates": [
          103.8555982,
          1.3007082
        ]
      },
      "id": "node/7457571841"
    },
    {
      "type": "Feature",
      "properties": {
        "@id": "node/7457571842",
        "addr:city": "Singapore",
        "addr:country": "SG",
        "addr:housenumber": "190 #01-578",
        "addr:postcode": "310190",
        "addr:street": "Lorong 6 Toa Payoh",
        "amenity": "fast_food",
        "brand": "KFC",
        "brand:wikidata": "Q524757",
        "brand:wikipedia": "en:KFC",
        "cuisine": "chicken",
        "level": "0",
        "name": "KFC",
        "opening_hours": "Mo-Su 07:00-23:00",
        "phone": "+65 62581343",
        "takeaway": "yes",
        "website": "https://www.kfc.com.sg/",
        "wheelchair": "yes"
      },
      "geometry": {
        "type": "Point",
        "coordinates": [
          103.8493539,
          1.332944
        ]
      },
      "id": "node/7457571842"
    },
    {
      "type": "Feature",
      "properties": {
        "@id": "node/7457571845",
        "alt_name": "Kentucky Fried Chicken",
        "amenity": "fast_food",
        "brand": "KFC",
        "brand:wikidata": "Q524757",
        "brand:wikipedia": "en:KFC",
        "cuisine": "chicken",
        "level": "1",
        "name": "KFC",
        "name:zh": "肯德基",
        "takeaway": "yes",
        "wheelchair": "yes"
      },
      "geometry": {
        "type": "Point",
        "coordinates": [
          103.8357469,
          1.428813
        ]
      },
      "id": "node/7457571845"
    },
    {
      "type": "Feature",
      "properties": {
        "@id": "node/7457571846",
        "addr:floor": "1",
        "addr:housenumber": "102",
        "addr:street": "Towner Road",
        "alt_name": "Kentucky Fried Chicken",
        "amenity": "fast_food",
        "brand": "肯德基",
        "brand:en": "KFC",
        "brand:wikidata": "Q524757",
        "brand:zh": "肯德基",
        "check_date": "2024-04-22",
        "cuisine": "chicken",
        "level": "0",
        "name": "KFC",
        "name:en": "KFC",
        "name:zh": "肯德基",
        "not:brand:wikidata": "Q524757",
        "takeaway": "yes",
        "wheelchair": "yes"
      },
      "geometry": {
        "type": "Point",
        "coordinates": [
          103.861781,
          1.3202315
        ]
      },
      "id": "node/7457571846"
    },
    {
      "type": "Feature",
      "properties": {
        "@id": "node/7457571851",
        "alt_name": "Kentucky Fried Chicken",
        "amenity": "fast_food",
        "brand": "KFC",
        "brand:en": "KFC",
        "brand:wikidata": "Q524757",
        "brand:wikipedia": "en:KFC",
        "brand:zh": "肯德基",
        "cuisine": "chicken",
        "level": "0",
        "name": "KFC",
        "name:en": "KFC",
        "name:zh": "肯德基",
        "outdoor_seating": "yes",
        "takeaway": "yes",
        "wheelchair": "yes"
      },
      "geometry": {
        "type": "Point",
        "coordinates": [
          103.9404939,
          1.3534395
        ]
      },
      "id": "node/7457571851"
    },
    {
      "type": "Feature",
      "properties": {
        "@id": "node/7457571852",
        "addr:street": "Clementi Avenue 3",
        "amenity": "fast_food",
        "brand": "麦当劳",
        "brand:en": "McDonald's",
        "brand:wikidata": "Q38076",
        "brand:wikipedia": "en:McDonald's",
        "brand:zh": "麦当劳",
        "brand:zh-Hans": "麦当劳",
        "cuisine": "burger",
        "name": "McDonald's",
        "name:en": "McDonald's",
        "name:zh": "麦当劳",
        "name:zh-Hans": "麦当劳",
        "source": "Kaart Ground Survey 2017",
        "takeaway": "yes"
      },
      "geometry": {
        "type": "Point",
        "coordinates": [
          103.7646087,
          1.3156004
        ]
      },
      "id": "node/7457571852"
    },
    {
      "type": "Feature",
      "properties": {
        "@id": "node/7457571854",
        "amenity": "fast_food",
        "brand": "McDonald's",
        "brand:en": "McDonald's",
        "brand:wikidata": "Q38076",
        "brand:wikipedia": "en:McDonald's",
        "brand:zh": "麦当劳",
        "cuisine": "burger",
        "name": "McDonald's",
        "name:en": "McDonald's",
        "name:zh": "麦当劳",
        "name:zh-Hans": "麦当劳",
        "source": "Kaart Ground Survey 2017",
        "takeaway": "yes",
        "wheelchair": "yes"
      },
      "geometry": {
        "type": "Point",
        "coordinates": [
          103.8356657,
          1.4299111
        ]
      },
      "id": "node/7457571854"
    },
    {
      "type": "Feature",
      "properties": {
        "@id": "node/7457571856",
        "alt_name": "TANYU",
        "amenity": "fast_food",
        "brand": "探魚",
        "brand:zh": "探魚",
        "cuisine": "chinese",
        "level": "-2",
        "name": "探魚",
        "name:en": "TANYU",
        "name:zh": "探魚"
      },
      "geometry": {
        "type": "Point",
        "coordinates": [
          103.9021667,
          1.4067913
        ]
      },
      "id": "node/7457571856"
    },
    {
      "type": "Feature",
      "properties": {
        "@id": "node/7457571857",
        "amenity": "fast_food",
        "brand": "McDonald's",
        "brand:en": "McDonald's",
        "brand:wikidata": "Q38076",
        "brand:wikipedia": "zh:麦当劳",
        "brand:zh": "麦当劳",
        "brand:zh-Hans": "麦当劳",
        "cuisine": "burger",
        "level": "-2",
        "name": "McDonald's",
        "name:en": "McDonald's",
        "name:zh": "麦当劳",
        "name:zh-Hans": "麦当劳",
        "source": "Kaart Ground Survey 2017",
        "takeaway": "yes"
      },
      "geometry": {
        "type": "Point",
        "coordinates": [
          103.9018017,
          1.4068687
        ]
      },
      "id": "node/7457571857"
    },
    {
      "type": "Feature",
      "properties": {
        "@id": "node/7486075714",
        "amenity": "fast_food",
        "brand": "摩斯漢堡",
        "brand:en": "MOS Burger",
        "brand:wikidata": "Q1204169",
        "brand:zh": "摩斯漢堡",
        "cuisine": "burger",
        "level": "-2",
        "name": "MOS Burger",
        "name:en": "MOS Burger",
        "name:zh": "摩斯漢堡",
        "takeaway": "yes"
      },
      "geometry": {
        "type": "Point",
        "coordinates": [
          103.8526862,
          1.2778989
        ]
      },
      "id": "node/7486075714"
    },
    {
      "type": "Feature",
      "properties": {
        "@id": "node/7516143194",
        "alt_name": "Kentucky Fried Chicken",
        "amenity": "fast_food",
        "brand": "肯德基",
        "brand:en": "KFC",
        "brand:wikidata": "Q524757",
        "brand:wikipedia": "en:KFC",
        "brand:zh": "肯德基",
        "cuisine": "chicken",
        "level": "1",
        "name": "肯德基",
        "name:en": "KFC",
        "name:zh": "肯德基",
        "takeaway": "yes",
        "wheelchair": "yes"
      },
      "geometry": {
        "type": "Point",
        "coordinates": [
          103.9336031,
          1.3487587
        ]
      },
      "id": "node/7516143194"
    },
    {
      "type": "Feature",
      "properties": {
        "@id": "node/7616898178",
        "amenity": "fast_food",
        "brand": "Subway",
        "brand:wikidata": "Q244457",
        "cuisine": "sandwich",
        "level": "1",
        "name": "Subway",
        "name:zh": "赛百味",
        "takeaway": "yes",
        "website": "https://www.subway.com"
      },
      "geometry": {
        "type": "Point",
        "coordinates": [
          103.9299536,
          1.3250215
        ]
      },
      "id": "node/7616898178"
    },
    {
      "type": "Feature",
      "properties": {
        "@id": "node/7616935694",
        "amenity": "fast_food",
        "brand": "摩斯漢堡",
        "brand:en": "MOS Burger",
        "brand:wikidata": "Q1204169",
        "brand:zh": "摩斯漢堡",
        "cuisine": "burger",
        "name": "MOS Burger",
        "name:en": "MOS Burger",
        "name:zh": "摩斯漢堡",
        "takeaway": "yes"
      },
      "geometry": {
        "type": "Point",
        "coordinates": [
          103.9295127,
          1.3246407
        ]
      },
      "id": "node/7616935694"
    },
    {
      "type": "Feature",
      "properties": {
        "@id": "node/7616935695",
        "amenity": "fast_food",
        "brand": "Yoshinoya",
        "brand:en": "Yoshinoya",
        "brand:wikidata": "Q776272",
        "cuisine": "beef_bowl",
        "name": "Yoshinoya",
        "name:en": "Yoshinoya",
        "name:ja": "吉野家",
        "takeaway": "yes"
      },
      "geometry": {
        "type": "Point",
        "coordinates": [
          103.9297233,
          1.3246899
        ]
      },
      "id": "node/7616935695"
    },
    {
      "type": "Feature",
      "properties": {
        "@id": "node/7682187685",
        "addr:housenumber": "340",
        "addr:postcode": "427592",
        "addr:street": "Joo Chiat Road",
        "amenity": "fast_food",
        "cuisine": "burger",
        "name": "Burger Frites",
        "opening_hours": "Mo-Su 12:00-22:00"
      },
      "geometry": {
        "type": "Point",
        "coordinates": [
          103.902657,
          1.3089052
        ]
      },
      "id": "node/7682187685"
    },
    {
      "type": "Feature",
      "properties": {
        "@id": "node/7716824085",
        "amenity": "fast_food",
        "brand": "摩斯漢堡",
        "brand:en": "MOS Burger",
        "brand:wikidata": "Q1204169",
        "brand:zh": "摩斯漢堡",
        "cuisine": "burger",
        "name": "MOS Burger",
        "name:en": "MOS Burger",
        "name:zh": "摩斯漢堡",
        "takeaway": "yes"
      },
      "geometry": {
        "type": "Point",
        "coordinates": [
          103.8886109,
          1.3362355
        ]
      },
      "id": "node/7716824085"
    },
    {
      "type": "Feature",
      "properties": {
        "@id": "node/7750413621",
        "amenity": "fast_food",
        "brand": "4Fingers Crispy Chicken",
        "brand:wikidata": "Q23043391",
        "cuisine": "chicken",
        "name": "4Fingers Crispy Chicken",
        "opening_hours": "PH,Mo-Su 11:00-22:00",
        "takeaway": "yes"
      },
      "geometry": {
        "type": "Point",
        "coordinates": [
          103.7063712,
          1.3403295
        ]
      },
      "id": "node/7750413621"
    },
    {
      "type": "Feature",
      "properties": {
        "@id": "node/7750413623",
        "amenity": "fast_food",
        "brand": "Pepper Lunch",
        "brand:wikidata": "Q1016072",
        "brand:wikipedia": "en:Pepper Lunch",
        "cuisine": "teppanyaki",
        "name": "Pepper Lunch",
        "takeaway": "yes"
      },
      "geometry": {
        "type": "Point",
        "coordinates": [
          103.7057368,
          1.3389444
        ]
      },
      "id": "node/7750413623"
    },
    {
      "type": "Feature",
      "properties": {
        "@id": "node/7750424951",
        "amenity": "fast_food",
        "cuisine": "fish_and_chips",
        "name": "The Manhattan Fish Market",
        "name:en": "The Manhattan Fish Market"
      },
      "geometry": {
        "type": "Point",
        "coordinates": [
          103.7060384,
          1.3390482
        ]
      },
      "id": "node/7750424951"
    },
    {
      "type": "Feature",
      "properties": {
        "@id": "node/7750424952",
        "amenity": "fast_food",
        "brand": "Thai Express",
        "brand:wikidata": "Q7709119",
        "brand:wikipedia": "en:Thai Express",
        "cuisine": "thai",
        "name": "Thai Express",
        "takeaway": "yes"
      },
      "geometry": {
        "type": "Point",
        "coordinates": [
          103.7053392,
          1.3387976
        ]
      },
      "id": "node/7750424952"
    },
    {
      "type": "Feature",
      "properties": {
        "@id": "node/7755362496",
        "amenity": "fast_food",
        "branch": "Compass One",
        "check_date": "2026-01-19",
        "level": "-1",
        "name": "Souperstar",
        "takeaway": "only"
      },
      "geometry": {
        "type": "Point",
        "coordinates": [
          103.8950232,
          1.3923298
        ]
      },
      "id": "node/7755362496"
    },
    {
      "type": "Feature",
      "properties": {
        "@id": "node/7798543085",
        "addr:housenumber": "166",
        "addr:postcode": "208877",
        "addr:street": "Jalan Besar",
        "amenity": "fast_food",
        "check_date": "2024-04-19",
        "cuisine": "local",
        "name": "Lim's Fried Oyster",
        "name:en": "Lim's Fried Oyster",
        "name:zh": "蠔煎林",
        "opening_hours": "Mo-Su 07:00-00:00",
        "phone": "+65 9386 0732",
        "website": "https://www.facebook.com/Lims.Fried.Oyster/"
      },
      "geometry": {
        "type": "Point",
        "coordinates": [
          103.8568598,
          1.3074406
        ]
      },
      "id": "node/7798543085"
    },
    {
      "type": "Feature",
      "properties": {
        "@id": "node/7821684296",
        "amenity": "fast_food",
        "brand": "Subway",
        "wheelchair": "no"
      },
      "geometry": {
        "type": "Point",
        "coordinates": [
          103.7199613,
          1.3506944
        ]
      },
      "id": "node/7821684296"
    },
    {
      "type": "Feature",
      "properties": {
        "@id": "node/7869048006",
        "addr:housenumber": "216",
        "addr:street": "Ang Mo Kio Avenue 4",
        "amenity": "fast_food",
        "branch": "Kebun Baru CC",
        "brand": "Burger King",
        "brand:wikidata": "Q177054",
        "cuisine": "burger",
        "name": "Burger King",
        "name:en": "Burger King",
        "name:zh": "汉堡王",
        "takeaway": "yes"
      },
      "geometry": {
        "type": "Point",
        "coordinates": [
          103.8376375,
          1.3729883
        ]
      },
      "id": "node/7869048006"
    },
    {
      "type": "Feature",
      "properties": {
        "@id": "node/7897161766",
        "addr:street": "Race Course Road",
        "amenity": "fast_food",
        "cuisine": "pizza",
        "name": "Sarpino's Pizza",
        "phone": "+65 6298 1101"
      },
      "geometry": {
        "type": "Point",
        "coordinates": [
          103.8574278,
          1.3156677
        ]
      },
      "id": "node/7897161766"
    },
    {
      "type": "Feature",
      "properties": {
        "@id": "node/7908903754",
        "amenity": "fast_food",
        "name": "Madras Coffeehouse"
      },
      "geometry": {
        "type": "Point",
        "coordinates": [
          103.850838,
          1.3075948
        ]
      },
      "id": "node/7908903754"
    },
    {
      "type": "Feature",
      "properties": {
        "@id": "node/8008494391",
        "amenity": "fast_food"
      },
      "geometry": {
        "type": "Point",
        "coordinates": [
          103.7364957,
          1.3212745
        ]
      },
      "id": "node/8008494391"
    },
    {
      "type": "Feature",
      "properties": {
        "@id": "node/8034569588",
        "amenity": "fast_food",
        "brand": "Jollibee",
        "cuisine": "burger",
        "level": "0",
        "name": "Jollibee",
        "takeaway": "yes"
      },
      "geometry": {
        "type": "Point",
        "coordinates": [
          103.8936044,
          1.3723736
        ]
      },
      "id": "node/8034569588"
    },
    {
      "type": "Feature",
      "properties": {
        "@id": "node/8049098194",
        "amenity": "fast_food",
        "brand": "Burger King",
        "brand:wikidata": "Q177054",
        "cuisine": "burger",
        "level": "0",
        "name": "Burger King",
        "name:en": "Burger King",
        "name:zh": "汉堡王",
        "takeaway": "yes",
        "wheelchair": "yes"
      },
      "geometry": {
        "type": "Point",
        "coordinates": [
          103.8758837,
          1.3912154
        ]
      },
      "id": "node/8049098194"
    },
    {
      "type": "Feature",
      "properties": {
        "@id": "node/8164454211",
        "addr:city": "Singapore",
        "addr:country": "SG",
        "addr:housenumber": "541",
        "addr:postcode": "238881",
        "addr:street": "Orchard Road",
        "amenity": "fast_food",
        "branch": "Orchard Road",
        "brand": "Shake Shack",
        "brand:wikidata": "Q1058722",
        "brand:wikipedia": "en:Shake Shack",
        "cuisine": "burger",
        "currency:SGD": "yes",
        "name": "Shake Shack",
        "opening_hours": "Su-Th 11:00-22:00;Fr-Sa,PH 11:00-24:00",
        "takeaway": "yes",
        "website": "https://www.shakeshack.com/"
      },
      "geometry": {
        "type": "Point",
        "coordinates": [
          103.8310193,
          1.3051271
        ]
      },
      "id": "node/8164454211"
    },
    {
      "type": "Feature",
      "properties": {
        "@id": "node/8198993117",
        "addr:housenumber": "531A",
        "addr:postcode": "051531",
        "addr:street": "Upper Cross Street",
        "amenity": "fast_food",
        "cuisine": "chinese;local;noodles",
        "name": "Outram Park Fried Kway Teow",
        "opening_hours": "Mo-Sa 06:00-15:30"
      },
      "geometry": {
        "type": "Point",
        "coordinates": [
          103.845882,
          1.2854371
        ]
      },
      "id": "node/8198993117"
    },
    {
      "type": "Feature",
      "properties": {
        "@id": "node/8213990728",
        "addr:city": "Singapore",
        "addr:country": "SG",
        "addr:housenumber": "3",
        "addr:postcode": "038983",
        "addr:street": "Temasek Boulevard",
        "addr:unit": "#01-357",
        "air_conditioning": "yes",
        "amenity": "fast_food",
        "branch": "Suntec City",
        "brand": "Shake Shack",
        "brand:wikidata": "Q1058722",
        "brand:wikipedia": "en:Shake Shack",
        "check_date": "2025-11-05",
        "cuisine": "burger",
        "currency:SGD": "yes",
        "level": "0",
        "name": "Shake Shack",
        "opening_hours": "Mo-Su 11:00-21:30",
        "takeaway": "yes",
        "website": "https://www.shakeshack.com/"
      },
      "geometry": {
        "type": "Point",
        "coordinates": [
          103.8576758,
          1.2934404
        ]
      },
      "id": "node/8213990728"
    },
    {
      "type": "Feature",
      "properties": {
        "@id": "node/8213990729",
        "addr:city": "Singapore",
        "addr:country": "SG",
        "addr:housenumber": "1",
        "addr:postcode": "098585",
        "addr:street": "HarbourFront Walk",
        "addr:unit": "#01-163/164",
        "amenity": "fast_food",
        "branch": "VivoCity",
        "brand": "Shake Shack",
        "brand:wikidata": "Q1058722",
        "brand:wikipedia": "en:Shake Shack",
        "cuisine": "burger",
        "currency:SGD": "yes",
        "level": "0",
        "name": "Shake Shack",
        "opening_hours": "Mo-Su 11:00-22:00",
        "takeaway": "yes",
        "website": "https://www.shakeshack.com/",
        "wheelchair": "yes"
      },
      "geometry": {
        "type": "Point",
        "coordinates": [
          103.8220547,
          1.2635412
        ]
      },
      "id": "node/8213990729"
    },
    {
      "type": "Feature",
      "properties": {
        "@id": "node/8222304236",
        "addr:housenumber": "79A",
        "addr:postcode": "371079",
        "addr:street": "Circuit Road",
        "amenity": "fast_food",
        "cuisine": "chinese",
        "name": "Cheng Mun Kee",
        "name:en": "Cheng Mun Kee Pig's Organ Soup",
        "name:zh": "正文记",
        "opening_hours": "Tu-Sa 11:00-20:00"
      },
      "geometry": {
        "type": "Point",
        "coordinates": [
          103.8849189,
          1.3251329
        ]
      },
      "id": "node/8222304236"
    },
    {
      "type": "Feature",
      "properties": {
        "@id": "node/8223498746",
        "amenity": "fast_food",
        "brand": "Pizza Hut",
        "brand:wikidata": "Q191615",
        "brand:wikipedia": "en:Pizza Hut",
        "cuisine": "pizza",
        "name": "Pizza Hut Express",
        "takeaway": "yes"
      },
      "geometry": {
        "type": "Point",
        "coordinates": [
          103.7520673,
          1.3592773
        ]
      },
      "id": "node/8223498746"
    },
    {
      "type": "Feature",
      "properties": {
        "@id": "node/8246409881",
        "addr:city": "Singapore",
        "addr:housenumber": "117, #01-711",
        "addr:postcode": "140117",
        "addr:street": "Commonwealth Drive",
        "amenity": "fast_food",
        "cuisine": "singaporean;chicken",
        "name": "Eng Kee Chicken Wings 榮記",
        "opening_hours": "Mo-Sa 11:30-20:30; Su off",
        "phone": "+65 92339330",
        "takeaway": "yes"
      },
      "geometry": {
        "type": "Point",
        "coordinates": [
          103.8000113,
          1.3068546
        ]
      },
      "id": "node/8246409881"
    },
    {
      "type": "Feature",
      "properties": {
        "@id": "node/8246669083",
        "addr:unit": "04",
        "amenity": "fast_food",
        "level": "0",
        "name": "Lao Ban",
        "name:zh": "老伴",
        "takeaway": "only"
      },
      "geometry": {
        "type": "Point",
        "coordinates": [
          103.816884,
          1.2894537
        ]
      },
      "id": "node/8246669083"
    },
    {
      "type": "Feature",
      "properties": {
        "@id": "node/8246669092",
        "amenity": "fast_food",
        "brand": "Burger King",
        "brand:wikidata": "Q177054",
        "brand:wikipedia": "en:Burger King",
        "cuisine": "burger",
        "level": "0",
        "name": "Burger King",
        "name:en": "Burger King",
        "name:zh": "汉堡王",
        "takeaway": "yes"
      },
      "geometry": {
        "type": "Point",
        "coordinates": [
          103.8173291,
          1.2899321
        ]
      },
      "id": "node/8246669092"
    },
    {
      "type": "Feature",
      "properties": {
        "@id": "node/8246669093",
        "addr:unit": "05",
        "amenity": "fast_food",
        "level": "0",
        "name": "Makcik Can Cook",
        "takeaway": "only"
      },
      "geometry": {
        "type": "Point",
        "coordinates": [
          103.8169697,
          1.2893828
        ]
      },
      "id": "node/8246669093"
    },
    {
      "type": "Feature",
      "properties": {
        "@id": "node/8246669104",
        "addr:unit": "09",
        "amenity": "fast_food",
        "level": "0",
        "name": "Mr Bean",
        "name:zh": "豆先生"
      },
      "geometry": {
        "type": "Point",
        "coordinates": [
          103.817183,
          1.2892128
        ]
      },
      "id": "node/8246669104"
    },
    {
      "type": "Feature",
      "properties": {
        "@id": "node/8246669105",
        "amenity": "fast_food",
        "level": "0",
        "name": "Thousand Taste",
        "name:zh": "千味",
        "takeaway": "only"
      },
      "geometry": {
        "type": "Point",
        "coordinates": [
          103.8169135,
          1.2894163
        ]
      },
      "id": "node/8246669105"
    },
    {
      "type": "Feature",
      "properties": {
        "@id": "node/8254154682",
        "addr:city": "Singapore",
        "addr:housenumber": "455",
        "addr:postcode": "790455",
        "addr:street": "Sengkang West Avenue",
        "amenity": "fast_food",
        "brand": "Burger King",
        "brand:wikidata": "Q177054",
        "brand:wikipedia": "en:Burger King",
        "cuisine": "burger",
        "level": "0",
        "name": "Burger King",
        "name:en": "Burger King",
        "name:zh": "汉堡王",
        "takeaway": "yes",
        "wheelchair": "yes"
      },
      "geometry": {
        "type": "Point",
        "coordinates": [
          103.8712968,
          1.3916784
        ]
      },
      "id": "node/8254154682"
    },
    {
      "type": "Feature",
      "properties": {
        "@id": "node/8260836841",
        "amenity": "fast_food",
        "branch": "Lucky Plaza",
        "brand": "Jollibee",
        "brand:wikidata": "Q37614",
        "brand:wikipedia": "en:Jollibee",
        "cuisine": "burger",
        "drive_through": "no",
        "name": "Jollibee",
        "takeaway": "yes"
      },
      "geometry": {
        "type": "Point",
        "coordinates": [
          103.8339916,
          1.304523
        ]
      },
      "id": "node/8260836841"
    },
    {
      "type": "Feature",
      "properties": {
        "@id": "node/8263456217",
        "addr:postcode": "271006",
        "amenity": "fast_food",
        "cuisine": "asian;seafood",
        "email": "sgthaiproducts@gmail.com",
        "name": "Kin Hoi",
        "name:en": "Kin Hoi Cockles and Shellfish",
        "opening_hours": "Tu-Su 16:00-22:00",
        "website": "https://www.facebook.com/kinhoi.sg/"
      },
      "geometry": {
        "type": "Point",
        "coordinates": [
          103.7954718,
          1.3073961
        ]
      },
      "id": "node/8263456217"
    },
    {
      "type": "Feature",
      "properties": {
        "@id": "node/8266881486",
        "amenity": "fast_food",
        "cuisine": "soup",
        "facebook": "bestfishsoup",
        "name": "Hao Di Fang Fish Soup"
      },
      "geometry": {
        "type": "Point",
        "coordinates": [
          103.754682,
          1.3376964
        ]
      },
      "id": "node/8266881486"
    },
    {
      "type": "Feature",
      "properties": {
        "@id": "node/8274082629",
        "addr:housename": "IMM",
        "addr:street": "Jurong East Street 21",
        "air_conditioning": "yes",
        "amenity": "fast_food",
        "brand": "Burger King",
        "brand:wikidata": "Q177054",
        "brand:wikipedia": "en:Burger King",
        "cuisine": "burger",
        "drive_through": "no",
        "level": "1",
        "name": "Burger King",
        "name:en": "Burger King",
        "name:zh": "汉堡王",
        "survey:date": "2020-12-01",
        "takeaway": "yes"
      },
      "geometry": {
        "type": "Point",
        "coordinates": [
          103.7473397,
          1.3351295
        ]
      },
      "id": "node/8274082629"
    },
    {
      "type": "Feature",
      "properties": {
        "@id": "node/8283156817",
        "addr:postcode": "270025",
        "amenity": "fast_food",
        "cuisine": "chinese;local;noodles;seafood",
        "name": "Mun's",
        "name:en": "Mun's Seafood Pao Fan",
        "name:zh": "汶海鲜泡饭",
        "opening_hours": "We-Mo 11:00-15:00, 17:30-19:30"
      },
      "geometry": {
        "type": "Point",
        "coordinates": [
          103.7863446,
          1.308172
        ]
      },
      "id": "node/8283156817"
    },
    {
      "type": "Feature",
      "properties": {
        "@id": "node/8324730196",
        "addr:city": "Singapore",
        "addr:housenumber": "200",
        "addr:postcode": "278995",
        "addr:street": "Holland Road",
        "addr:unit": "#B1-03",
        "amenity": "fast_food",
        "branch": "Holland Village",
        "brand": "MOS Burger",
        "brand:en": "MOS Burger",
        "brand:ja": "モスバーガー",
        "brand:wikidata": "Q1204169",
        "brand:wikipedia": "en:MOS Burger",
        "cuisine": "burger",
        "drive_through": "no",
        "layer": "-1",
        "level": "-1",
        "location": "underground",
        "name": "MOS Burger",
        "name:en": "MOS Burger",
        "name:ja": "モスバーガー",
        "name:zh": "摩斯漢堡",
        "opening_hours": "Mo-Sa 08:00-21:00; Su,PH 09:00-21:00",
        "phone": "+65 6235 5721",
        "takeaway": "yes",
        "website": "https://www.mosburger.com.sg/"
      },
      "geometry": {
        "type": "Point",
        "coordinates": [
          103.7959475,
          1.3116229
        ]
      },
      "id": "node/8324730196"
    },
    {
      "type": "Feature",
      "properties": {
        "@id": "node/8327073440",
        "addr:unit": "#B1-13",
        "air_conditioning": "yes",
        "amenity": "fast_food",
        "branch": "Bugis Junction",
        "brand": "Old Chang Kee",
        "brand:wikidata": "Q17005286",
        "brand:wikipedia": "en:Old Chang Kee",
        "cuisine": "snacks;singaporean",
        "level": "-1",
        "name": "Old Chang Kee",
        "name:en": "Old Chang Kee",
        "name:zh": "老曾记",
        "name:zh-Hant": "老曾記",
        "opening_hours": "Mo-Su 11:00-21:00",
        "outdoor_seating": "no",
        "payment:cash": "yes",
        "payment:coins": "yes",
        "payment:contactless": "yes",
        "payment:credit_cards": "yes",
        "payment:debit_cards": "yes",
        "payment:mastercard": "yes",
        "payment:nets": "yes",
        "payment:notes": "yes",
        "payment:visa": "yes",
        "phone": "+65 6303 2316",
        "smoking": "no",
        "takeaway": "only",
        "website": "https://www.oldchangkee.com",
        "wheelchair": "yes"
      },
      "geometry": {
        "type": "Point",
        "coordinates": [
          103.8559646,
          1.3003409
        ]
      },
      "id": "node/8327073440"
    },
    {
      "type": "Feature",
      "properties": {
        "@id": "node/8327073441",
        "addr:city": "Singapore",
        "addr:housenumber": "200",
        "addr:postcode": "188021",
        "addr:street": "Victoria Street",
        "addr:unit": "#B2-K15",
        "amenity": "fast_food",
        "branch": "Bugis Junction",
        "email": "enquiries@joyluckteahouse.com",
        "level": "-1",
        "name": "Joy Luck Teahouse",
        "opening_hours": "Mo-Su 09:00-22:00",
        "website": "https://joyluckteahouse.com/"
      },
      "geometry": {
        "type": "Point",
        "coordinates": [
          103.8557807,
          1.2998561
        ]
      },
      "id": "node/8327073441"
    },
    {
      "type": "Feature",
      "properties": {
        "@id": "node/8334263634",
        "addr:city": "Singapore",
        "addr:housenumber": "68",
        "addr:postcode": "238839",
        "addr:street": "Orchard Road",
        "addr:unit": "#B2-41",
        "amenity": "fast_food",
        "level": "0",
        "name": "Wow Tako",
        "takeaway": "only"
      },
      "geometry": {
        "type": "Point",
        "coordinates": [
          103.8448519,
          1.3001337
        ]
      },
      "id": "node/8334263634"
    },
    {
      "type": "Feature",
      "properties": {
        "@id": "node/8373999617",
        "amenity": "fast_food",
        "brand": "Burger King",
        "brand:wikidata": "Q177054",
        "brand:wikipedia": "en:Burger King",
        "cuisine": "burger",
        "level": "0",
        "name": "Burger King",
        "name:en": "Burger King",
        "name:zh": "汉堡王",
        "opening_hours": "Su-Th,PH 08:00-24:00, Fr,Sa 08:00-02:00",
        "takeaway": "yes",
        "wheelchair": "yes"
      },
      "geometry": {
        "type": "Point",
        "coordinates": [
          103.7645347,
          1.3632219
        ]
      },
      "id": "node/8373999617"
    },
    {
      "type": "Feature",
      "properties": {
        "@id": "node/8389772417",
        "amenity": "fast_food",
        "name": "hwa heng beef noodle"
      },
      "geometry": {
        "type": "Point",
        "coordinates": [
          103.8630873,
          1.319201
        ]
      },
      "id": "node/8389772417"
    },
    {
      "type": "Feature",
      "properties": {
        "@id": "node/8398774864",
        "addr:city": "Singapore",
        "addr:housenumber": "180",
        "addr:postcode": "208539",
        "addr:street": "Kitchener Road",
        "addr:unit": "#B2-04",
        "amenity": "fast_food",
        "branch": "City Square Mall",
        "brand": "モスバーガー",
        "brand:en": "MOS Burger",
        "brand:ja": "モスバーガー",
        "brand:wikidata": "Q1204169",
        "brand:wikipedia": "en:MOS Burger",
        "cuisine": "burger",
        "drive_through": "no",
        "level": "-2",
        "name": "MOS Burger",
        "name:en": "MOS Burger",
        "name:ja": "モスバーガー",
        "name:zh": "摩斯漢堡",
        "opening_hours": "Su-Th,PH 10:00-22:00; Fr,Sa 10:00-23:00",
        "phone": "+65 6509 4689",
        "takeaway": "yes",
        "website": "https://www.mosburger.com.sg/"
      },
      "geometry": {
        "type": "Point",
        "coordinates": [
          103.8566623,
          1.3113576
        ]
      },
      "id": "node/8398774864"
    },
    {
      "type": "Feature",
      "properties": {
        "@id": "node/8398774865",
        "addr:city": "Singapore",
        "addr:housenumber": "180",
        "addr:postcode": "208539",
        "addr:street": "Kitchener Road",
        "addr:unit": "#B2-K8",
        "amenity": "fast_food",
        "brand": "Potato Corner",
        "cuisine": "fries",
        "drive_through": "no",
        "name": "Potato Corner",
        "wikidata": "Q60741625",
        "wikipedia": "en:Potato Corner"
      },
      "geometry": {
        "type": "Point",
        "coordinates": [
          103.8567041,
          1.3115008
        ]
      },
      "id": "node/8398774865"
    },
    {
      "type": "Feature",
      "properties": {
        "@id": "node/8398774866",
        "addr:city": "Singapore",
        "addr:housenumber": "180",
        "addr:postcode": "208539",
        "addr:street": "Kitchener Road",
        "addr:unit": "#B1-K5",
        "amenity": "fast_food",
        "branch": "City Square Mall",
        "brand": "Old Chang Kee",
        "brand:wikidata": "Q17005286",
        "brand:wikipedia": "en:Old Chang Kee",
        "cuisine": "singaporean",
        "drive_through": "no",
        "level": "-1",
        "name": "Old Chang Kee",
        "name:en": "Old Chang Kee",
        "name:zh-Hant": "老曾記",
        "opening_hours": "Mo-Su 11:00-19:00",
        "phone": "+65 6509 6281",
        "takeaway": "only",
        "website": "https://www.oldchangkee.com/"
      },
      "geometry": {
        "type": "Point",
        "coordinates": [
          103.8562211,
          1.3114597
        ]
      },
      "id": "node/8398774866"
    },
    {
      "type": "Feature",
      "properties": {
        "@id": "node/8398774868",
        "addr:city": "Singapore",
        "addr:housenumber": "180",
        "addr:postcode": "208539",
        "addr:street": "Kitchener Road",
        "addr:unit": "#B1-33/34",
        "amenity": "fast_food",
        "brand": "Wing Stop",
        "brand:wikidata": "Q8025339",
        "brand:wikipedia": "en:Wingstop",
        "cuisine": "chicken",
        "drive_through": "no",
        "name": "Wingstop",
        "phone": "+65 6509 6571",
        "takeaway": "yes"
      },
      "geometry": {
        "type": "Point",
        "coordinates": [
          103.8561175,
          1.3114707
        ]
      },
      "id": "node/8398774868"
    },
    {
      "type": "Feature",
      "properties": {
        "@id": "node/8418723737",
        "addr:city": "Singapore",
        "addr:housenumber": "#B1-38",
        "addr:postcode": "179103",
        "addr:street": "Raffles City",
        "air_conditioning": "yes",
        "amenity": "fast_food",
        "delivery": "yes",
        "level": "-1",
        "name": "MOS CAFÉ Raffles City",
        "opening_hours": "Mo-Su 11:00-21:00",
        "phone": "+65 6338 7355",
        "takeaway": "yes",
        "website": "https://www.mosburger.com.sg/"
      },
      "geometry": {
        "type": "Point",
        "coordinates": [
          103.8534831,
          1.2935547
        ]
      },
      "id": "node/8418723737"
    },
    {
      "type": "Feature",
      "properties": {
        "@id": "node/8430485180",
        "amenity": "fast_food",
        "brand": "Subway",
        "brand:wikidata": "Q244457",
        "cuisine": "sandwich",
        "level": "0",
        "name": "Subway",
        "name:zh": "赛百味",
        "takeaway": "yes",
        "wheelchair": "yes"
      },
      "geometry": {
        "type": "Point",
        "coordinates": [
          103.9046581,
          1.3919807
        ]
      },
      "id": "node/8430485180"
    },
    {
      "type": "Feature",
      "properties": {
        "@id": "node/8430485181",
        "alt_name": "Kentucky Fried Chicken",
        "amenity": "fast_food",
        "brand": "肯德基",
        "brand:en": "KFC",
        "brand:wikidata": "Q524757",
        "brand:zh": "肯德基",
        "cuisine": "chicken",
        "level": "0",
        "name": "肯德基",
        "name:en": "KFC",
        "name:zh": "肯德基",
        "takeaway": "yes"
      },
      "geometry": {
        "type": "Point",
        "coordinates": [
          103.9041575,
          1.392271
        ]
      },
      "id": "node/8430485181"
    },
    {
      "type": "Feature",
      "properties": {
        "@id": "node/8442117218",
        "amenity": "fast_food",
        "name": "uncle Louis famous chicken rice"
      },
      "geometry": {
        "type": "Point",
        "coordinates": [
          103.8718427,
          1.3150437
        ]
      },
      "id": "node/8442117218"
    },
    {
      "type": "Feature",
      "properties": {
        "@id": "node/8448240726",
        "amenity": "fast_food",
        "level": "0",
        "name": "Mr Bean",
        "name:zh": "豆先生",
        "takeaway": "only"
      },
      "geometry": {
        "type": "Point",
        "coordinates": [
          103.9018682,
          1.3857662
        ]
      },
      "id": "node/8448240726"
    },
    {
      "type": "Feature",
      "properties": {
        "@id": "node/8448240734",
        "amenity": "fast_food",
        "level": "0",
        "name": "Delisnacks",
        "name:zh": "德利食",
        "takeaway": "only"
      },
      "geometry": {
        "type": "Point",
        "coordinates": [
          103.9021576,
          1.3857253
        ]
      },
      "id": "node/8448240734"
    },
    {
      "type": "Feature",
      "properties": {
        "@id": "node/8460232076",
        "amenity": "fast_food",
        "brand": "Burger King",
        "brand:wikidata": "Q177054",
        "cuisine": "burger",
        "level": "0",
        "name": "Burger King",
        "name:en": "Burger King",
        "name:zh": "汉堡王",
        "takeaway": "yes"
      },
      "geometry": {
        "type": "Point",
        "coordinates": [
          103.8276542,
          1.2862726
        ]
      },
      "id": "node/8460232076"
    },
    {
      "type": "Feature",
      "properties": {
        "@id": "node/8474547217",
        "amenity": "fast_food",
        "brand": "Subway",
        "brand:wikidata": "Q244457",
        "cuisine": "sandwich",
        "level": "0",
        "name": "Subway",
        "name:zh": "赛百味",
        "takeaway": "yes"
      },
      "geometry": {
        "type": "Point",
        "coordinates": [
          103.9130162,
          1.3944819
        ]
      },
      "id": "node/8474547217"
    },
    {
      "type": "Feature",
      "properties": {
        "@id": "node/8474547230",
        "amenity": "fast_food",
        "brand": "Sarpino's Pizzeria",
        "cuisine": "pizza",
        "level": "0",
        "name": "Sarpino's Pizzeria",
        "takeaway": "only"
      },
      "geometry": {
        "type": "Point",
        "coordinates": [
          103.9130484,
          1.3940223
        ]
      },
      "id": "node/8474547230"
    },
    {
      "type": "Feature",
      "properties": {
        "@id": "node/8526971997",
        "addr:city": "Singapore",
        "addr:housenumber": "10",
        "addr:postcode": "409057",
        "addr:street": "Paya Lebar Road",
        "addr:unit": "#B2-K6",
        "amenity": "fast_food",
        "brand": "Krispy Kreme",
        "brand:wikidata": "Q1192805",
        "brand:wikipedia": "en:Krispy Kreme",
        "cuisine": "donut",
        "drive_through": "no",
        "level": "-2",
        "name": "Krispy Kreme",
        "takeaway": "yes"
      },
      "geometry": {
        "type": "Point",
        "coordinates": [
          103.8929334,
          1.3176033
        ]
      },
      "id": "node/8526971997"
    },
    {
      "type": "Feature",
      "properties": {
        "@id": "node/8556122314",
        "alt_name": "Dunkin' Donuts",
        "amenity": "fast_food",
        "brand": "Dunkin'",
        "brand:wikidata": "Q847743",
        "cuisine": "donut;coffee_shop",
        "level": "0",
        "name": "Dunkin'",
        "takeaway": "no"
      },
      "geometry": {
        "type": "Point",
        "coordinates": [
          103.8486983,
          1.3692582
        ]
      },
      "id": "node/8556122314"
    },
    {
      "type": "Feature",
      "properties": {
        "@id": "node/8556122316",
        "amenity": "fast_food",
        "brand": "Jollibee",
        "brand:wikidata": "Q37614",
        "cuisine": "burger",
        "level": "-1",
        "name": "Jollibee",
        "name:zh": "艾德熊",
        "takeaway": "yes",
        "toilets": "no"
      },
      "geometry": {
        "type": "Point",
        "coordinates": [
          103.8490916,
          1.3695472
        ]
      },
      "id": "node/8556122316"
    },
    {
      "type": "Feature",
      "properties": {
        "@id": "node/8556164717",
        "amenity": "fast_food",
        "name": "绝味",
        "takeaway": "only"
      },
      "geometry": {
        "type": "Point",
        "coordinates": [
          103.8498013,
          1.3694033
        ]
      },
      "id": "node/8556164717"
    },
    {
      "type": "Feature",
      "properties": {
        "@id": "node/8556164723",
        "amenity": "fast_food",
        "brand": "摩斯漢堡",
        "brand:en": "MOS Burger",
        "brand:wikidata": "Q1204169",
        "brand:zh": "摩斯漢堡",
        "cuisine": "burger",
        "name": "MOS Burger",
        "name:en": "MOS Burger",
        "name:zh": "摩斯漢堡",
        "not:brand:wikidata": "Q17022303",
        "takeaway": "yes"
      },
      "geometry": {
        "type": "Point",
        "coordinates": [
          103.8478114,
          1.3691395
        ]
      },
      "id": "node/8556164723"
    },
    {
      "type": "Feature",
      "properties": {
        "@id": "node/8556164733",
        "amenity": "fast_food",
        "brand": "Pepper Lunch",
        "brand:wikidata": "Q1016072",
        "cuisine": "teppanyaki",
        "level": "0",
        "name": "Pepper Lunch",
        "takeaway": "yes"
      },
      "geometry": {
        "type": "Point",
        "coordinates": [
          103.8477628,
          1.3691449
        ]
      },
      "id": "node/8556164733"
    },
    {
      "type": "Feature",
      "properties": {
        "@id": "node/8556164750",
        "amenity": "fast_food",
        "brand": "Subway",
        "brand:wikidata": "Q244457",
        "cuisine": "sandwich",
        "level": "0",
        "name": "Subway",
        "name:zh": "赛百味",
        "takeaway": "yes"
      },
      "geometry": {
        "type": "Point",
        "coordinates": [
          103.8477216,
          1.3691494
        ]
      },
      "id": "node/8556164750"
    },
    {
      "type": "Feature",
      "properties": {
        "@id": "node/8556164758",
        "amenity": "fast_food",
        "brand": "Old Chang Kee",
        "brand:en": "Old Chang Kee",
        "brand:wikidata": "Q17005286",
        "brand:zh": "老曾记",
        "cuisine": "snacks;singaporean",
        "level": "0",
        "name": "Old Chang Kee",
        "name:en": "Old Chang Kee",
        "name:zh": "老曾记",
        "takeaway": "only"
      },
      "geometry": {
        "type": "Point",
        "coordinates": [
          103.8479135,
          1.3691283
        ]
      },
      "id": "node/8556164758"
    },
    {
      "type": "Feature",
      "properties": {
        "@id": "node/8556213043",
        "amenity": "fast_food",
        "level": "0",
        "name": "Ordinary Burgers",
        "takeaway": "only"
      },
      "geometry": {
        "type": "Point",
        "coordinates": [
          103.8476042,
          1.3691214
        ]
      },
      "id": "node/8556213043"
    },
    {
      "type": "Feature",
      "properties": {
        "@id": "node/8556333482",
        "amenity": "fast_food",
        "brand": "Subway",
        "brand:wikidata": "Q244457",
        "cuisine": "sandwich",
        "level": "0",
        "name": "Subway",
        "name:zh": "赛百味",
        "takeaway": "yes"
      },
      "geometry": {
        "type": "Point",
        "coordinates": [
          103.8476835,
          1.3716751
        ]
      },
      "id": "node/8556333482"
    },
    {
      "type": "Feature",
      "properties": {
        "@id": "node/8556333489",
        "amenity": "fast_food",
        "level": "0",
        "name": "Tip Top",
        "takeaway": "yes"
      },
      "geometry": {
        "type": "Point",
        "coordinates": [
          103.8479663,
          1.3717053
        ]
      },
      "id": "node/8556333489"
    },
    {
      "type": "Feature",
      "properties": {
        "@id": "node/8566305129",
        "alt_name": "Kentucky Fried Chicken",
        "amenity": "fast_food",
        "brand": "KFC",
        "brand:en": "KFC",
        "brand:wikidata": "Q524757",
        "brand:zh": "肯德基",
        "cuisine": "chicken",
        "level": "0",
        "name": "KFC",
        "name:en": "KFC",
        "name:zh": "肯德基",
        "takeaway": "yes",
        "wheelchair": "yes"
      },
      "geometry": {
        "type": "Point",
        "coordinates": [
          103.9134582,
          1.4029009
        ]
      },
      "id": "node/8566305129"
    },
    {
      "type": "Feature",
      "properties": {
        "@id": "node/8566305130",
        "amenity": "fast_food",
        "brand": "McDonald's",
        "brand:en": "McDonald's",
        "brand:wikidata": "Q38076",
        "brand:zh": "麦当劳",
        "brand:zh-Hans": "麦当劳",
        "cuisine": "burger",
        "level": "1",
        "name": "McDonald's",
        "name:en": "McDonald's",
        "name:zh": "麦当劳",
        "name:zh-Hans": "麦当劳",
        "takeaway": "yes",
        "wheelchair": "yes"
      },
      "geometry": {
        "type": "Point",
        "coordinates": [
          103.9131226,
          1.402496
        ]
      },
      "id": "node/8566305130"
    },
    {
      "type": "Feature",
      "properties": {
        "@id": "node/8566305143",
        "amenity": "fast_food",
        "level": "0",
        "name": "Maki-San",
        "wheelchair": "yes"
      },
      "geometry": {
        "type": "Point",
        "coordinates": [
          103.913199,
          1.4029487
        ]
      },
      "id": "node/8566305143"
    },
    {
      "type": "Feature",
      "properties": {
        "@id": "node/8577798764",
        "amenity": "fast_food",
        "level": "0",
        "name": "Mr Bean",
        "name:zh": "豆先生",
        "takeaway": "only"
      },
      "geometry": {
        "type": "Point",
        "coordinates": [
          103.8854585,
          1.3594998
        ]
      },
      "id": "node/8577798764"
    },
    {
      "type": "Feature",
      "properties": {
        "@id": "node/8577798770",
        "amenity": "fast_food",
        "brand": "摩斯漢堡",
        "brand:en": "MOS Burger",
        "brand:wikidata": "Q1204169",
        "brand:zh": "摩斯漢堡",
        "cuisine": "burger",
        "level": "0",
        "name": "MOS Burger",
        "name:en": "MOS Burger",
        "name:zh": "摩斯漢堡",
        "takeaway": "yes"
      },
      "geometry": {
        "type": "Point",
        "coordinates": [
          103.8854125,
          1.3596235
        ]
      },
      "id": "node/8577798770"
    },
    {
      "type": "Feature",
      "properties": {
        "@id": "node/8577798775",
        "amenity": "fast_food",
        "brand": "老曾记",
        "brand:en": "Old Chang Kee",
        "brand:wikidata": "Q17005286",
        "brand:wikipedia": "en:Old Chang Kee",
        "brand:zh": "老曾记",
        "cuisine": "snacks",
        "level": "0",
        "name": "老曾记",
        "name:en": "Old Chang Kee",
        "name:zh": "老曾记",
        "takeaway": "only"
      },
      "geometry": {
        "type": "Point",
        "coordinates": [
          103.8854143,
          1.3595543
        ]
      },
      "id": "node/8577798775"
    },
    {
      "type": "Feature",
      "properties": {
        "@id": "node/8577798784",
        "amenity": "fast_food",
        "brand": "Subway",
        "brand:wikidata": "Q244457",
        "cuisine": "sandwich",
        "level": "0",
        "name": "Subway",
        "name:zh": "赛百味",
        "takeaway": "yes"
      },
      "geometry": {
        "type": "Point",
        "coordinates": [
          103.8850022,
          1.3595407
        ]
      },
      "id": "node/8577798784"
    },
    {
      "type": "Feature",
      "properties": {
        "@id": "node/8587018328",
        "addr:city": "Singapore",
        "addr:housenumber": "1",
        "addr:postcode": "545078",
        "addr:street": "Sengkang Square",
        "addr:unit": "#B1-37",
        "amenity": "fast_food",
        "branch": "Compass One",
        "brand": "Eastern Rice Dumpling",
        "check_date": "2025-10-22",
        "drive_through": "no",
        "level": "-1",
        "name": "Eastern Rice Dumpling",
        "opening_hours": "Mo-Su 10:00-22:00",
        "takeaway": "only",
        "website": "https://easternricedumpling.com"
      },
      "geometry": {
        "type": "Point",
        "coordinates": [
          103.89497,
          1.3923312
        ]
      },
      "id": "node/8587018328"
    },
    {
      "type": "Feature",
      "properties": {
        "@id": "node/8597312107",
        "alt_name": "Kentucky Fried Chicken",
        "amenity": "fast_food",
        "brand": "KFC",
        "brand:wikidata": "Q524757",
        "brand:wikipedia": "en:KFC",
        "cuisine": "chicken",
        "level": "-1",
        "name": "KFC",
        "name:zh": "肯德基",
        "takeaway": "yes"
      },
      "geometry": {
        "type": "Point",
        "coordinates": [
          103.8929319,
          1.3173433
        ]
      },
      "id": "node/8597312107"
    },
    {
      "type": "Feature",
      "properties": {
        "@id": "node/8597963653",
        "addr:city": "Singapore",
        "addr:country": "SG",
        "addr:housenumber": "902",
        "addr:postcode": "449874",
        "addr:street": "East Coast Park Service Road",
        "addr:unit": "#01-01/01A",
        "amenity": "fast_food",
        "branch": "East Coast Park Coastal PlayGrove",
        "brand": "Burger King",
        "brand:wikidata": "Q177054",
        "cuisine": "burger",
        "email": "bk_ecp@burgerking.com.sg",
        "level": "1",
        "name": "Burger King",
        "name:en": "Burger King",
        "name:zh": "汉堡王",
        "opening_hours": "Su-Th,Ph 08:00-22:00; Fr,Sa 08:00-24:00",
        "phone": "+65 6677 2664",
        "takeaway": "yes",
        "website": "https://burgerking.com.sg/"
      },
      "geometry": {
        "type": "Point",
        "coordinates": [
          103.8996004,
          1.2970795
        ]
      },
      "id": "node/8597963653"
    },
    {
      "type": "Feature",
      "properties": {
        "@id": "node/8598143347",
        "amenity": "fast_food",
        "level": "1",
        "name": "Arnold's Fried Chicken",
        "takeaway": "yes"
      },
      "geometry": {
        "type": "Point",
        "coordinates": [
          103.8930908,
          1.3146219
        ]
      },
      "id": "node/8598143347"
    },
    {
      "type": "Feature",
      "properties": {
        "@id": "node/8598401001",
        "amenity": "fast_food",
        "level": "0",
        "name": "Dough Culture",
        "takeaway": "only"
      },
      "geometry": {
        "type": "Point",
        "coordinates": [
          103.8941199,
          1.3187358
        ]
      },
      "id": "node/8598401001"
    },
    {
      "type": "Feature",
      "properties": {
        "@id": "node/8598401006",
        "amenity": "fast_food",
        "level": "0",
        "name": "Monga Fried Chicken"
      },
      "geometry": {
        "type": "Point",
        "coordinates": [
          103.8943017,
          1.3187228
        ]
      },
      "id": "node/8598401006"
    },
    {
      "type": "Feature",
      "properties": {
        "@id": "node/8613927483",
        "amenity": "fast_food",
        "level": "1",
        "name": "Makisan Junction 8",
        "operator": "Makisan"
      },
      "geometry": {
        "type": "Point",
        "coordinates": [
          103.8483934,
          1.3503753
        ]
      },
      "id": "node/8613927483"
    },
    {
      "type": "Feature",
      "properties": {
        "@id": "node/8613927500",
        "amenity": "fast_food",
        "brand": "Yoshinoya",
        "brand:en": "Yoshinoya",
        "brand:wikidata": "Q776272",
        "cuisine": "beef_bowl",
        "level": "0",
        "name": "Yoshinoya",
        "name:en": "Yoshinoya",
        "name:ja": "吉野家",
        "takeaway": "yes"
      },
      "geometry": {
        "type": "Point",
        "coordinates": [
          103.848521,
          1.3508374
        ]
      },
      "id": "node/8613927500"
    },
    {
      "type": "Feature",
      "properties": {
        "@id": "node/8615039650",
        "addr:city": "Singapore",
        "addr:housenumber": "23",
        "addr:postcode": "556083",
        "addr:street": "Serangoon Central",
        "amenity": "fast_food",
        "brand": "Jollibee",
        "brand:wikidata": "Q37614",
        "brand:wikipedia": "en:Jollibee",
        "cuisine": "burger",
        "name": "Jollibee",
        "takeaway": "yes"
      },
      "geometry": {
        "type": "Point",
        "coordinates": [
          103.8730527,
          1.3501816
        ]
      },
      "id": "node/8615039650"
    },
    {
      "type": "Feature",
      "properties": {
        "@id": "node/8615039653",
        "addr:city": "Singapore",
        "addr:housenumber": "23",
        "addr:postcode": "556083",
        "addr:street": "Serangoon Central",
        "addr:unit": "#B2-12",
        "amenity": "fast_food",
        "branch": "Nex",
        "brand": "老曾记",
        "brand:en": "Old Chang Kee",
        "brand:wikidata": "Q17005286",
        "brand:wikipedia": "en:Old Chang Kee",
        "brand:zh": "老曾记",
        "cuisine": "snacks",
        "name": "老曾记",
        "name:en": "Old Chang Kee",
        "name:zh": "老曾记",
        "name:zh-Hant": "老曾記",
        "opening_hours": "Mo-Sa 07:00-22:00; Su,PH 10:00-22:00",
        "phone": "+65 6634 4840",
        "takeaway": "only",
        "website": "https://www.oldchangkee.com/"
      },
      "geometry": {
        "type": "Point",
        "coordinates": [
          103.8721662,
          1.3510946
        ]
      },
      "id": "node/8615039653"
    },
    {
      "type": "Feature",
      "properties": {
        "@id": "node/8620920481",
        "amenity": "fast_food",
        "brand": "Subway",
        "brand:wikidata": "Q244457",
        "cuisine": "sandwich",
        "level": "-1",
        "name": "Subway",
        "name:zh": "赛百味",
        "takeaway": "yes"
      },
      "geometry": {
        "type": "Point",
        "coordinates": [
          103.8759158,
          1.3914009
        ]
      },
      "id": "node/8620920481"
    },
    {
      "type": "Feature",
      "properties": {
        "@id": "node/8620920489",
        "alt_name": "Church's Chicken",
        "amenity": "fast_food",
        "brand": "Texas Chicken",
        "brand:wikidata": "Q1089932",
        "cuisine": "chicken",
        "level": "-1",
        "name": "Texas Chicken",
        "takeaway": "yes"
      },
      "geometry": {
        "type": "Point",
        "coordinates": [
          103.8759104,
          1.3913352
        ]
      },
      "id": "node/8620920489"
    },
    {
      "type": "Feature",
      "properties": {
        "@id": "node/8627880691",
        "amenity": "fast_food",
        "brand": "老曾记",
        "brand:en": "Old Chang Kee",
        "brand:wikidata": "Q17005286",
        "brand:zh": "老曾记",
        "cuisine": "snacks",
        "level": "0",
        "name": "老曾记",
        "name:en": "Old Chang Kee",
        "name:zh": "老曾记",
        "takeaway": "only"
      },
      "geometry": {
        "type": "Point",
        "coordinates": [
          103.847172,
          1.3330372
        ]
      },
      "id": "node/8627880691"
    },
    {
      "type": "Feature",
      "properties": {
        "@id": "node/8628474465",
        "addr:city": "Singapore",
        "addr:housenumber": "200",
        "addr:postcode": "278995",
        "addr:street": "Holland Avenue",
        "addr:unit": "#B1-14",
        "air_conditioning": "yes",
        "amenity": "fast_food",
        "branch": "Holland Village MRT Station",
        "brand": "Old Chang Kee",
        "brand:wikidata": "Q17005286",
        "brand:wikipedia": "en:Old Chang Kee",
        "cuisine": "snacks",
        "level": "-1",
        "location": "underground",
        "name": "Old Chang Kee 老曾记",
        "name:en": "Old Chang Kee",
        "name:zh-Hant": "老曾記",
        "opening_hours": "Mo-Sa 07:00-21:00; Su,Ph 09:00-21:00",
        "phone": "+65 6462 2768",
        "takeaway": "yes",
        "website": "https://www.oldchangkee.com/",
        "wheelchair": "yes"
      },
      "geometry": {
        "type": "Point",
        "coordinates": [
          103.7958429,
          1.3113436
        ]
      },
      "id": "node/8628474465"
    },
    {
      "type": "Feature",
      "properties": {
        "@id": "node/8642382000",
        "amenity": "fast_food",
        "level": "-1",
        "name": "Randy Indulgence",
        "takeaway": "yes"
      },
      "geometry": {
        "type": "Point",
        "coordinates": [
          103.8454008,
          1.2768096
        ]
      },
      "id": "node/8642382000"
    },
    {
      "type": "Feature",
      "properties": {
        "@id": "node/8642382011",
        "amenity": "fast_food",
        "cuisine": "juice",
        "level": "-2",
        "name": "Boost"
      },
      "geometry": {
        "type": "Point",
        "coordinates": [
          103.8452856,
          1.2768706
        ]
      },
      "id": "node/8642382011"
    },
    {
      "type": "Feature",
      "properties": {
        "@id": "node/8642389137",
        "amenity": "fast_food",
        "level": "-1",
        "name": "Makai Poké",
        "takeaway": "yes"
      },
      "geometry": {
        "type": "Point",
        "coordinates": [
          103.8454916,
          1.2768184
        ]
      },
      "id": "node/8642389137"
    },
    {
      "type": "Feature",
      "properties": {
        "@id": "node/8642592335",
        "amenity": "fast_food",
        "level": "0",
        "name": "Kebabs Factory"
      },
      "geometry": {
        "type": "Point",
        "coordinates": [
          103.850418,
          1.2792282
        ]
      },
      "id": "node/8642592335"
    },
    {
      "type": "Feature",
      "properties": {
        "@id": "node/8647900156",
        "amenity": "fast_food",
        "check_date": "2023-09-01",
        "cuisine": "indian",
        "name": "Big Boss Bistro"
      },
      "geometry": {
        "type": "Point",
        "coordinates": [
          103.8530919,
          1.3063185
        ]
      },
      "id": "node/8647900156"
    },
    {
      "type": "Feature",
      "properties": {
        "@id": "node/8658614271",
        "addr:city": "Singapore",
        "addr:housenumber": "1",
        "addr:postcode": "518457",
        "addr:street": "Pasir Ris Central Street 3",
        "amenity": "fast_food",
        "delivery": "yes",
        "diet:halal": "yes",
        "drive_through": "no",
        "level": "0",
        "name": "Mr Bean",
        "opening_hours": "Mo-Fr 06:30-22:00; Sa-Su 07:00-22:00",
        "phone": "+65 6844 2298",
        "takeaway": "only",
        "website": "https://www.mrbean.com.sg/"
      },
      "geometry": {
        "type": "Point",
        "coordinates": [
          103.9494871,
          1.3726856
        ]
      },
      "id": "node/8658614271"
    },
    {
      "type": "Feature",
      "properties": {
        "@id": "node/8658614274",
        "amenity": "fast_food",
        "level": "0",
        "name": "Shihlin Taiwan Street Snacks",
        "takeaway": "only"
      },
      "geometry": {
        "type": "Point",
        "coordinates": [
          103.9494813,
          1.37353
        ]
      },
      "id": "node/8658614274"
    },
    {
      "type": "Feature",
      "properties": {
        "@id": "node/8658614278",
        "amenity": "fast_food",
        "level": "0",
        "name": "7 Days",
        "takeaway": "only"
      },
      "geometry": {
        "type": "Point",
        "coordinates": [
          103.9494603,
          1.3734454
        ]
      },
      "id": "node/8658614278"
    },
    {
      "type": "Feature",
      "properties": {
        "@id": "node/8658614280",
        "amenity": "fast_food",
        "level": "0",
        "name": "You Tiao Mei",
        "name:zh": "油条妹",
        "takeaway": "only"
      },
      "geometry": {
        "type": "Point",
        "coordinates": [
          103.9494741,
          1.3734923
        ]
      },
      "id": "node/8658614280"
    },
    {
      "type": "Feature",
      "properties": {
        "@id": "node/8658614282",
        "addr:city": "Singapore",
        "addr:housenumber": "1",
        "addr:postcode": "518457",
        "addr:street": "Pasir Ris Central Street 3",
        "air_conditioning": "yes",
        "amenity": "fast_food",
        "brand": "McDonald's",
        "brand:en": "McDonald's",
        "brand:wikidata": "Q38076",
        "brand:wikipedia": "en:McDonald's",
        "brand:zh": "麦当劳",
        "brand:zh-Hans": "麦当劳",
        "cuisine": "burger",
        "diet:halal": "yes",
        "level": "0",
        "name": "McDonald's",
        "name:en": "McDonald's",
        "name:zh": "麦当劳",
        "name:zh-Hans": "麦当劳",
        "opening_hours": "Mo-Su 06:00-25:00",
        "outdoor_seating": "no",
        "takeaway": "yes",
        "website": "https://mcdonalds.com.sg/"
      },
      "geometry": {
        "type": "Point",
        "coordinates": [
          103.9493456,
          1.372359
        ]
      },
      "id": "node/8658614282"
    },
    {
      "type": "Feature",
      "properties": {
        "@id": "node/8658614283",
        "addr:city": "Singapore",
        "addr:housenumber": "1",
        "addr:postcode": "518457",
        "addr:street": "Pasir Ris Central Street 3",
        "air_conditioning": "no",
        "amenity": "fast_food",
        "branch": "White Sands",
        "brand": "Old Chang Kee",
        "brand:en": "Old Chang Kee",
        "brand:wikidata": "Q17005286",
        "brand:zh": "老曾记",
        "cuisine": "snacks;singaporean",
        "delivery": "yes",
        "diet:halal": "yes",
        "drive_through": "no",
        "level": "0",
        "name": "Old Chang Kee",
        "name:en": "Old Chang Kee",
        "name:zh": "老曾记",
        "opening_hours": "Mo-Fr 06:00-22:00; Sa 08:00-22:00; Su 10:00-22:00",
        "outdoor_seating": "no",
        "phone": "+65 6584 5962",
        "takeaway": "only",
        "website": "https://www.oldchangkee.com/"
      },
      "geometry": {
        "type": "Point",
        "coordinates": [
          103.9495128,
          1.3726825
        ]
      },
      "id": "node/8658614283"
    },
    {
      "type": "Feature",
      "properties": {
        "@id": "node/8658652633",
        "addr:city": "Singapore",
        "addr:housenumber": "1",
        "addr:postcode": "518457",
        "addr:street": "Pasir Ris Central Street 3",
        "air_conditioning": "yes",
        "amenity": "fast_food",
        "brand": "Subway",
        "brand:wikidata": "Q244457",
        "brand:wikipedia": "en:Subway (restaurant)",
        "cuisine": "sandwich",
        "delivery": "yes",
        "diet:halal": "yes",
        "drive_through": "no",
        "level": "2",
        "name": "Subway",
        "name:zh": "赛百味",
        "opening_hours": "Mo-Su 08:00-22:00",
        "outdoor_seating": "no",
        "phone": "+65 65851251",
        "takeaway": "yes",
        "website": "https://www.subway.com/en-SG"
      },
      "geometry": {
        "type": "Point",
        "coordinates": [
          103.9499749,
          1.3723881
        ]
      },
      "id": "node/8658652633"
    },
    {
      "type": "Feature",
      "properties": {
        "@id": "node/8658867047",
        "amenity": "fast_food",
        "level": "-1",
        "name": "Nam Kee Pau"
      },
      "geometry": {
        "type": "Point",
        "coordinates": [
          103.9496864,
          1.3722787
        ]
      },
      "id": "node/8658867047"
    },
    {
      "type": "Feature",
      "properties": {
        "@id": "node/8658867048",
        "addr:city": "Singapore",
        "addr:housenumber": "1",
        "addr:postcode": "518457",
        "addr:street": "Pasir Ris Central Street 3",
        "air_conditioning": "yes",
        "amenity": "fast_food",
        "cuisine": "salad;mexican",
        "delivery": "yes",
        "diet:halal": "yes",
        "drive_through": "no",
        "level": "-1",
        "name": "Stuff'd",
        "opening_hours": "Mo-Su 10:30-21:45",
        "phone": "+65 69049345",
        "takeaway": "only",
        "website": "https://www.stuffd.com/sg/"
      },
      "geometry": {
        "type": "Point",
        "coordinates": [
          103.9499002,
          1.3723628
        ]
      },
      "id": "node/8658867048"
    },
    {
      "type": "Feature",
      "properties": {
        "@id": "node/8658867050",
        "addr:city": "Singapore",
        "addr:housenumber": "1",
        "addr:postcode": "518457",
        "addr:street": "Pasir Ris Central Street 3",
        "air_conditioning": "yes",
        "amenity": "fast_food",
        "cuisine": "chinese",
        "delivery": "yes",
        "diet:halal": "yes",
        "level": "-1",
        "name": "Wok Hey",
        "opening_hours": "Mo-Su 10:30-22:00",
        "takeaway": "only",
        "website": "https://www.wokhey.sg/"
      },
      "geometry": {
        "type": "Point",
        "coordinates": [
          103.9499254,
          1.3723156
        ]
      },
      "id": "node/8658867050"
    },
    {
      "type": "Feature",
      "properties": {
        "@id": "node/8658867059",
        "addr:city": "Singapore",
        "addr:housenumber": "1",
        "addr:postcode": "518457",
        "addr:street": "Pasir Ris Central Street 3",
        "air_conditioning": "yes",
        "alt_name": "Kentucky Fried Chicken",
        "amenity": "fast_food",
        "brand": "KFC",
        "brand:en": "KFC",
        "brand:wikidata": "Q524757",
        "brand:wikipedia": "en:KFC",
        "brand:zh": "肯德基",
        "cuisine": "chicken",
        "delivery": "yes",
        "level": "0",
        "name": "KFC",
        "name:en": "KFC",
        "name:zh": "肯德基",
        "opening_hours": "Mo-Su 08:00-22:00",
        "phone": "+65 63120265",
        "takeaway": "yes",
        "website": "https://www.kfc.com.sg/"
      },
      "geometry": {
        "type": "Point",
        "coordinates": [
          103.9499064,
          1.3722017
        ]
      },
      "id": "node/8658867059"
    },
    {
      "type": "Feature",
      "properties": {
        "@id": "node/8658867074",
        "addr:city": "Singapore",
        "addr:housenumber": "1",
        "addr:postcode": "518457",
        "addr:street": "Pasir Ris Central Street 3",
        "air_conditioning": "yes",
        "amenity": "fast_food",
        "cuisine": "japanese;sushi;salad",
        "delivery": "yes",
        "diet:halal": "yes",
        "drive_through": "no",
        "email": "whitesands@makisan.com",
        "level": "-1",
        "name": "Maki-San",
        "opening_hours": "Mo-Su 10:30-21:00",
        "outdoor_seating": "no",
        "phone": "+65 96216056",
        "takeaway": "only",
        "website": "https://makisan.com/"
      },
      "geometry": {
        "type": "Point",
        "coordinates": [
          103.9498682,
          1.3723034
        ]
      },
      "id": "node/8658867074"
    },
    {
      "type": "Feature",
      "properties": {
        "@id": "node/8658883201",
        "addr:city": "Singapore",
        "addr:housenumber": "1",
        "addr:postcode": "518457",
        "addr:street": "Pasir Ris Central Street 3",
        "amenity": "fast_food",
        "cuisine": "pizza",
        "diet:halal": "yes",
        "level": "0",
        "name": "Pezzo",
        "takeaway": "only"
      },
      "geometry": {
        "type": "Point",
        "coordinates": [
          103.9496103,
          1.3726612
        ]
      },
      "id": "node/8658883201"
    },
    {
      "type": "Feature",
      "properties": {
        "@id": "node/8658883202",
        "amenity": "fast_food",
        "level": "0",
        "name": "小菜一碟",
        "takeaway": "only"
      },
      "geometry": {
        "type": "Point",
        "coordinates": [
          103.9495596,
          1.3726709
        ]
      },
      "id": "node/8658883202"
    },
    {
      "type": "Feature",
      "properties": {
        "@id": "node/8666525419",
        "amenity": "fast_food",
        "brand": "Long John Silver's",
        "brand:wikidata": "Q1535221",
        "brand:wikipedia": "en:Long John Silver's",
        "cuisine": "seafood",
        "name": "Long John Silver's",
        "takeaway": "yes"
      },
      "geometry": {
        "type": "Point",
        "coordinates": [
          103.7656499,
          1.3037136
        ]
      },
      "id": "node/8666525419"
    },
    {
      "type": "Feature",
      "properties": {
        "@id": "node/8725424843",
        "addr:city": "Singapore",
        "addr:country": "SG",
        "addr:housenumber": "107",
        "addr:postcode": "179105",
        "addr:street": "North Bridge Road",
        "addr:unit": "#B2-K06",
        "amenity": "fast_food",
        "branch": "Funan Mall",
        "brand": "Old Chang Kee",
        "brand:wikidata": "Q17005286",
        "brand:wikipedia": "en:Old Chang Kee",
        "cuisine": "snacks;singaporean",
        "drive_through": "no",
        "level": "-2",
        "name": "Old Chang Kee",
        "name:en": "Old Chang Kee",
        "name:nan": "老曾記",
        "name:zh": "老曾记",
        "opening_hours": "Mo-Fr 07:00-22:00; Sa,Su,PH 10:00-22:00",
        "phone": "+65 6612 0554",
        "takeaway": "yes",
        "website": "https://www.oldchangkee.com/"
      },
      "geometry": {
        "type": "Point",
        "coordinates": [
          103.8501222,
          1.291354
        ]
      },
      "id": "node/8725424843"
    },
    {
      "type": "Feature",
      "properties": {
        "@id": "node/8725424844",
        "addr:city": "Singapore",
        "addr:country": "SG",
        "addr:housenumber": "252",
        "addr:postcode": "179103",
        "addr:street": "North Bridge Road",
        "addr:unit": "#B1-55",
        "amenity": "fast_food",
        "branch": "Raffles City Shopping Centre",
        "brand": "Old Chang Kee",
        "brand:en": "Old Chang Kee",
        "brand:wikidata": "Q17005286",
        "brand:wikipedia": "en:Old Chang Kee",
        "brand:zh": "老曾记",
        "cuisine": "snacks;singaporean",
        "drive_through": "no",
        "level": "-1",
        "name": "Old Chang Kee",
        "name:en": "Old Chang Kee",
        "name:nan": "老曾記",
        "name:zh": "老曾记",
        "name:zh-Hans": "老曾记",
        "name:zh-Hant": "老曾記",
        "opening_hours": "Mo-Su 09:00-21:00",
        "phone": "+65 6255 3989",
        "takeaway": "only",
        "website": "https://www.oldchangkee.com/"
      },
      "geometry": {
        "type": "Point",
        "coordinates": [
          103.8530032,
          1.293927
        ]
      },
      "id": "node/8725424844"
    },
    {
      "type": "Feature",
      "properties": {
        "@id": "node/8727429247",
        "amenity": "fast_food",
        "level": "-1",
        "name": "Fei Siong",
        "name:en": "Fei Siong",
        "name:zh": "肥雄"
      },
      "geometry": {
        "type": "Point",
        "coordinates": [
          103.848504,
          1.3503149
        ]
      },
      "id": "node/8727429247"
    },
    {
      "type": "Feature",
      "properties": {
        "@id": "node/8835769901",
        "amenity": "fast_food",
        "brand": "Subway",
        "brand:wikidata": "Q244457",
        "brand:wikipedia": "en:Subway (restaurant)",
        "cuisine": "sandwich",
        "name": "Subway",
        "name:zh": "赛百味",
        "takeaway": "yes"
      },
      "geometry": {
        "type": "Point",
        "coordinates": [
          103.7947694,
          1.3103304
        ]
      },
      "id": "node/8835769901"
    },
    {
      "type": "Feature",
      "properties": {
        "@id": "node/8879344817",
        "addr:postcode": "050335",
        "amenity": "fast_food",
        "cuisine": "asian;barbecue;local",
        "name": "Pang's Satay",
        "opening_hours": "Mo-Fr 17:00-21:15; Sa-Su 16:30-21:15",
        "phone": "+65 9663 8015"
      },
      "geometry": {
        "type": "Point",
        "coordinates": [
          103.8426083,
          1.2822092
        ]
      },
      "id": "node/8879344817"
    },
    {
      "type": "Feature",
      "properties": {
        "@id": "node/8890737146",
        "addr:city": "Singapore",
        "addr:country": "SG",
        "addr:housenumber": "3",
        "addr:postcode": "038983",
        "addr:street": "Temasek Boulevard",
        "addr:unit": "#01-419/420",
        "amenity": "fast_food",
        "branch": "Suntec City Mall",
        "brand": "Krispy Kreme",
        "brand:wikidata": "Q1192805",
        "brand:wikipedia": "en:Krispy Kreme",
        "check_date": "2024-11-24",
        "cuisine": "donut",
        "level": "0",
        "name": "Krispy Kreme",
        "opening_hours": "Su-Th 10:00-21:00; Fr-Sa,PH 10:00-22:00",
        "phone": "+65 6238 7659",
        "takeaway": "yes",
        "website": "http://krispykreme.sg/"
      },
      "geometry": {
        "type": "Point",
        "coordinates": [
          103.8579208,
          1.294587
        ]
      },
      "id": "node/8890737146"
    },
    {
      "type": "Feature",
      "properties": {
        "@id": "node/8895494558",
        "amenity": "fast_food",
        "branch": "Canberra",
        "brand": "McDonald's",
        "brand:en": "McDonald's",
        "brand:wikidata": "Q38076",
        "brand:wikipedia": "en:McDonald's",
        "brand:zh": "麦当劳",
        "cuisine": "american;burger",
        "diet:halal": "yes",
        "level": "0",
        "name": "McDonald's",
        "name:en": "McDonald's",
        "name:zh": "麦当劳",
        "name:zh-Hans": "麦当劳",
        "opening_hours": "Mo-Su 07:00-02:00",
        "phone": "+65 6683 9116",
        "takeaway": "yes",
        "website": "https://www.mcdonalds.com.sg/",
        "wheelchair": "yes"
      },
      "geometry": {
        "type": "Point",
        "coordinates": [
          103.8306018,
          1.442937
        ]
      },
      "id": "node/8895494558"
    },
    {
      "type": "Feature",
      "properties": {
        "@id": "node/8895494559",
        "amenity": "fast_food",
        "brand": "A&W",
        "brand:wikidata": "Q277641",
        "brand:wikipedia": "en:A&W Restaurants",
        "cuisine": "american;burger",
        "diet:halal": "yes",
        "level": "0",
        "name": "A&W",
        "name:zh": "艾德熊",
        "opening_hours": "Mo-Su 10:00-22:00",
        "takeaway": "yes",
        "website": "https://www.awrestaurants.com.sg/",
        "wheelchair": "yes"
      },
      "geometry": {
        "type": "Point",
        "coordinates": [
          103.8305603,
          1.4430035
        ]
      },
      "id": "node/8895494559"
    },
    {
      "type": "Feature",
      "properties": {
        "@id": "node/8972110685",
        "addr:housenumber": "411",
        "addr:street": "Balestier Road",
        "amenity": "fast_food",
        "cuisine": "noodle",
        "name": "Changi Airport T2 Famous Fried Fish Fishball Noodle",
        "street_vendor": "yes"
      },
      "geometry": {
        "type": "Point",
        "coordinates": [
          103.849091,
          1.3255016
        ]
      },
      "id": "node/8972110685"
    },
    {
      "type": "Feature",
      "properties": {
        "@id": "node/9020270366",
        "amenity": "fast_food",
        "brand": "McDonald's",
        "brand:en": "McDonald's",
        "brand:wikidata": "Q38076",
        "brand:wikipedia": "en:McDonald's",
        "brand:zh": "麦当劳",
        "cuisine": "burger",
        "name": "McDonald's",
        "name:en": "McDonald's",
        "name:zh": "麦当劳",
        "name:zh-Hans": "麦当劳",
        "takeaway": "yes"
      },
      "geometry": {
        "type": "Point",
        "coordinates": [
          103.7664437,
          1.3850353
        ]
      },
      "id": "node/9020270366"
    },
    {
      "type": "Feature",
      "properties": {
        "@id": "node/9026571599",
        "amenity": "fast_food",
        "brand": "Domino's",
        "brand:wikidata": "Q839466",
        "brand:wikipedia": "en:Domino's Pizza",
        "cuisine": "pizza",
        "name": "Domino's",
        "takeaway": "yes"
      },
      "geometry": {
        "type": "Point",
        "coordinates": [
          103.7664108,
          1.3851579
        ]
      },
      "id": "node/9026571599"
    },
    {
      "type": "Feature",
      "properties": {
        "@id": "node/9044657063",
        "addr:city": "Singapore",
        "addr:country": "SG",
        "addr:housenumber": "57B",
        "addr:postcode": "457253",
        "addr:street": "Jalan Tua Kong",
        "amenity": "fast_food",
        "name": "Springleaf Prata Place",
        "phone": "+65 9227 4345",
        "takeaway": "yes"
      },
      "geometry": {
        "type": "Point",
        "coordinates": [
          103.9255638,
          1.3159852
        ]
      },
      "id": "node/9044657063"
    },
    {
      "type": "Feature",
      "properties": {
        "@id": "node/9050976966",
        "amenity": "fast_food",
        "cuisine": "indian",
        "level": "0",
        "name": "Chaat's Corner"
      },
      "geometry": {
        "type": "Point",
        "coordinates": [
          103.8504746,
          1.307714
        ]
      },
      "id": "node/9050976966"
    },
    {
      "type": "Feature",
      "properties": {
        "@id": "node/9050999979",
        "addr:housename": "Funan Mall",
        "amenity": "fast_food",
        "brand": "Tonkotsu Kazan Ramen",
        "cuisine": "ramen",
        "level": "-1",
        "name": "Tonkotsu Kazan Ramen"
      },
      "geometry": {
        "type": "Point",
        "coordinates": [
          103.8494204,
          1.2914803
        ]
      },
      "id": "node/9050999979"
    },
    {
      "type": "Feature",
      "properties": {
        "@id": "node/9056872515",
        "addr:city": "Singapore",
        "addr:country": "SG",
        "addr:housenumber": "290",
        "addr:postcode": "238859",
        "addr:street": "Orchard Road",
        "addr:unit": "#B1-10",
        "air_conditioning": "yes",
        "amenity": "fast_food",
        "branch": "Paragon",
        "brand": "Old Chang Kee",
        "brand:wikidata": "Q17005286",
        "brand:wikipedia": "en:Old Chang Kee",
        "cuisine": "snacks;singaporean",
        "level": "-1",
        "name": "Old Chang Kee",
        "name:en": "Old Chang Kee",
        "name:zh": "老曾记",
        "name:zh-Hant": "老曾記",
        "opening_hours": "Mo-Su 09:00-21:00",
        "phone": "+65 68361402",
        "takeaway": "only",
        "website": "https://www.oldchangkee.com/",
        "wheelchair": "yes"
      },
      "geometry": {
        "type": "Point",
        "coordinates": [
          103.8355775,
          1.3036931
        ]
      },
      "id": "node/9056872515"
    },
    {
      "type": "Feature",
      "properties": {
        "@id": "node/9056883417",
        "addr:city": "Singapore",
        "addr:country": "SG",
        "addr:housenumber": "290",
        "addr:postcode": "238859",
        "addr:street": "Orchard Road",
        "amenity": "fast_food",
        "brand": "Krispy Kreme",
        "brand:wikidata": "Q1192805",
        "brand:wikipedia": "en:Krispy Kreme",
        "cuisine": "donut",
        "drive_through": "no",
        "level": "-1",
        "name": "Krispy Kreme",
        "takeaway": "only"
      },
      "geometry": {
        "type": "Point",
        "coordinates": [
          103.8357004,
          1.3035726
        ]
      },
      "id": "node/9056883417"
    },
    {
      "type": "Feature",
      "properties": {
        "@id": "node/9056883420",
        "addr:city": "Singapore",
        "addr:country": "SG",
        "addr:housenumber": "435",
        "addr:postcode": "238877",
        "addr:street": "Orchard Road",
        "addr:unit": "#B1-56/57",
        "amenity": "fast_food",
        "brand": "Garrett Popcorn Shops",
        "brand:wikidata": "Q86925646",
        "brand:wikipedia": "en:Garrett Popcorn Shops",
        "level": "-1",
        "name": "Garrett",
        "takeaway": "only",
        "website": "https://www.garrettpopcorn.com/",
        "wheelchair": "yes"
      },
      "geometry": {
        "type": "Point",
        "coordinates": [
          103.8329423,
          1.3039504
        ]
      },
      "id": "node/9056883420"
    },
    {
      "type": "Feature",
      "properties": {
        "@id": "node/9056883421",
        "addr:city": "Singapore",
        "addr:country": "SG",
        "addr:housenumber": "435",
        "addr:postcode": "238877",
        "addr:street": "Orchard Road",
        "addr:unit": "#B1-64B",
        "amenity": "fast_food",
        "brand": "Krispy Kreme",
        "brand:wikidata": "Q1192805",
        "brand:wikipedia": "en:Krispy Kreme",
        "cuisine": "donut",
        "drive_through": "no",
        "level": "-1",
        "name": "Krispy Kreme",
        "takeaway": "only"
      },
      "geometry": {
        "type": "Point",
        "coordinates": [
          103.8330644,
          1.3038861
        ]
      },
      "id": "node/9056883421"
    },
    {
      "type": "Feature",
      "properties": {
        "@id": "node/9060730894",
        "addr:unit": "#B1-54",
        "amenity": "fast_food",
        "brand": "Yu Ba Fang",
        "level": "-1",
        "name": "Yu Ba Fang",
        "name:en": "Yu Ba Fang",
        "name:zh": "御八方",
        "takeaway": "only"
      },
      "geometry": {
        "type": "Point",
        "coordinates": [
          103.8530291,
          1.2941939
        ]
      },
      "id": "node/9060730894"
    },
    {
      "type": "Feature",
      "properties": {
        "@id": "node/9060730896",
        "amenity": "fast_food",
        "brand": "Garrett Popcorn Shops",
        "brand:wikidata": "Q86925646",
        "brand:wikipedia": "en:Garrett Popcorn Shops",
        "check_date": "2025-10-21",
        "level": "0",
        "name": "Garrett",
        "opening_hours": "Su-Th 10:30-22:00; Fr, Sa 10:00-22:00",
        "takeaway": "only",
        "website": "https://www.garrettpopcorn.com/",
        "wheelchair": "yes"
      },
      "geometry": {
        "type": "Point",
        "coordinates": [
          103.8383559,
          1.3010667
        ]
      },
      "id": "node/9060730896"
    },
    {
      "type": "Feature",
      "properties": {
        "@id": "node/9060730898",
        "amenity": "fast_food",
        "brand": "Potato Corner",
        "brand:wikidata": "Q60741625",
        "brand:wikipedia": "en:Potato Corner",
        "cuisine": "fries",
        "level": "-3",
        "name": "Potato Corner",
        "takeaway": "only"
      },
      "geometry": {
        "type": "Point",
        "coordinates": [
          103.8383684,
          1.3010941
        ]
      },
      "id": "node/9060730898"
    },
    {
      "type": "Feature",
      "properties": {
        "@id": "node/9060730900",
        "amenity": "fast_food",
        "diet:halal": "yes",
        "level": "-3",
        "name": "Encik Tan",
        "takeaway": "yes"
      },
      "geometry": {
        "type": "Point",
        "coordinates": [
          103.8381951,
          1.3011458
        ]
      },
      "id": "node/9060730900"
    },
    {
      "type": "Feature",
      "properties": {
        "@id": "node/9060730902",
        "addr:city": "Singapore",
        "addr:country": "SG",
        "addr:housenumber": "313",
        "addr:postcode": "238895",
        "addr:street": "Orchard Road",
        "addr:unit": "#B3-24",
        "amenity": "fast_food",
        "branch": "313 Somerset",
        "brand": "Old Chang Kee",
        "brand:en": "Old Chang Kee",
        "brand:wikidata": "Q17005286",
        "brand:wikipedia": "en:Old Chang Kee",
        "brand:zh-Hans": "老曾记",
        "cuisine": "snacks;singaporean",
        "level": "-3",
        "name": "Old Chang Kee",
        "name:en": "Old Chang Kee",
        "name:nan": "老曾記",
        "name:zh": "老曾记",
        "name:zh-Hans": "老曾记",
        "name:zh-Hant": "老曾記",
        "opening_hours": "Mo-Fr 07:00-21:00; Sa,Su,PH 10:00-21:00",
        "phone": "+65 65094573",
        "takeaway": "only",
        "website": "https://www.oldchangkee.com/",
        "wheelchair": "yes"
      },
      "geometry": {
        "type": "Point",
        "coordinates": [
          103.8385644,
          1.3008267
        ]
      },
      "id": "node/9060730902"
    },
    {
      "type": "Feature",
      "properties": {
        "@id": "node/9061703417",
        "amenity": "fast_food",
        "brand": "摩斯漢堡",
        "brand:en": "MOS Burger",
        "brand:wikidata": "Q1204169",
        "brand:zh": "摩斯漢堡",
        "cuisine": "burger",
        "name": "MOS Burger",
        "name:en": "MOS Burger",
        "name:zh": "摩斯漢堡",
        "takeaway": "yes",
        "website": "https://www.mosburger.com.sg/mos_outlets.php"
      },
      "geometry": {
        "type": "Point",
        "coordinates": [
          103.8542657,
          1.2864679
        ]
      },
      "id": "node/9061703417"
    },
    {
      "type": "Feature",
      "properties": {
        "@id": "node/9063417893",
        "addr:city": "Singapore",
        "addr:country": "SG",
        "addr:housenumber": "18 #03-02/03",
        "addr:postcode": "018953",
        "addr:street": "Marina Gardens Drive",
        "air_conditioning": "yes",
        "amenity": "fast_food",
        "brand": "Shake Shack",
        "brand:wikidata": "Q1058722",
        "cuisine": "burger",
        "indoor_seating": "yes",
        "level": "0",
        "name": "Shake Shack",
        "outdoor_seating": "yes",
        "takeaway": "yes",
        "wheelchair": "yes"
      },
      "geometry": {
        "type": "Point",
        "coordinates": [
          103.8650889,
          1.2837643
        ]
      },
      "id": "node/9063417893"
    },
    {
      "type": "Feature",
      "properties": {
        "@id": "node/9063649316",
        "addr:city": "Singapore",
        "addr:housenumber": "1",
        "addr:street": "Marine Parade Central",
        "amenity": "fast_food",
        "amenity_1": "fast_food",
        "brand": "Subway",
        "brand:wikidata": "Q244457",
        "brand:wikipedia": "en:Subway (restaurant)",
        "cuisine": "sandwich",
        "diet:halal": "yes",
        "diet:healthy": "yes",
        "diet:meat": "yes",
        "diet:non-vegetarian": "yes",
        "diet:vegetarian": "yes",
        "name": "Subway",
        "name:zh": "赛百味",
        "takeaway": "yes"
      },
      "geometry": {
        "type": "Point",
        "coordinates": [
          103.9059448,
          1.3017178
        ]
      },
      "id": "node/9063649316"
    },
    {
      "type": "Feature",
      "properties": {
        "@id": "node/9079564980",
        "amenity": "fast_food",
        "name": "Krsna's free meals"
      },
      "geometry": {
        "type": "Point",
        "coordinates": [
          103.8534593,
          1.3075319
        ]
      },
      "id": "node/9079564980"
    },
    {
      "type": "Feature",
      "properties": {
        "@id": "node/9081640995",
        "amenity": "fast_food",
        "brand": "Subway",
        "brand:wikidata": "Q244457",
        "brand:wikipedia": "en:Subway (restaurant)",
        "cuisine": "sandwich",
        "name": "Subway",
        "name:zh": "赛百味",
        "opening_hours": "24/7",
        "takeaway": "yes"
      },
      "geometry": {
        "type": "Point",
        "coordinates": [
          103.9550547,
          1.3589083
        ]
      },
      "id": "node/9081640995"
    },
    {
      "type": "Feature",
      "properties": {
        "@id": "node/9118943117",
        "addr:city": "Singapore",
        "addr:country": "SG",
        "addr:housenumber": "1",
        "addr:postcode": "069184",
        "addr:street": "Kadayanallur Street",
        "addr:unit": "#45",
        "amenity": "fast_food",
        "check_date": "2025-08-10",
        "cuisine": "chinese",
        "fast_food": "cafeteria",
        "indoor_seating": "yes",
        "name": "和记粥",
        "name:zh-Hant": "和記粥",
        "outdoor_seating": "yes",
        "takeaway": "only"
      },
      "geometry": {
        "type": "Point",
        "coordinates": [
          103.8445652,
          1.280597
        ]
      },
      "id": "node/9118943117"
    },
    {
      "type": "Feature",
      "properties": {
        "@id": "node/9128625504",
        "amenity": "fast_food",
        "brand": "McDonald's",
        "brand:en": "McDonald's",
        "brand:wikidata": "Q38076",
        "brand:wikipedia": "en:McDonald's",
        "brand:zh": "麦当劳",
        "cuisine": "burger",
        "name": "McDonald's",
        "name:en": "McDonald's",
        "name:zh": "麦当劳",
        "name:zh-Hans": "麦当劳",
        "takeaway": "yes",
        "wheelchair": "yes"
      },
      "geometry": {
        "type": "Point",
        "coordinates": [
          103.7934164,
          1.4308241
        ]
      },
      "id": "node/9128625504"
    },
    {
      "type": "Feature",
      "properties": {
        "@id": "node/9137967574",
        "amenity": "fast_food",
        "cuisine": "singaporean",
        "level": "-1",
        "name": "Nam Kee Pau",
        "operator": "Fei Siong Group",
        "takeaway": "yes"
      },
      "geometry": {
        "type": "Point",
        "coordinates": [
          103.7645187,
          1.3151244
        ]
      },
      "id": "node/9137967574"
    },
    {
      "type": "Feature",
      "properties": {
        "@id": "node/9137967575",
        "amenity": "fast_food",
        "cuisine": "singaporean",
        "level": "-1",
        "name": "EAT",
        "operator": "Fei Siong Group",
        "takeaway": "yes"
      },
      "geometry": {
        "type": "Point",
        "coordinates": [
          103.764459,
          1.3151371
        ]
      },
      "id": "node/9137967575"
    },
    {
      "type": "Feature",
      "properties": {
        "@id": "node/9211349834",
        "amenity": "fast_food",
        "cuisine": "pizza",
        "level": "-1",
        "name": "Pezzo",
        "payment:sgqr": "yes",
        "takeaway": "only",
        "wheelchair": "yes"
      },
      "geometry": {
        "type": "Point",
        "coordinates": [
          103.8949067,
          1.3923031
        ]
      },
      "id": "node/9211349834"
    },
    {
      "type": "Feature",
      "properties": {
        "@id": "node/9211349836",
        "amenity": "fast_food",
        "level": "-1",
        "name": "Stuff'd",
        "takeaway": "yes"
      },
      "geometry": {
        "type": "Point",
        "coordinates": [
          103.8948909,
          1.392356
        ]
      },
      "id": "node/9211349836"
    },
    {
      "type": "Feature",
      "properties": {
        "@id": "node/9211349837",
        "amenity": "fast_food",
        "check_date": "2025-10-22",
        "level": "-1",
        "name": "Crave",
        "payment:sgqr": "yes",
        "takeaway": "yes"
      },
      "geometry": {
        "type": "Point",
        "coordinates": [
          103.894873,
          1.3922438
        ]
      },
      "id": "node/9211349837"
    },
    {
      "type": "Feature",
      "properties": {
        "@id": "node/9238068594",
        "addr:housename": "ARC 380",
        "addr:housenumber": "380",
        "addr:postcode": "209000",
        "addr:street": "Jalan Besar",
        "addr:unit": "01-16/22",
        "air_conditioning": "yes",
        "amenity": "fast_food",
        "check_date": "2024-06-14",
        "contact:facebook": "https://www.facebook.com/vegannaturalskudai/",
        "cuisine": "local",
        "diet:vegan": "yes",
        "diet:vegetarian": "yes",
        "level": "0",
        "name": "Vegan Natural Bakery",
        "name:zh": "天然素食",
        "opening_hours": "10:00-21:00",
        "payment:paynow": "yes",
        "phone": "+65 8760 3721",
        "wheelchair": "yes"
      },
      "geometry": {
        "type": "Point",
        "coordinates": [
          103.8602182,
          1.3133809
        ]
      },
      "id": "node/9238068594"
    },
    {
      "type": "Feature",
      "properties": {
        "@id": "node/9249585228",
        "amenity": "fast_food",
        "brand": "Old Chang Kee",
        "brand:en": "Old Chang Kee",
        "brand:wikidata": "Q17005286",
        "brand:wikipedia": "en:Old Chang Kee",
        "brand:zh": "老曾记",
        "cuisine": "snacks;singaporean",
        "name": "Old Chang Kee",
        "name:en": "Old Chang Kee",
        "name:zh": "老曾记",
        "shop": "pastry",
        "takeaway": "yes"
      },
      "geometry": {
        "type": "Point",
        "coordinates": [
          103.8079798,
          1.2748018
        ]
      },
      "id": "node/9249585228"
    },
    {
      "type": "Feature",
      "properties": {
        "@id": "node/9269019965",
        "addr:unit": "06/07",
        "amenity": "fast_food",
        "brand": "Subway",
        "brand:wikidata": "Q244457",
        "cuisine": "sandwich",
        "level": "1",
        "name": "Subway",
        "takeaway": "yes"
      },
      "geometry": {
        "type": "Point",
        "coordinates": [
          103.9019019,
          1.4163432
        ]
      },
      "id": "node/9269019965"
    },
    {
      "type": "Feature",
      "properties": {
        "@id": "node/9269019966",
        "addr:unit": "27",
        "amenity": "fast_food",
        "branch": "Northshore",
        "brand": "McDonald's",
        "brand:en": "McDonald's",
        "brand:wikidata": "Q38076",
        "brand:wikipedia": "zh:麦当劳",
        "brand:zh": "麦当劳",
        "brand:zh-Hans": "麦当劳",
        "cuisine": "burger",
        "level": "1",
        "name": "McDonald's",
        "name:en": "McDonald's",
        "name:zh": "麦当劳",
        "name:zh-Hans": "麦当劳",
        "takeaway": "yes"
      },
      "geometry": {
        "type": "Point",
        "coordinates": [
          103.9019767,
          1.4169055
        ]
      },
      "id": "node/9269019966"
    },
    {
      "type": "Feature",
      "properties": {
        "@id": "node/9269019968",
        "addr:unit": "42",
        "amenity": "fast_food",
        "level": "1",
        "name": "Super Wok",
        "name:zh": "快炒",
        "takeaway": "only"
      },
      "geometry": {
        "type": "Point",
        "coordinates": [
          103.9020705,
          1.4162754
        ]
      },
      "id": "node/9269019968"
    },
    {
      "type": "Feature",
      "properties": {
        "@id": "node/9269072791",
        "amenity": "fast_food",
        "branch": "Northshore",
        "description": "located inside Decathlon outlet",
        "level": "1",
        "name": "Simply Wrapps"
      },
      "geometry": {
        "type": "Point",
        "coordinates": [
          103.9022247,
          1.4166164
        ]
      },
      "id": "node/9269072791"
    },
    {
      "type": "Feature",
      "properties": {
        "@id": "node/9271015965",
        "addr:unit": "20",
        "amenity": "fast_food",
        "level": "0",
        "name": "Ann Chin",
        "name:zh": "安珍"
      },
      "geometry": {
        "type": "Point",
        "coordinates": [
          103.8368324,
          1.3524914
        ]
      },
      "id": "node/9271015965"
    },
    {
      "type": "Feature",
      "properties": {
        "@id": "node/9271267308",
        "addr:unit": "97",
        "amenity": "fast_food",
        "brand": "Subway",
        "brand:wikidata": "Q244457",
        "brand:wikipedia": "en:Subway (restaurant)",
        "cuisine": "sandwich",
        "level": "0",
        "name": "Subway",
        "name:zh": "赛百味",
        "takeaway": "yes",
        "wheelchair": "yes"
      },
      "geometry": {
        "type": "Point",
        "coordinates": [
          103.8306921,
          1.3545327
        ]
      },
      "id": "node/9271267308"
    },
    {
      "type": "Feature",
      "properties": {
        "@id": "node/9271315627",
        "amenity": "fast_food",
        "brand": "Burger King",
        "brand:wikidata": "Q177054",
        "brand:wikipedia": "en:Burger King",
        "cuisine": "burger",
        "level": "0",
        "name": "Burger King",
        "name:en": "Burger King",
        "name:zh": "汉堡王",
        "takeaway": "yes",
        "wheelchair": "yes"
      },
      "geometry": {
        "type": "Point",
        "coordinates": [
          103.8303447,
          1.354601
        ]
      },
      "id": "node/9271315627"
    },
    {
      "type": "Feature",
      "properties": {
        "@id": "node/9271817270",
        "amenity": "fast_food",
        "brand": "Old Chang Kee",
        "brand:en": "Old Chang Kee",
        "brand:wikidata": "Q17005286",
        "brand:wikipedia": "en:Old Chang Kee",
        "brand:zh": "老曾记",
        "cuisine": "snacks;singaporean",
        "level": "0",
        "name": "Old Chang Kee",
        "name:en": "Old Chang Kee",
        "name:zh": "老曾记",
        "takeaway": "only",
        "wheelchair": "yes"
      },
      "geometry": {
        "type": "Point",
        "coordinates": [
          103.8435669,
          1.3198326
        ]
      },
      "id": "node/9271817270"
    },
    {
      "type": "Feature",
      "properties": {
        "@id": "node/9271817285",
        "amenity": "fast_food",
        "level": "1",
        "name": "Saladstop!"
      },
      "geometry": {
        "type": "Point",
        "coordinates": [
          103.8436564,
          1.3204367
        ]
      },
      "id": "node/9271817285"
    },
    {
      "type": "Feature",
      "properties": {
        "@id": "node/9271817298",
        "addr:unit": "28/29",
        "amenity": "fast_food",
        "brand": "Subway",
        "brand:wikidata": "Q244457",
        "check_date": "2026-01-17",
        "cuisine": "sandwich",
        "level": "1",
        "name": "Subway",
        "name:zh": "赛百味",
        "takeaway": "yes",
        "website": "https://www.subway.com"
      },
      "geometry": {
        "type": "Point",
        "coordinates": [
          103.8438045,
          1.3203842
        ]
      },
      "id": "node/9271817298"
    },
    {
      "type": "Feature",
      "properties": {
        "@id": "node/9271817306",
        "amenity": "fast_food",
        "level": "0",
        "name": "A Poke Theory",
        "wheelchair": "yes"
      },
      "geometry": {
        "type": "Point",
        "coordinates": [
          103.8440988,
          1.3193793
        ]
      },
      "id": "node/9271817306"
    },
    {
      "type": "Feature",
      "properties": {
        "@id": "node/9271817308",
        "addr:unit": "23",
        "amenity": "fast_food",
        "level": "0",
        "name": "Wok Hey"
      },
      "geometry": {
        "type": "Point",
        "coordinates": [
          103.8437928,
          1.3203612
        ]
      },
      "id": "node/9271817308"
    },
    {
      "type": "Feature",
      "properties": {
        "@id": "node/9331307742",
        "amenity": "fast_food",
        "cuisine": "pizza",
        "name": "Canadian 2 For 1 Pizza",
        "takeaway": "yes"
      },
      "geometry": {
        "type": "Point",
        "coordinates": [
          103.7790314,
          1.3368484
        ]
      },
      "id": "node/9331307742"
    },
    {
      "type": "Feature",
      "properties": {
        "@id": "node/9331307759",
        "amenity": "fast_food",
        "name": "Hei Sushi"
      },
      "geometry": {
        "type": "Point",
        "coordinates": [
          103.7795211,
          1.3368391
        ]
      },
      "id": "node/9331307759"
    },
    {
      "type": "Feature",
      "properties": {
        "@id": "node/9331307760",
        "amenity": "fast_food",
        "level": "0-1",
        "name": "4 Fingers",
        "takeaway": "yes"
      },
      "geometry": {
        "type": "Point",
        "coordinates": [
          103.7795712,
          1.3369093
        ]
      },
      "id": "node/9331307760"
    },
    {
      "type": "Feature",
      "properties": {
        "@id": "node/9331475280",
        "amenity": "fast_food",
        "level": "-1",
        "name": "Saladstop!"
      },
      "geometry": {
        "type": "Point",
        "coordinates": [
          103.8327073,
          1.3050507
        ]
      },
      "id": "node/9331475280"
    },
    {
      "type": "Feature",
      "properties": {
        "@id": "node/9331475285",
        "amenity": "fast_food",
        "cuisine": "juice",
        "level": "0",
        "name": "Boost"
      },
      "geometry": {
        "type": "Point",
        "coordinates": [
          103.8323944,
          1.3055596
        ]
      },
      "id": "node/9331475285"
    },
    {
      "type": "Feature",
      "properties": {
        "@id": "node/9331611985",
        "amenity": "fast_food",
        "level": "-1",
        "name": "Superitto",
        "takeaway": "only"
      },
      "geometry": {
        "type": "Point",
        "coordinates": [
          103.8358346,
          1.303601
        ]
      },
      "id": "node/9331611985"
    },
    {
      "type": "Feature",
      "properties": {
        "@id": "node/9359854621",
        "addr:unit": "07",
        "amenity": "fast_food",
        "level": "0",
        "name": "Ananas Seng Kang",
        "takeaway": "yes",
        "wheelchair": "yes"
      },
      "geometry": {
        "type": "Point",
        "coordinates": [
          103.8953691,
          1.3919307
        ]
      },
      "id": "node/9359854621"
    },
    {
      "type": "Feature",
      "properties": {
        "@id": "node/9359854622",
        "amenity": "fast_food",
        "level": "0",
        "name": "Lao Ban Soya Beancurd",
        "name:zh": "老伴豆花",
        "takeaway": "only",
        "wheelchair": "yes"
      },
      "geometry": {
        "type": "Point",
        "coordinates": [
          103.8954113,
          1.3919367
        ]
      },
      "id": "node/9359854622"
    },
    {
      "type": "Feature",
      "properties": {
        "@id": "node/9371385117",
        "amenity": "fast_food",
        "brand": "Subway",
        "brand:wikidata": "Q244457",
        "brand:wikipedia": "en:Subway (restaurant)",
        "cuisine": "sandwich",
        "name": "Subway",
        "name:zh": "赛百味",
        "takeaway": "yes",
        "website": "https://www.subway.com"
      },
      "geometry": {
        "type": "Point",
        "coordinates": [
          103.8025343,
          1.4392183
        ]
      },
      "id": "node/9371385117"
    },
    {
      "type": "Feature",
      "properties": {
        "@id": "node/9375731817",
        "amenity": "fast_food",
        "brand": "KFC",
        "brand:wikidata": "Q524757",
        "brand:wikipedia": "en:KFC",
        "cuisine": "chicken",
        "name": "KFC",
        "name:zh": "肯德基",
        "takeaway": "yes",
        "wheelchair": "yes"
      },
      "geometry": {
        "type": "Point",
        "coordinates": [
          103.8302583,
          1.4435294
        ]
      },
      "id": "node/9375731817"
    },
    {
      "type": "Feature",
      "properties": {
        "@id": "node/9396011705",
        "addr:housenumber": "#B2-K23",
        "addr:street": "VivoCity",
        "amenity": "fast_food",
        "level": "-2",
        "name": "Wok Hey",
        "wheelchair": "yes"
      },
      "geometry": {
        "type": "Point",
        "coordinates": [
          103.8226242,
          1.2647451
        ]
      },
      "id": "node/9396011705"
    },
    {
      "type": "Feature",
      "properties": {
        "@id": "node/9396011706",
        "addr:housenumber": "#02-143",
        "addr:street": "VivoCity",
        "amenity": "fast_food",
        "brand": "Wingstop",
        "brand:wikidata": "Q8025339",
        "cuisine": "wings",
        "diet:halal": "yes",
        "level": "1",
        "name": "Wingstop",
        "takeaway": "yes"
      },
      "geometry": {
        "type": "Point",
        "coordinates": [
          103.8218906,
          1.2634419
        ]
      },
      "id": "node/9396011706"
    },
    {
      "type": "Feature",
      "properties": {
        "@id": "node/9547224671",
        "amenity": "fast_food",
        "check_date": "2024-07-28",
        "name": "Zan Ji Whampoa Braised Duck Rice"
      },
      "geometry": {
        "type": "Point",
        "coordinates": [
          103.8547829,
          1.3231801
        ]
      },
      "id": "node/9547224671"
    },
    {
      "type": "Feature",
      "properties": {
        "@id": "node/9574586549",
        "addr:unit": "02",
        "amenity": "fast_food",
        "delivery": "yes",
        "level": "-1",
        "name": "Dumplings.ru",
        "takeaway": "yes",
        "wheelchair": "yes"
      },
      "geometry": {
        "type": "Point",
        "coordinates": [
          103.8623145,
          1.30194
        ]
      },
      "id": "node/9574586549"
    },
    {
      "type": "Feature",
      "properties": {
        "@id": "node/9574589603",
        "amenity": "fast_food",
        "level": "0",
        "name": "Chops!"
      },
      "geometry": {
        "type": "Point",
        "coordinates": [
          103.8494436,
          1.3000418
        ]
      },
      "id": "node/9574589603"
    },
    {
      "type": "Feature",
      "properties": {
        "@id": "node/9574682417",
        "addr:unit": "08",
        "amenity": "fast_food",
        "brand": "Subway",
        "cuisine": "sandwich",
        "level": "0",
        "name": "Subway",
        "takeaway": "yes"
      },
      "geometry": {
        "type": "Point",
        "coordinates": [
          103.8492752,
          1.3002796
        ]
      },
      "id": "node/9574682417"
    },
    {
      "type": "Feature",
      "properties": {
        "@id": "node/9621290361",
        "addr:floor": "1",
        "air_conditioning": "yes",
        "amenity": "fast_food",
        "check_date": "2025-12-14",
        "cuisine": "local",
        "level": "0",
        "name": "The Hainan Story Chapter One",
        "opening_hours": "08:00-03:00",
        "outdoor_seating": "no",
        "payment:cash": "yes",
        "payment:credit_cards": "yes",
        "wheelchair": "yes"
      },
      "geometry": {
        "type": "Point",
        "coordinates": [
          103.8602583,
          1.3055492
        ]
      },
      "id": "node/9621290361"
    },
    {
      "type": "Feature",
      "properties": {
        "@id": "node/9631541158",
        "addr:city": "Singapore",
        "addr:housenumber": "587",
        "addr:postcode": "269707",
        "addr:street": "Bukit Timah Road",
        "addr:unit": "01-04",
        "alt_name": "Kentucky Fried Chicken",
        "amenity": "fast_food",
        "branch": "Coronation Plaza",
        "brand": "KFC",
        "brand:wikidata": "Q524757",
        "brand:wikipedia:en": "KFC",
        "cuisine": "chicken",
        "diet:halal": "only",
        "level": "0",
        "name": "KFC",
        "name:zh": "肯德基",
        "website": "https://www.kfc.com.sg/"
      },
      "geometry": {
        "type": "Point",
        "coordinates": [
          103.8103166,
          1.3235694
        ]
      },
      "id": "node/9631541158"
    },
    {
      "type": "Feature",
      "properties": {
        "@id": "node/9631541159",
        "amenity": "fast_food",
        "cuisine": "burger",
        "drive_through": "no",
        "name": "The GOODBURGER (Made with Impossible)",
        "outdoor_seating": "only"
      },
      "geometry": {
        "type": "Point",
        "coordinates": [
          103.810426,
          1.3237018
        ]
      },
      "id": "node/9631541159"
    },
    {
      "type": "Feature",
      "properties": {
        "@id": "node/9653398521",
        "addr:unit": "31",
        "amenity": "fast_food",
        "level": "-1",
        "name": "Sizzle Whizzle"
      },
      "geometry": {
        "type": "Point",
        "coordinates": [
          103.8945456,
          1.3146382
        ]
      },
      "id": "node/9653398521"
    },
    {
      "type": "Feature",
      "properties": {
        "@id": "node/9653458062",
        "amenity": "fast_food",
        "level": "0",
        "name": "Poke Theory"
      },
      "geometry": {
        "type": "Point",
        "coordinates": [
          103.8932367,
          1.3165151
        ]
      },
      "id": "node/9653458062"
    },
    {
      "type": "Feature",
      "properties": {
        "@id": "node/9671017227",
        "addr:housenumber": "21",
        "addr:street": "Lorong Telok",
        "amenity": "fast_food",
        "name": "Park Bench Deli"
      },
      "geometry": {
        "type": "Point",
        "coordinates": [
          103.8487051,
          1.2865001
        ]
      },
      "id": "node/9671017227"
    },
    {
      "type": "Feature",
      "properties": {
        "@id": "node/9671017236",
        "amenity": "fast_food",
        "name": "Ivan’s Carbina"
      },
      "geometry": {
        "type": "Point",
        "coordinates": [
          103.7857766,
          1.4324347
        ]
      },
      "id": "node/9671017236"
    },
    {
      "type": "Feature",
      "properties": {
        "@id": "node/9671017319",
        "addr:housenumber": "120",
        "addr:postcode": "150120",
        "addr:street": "Jalan Bukit Merah",
        "addr:unit": "#01-61",
        "amenity": "fast_food",
        "branch": "Alexandra Village",
        "check_date": "2025-07-12",
        "cuisine": "western;burger",
        "delivery": "yes",
        "diet:halal": "yes",
        "name": "Ashes Burnnit",
        "payment:cards": "no",
        "payment:cash": "yes",
        "payment:credit_cards": "no",
        "payment:debit_cards": "no",
        "takeaway": "yes",
        "website": "https://www.ashessg.com/alexandra-food-village"
      },
      "geometry": {
        "type": "Point",
        "coordinates": [
          103.804596,
          1.286482
        ]
      },
      "id": "node/9671017319"
    },
    {
      "type": "Feature",
      "properties": {
        "@id": "node/9671017323",
        "addr:housenumber": "263",
        "addr:postcode": "427517",
        "addr:street": "Joo Chiat Road",
        "air_conditioning": "no",
        "amenity": "fast_food",
        "check_date": "2023-05-07",
        "cuisine": "vietnamese;malaysian;coffee_shop;sandwich",
        "delivery": "yes",
        "diet:halal": "yes",
        "level": "0",
        "name": "Joo Chiat Càphê",
        "opening_hours": "Mo off; Tu-Su 09:00-17:45",
        "outdoor_seating": "yes",
        "payment:cash": "yes",
        "payment:paynow": "yes",
        "phone": "+65 6988 1900",
        "takeaway": "yes",
        "website": "https://joochiatcaphe.com/",
        "wheelchair": "yes"
      },
      "geometry": {
        "type": "Point",
        "coordinates": [
          103.901723,
          1.3104871
        ]
      },
      "id": "node/9671017323"
    },
    {
      "type": "Feature",
      "properties": {
        "@id": "node/9671017339",
        "amenity": "fast_food",
        "name": "Burger bar New York"
      },
      "geometry": {
        "type": "Point",
        "coordinates": [
          103.8475242,
          1.2823142
        ]
      },
      "id": "node/9671017339"
    },
    {
      "type": "Feature",
      "properties": {
        "@id": "node/9671017343",
        "amenity": "fast_food",
        "name": "Rochor Beancurd"
      },
      "geometry": {
        "type": "Point",
        "coordinates": [
          103.8904948,
          1.3148919
        ]
      },
      "id": "node/9671017343"
    },
    {
      "type": "Feature",
      "properties": {
        "@id": "node/9671017824",
        "addr:street": "Bukit Timah Road",
        "amenity": "fast_food",
        "check_date": "2024-01-12",
        "cuisine": "fish_and_chips",
        "name": "Smith’s Fish and chips"
      },
      "geometry": {
        "type": "Point",
        "coordinates": [
          103.8356278,
          1.3163021
        ]
      },
      "id": "node/9671017824"
    },
    {
      "type": "Feature",
      "properties": {
        "@id": "node/9710784640",
        "amenity": "fast_food",
        "level": "0",
        "name": "Poke Theory"
      },
      "geometry": {
        "type": "Point",
        "coordinates": [
          103.9046539,
          1.3047856
        ]
      },
      "id": "node/9710784640"
    },
    {
      "type": "Feature",
      "properties": {
        "@id": "node/9710870187",
        "amenity": "fast_food",
        "level": "-1",
        "name": "Magic Chicken Cutlet",
        "takeaway": "only"
      },
      "geometry": {
        "type": "Point",
        "coordinates": [
          103.9048505,
          1.3053838
        ]
      },
      "id": "node/9710870187"
    },
    {
      "type": "Feature",
      "properties": {
        "@id": "node/9710870188",
        "amenity": "fast_food",
        "level": "-1",
        "name": "Maki-san",
        "takeaway": "only"
      },
      "geometry": {
        "type": "Point",
        "coordinates": [
          103.9049629,
          1.3053346
        ]
      },
      "id": "node/9710870188"
    },
    {
      "type": "Feature",
      "properties": {
        "@id": "node/9710870189",
        "amenity": "fast_food",
        "level": "-1",
        "name": "Magic Gaadi",
        "takeaway": "only"
      },
      "geometry": {
        "type": "Point",
        "coordinates": [
          103.9048879,
          1.305408
        ]
      },
      "id": "node/9710870189"
    },
    {
      "type": "Feature",
      "properties": {
        "@id": "node/9710870195",
        "amenity": "fast_food",
        "cuisine": "juice",
        "level": "-1",
        "name": "Boost"
      },
      "geometry": {
        "type": "Point",
        "coordinates": [
          103.904922,
          1.3054523
        ]
      },
      "id": "node/9710870195"
    },
    {
      "type": "Feature",
      "properties": {
        "@id": "node/9714411438",
        "amenity": "fast_food",
        "level": "0",
        "name": "Encik Tan"
      },
      "geometry": {
        "type": "Point",
        "coordinates": [
          103.801765,
          1.2736264
        ]
      },
      "id": "node/9714411438"
    },
    {
      "type": "Feature",
      "properties": {
        "@id": "node/9734990358",
        "amenity": "fast_food",
        "level": "0",
        "name": "Daun Pandan Rice Dumpling"
      },
      "geometry": {
        "type": "Point",
        "coordinates": [
          103.7470163,
          1.3349179
        ]
      },
      "id": "node/9734990358"
    },
    {
      "type": "Feature",
      "properties": {
        "@id": "node/9737347776",
        "amenity": "fast_food",
        "branch": "Northshore",
        "brand": "4Fingers Crispy Chicken",
        "brand:wikidata": "Q23043391",
        "cuisine": "chicken",
        "level": "0",
        "name": "4Fingers Crispy Chicken",
        "takeaway": "yes"
      },
      "geometry": {
        "type": "Point",
        "coordinates": [
          103.9012316,
          1.4180449
        ]
      },
      "id": "node/9737347776"
    },
    {
      "type": "Feature",
      "properties": {
        "@id": "node/9737347778",
        "amenity": "fast_food",
        "branch": "Northshore",
        "brand:wikidata": "Q277641",
        "level": "0",
        "name": "A&W",
        "name:zh": "艾德熊"
      },
      "geometry": {
        "type": "Point",
        "coordinates": [
          103.9015425,
          1.4175889
        ]
      },
      "id": "node/9737347778"
    },
    {
      "type": "Feature",
      "properties": {
        "@id": "node/9739022109",
        "amenity": "fast_food",
        "brand": "Subway",
        "brand:wikidata": "Q244457",
        "cuisine": "sandwich",
        "level": "0",
        "name": "Subway",
        "name:zh": "赛百味",
        "takeaway": "yes",
        "website": "https://www.subway.com"
      },
      "geometry": {
        "type": "Point",
        "coordinates": [
          103.8621753,
          1.3081826
        ]
      },
      "id": "node/9739022109"
    },
    {
      "type": "Feature",
      "properties": {
        "@id": "node/9739031524",
        "amenity": "fast_food",
        "level": "0",
        "name": "The Saladbox"
      },
      "geometry": {
        "type": "Point",
        "coordinates": [
          103.8621111,
          1.3082201
        ]
      },
      "id": "node/9739031524"
    },
    {
      "type": "Feature",
      "properties": {
        "@id": "node/9754440075",
        "amenity": "fast_food",
        "brand": "摩斯漢堡",
        "brand:en": "MOS Burger",
        "brand:wikidata": "Q1204169",
        "brand:wikipedia": "en:Subway (restaurant)",
        "brand:zh": "摩斯漢堡",
        "cuisine": "burger",
        "name": "MOS Burger",
        "name:en": "MOS Burger",
        "name:zh": "摩斯漢堡",
        "takeaway": "yes"
      },
      "geometry": {
        "type": "Point",
        "coordinates": [
          103.7520798,
          1.3589571
        ]
      },
      "id": "node/9754440075"
    },
    {
      "type": "Feature",
      "properties": {
        "@id": "node/9766007368",
        "amenity": "fast_food",
        "cuisine": "juice",
        "description": "sells various coconut drinks and coconut shakes",
        "level": "1",
        "name": "Coconut Queen",
        "payment:cash": "no",
        "payment:contactless": "yes",
        "payment:mastercard": "yes",
        "payment:sgqr": "yes",
        "payment:visa": "yes",
        "takeaway": "only"
      },
      "geometry": {
        "type": "Point",
        "coordinates": [
          103.8948222,
          1.3917141
        ]
      },
      "id": "node/9766007368"
    },
    {
      "type": "Feature",
      "properties": {
        "@id": "node/9810363807",
        "amenity": "fast_food",
        "brand": "Long John Silver's",
        "brand:wikidata": "Q1535221",
        "cuisine": "seafood",
        "level": "0",
        "name": "Long John Silver's",
        "takeaway": "yes"
      },
      "geometry": {
        "type": "Point",
        "coordinates": [
          103.9531351,
          1.3429442
        ]
      },
      "id": "node/9810363807"
    },
    {
      "type": "Feature",
      "properties": {
        "@id": "node/9810396733",
        "amenity": "fast_food",
        "brand": "摩斯漢堡",
        "brand:en": "MOS Burger",
        "brand:wikidata": "Q1204169",
        "brand:zh": "摩斯漢堡",
        "cuisine": "burger",
        "level": "0",
        "name": "MOS Burger",
        "name:en": "MOS Burger",
        "name:zh": "摩斯漢堡",
        "takeaway": "yes"
      },
      "geometry": {
        "type": "Point",
        "coordinates": [
          103.9532897,
          1.3423833
        ]
      },
      "id": "node/9810396733"
    },
    {
      "type": "Feature",
      "properties": {
        "@id": "node/9810396738",
        "amenity": "fast_food",
        "brand": "Burger King",
        "brand:wikidata": "Q177054",
        "cuisine": "burger",
        "level": "0",
        "name": "Burger King",
        "name:en": "Burger King",
        "name:zh": "汉堡王",
        "takeaway": "yes"
      },
      "geometry": {
        "type": "Point",
        "coordinates": [
          103.9532261,
          1.3429154
        ]
      },
      "id": "node/9810396738"
    },
    {
      "type": "Feature",
      "properties": {
        "@id": "node/9810396742",
        "amenity": "fast_food",
        "level": "0",
        "name": "Qiji"
      },
      "geometry": {
        "type": "Point",
        "coordinates": [
          103.9530671,
          1.3431225
        ]
      },
      "id": "node/9810396742"
    },
    {
      "type": "Feature",
      "properties": {
        "@id": "node/9810396749",
        "amenity": "fast_food",
        "brand": "Subway",
        "brand:wikidata": "Q244457",
        "cuisine": "sandwich",
        "level": "-1",
        "name": "Subway",
        "name:zh": "赛百味",
        "takeaway": "yes",
        "website": "https://www.subway.com"
      },
      "geometry": {
        "type": "Point",
        "coordinates": [
          103.9528352,
          1.3426286
        ]
      },
      "id": "node/9810396749"
    },
    {
      "type": "Feature",
      "properties": {
        "@id": "node/9810396752",
        "amenity": "fast_food",
        "brand": "肯德基",
        "brand:en": "KFC",
        "brand:wikidata": "Q524757",
        "brand:zh": "肯德基",
        "cuisine": "chicken",
        "level": "0",
        "name": "肯德基",
        "name:en": "KFC",
        "name:zh": "肯德基",
        "takeaway": "yes"
      },
      "geometry": {
        "type": "Point",
        "coordinates": [
          103.9533402,
          1.342519
        ]
      },
      "id": "node/9810396752"
    },
    {
      "type": "Feature",
      "properties": {
        "@id": "node/9810563658",
        "amenity": "fast_food",
        "level": "0",
        "name": "Wok Hey",
        "takeaway": "only"
      },
      "geometry": {
        "type": "Point",
        "coordinates": [
          103.9537033,
          1.3427078
        ]
      },
      "id": "node/9810563658"
    },
    {
      "type": "Feature",
      "properties": {
        "@id": "node/9810591353",
        "amenity": "fast_food",
        "level": "0",
        "name": "U Taste Express"
      },
      "geometry": {
        "type": "Point",
        "coordinates": [
          103.9433039,
          1.3539328
        ]
      },
      "id": "node/9810591353"
    },
    {
      "type": "Feature",
      "properties": {
        "@id": "node/9810591356",
        "amenity": "fast_food",
        "level": "0",
        "name": "King Of Braise"
      },
      "geometry": {
        "type": "Point",
        "coordinates": [
          103.9449647,
          1.3536372
        ]
      },
      "id": "node/9810591356"
    },
    {
      "type": "Feature",
      "properties": {
        "@id": "node/9810591357",
        "amenity": "fast_food",
        "brand": "麦当劳",
        "brand:en": "McDonald's",
        "brand:wikidata": "Q38076",
        "brand:zh": "麦当劳",
        "brand:zh-Hans": "麦当劳",
        "cuisine": "burger",
        "level": "0",
        "name": "McDonald's",
        "name:en": "McDonald's",
        "name:zh": "麦当劳",
        "name:zh-Hans": "麦当劳",
        "takeaway": "only"
      },
      "geometry": {
        "type": "Point",
        "coordinates": [
          103.943886,
          1.3545071
        ]
      },
      "id": "node/9810591357"
    },
    {
      "type": "Feature",
      "properties": {
        "@id": "node/9810591358",
        "amenity": "fast_food",
        "brand": "McDonald's",
        "brand:en": "McDonald's",
        "brand:wikidata": "Q38076",
        "brand:zh": "麦当劳",
        "brand:zh-Hans": "麦当劳",
        "cuisine": "burger",
        "level": "0",
        "name": "McDonald's",
        "name:en": "McDonald's",
        "name:zh": "麦当劳",
        "name:zh-Hans": "麦当劳",
        "takeaway": "yes"
      },
      "geometry": {
        "type": "Point",
        "coordinates": [
          103.943372,
          1.3534782
        ]
      },
      "id": "node/9810591358"
    },
    {
      "type": "Feature",
      "properties": {
        "@id": "node/9810591362",
        "alt_name": "Dunkin' Donuts",
        "amenity": "fast_food",
        "brand": "Dunkin'",
        "brand:wikidata": "Q847743",
        "cuisine": "donut;coffee_shop",
        "level": "0",
        "name": "Dunkin'",
        "takeaway": "yes"
      },
      "geometry": {
        "type": "Point",
        "coordinates": [
          103.9449402,
          1.3536655
        ]
      },
      "id": "node/9810591362"
    },
    {
      "type": "Feature",
      "properties": {
        "@id": "node/9810686283",
        "addr:unit": "85",
        "amenity": "fast_food",
        "brand": "摩斯漢堡",
        "brand:en": "MOS Burger",
        "brand:wikidata": "Q1204169",
        "brand:zh": "摩斯漢堡",
        "cuisine": "burger",
        "level": "0",
        "name": "MOS Burger",
        "name:en": "MOS Burger",
        "name:zh": "摩斯漢堡",
        "takeaway": "yes"
      },
      "geometry": {
        "type": "Point",
        "coordinates": [
          103.9405698,
          1.3537786
        ]
      },
      "id": "node/9810686283"
    },
    {
      "type": "Feature",
      "properties": {
        "@id": "node/9810686289",
        "amenity": "fast_food",
        "level": "0",
        "name": "Encik Tan"
      },
      "geometry": {
        "type": "Point",
        "coordinates": [
          103.9403826,
          1.3534471
        ]
      },
      "id": "node/9810686289"
    },
    {
      "type": "Feature",
      "properties": {
        "@id": "node/9817094637",
        "amenity": "fast_food",
        "brand": "Subway",
        "brand:wikidata": "Q244457",
        "cuisine": "sandwich",
        "name": "Subway",
        "name:zh": "赛百味",
        "takeaway": "only",
        "wheelchair": "yes"
      },
      "geometry": {
        "type": "Point",
        "coordinates": [
          103.8936001,
          1.3830713
        ]
      },
      "id": "node/9817094637"
    },
    {
      "type": "Feature",
      "properties": {
        "@id": "node/9837614947",
        "amenity": "fast_food",
        "cuisine": "salad",
        "level": "0",
        "name": "Saladstop",
        "takeaway": "yes"
      },
      "geometry": {
        "type": "Point",
        "coordinates": [
          103.8502843,
          1.2842821
        ]
      },
      "id": "node/9837614947"
    },
    {
      "type": "Feature",
      "properties": {
        "@id": "node/9858420516",
        "amenity": "fast_food",
        "cuisine": "juice",
        "level": "-2",
        "name": "Boost"
      },
      "geometry": {
        "type": "Point",
        "coordinates": [
          103.8500481,
          1.2911998
        ]
      },
      "id": "node/9858420516"
    },
    {
      "type": "Feature",
      "properties": {
        "@id": "node/9858421985",
        "amenity": "fast_food",
        "brand": "McDonald's",
        "brand:wikidata": "Q38076",
        "cuisine": "burger",
        "name": "McDonald's",
        "operating_hours": "24/7",
        "takeaway": "yes"
      },
      "geometry": {
        "type": "Point",
        "coordinates": [
          103.8617815,
          1.3190438
        ]
      },
      "id": "node/9858421985"
    },
    {
      "type": "Feature",
      "properties": {
        "@id": "node/9858432752",
        "addr:housenumber": "2",
        "addr:street": "Kallang Avenue",
        "amenity": "fast_food",
        "check_date": "2024-06-14",
        "cuisine": "indian",
        "delivery": "yes",
        "drive_through": "yes",
        "level": "0",
        "name": "Nasi Briyani",
        "takeaway": "only",
        "wheelchair": "yes"
      },
      "geometry": {
        "type": "Point",
        "coordinates": [
          103.8632974,
          1.3117801
        ]
      },
      "id": "node/9858432752"
    },
    {
      "type": "Feature",
      "properties": {
        "@id": "node/9864032994",
        "amenity": "fast_food",
        "brand": "Old Chang Kee",
        "brand:wikidata": "Q17005286",
        "brand:wikipedia": "en:Old Chang Kee",
        "level": "0",
        "name": "Old Chang Kee 老曾记",
        "name:en": "Old Chang Kee",
        "name:nan": "老曾記",
        "name:zh-Hans": "老曾记",
        "name:zh-Hant": "老曾記",
        "opening_hours": "Mo-Sa 07:00-22:00;Su,PH 10:00-22:00",
        "takeaway": "only"
      },
      "geometry": {
        "type": "Point",
        "coordinates": [
          103.8331101,
          1.3071336
        ]
      },
      "id": "node/9864032994"
    },
    {
      "type": "Feature",
      "properties": {
        "@id": "node/9874283819",
        "amenity": "fast_food",
        "brand": "Domino's",
        "brand:wikidata": "Q839466",
        "cuisine": "pizza",
        "level": "0",
        "name": "Domino's",
        "takeaway": "yes"
      },
      "geometry": {
        "type": "Point",
        "coordinates": [
          103.902473,
          1.3850146
        ]
      },
      "id": "node/9874283819"
    },
    {
      "type": "Feature",
      "properties": {
        "@id": "node/9876332639",
        "amenity": "fast_food",
        "brand": "Subway",
        "brand:wikidata": "Q244457",
        "cuisine": "sandwich",
        "level": "0",
        "name": "Subway",
        "name:zh": "赛百味",
        "takeaway": "yes",
        "website": "https://www.subway.com"
      },
      "geometry": {
        "type": "Point",
        "coordinates": [
          103.7729295,
          1.3044341
        ]
      },
      "id": "node/9876332639"
    },
    {
      "type": "Feature",
      "properties": {
        "@id": "node/9887532400",
        "amenity": "fast_food",
        "name": "Nasi Lemak Ayam Taliwang",
        "outdoor_seating": "yes"
      },
      "geometry": {
        "type": "Point",
        "coordinates": [
          103.8490793,
          1.29796
        ]
      },
      "id": "node/9887532400"
    },
    {
      "type": "Feature",
      "properties": {
        "@id": "node/9890011475",
        "amenity": "fast_food",
        "name": "DonNBap",
        "outdoor_seating": "no"
      },
      "geometry": {
        "type": "Point",
        "coordinates": [
          103.8615307,
          1.3031778
        ]
      },
      "id": "node/9890011475"
    },
    {
      "type": "Feature",
      "properties": {
        "@id": "node/9893218540",
        "amenity": "fast_food",
        "level": "0",
        "name": "Cloud Faber",
        "outdoor_seating": "yes",
        "toilets": "yes",
        "toilets:access": "customers",
        "toilets:disposal": "flush",
        "toilets:position": "seated",
        "toilets:wheelchair": "no",
        "wheelchair": "no"
      },
      "geometry": {
        "type": "Point",
        "coordinates": [
          103.7566145,
          1.3205506
        ]
      },
      "id": "node/9893218540"
    },
    {
      "type": "Feature",
      "properties": {
        "@id": "node/9897471467",
        "addr:floor": "1",
        "addr:housenumber": "201",
        "addr:street": "Victoria Street",
        "alt_name": "J.Co Donuts and Coffee",
        "amenity": "fast_food",
        "brand": "J.Co Donuts'",
        "brand:wikidata": "Q4260444",
        "check_date": "2023-06-23",
        "cuisine": "donut;coffee_shop",
        "level": "0",
        "name": "J.Co",
        "outdoor_seating": "no",
        "smoking": "no",
        "takeaway": "yes",
        "toilets": "no",
        "wheelchair": "yes"
      },
      "geometry": {
        "type": "Point",
        "coordinates": [
          103.854333,
          1.2993148
        ]
      },
      "id": "node/9897471467"
    },
    {
      "type": "Feature",
      "properties": {
        "@id": "node/9897471473",
        "amenity": "fast_food",
        "cuisine": "korean;chicken",
        "level": "0",
        "name": "O'bok Dabang",
        "outdoor_seating": "yes"
      },
      "geometry": {
        "type": "Point",
        "coordinates": [
          103.8498961,
          1.2963794
        ]
      },
      "id": "node/9897471473"
    },
    {
      "type": "Feature",
      "properties": {
        "@id": "node/9929710773",
        "amenity": "fast_food",
        "brand": "Burger King",
        "brand:wikidata": "Q177054",
        "brand:wikipedia": "en:Burger King",
        "cuisine": "burger",
        "level": "0",
        "name": "Burger King",
        "name:en": "Burger King",
        "name:zh": "汉堡王",
        "takeaway": "yes",
        "wheelchair": "yes"
      },
      "geometry": {
        "type": "Point",
        "coordinates": [
          103.841435,
          1.4181389
        ]
      },
      "id": "node/9929710773"
    },
    {
      "type": "Feature",
      "properties": {
        "@id": "node/9929710774",
        "amenity": "fast_food",
        "brand": "肯德基",
        "brand:en": "KFC",
        "brand:wikidata": "Q524757",
        "brand:zh": "肯德基",
        "cuisine": "chicken",
        "level": "0",
        "name": "肯德基",
        "name:en": "KFC",
        "name:zh": "肯德基",
        "takeaway": "yes",
        "wheelchair": "yes"
      },
      "geometry": {
        "type": "Point",
        "coordinates": [
          103.8413157,
          1.4181979
        ]
      },
      "id": "node/9929710774"
    },
    {
      "type": "Feature",
      "properties": {
        "@id": "node/9929710775",
        "amenity": "fast_food",
        "brand": "Long John Silver's",
        "cuisine": "fish",
        "level": "0",
        "name": "Long John Silver's",
        "takeaway": "yes",
        "wheelchair": "yes"
      },
      "geometry": {
        "type": "Point",
        "coordinates": [
          103.841254,
          1.4181336
        ]
      },
      "id": "node/9929710775"
    },
    {
      "type": "Feature",
      "properties": {
        "@id": "node/9942071346",
        "amenity": "fast_food",
        "level": "0",
        "name": "Old Chang Kee"
      },
      "geometry": {
        "type": "Point",
        "coordinates": [
          103.8724372,
          1.3034747
        ]
      },
      "id": "node/9942071346"
    },
    {
      "type": "Feature",
      "properties": {
        "@id": "node/9942071362",
        "amenity": "fast_food",
        "brand": "Subway",
        "brand:wikidata": "Q244457",
        "cuisine": "sandwich",
        "level": "0",
        "name": "Subway",
        "name:zh": "赛百味",
        "takeaway": "yes",
        "website": "https://www.subway.com"
      },
      "geometry": {
        "type": "Point",
        "coordinates": [
          103.8732419,
          1.3025605
        ]
      },
      "id": "node/9942071362"
    },
    {
      "type": "Feature",
      "properties": {
        "@id": "node/9942071369",
        "amenity": "fast_food",
        "cuisine": "pizza",
        "level": "0",
        "name": "Gourmet Pizza To Go!"
      },
      "geometry": {
        "type": "Point",
        "coordinates": [
          103.8730312,
          1.303284
        ]
      },
      "id": "node/9942071369"
    },
    {
      "type": "Feature",
      "properties": {
        "@id": "node/9942382911",
        "amenity": "fast_food",
        "cuisine": "juice",
        "level": "1",
        "name": "My Little Coconut",
        "takeaway": "yes"
      },
      "geometry": {
        "type": "Point",
        "coordinates": [
          103.8733446,
          1.3024516
        ]
      },
      "id": "node/9942382911"
    },
    {
      "type": "Feature",
      "properties": {
        "@id": "node/9950620018",
        "amenity": "fast_food",
        "brand": "Burger King",
        "brand:wikidata": "Q177054",
        "cuisine": "burger",
        "name": "Burger King",
        "name:en": "Burger King",
        "name:zh": "汉堡王",
        "takeaway": "yes"
      },
      "geometry": {
        "type": "Point",
        "coordinates": [
          103.9628685,
          1.3354925
        ]
      },
      "id": "node/9950620018"
    },
    {
      "type": "Feature",
      "properties": {
        "@id": "node/9950639517",
        "amenity": "fast_food",
        "brand": "Jollibee",
        "brand:wikidata": "Q37614",
        "cuisine": "burger",
        "name": "Jollibee",
        "takeaway": "yes"
      },
      "geometry": {
        "type": "Point",
        "coordinates": [
          103.9629006,
          1.3336977
        ]
      },
      "id": "node/9950639517"
    },
    {
      "type": "Feature",
      "properties": {
        "@id": "node/9954734827",
        "amenity": "fast_food",
        "indoor_seating": "no",
        "name": "Lao Ban Soya Beancurd",
        "outdoor_seating": "no",
        "takeaway": "only"
      },
      "geometry": {
        "type": "Point",
        "coordinates": [
          103.9021495,
          1.4039786
        ]
      },
      "id": "node/9954734827"
    },
    {
      "type": "Feature",
      "properties": {
        "@id": "node/9977001857",
        "addr:housenumber": "30 #B1-33",
        "addr:street": "Raffles Place",
        "amenity": "fast_food",
        "cuisine": "singaporean",
        "level": "-1",
        "name": "Old Chang Kee 老曾记",
        "takeaway": "only"
      },
      "geometry": {
        "type": "Point",
        "coordinates": [
          103.8517197,
          1.2838438
        ]
      },
      "id": "node/9977001857"
    },
    {
      "type": "Feature",
      "properties": {
        "@id": "node/9977001858",
        "addr:housenumber": "1 #B1-26",
        "addr:street": "Raffles Place",
        "amenity": "fast_food",
        "cuisine": "singaporean",
        "level": "-1",
        "name": "Tip Top",
        "takeaway": "only"
      },
      "geometry": {
        "type": "Point",
        "coordinates": [
          103.8512176,
          1.2842223
        ]
      },
      "id": "node/9977001858"
    },
    {
      "type": "Feature",
      "properties": {
        "@id": "node/9981762775",
        "alt_name": "Church's Chicken",
        "amenity": "fast_food",
        "brand": "Texas Chicken",
        "brand:wikidata": "Q1089932",
        "cuisine": "chicken",
        "level": "-1",
        "name": "Texas Chicken",
        "opening_hours": "Su-Fr 08:00-22:00; Sa 10:00-22:00",
        "phone": "+65 66943035",
        "takeaway": "yes",
        "website": "https://www.texaschicken.com.sg/"
      },
      "geometry": {
        "type": "Point",
        "coordinates": [
          103.7886102,
          1.3069152
        ]
      },
      "id": "node/9981762775"
    },
    {
      "type": "Feature",
      "properties": {
        "@id": "node/9989843762",
        "addr:city": "Singapore",
        "addr:housenumber": "3135",
        "addr:postcode": "128581",
        "addr:street": "Commonwealth Avenue West",
        "amenity": "fast_food",
        "cuisine": "bubble_tea",
        "name": "MXBC",
        "operator": "Mixue Bingcheng"
      },
      "geometry": {
        "type": "Point",
        "coordinates": [
          103.7652329,
          1.3143706
        ]
      },
      "id": "node/9989843762"
    },
    {
      "type": "Feature",
      "properties": {
        "@id": "node/9994298107",
        "addr:housenumber": "11",
        "addr:postcode": "759775",
        "addr:street": "Canberra Road",
        "amenity": "fast_food",
        "cuisine": "taiwanese",
        "drive_through": "no",
        "name": "Yammi Taiwan Snacks",
        "wheelchair": "yes"
      },
      "geometry": {
        "type": "Point",
        "coordinates": [
          103.8198397,
          1.4490202
        ]
      },
      "id": "node/9994298107"
    },
    {
      "type": "Feature",
      "properties": {
        "@id": "node/9995467402",
        "amenity": "fast_food",
        "brand": "Subway",
        "brand:wikidata": "Q244457",
        "cuisine": "sandwich",
        "drive_through": "no",
        "name": "Subway",
        "name:zh": "赛百味",
        "takeaway": "yes",
        "wheelchair": "yes"
      },
      "geometry": {
        "type": "Point",
        "coordinates": [
          103.9366259,
          1.3799959
        ]
      },
      "id": "node/9995467402"
    },
    {
      "type": "Feature",
      "properties": {
        "@id": "node/10015169412",
        "amenity": "fast_food",
        "name": "Sweet Tooth"
      },
      "geometry": {
        "type": "Point",
        "coordinates": [
          103.8557296,
          1.2889708
        ]
      },
      "id": "node/10015169412"
    },
    {
      "type": "Feature",
      "properties": {
        "@id": "node/10015169413",
        "amenity": "fast_food",
        "cuisine": "juice",
        "name": "CoNutink",
        "takeaway": "only"
      },
      "geometry": {
        "type": "Point",
        "coordinates": [
          103.8554907,
          1.2889807
        ]
      },
      "id": "node/10015169413"
    },
    {
      "type": "Feature",
      "properties": {
        "@id": "node/10015169416",
        "amenity": "fast_food",
        "check_date": "2023-06-04",
        "cuisine": "fish_and_chips",
        "name": "Tank By The Bay",
        "payment:credit_cards": "yes",
        "payment:debit_cards": "yes",
        "payment:mastercard": "yes",
        "payment:nets": "yes",
        "payment:visa": "yes",
        "takeaway": "only",
        "wheelchair": "yes"
      },
      "geometry": {
        "type": "Point",
        "coordinates": [
          103.8568351,
          1.2889099
        ]
      },
      "id": "node/10015169416"
    },
    {
      "type": "Feature",
      "properties": {
        "@id": "node/10036383267",
        "addr:housenumber": "279",
        "addr:postcode": "329727",
        "addr:street": "Balestier Road",
        "addr:unit": "01-02",
        "air_conditioning": "yes",
        "amenity": "fast_food",
        "capacity": "25",
        "check_date": "2023-12-16",
        "contact:facebook": "https://www.facebook.com/279NhungKitchen",
        "contact:instagram": "https://www.instagram.com/279Nhungkitchen",
        "cuisine": "vietnamese;sandwich",
        "delivery": "yes",
        "diet:vegetarian": "yes",
        "internet_access": "wlan",
        "internet_access:fee": "customers",
        "internet_access:ssid": "NHUNG KITCHEN",
        "level": "0",
        "name": "Nhung Kitchen",
        "outdoor_seating": "no",
        "payment:cards": "no",
        "payment:cash": "yes",
        "payment:credit_cards": "no",
        "payment:debit_cards": "no",
        "payment:paynow": "yes",
        "phone": "+65 6993 9855",
        "takeaway": "yes",
        "website": "https://www.nhungkitchen.com/",
        "wheelchair": "no"
      },
      "geometry": {
        "type": "Point",
        "coordinates": [
          103.8522307,
          1.3227897
        ]
      },
      "id": "node/10036383267"
    },
    {
      "type": "Feature",
      "properties": {
        "@id": "node/10058830494",
        "amenity": "fast_food",
        "cuisine": "rice",
        "name": "Briyani.com"
      },
      "geometry": {
        "type": "Point",
        "coordinates": [
          103.860404,
          1.3132623
        ]
      },
      "id": "node/10058830494"
    },
    {
      "type": "Feature",
      "properties": {
        "@id": "node/10079820644",
        "amenity": "fast_food",
        "brand": "Auntie Anne's",
        "brand:wikidata": "Q4822010",
        "cuisine": "pretzel",
        "level": "-1",
        "name": "Auntie Anne's",
        "shop": "bakery",
        "takeaway": "yes"
      },
      "geometry": {
        "type": "Point",
        "coordinates": [
          103.8951396,
          1.392207
        ]
      },
      "id": "node/10079820644"
    },
    {
      "type": "Feature",
      "properties": {
        "@id": "node/10095179600",
        "alt_name": "Kentucky Fried Chicken",
        "amenity": "fast_food",
        "brand": "KFC",
        "brand:wikidata": "Q524757",
        "brand:wikipedia": "en:KFC",
        "cuisine": "chicken",
        "level": "0",
        "name": "KFC",
        "name:zh": "肯德基",
        "takeaway": "yes",
        "wheelchair": "yes"
      },
      "geometry": {
        "type": "Point",
        "coordinates": [
          103.8797881,
          1.3755329
        ]
      },
      "id": "node/10095179600"
    },
    {
      "type": "Feature",
      "properties": {
        "@id": "node/10095179603",
        "amenity": "fast_food",
        "brand": "McDonald's",
        "brand:wikidata": "Q38076",
        "cuisine": "burger",
        "drive_through": "no",
        "level": "0",
        "name": "McDonald's",
        "takeaway": "yes",
        "wheelchair": "yes"
      },
      "geometry": {
        "type": "Point",
        "coordinates": [
          103.8797178,
          1.3754404
        ]
      },
      "id": "node/10095179603"
    },
    {
      "type": "Feature",
      "properties": {
        "@id": "node/10095244426",
        "amenity": "fast_food",
        "level": "0",
        "name": "Mr Bean",
        "name:zh": "豆先生",
        "takeaway": "only",
        "wheelchair": "yes"
      },
      "geometry": {
        "type": "Point",
        "coordinates": [
          103.8795194,
          1.3757226
        ]
      },
      "id": "node/10095244426"
    },
    {
      "type": "Feature",
      "properties": {
        "@id": "node/10095244430",
        "amenity": "fast_food",
        "level": "0",
        "name": "Super Coconut",
        "takeaway": "only",
        "wheelchair": "yes"
      },
      "geometry": {
        "type": "Point",
        "coordinates": [
          103.879338,
          1.3754759
        ]
      },
      "id": "node/10095244430"
    },
    {
      "type": "Feature",
      "properties": {
        "@id": "node/10095244438",
        "amenity": "fast_food",
        "level": "0",
        "name": "Do Qoo",
        "name:zh": "豆趣",
        "takeaway": "only"
      },
      "geometry": {
        "type": "Point",
        "coordinates": [
          103.8794842,
          1.3756985
        ]
      },
      "id": "node/10095244438"
    },
    {
      "type": "Feature",
      "properties": {
        "@id": "node/10102513984",
        "amenity": "fast_food",
        "brand": "Wingstop",
        "brand:wikidata": "Q8025339",
        "cuisine": "wings",
        "level": "1",
        "name": "Wingstop",
        "takeaway": "yes"
      },
      "geometry": {
        "type": "Point",
        "coordinates": [
          103.9060464,
          1.4104579
        ]
      },
      "id": "node/10102513984"
    },
    {
      "type": "Feature",
      "properties": {
        "@id": "node/10106175510",
        "amenity": "fast_food",
        "check_date": "2024-11-24",
        "cuisine": "pizza",
        "level": "0",
        "name": "Gopizza"
      },
      "geometry": {
        "type": "Point",
        "coordinates": [
          103.8575652,
          1.2932253
        ]
      },
      "id": "node/10106175510"
    },
    {
      "type": "Feature",
      "properties": {
        "@id": "node/10106223465",
        "amenity": "fast_food",
        "level": "1",
        "name": "Simple Burger"
      },
      "geometry": {
        "type": "Point",
        "coordinates": [
          103.8586236,
          1.2959098
        ]
      },
      "id": "node/10106223465"
    },
    {
      "type": "Feature",
      "properties": {
        "@id": "node/10173455440",
        "amenity": "fast_food"
      },
      "geometry": {
        "type": "Point",
        "coordinates": [
          103.7959353,
          1.2701211
        ]
      },
      "id": "node/10173455440"
    },
    {
      "type": "Feature",
      "properties": {
        "@id": "node/10229733227",
        "amenity": "fast_food",
        "fast_food": "cafeteria"
      },
      "geometry": {
        "type": "Point",
        "coordinates": [
          103.7864811,
          1.2898903
        ]
      },
      "id": "node/10229733227"
    },
    {
      "type": "Feature",
      "properties": {
        "@id": "node/10242060467",
        "amenity": "fast_food",
        "check_date": "2022-11-28",
        "cuisine": "juice",
        "drive_through": "yes",
        "name": "Avocado",
        "takeaway": "only"
      },
      "geometry": {
        "type": "Point",
        "coordinates": [
          103.8630845,
          1.3116101
        ]
      },
      "id": "node/10242060467"
    },
    {
      "type": "Feature",
      "properties": {
        "@id": "node/10243982955",
        "amenity": "fast_food",
        "name": "Mr & Mrs Mohgan Super Crispy Roti Prata"
      },
      "geometry": {
        "type": "Point",
        "coordinates": [
          103.9020169,
          1.309745
        ]
      },
      "id": "node/10243982955"
    },
    {
      "type": "Feature",
      "properties": {
        "@id": "node/10262392732",
        "addr:unit": "01-06",
        "amenity": "fast_food",
        "level": "0",
        "name": "Old Chang Kee",
        "outdoor_seating": "no",
        "payment:cash": "yes",
        "payment:sgqr": "yes",
        "takeaway": "only",
        "wheelchair": "yes"
      },
      "geometry": {
        "type": "Point",
        "coordinates": [
          103.8927127,
          1.3835837
        ]
      },
      "id": "node/10262392732"
    },
    {
      "type": "Feature",
      "properties": {
        "@id": "node/10283923109",
        "amenity": "fast_food",
        "name": "Hawker Centre"
      },
      "geometry": {
        "type": "Point",
        "coordinates": [
          103.6566789,
          1.3216104
        ]
      },
      "id": "node/10283923109"
    },
    {
      "type": "Feature",
      "properties": {
        "@id": "node/10283940109",
        "amenity": "fast_food",
        "name": "Hawker Centre"
      },
      "geometry": {
        "type": "Point",
        "coordinates": [
          103.6521968,
          1.3295399
        ]
      },
      "id": "node/10283940109"
    },
    {
      "type": "Feature",
      "properties": {
        "@id": "node/10283946709",
        "amenity": "fast_food",
        "name": "Al Dia (Indian)"
      },
      "geometry": {
        "type": "Point",
        "coordinates": [
          103.6494248,
          1.3330211
        ]
      },
      "id": "node/10283946709"
    },
    {
      "type": "Feature",
      "properties": {
        "@id": "node/10567714528",
        "amenity": "fast_food",
        "cuisine": "juice"
      },
      "geometry": {
        "type": "Point",
        "coordinates": [
          103.791621,
          1.2758944
        ]
      },
      "id": "node/10567714528"
    },
    {
      "type": "Feature",
      "properties": {
        "@id": "node/10567714530",
        "amenity": "fast_food",
        "cuisine": "juice"
      },
      "geometry": {
        "type": "Point",
        "coordinates": [
          103.7911541,
          1.2759705
        ]
      },
      "id": "node/10567714530"
    },
    {
      "type": "Feature",
      "properties": {
        "@id": "node/10567714534",
        "amenity": "fast_food",
        "cuisine": "juice"
      },
      "geometry": {
        "type": "Point",
        "coordinates": [
          103.791362,
          1.2759168
        ]
      },
      "id": "node/10567714534"
    },
    {
      "type": "Feature",
      "properties": {
        "@id": "node/10567714535",
        "amenity": "fast_food",
        "cuisine": "juice"
      },
      "geometry": {
        "type": "Point",
        "coordinates": [
          103.7914624,
          1.2758096
        ]
      },
      "id": "node/10567714535"
    },
    {
      "type": "Feature",
      "properties": {
        "@id": "node/10586962428",
        "amenity": "fast_food",
        "fast_food": "cafeteria"
      },
      "geometry": {
        "type": "Point",
        "coordinates": [
          103.7855345,
          1.3010332
        ]
      },
      "id": "node/10586962428"
    },
    {
      "type": "Feature",
      "properties": {
        "@id": "node/10611615443",
        "addr:housenumber": "90",
        "addr:street": "Whampoa Drive",
        "amenity": "fast_food",
        "check_date": "2023-02-02",
        "cuisine": "chinese",
        "name": "Xiong Sheng Kitchen"
      },
      "geometry": {
        "type": "Point",
        "coordinates": [
          103.8550539,
          1.3231562
        ]
      },
      "id": "node/10611615443"
    },
    {
      "type": "Feature",
      "properties": {
        "@id": "node/10611615444",
        "amenity": "fast_food",
        "check_date": "2023-01-20",
        "name": "To Go Soup"
      },
      "geometry": {
        "type": "Point",
        "coordinates": [
          103.8572587,
          1.312122
        ]
      },
      "id": "node/10611615444"
    },
    {
      "type": "Feature",
      "properties": {
        "@id": "node/10611615447",
        "addr:housenumber": "90",
        "addr:street": "Whampoa Drive",
        "amenity": "fast_food",
        "check_date": "2023-02-02",
        "cuisine": "barbecue",
        "name": "Chong Pang Huat"
      },
      "geometry": {
        "type": "Point",
        "coordinates": [
          103.8549948,
          1.3232059
        ]
      },
      "id": "node/10611615447"
    },
    {
      "type": "Feature",
      "properties": {
        "@id": "node/10611615448",
        "addr:housenumber": "90",
        "addr:street": "Whampoa Drive",
        "amenity": "fast_food",
        "check_date": "2023-02-02",
        "name": "Sing Ho Hainan Chicken Rice"
      },
      "geometry": {
        "type": "Point",
        "coordinates": [
          103.8550219,
          1.3231823
        ]
      },
      "id": "node/10611615448"
    },
    {
      "type": "Feature",
      "properties": {
        "@id": "node/10688756571",
        "addr:unit": "01-34;01-35;01-36",
        "air_conditioning": "yes",
        "amenity": "fast_food",
        "branch": "Sengkang Grand Mall",
        "brand": "麦当劳",
        "brand:en": "McDonald's",
        "brand:wikidata": "Q38076",
        "brand:zh": "麦当劳",
        "brand:zh-Hans": "麦当劳",
        "cuisine": "burger",
        "delivery": "yes",
        "drive_through": "no",
        "level": "0",
        "name": "McDonald's",
        "name:en": "McDonald's",
        "name:zh": "麦当劳",
        "name:zh-Hans": "麦当劳",
        "outdoor_seating": "no",
        "smoking": "no",
        "takeaway": "yes"
      },
      "geometry": {
        "type": "Point",
        "coordinates": [
          103.8926835,
          1.3818652
        ]
      },
      "id": "node/10688756571"
    },
    {
      "type": "Feature",
      "properties": {
        "@id": "node/10692330814",
        "amenity": "fast_food",
        "brand": "麦当劳",
        "brand:en": "McDonald's",
        "brand:wikidata": "Q38076",
        "brand:zh": "麦当劳",
        "brand:zh-Hans": "麦当劳",
        "cuisine": "burger",
        "name": "McDonald's",
        "name:en": "McDonald's",
        "name:zh": "麦当劳",
        "name:zh-Hans": "麦当劳",
        "takeaway": "yes"
      },
      "geometry": {
        "type": "Point",
        "coordinates": [
          103.7362139,
          1.3319501
        ]
      },
      "id": "node/10692330814"
    },
    {
      "type": "Feature",
      "properties": {
        "@id": "node/10692469785",
        "amenity": "fast_food",
        "brand": "Wingstop",
        "cuisine": "wings",
        "level": "0",
        "name": "Wingstop",
        "takeaway": "yes"
      },
      "geometry": {
        "type": "Point",
        "coordinates": [
          103.8950685,
          1.3622142
        ]
      },
      "id": "node/10692469785"
    },
    {
      "type": "Feature",
      "properties": {
        "@id": "node/10692469786",
        "amenity": "fast_food",
        "brand": "Subway",
        "brand:wikidata": "Q244457",
        "cuisine": "sandwich",
        "level": "0",
        "name": "Subway",
        "name:zh": "赛百味",
        "takeaway": "yes"
      },
      "geometry": {
        "type": "Point",
        "coordinates": [
          103.8949994,
          1.3628864
        ]
      },
      "id": "node/10692469786"
    },
    {
      "type": "Feature",
      "properties": {
        "@id": "node/10692469798",
        "amenity": "fast_food",
        "brand": "Burger King",
        "brand:wikidata": "Q177054",
        "cuisine": "burger",
        "level": "0",
        "name": "Burger King",
        "name:en": "Burger King",
        "name:zh": "汉堡王",
        "takeaway": "yes"
      },
      "geometry": {
        "type": "Point",
        "coordinates": [
          103.8952279,
          1.3632607
        ]
      },
      "id": "node/10692469798"
    },
    {
      "type": "Feature",
      "properties": {
        "@id": "node/10702069360",
        "addr:housenumber": "275",
        "addr:postcode": "307645",
        "addr:street": "Thomson Road",
        "addr:unit": "01-45",
        "air_conditioning": "yes",
        "amenity": "fast_food",
        "check_date": "2023-02-16",
        "contact:facebook": "El Cocinero",
        "contact:instagram": "Elcocinerosg",
        "cuisine": "mexican",
        "delivery": "yes",
        "diet:vegetarian": "yes",
        "email": "stan.han@elcocinero.sg",
        "internet_access": "no",
        "level": "0",
        "name": "El Cocinero",
        "operator": "Stan the Man",
        "outdoor_seating": "no",
        "payment:paynow": "yes",
        "phone": "+65 8307 5163",
        "smoking": "no",
        "takeaway": "yes",
        "website": "https://www.elcocinero.sg",
        "wheelchair": "yes"
      },
      "geometry": {
        "type": "Point",
        "coordinates": [
          103.8416745,
          1.3209425
        ]
      },
      "id": "node/10702069360"
    },
    {
      "type": "Feature",
      "properties": {
        "@id": "node/10702069361",
        "addr:housenumber": "8",
        "addr:postcode": "039802",
        "addr:street": "Raffles Avenue",
        "addr:unit": "#01-15L",
        "air_conditioning": "no",
        "amenity": "fast_food",
        "check_date": "2024-01-13",
        "cuisine": "pizza;italian;pasta;salad",
        "diet:halal": "yes",
        "diet:vegetarian": "yes",
        "level": "0",
        "name": "Saporita",
        "outdoor_seating": "yes",
        "payment:credit_cards": "yes",
        "payment:debit_cards": "yes",
        "payment:mastercard": "yes",
        "payment:nets": "yes",
        "payment:paynow": "yes",
        "payment:visa": "yes",
        "takeaway": "yes",
        "wheelchair": "yes"
      },
      "geometry": {
        "type": "Point",
        "coordinates": [
          103.856911,
          1.2893676
        ]
      },
      "id": "node/10702069361"
    },
    {
      "type": "Feature",
      "properties": {
        "@id": "node/10702091661",
        "amenity": "fast_food",
        "check_date": "2023-02-26",
        "cuisine": "noodle",
        "level": "0",
        "name": "Chinese Noodle"
      },
      "geometry": {
        "type": "Point",
        "coordinates": [
          103.9065985,
          1.3023197
        ]
      },
      "id": "node/10702091661"
    },
    {
      "type": "Feature",
      "properties": {
        "@id": "node/10702091662",
        "amenity": "fast_food",
        "check_date": "2023-02-26",
        "cuisine": "japanese",
        "level": "0",
        "name": "Fukudon"
      },
      "geometry": {
        "type": "Point",
        "coordinates": [
          103.9065801,
          1.3023491
        ]
      },
      "id": "node/10702091662"
    },
    {
      "type": "Feature",
      "properties": {
        "@id": "node/10718876435",
        "amenity": "fast_food",
        "cuisine": "burger",
        "indoor_seating": "yes",
        "level": "0",
        "name": "Shiok Burger",
        "takeaway": "yes"
      },
      "geometry": {
        "type": "Point",
        "coordinates": [
          103.8927327,
          1.3837171
        ]
      },
      "id": "node/10718876435"
    },
    {
      "type": "Feature",
      "properties": {
        "@id": "node/10736303864",
        "amenity": "fast_food",
        "brand": "Subway",
        "brand:wikidata": "Q244457",
        "cuisine": "sandwich",
        "level": "1",
        "name": "Subway",
        "name:zh": "赛百味",
        "takeaway": "yes"
      },
      "geometry": {
        "type": "Point",
        "coordinates": [
          103.8935396,
          1.3958829
        ]
      },
      "id": "node/10736303864"
    },
    {
      "type": "Feature",
      "properties": {
        "@id": "node/10755804026",
        "amenity": "fast_food",
        "cuisine": "fries;fried_chicken;potato",
        "name": "brand = Potato Corner"
      },
      "geometry": {
        "type": "Point",
        "coordinates": [
          103.9532594,
          1.3422256
        ]
      },
      "id": "node/10755804026"
    },
    {
      "type": "Feature",
      "properties": {
        "@id": "node/10763920759",
        "amenity": "fast_food",
        "check_date": "2023-03-11",
        "diet:halal": "yes",
        "level": "-1",
        "name": "Boon Lay Power Nasi Lemak"
      },
      "geometry": {
        "type": "Point",
        "coordinates": [
          103.8441191,
          1.3205982
        ]
      },
      "id": "node/10763920759"
    },
    {
      "type": "Feature",
      "properties": {
        "@id": "node/10763920760",
        "amenity": "fast_food",
        "check_date": "2023-03-11",
        "cuisine": "chicken",
        "level": "-1",
        "name": "Shihlin Taiwanese Street Food"
      },
      "geometry": {
        "type": "Point",
        "coordinates": [
          103.844092,
          1.3206246
        ]
      },
      "id": "node/10763920760"
    },
    {
      "type": "Feature",
      "properties": {
        "@id": "node/10763920773",
        "amenity": "fast_food",
        "check_date": "2023-03-11",
        "level": "-1",
        "name": "Coffee Hive"
      },
      "geometry": {
        "type": "Point",
        "coordinates": [
          103.8441045,
          1.320672
        ]
      },
      "id": "node/10763920773"
    },
    {
      "type": "Feature",
      "properties": {
        "@id": "node/10771041163",
        "amenity": "fast_food",
        "name": "Xiabu"
      },
      "geometry": {
        "type": "Point",
        "coordinates": [
          103.8501699,
          1.2976595
        ]
      },
      "id": "node/10771041163"
    },
    {
      "type": "Feature",
      "properties": {
        "@id": "node/10772246706",
        "amenity": "fast_food",
        "name": "Mr Bean",
        "name:zh": "豆先生"
      },
      "geometry": {
        "type": "Point",
        "coordinates": [
          103.7210438,
          1.344267
        ]
      },
      "id": "node/10772246706"
    },
    {
      "type": "Feature",
      "properties": {
        "@id": "node/10772250205",
        "amenity": "fast_food",
        "brand": "Subway",
        "brand:wikidata": "Q244457",
        "cuisine": "sandwich",
        "name": "Subway",
        "name:zh": "赛百味",
        "takeaway": "yes"
      },
      "geometry": {
        "type": "Point",
        "coordinates": [
          103.7204233,
          1.3441989
        ]
      },
      "id": "node/10772250205"
    },
    {
      "type": "Feature",
      "properties": {
        "@id": "node/10804318605",
        "amenity": "fast_food",
        "brand": "Burger King",
        "brand:wikidata": "Q177054",
        "cuisine": "burger",
        "name": "Burger King",
        "name:en": "Burger King",
        "name:zh": "汉堡王",
        "takeaway": "yes"
      },
      "geometry": {
        "type": "Point",
        "coordinates": [
          103.8946333,
          1.3151769
        ]
      },
      "id": "node/10804318605"
    },
    {
      "type": "Feature",
      "properties": {
        "@id": "node/10805253972",
        "addr:city": "Singapore",
        "addr:housenumber": "642",
        "addr:postcode": "670642",
        "addr:street": "Senja Close",
        "amenity": "fast_food",
        "brand:en": "McDonald's",
        "brand:wikidata": "Q38076",
        "brand:wikipedia": "en:McDonald's",
        "brand:zh": "麦当劳",
        "check_date": "2024-09-07",
        "cuisine": "burger",
        "diet:halal": "yes",
        "name": "McDonald's",
        "name:en": "McDonald's",
        "name:zh": "麦当劳",
        "name:zh-Hans": "麦当劳",
        "takeaway": "yes"
      },
      "geometry": {
        "type": "Point",
        "coordinates": [
          103.7623795,
          1.3871893
        ]
      },
      "id": "node/10805253972"
    },
    {
      "type": "Feature",
      "properties": {
        "@id": "node/10808071663",
        "addr:city": "Singapore",
        "addr:housenumber": "1",
        "addr:postcode": "518457",
        "addr:street": "Pasir Ris Central Street 3",
        "air_conditioning": "yes",
        "amenity": "fast_food",
        "brand": "Thai Express",
        "brand:wikidata": "Q7709119",
        "cuisine": "thai",
        "delivery": "yes",
        "diet:halal": "yes",
        "drive_through": "no",
        "level": "1",
        "name": "Thai Express",
        "opening_hours": "Mo-Su 11:00-22:00",
        "phone": "+65 62311592",
        "takeaway": "yes",
        "website": "https://www.thaiexpress.com.sg/"
      },
      "geometry": {
        "type": "Point",
        "coordinates": [
          103.949413,
          1.372346
        ]
      },
      "id": "node/10808071663"
    },
    {
      "type": "Feature",
      "properties": {
        "@id": "node/10808904640",
        "addr:city": "Singapore",
        "addr:housenumber": "2",
        "addr:postcode": "347836",
        "addr:street": "Tai Thong Crescent",
        "air_conditioning": "yes",
        "amenity": "fast_food",
        "cuisine": "italian",
        "delivery": "yes",
        "level": "0",
        "name": "Pasta Express",
        "opening_hours": "Mo-Su 10:30-21:00",
        "outdoor_seating": "yes",
        "phone": "+65 97119906",
        "takeaway": "yes",
        "website": "https://www.pastaexpress.sg/"
      },
      "geometry": {
        "type": "Point",
        "coordinates": [
          103.8696221,
          1.328478
        ]
      },
      "id": "node/10808904640"
    },
    {
      "type": "Feature",
      "properties": {
        "@id": "node/10811630612",
        "amenity": "fast_food",
        "brand": "Burger King",
        "brand:wikidata": "Q177054",
        "cuisine": "burger",
        "name": "Burger King",
        "name:en": "Burger King",
        "name:zh": "汉堡王",
        "takeaway": "yes",
        "wheelchair": "yes"
      },
      "geometry": {
        "type": "Point",
        "coordinates": [
          103.8363068,
          1.4263487
        ]
      },
      "id": "node/10811630612"
    },
    {
      "type": "Feature",
      "properties": {
        "@id": "node/10818839805",
        "addr:housenumber": "61",
        "addr:postcode": "424174",
        "addr:street": "Saint Patrick's Road",
        "amenity": "fast_food",
        "contact:facebook": "100090802457305",
        "cuisine": "pizza",
        "name": "The Long Weekend",
        "opening_hours": "Fr-Su 17:30-21:00",
        "phone": "+6589130331"
      },
      "geometry": {
        "type": "Point",
        "coordinates": [
          103.9147089,
          1.308641
        ]
      },
      "id": "node/10818839805"
    },
    {
      "type": "Feature",
      "properties": {
        "@id": "node/10827187604",
        "amenity": "fast_food",
        "cuisine": "pizza"
      },
      "geometry": {
        "type": "Point",
        "coordinates": [
          103.779015,
          1.3165779
        ]
      },
      "id": "node/10827187604"
    },
    {
      "type": "Feature",
      "properties": {
        "@id": "node/10844231197",
        "addr:city": "Singapore",
        "addr:country": "SG",
        "addr:housenumber": "30",
        "addr:neighbourhood": "The Woodgrove",
        "addr:postcode": "739065",
        "addr:street": "Woodlands Avenue 1",
        "alt_name": "Kentucky Fried Chicken",
        "amenity": "fast_food",
        "brand": "KFC",
        "brand:wikidata": "Q524757",
        "cuisine": "chicken",
        "name": "KFC",
        "name:zh": "肯德基",
        "takeaway": "yes"
      },
      "geometry": {
        "type": "Point",
        "coordinates": [
          103.7811014,
          1.4293886
        ]
      },
      "id": "node/10844231197"
    },
    {
      "type": "Feature",
      "properties": {
        "@id": "node/10844231198",
        "addr:city": "Singapore",
        "addr:country": "SG",
        "addr:housenumber": "30",
        "addr:neighbourhood": "The Woodgrove",
        "addr:postcode": "739065",
        "addr:street": "Woodlands Avenue 1",
        "amenity": "fast_food",
        "brand": "McDonald's",
        "brand:en": "McDonald's",
        "brand:wikidata": "Q38076",
        "brand:zh": "麦当劳",
        "cuisine": "burger",
        "name": "McDonald's",
        "name:en": "McDonald's",
        "name:zh": "麦当劳",
        "name:zh-Hans": "麦当劳",
        "takeaway": "yes"
      },
      "geometry": {
        "type": "Point",
        "coordinates": [
          103.7813106,
          1.4294771
        ]
      },
      "id": "node/10844231198"
    },
    {
      "type": "Feature",
      "properties": {
        "@id": "node/10857609703",
        "amenity": "fast_food",
        "brand": "McDonald's",
        "brand:en": "McDonald's",
        "brand:wikidata": "Q38076",
        "brand:zh": "麦当劳",
        "brand:zh-Hans": "麦当劳",
        "cuisine": "burger",
        "name": "McDonald's",
        "name:en": "McDonald's",
        "name:zh": "麦当劳",
        "name:zh-Hans": "麦当劳",
        "takeaway": "yes"
      },
      "geometry": {
        "type": "Point",
        "coordinates": [
          103.7910316,
          1.3062227
        ]
      },
      "id": "node/10857609703"
    },
    {
      "type": "Feature",
      "properties": {
        "@id": "node/10873184765",
        "amenity": "fast_food",
        "fast_food": "cafeteria",
        "name": "Snack shop"
      },
      "geometry": {
        "type": "Point",
        "coordinates": [
          103.9534516,
          1.343507
        ]
      },
      "id": "node/10873184765"
    },
    {
      "type": "Feature",
      "properties": {
        "@id": "node/10877063835",
        "air_conditioning": "no",
        "amenity": "fast_food",
        "check_date": "2023-05-06",
        "diet:halal": "yes",
        "level": "0",
        "name": "Mr. Vadai"
      },
      "geometry": {
        "type": "Point",
        "coordinates": [
          103.8956074,
          1.3155135
        ]
      },
      "id": "node/10877063835"
    },
    {
      "type": "Feature",
      "properties": {
        "@id": "node/10877063845",
        "air_conditioning": "no",
        "amenity": "fast_food",
        "check_date": "2023-05-06",
        "cuisine": "malaysian",
        "diet:halal": "yes",
        "level": "0",
        "name": "Afandi & Family",
        "payment:cards": "no",
        "payment:cash": "yes",
        "payment:credit_cards": "no",
        "payment:debit_cards": "no",
        "takeaway": "yes"
      },
      "geometry": {
        "type": "Point",
        "coordinates": [
          103.8955582,
          1.3154568
        ]
      },
      "id": "node/10877063845"
    },
    {
      "type": "Feature",
      "properties": {
        "@id": "node/10877239899",
        "addr:street": "Boon Tat Street",
        "amenity": "fast_food",
        "name": "Best Satay 7 & 8 (Lau Pa Sat)",
        "opening_hours": "Mo-Fr 19:00-01:00; Sa-Su 17:30-01:30",
        "phone": "+65 9154 1542"
      },
      "geometry": {
        "type": "Point",
        "coordinates": [
          103.8500936,
          1.2803494
        ]
      },
      "id": "node/10877239899"
    },
    {
      "type": "Feature",
      "properties": {
        "@id": "node/10885678132",
        "amenity": "fast_food",
        "brand": "Popeyes",
        "brand:wikidata": "Q1330910",
        "cuisine": "chicken",
        "level": "1",
        "name": "Popeyes",
        "official_name": "Popeyes Louisiana Kitchen",
        "takeaway": "yes"
      },
      "geometry": {
        "type": "Point",
        "coordinates": [
          103.895102,
          1.3918495
        ]
      },
      "id": "node/10885678132"
    },
    {
      "type": "Feature",
      "properties": {
        "@id": "node/10885708679",
        "addr:city": "Singapore",
        "addr:housenumber": "1",
        "addr:postcode": "518457",
        "addr:street": "Pasir Ris Central Street 3",
        "amenity": "fast_food",
        "cuisine": "juice",
        "level": "0",
        "name": "Mr. Coconut",
        "opening_hours": "Mo-Su 10:00-21:45",
        "website": "https://mrcoconut.sg/"
      },
      "geometry": {
        "type": "Point",
        "coordinates": [
          103.9496587,
          1.3726519
        ]
      },
      "id": "node/10885708679"
    },
    {
      "type": "Feature",
      "properties": {
        "@id": "node/10891405963",
        "addr:unit": "#B1-11/12",
        "air_conditioning": "yes",
        "amenity": "fast_food",
        "branch": "The Woodleigh Mall",
        "brand": "麦当劳",
        "brand:en": "McDonald's",
        "brand:wikidata": "Q38076",
        "brand:zh": "麦当劳",
        "brand:zh-Hans": "麦当劳",
        "cuisine": "burger",
        "drive_through": "no",
        "level": "-1",
        "name": "McDonald's",
        "name:en": "McDonald's",
        "name:zh": "麦当劳",
        "name:zh-Hans": "麦当劳",
        "takeaway": "yes"
      },
      "geometry": {
        "type": "Point",
        "coordinates": [
          103.8721923,
          1.3385418
        ]
      },
      "id": "node/10891405963"
    },
    {
      "type": "Feature",
      "properties": {
        "@id": "node/10891405964",
        "addr:unit": "#B1-13",
        "air_conditioning": "yes",
        "amenity": "fast_food",
        "branch": "The Woodleigh Mall",
        "brand": "Popeyes",
        "brand:wikidata": "Q1330910",
        "cuisine": "chicken",
        "drive_through": "no",
        "level": "-1",
        "name": "Popeyes",
        "official_name": "Popeyes Louisiana Kitchen",
        "takeaway": "yes"
      },
      "geometry": {
        "type": "Point",
        "coordinates": [
          103.8721878,
          1.3384746
        ]
      },
      "id": "node/10891405964"
    },
    {
      "type": "Feature",
      "properties": {
        "@id": "node/10891405974",
        "addr:unit": "#01-54",
        "amenity": "fast_food",
        "branch": "The Woodleigh Mall",
        "brand": "Pepper Lunch",
        "brand:wikidata": "Q1016072",
        "cuisine": "teppanyaki",
        "level": "0",
        "name": "Pepper Lunch",
        "takeaway": "yes"
      },
      "geometry": {
        "type": "Point",
        "coordinates": [
          103.8719837,
          1.3392268
        ]
      },
      "id": "node/10891405974"
    },
    {
      "type": "Feature",
      "properties": {
        "@id": "node/10893520527",
        "addr:unit": "#01-37",
        "air_conditioning": "yes",
        "amenity": "fast_food",
        "branch": "The Woodleigh Mall",
        "cuisine": "burger",
        "diet:vegan": "yes",
        "level": "0",
        "name": "Veganburg"
      },
      "geometry": {
        "type": "Point",
        "coordinates": [
          103.8721243,
          1.3385769
        ]
      },
      "id": "node/10893520527"
    },
    {
      "type": "Feature",
      "properties": {
        "@id": "node/10893520530",
        "addr:unit": "#01-40",
        "air_conditioning": "yes",
        "amenity": "fast_food",
        "branch": "The Woodleigh Mall",
        "level": "0",
        "name": "A&W",
        "name:zh": "艾德熊"
      },
      "geometry": {
        "type": "Point",
        "coordinates": [
          103.8719997,
          1.3384561
        ]
      },
      "id": "node/10893520530"
    },
    {
      "type": "Feature",
      "properties": {
        "@id": "node/10893520544",
        "addr:unit": "#B1-05",
        "air_conditioning": "yes",
        "amenity": "fast_food",
        "branch": "The Woodleigh Mall",
        "brand": "Subway",
        "brand:wikidata": "Q244457",
        "cuisine": "sandwich",
        "drive_through": "no",
        "level": "-1",
        "name": "Subway",
        "name:zh": "赛百味",
        "takeaway": "yes"
      },
      "geometry": {
        "type": "Point",
        "coordinates": [
          103.871612,
          1.3389277
        ]
      },
      "id": "node/10893520544"
    },
    {
      "type": "Feature",
      "properties": {
        "@id": "node/10893520545",
        "addr:unit": "#B1-01",
        "air_conditioning": "yes",
        "amenity": "fast_food",
        "branch": "The Woodleigh Mall",
        "brand": "Burger King",
        "brand:wikidata": "Q177054",
        "cuisine": "burger",
        "drive_through": "no",
        "level": "-1",
        "name": "Burger King",
        "name:en": "Burger King",
        "name:zh": "汉堡王",
        "opening_hours": "Mo-Su 08:00-22:00",
        "takeaway": "yes"
      },
      "geometry": {
        "type": "Point",
        "coordinates": [
          103.8712551,
          1.3387623
        ]
      },
      "id": "node/10893520545"
    },
    {
      "type": "Feature",
      "properties": {
        "@id": "node/10914392542",
        "addr:city": "Singapore",
        "addr:country": "SG",
        "addr:housenumber": "8",
        "addr:postcode": "239695",
        "addr:street": "Grange Road",
        "amenity": "fast_food",
        "branch": "Cineleisure",
        "brand": "McDonald's",
        "brand:wikidata": "Q38076",
        "cuisine": "burger",
        "delivery": "yes",
        "level": "0",
        "name": "McDonald's",
        "opening_hours": "24/7",
        "phone": "+65 65754629",
        "takeaway": "yes"
      },
      "geometry": {
        "type": "Point",
        "coordinates": [
          103.8364664,
          1.3013921
        ]
      },
      "id": "node/10914392542"
    },
    {
      "type": "Feature",
      "properties": {
        "@id": "node/10918168207",
        "addr:city": "Singapore",
        "addr:housenumber": "30",
        "addr:postcode": "270031",
        "addr:street": "Holland Close",
        "air_conditioning": "no",
        "amenity": "fast_food",
        "cuisine": "chinese",
        "name": "King of Fried Rice",
        "opening_hours": "Mo-Su 11:00-21:30",
        "takeaway": "yes"
      },
      "geometry": {
        "type": "Point",
        "coordinates": [
          103.7972687,
          1.3067757
        ]
      },
      "id": "node/10918168207"
    },
    {
      "type": "Feature",
      "properties": {
        "@id": "node/10918168210",
        "addr:city": "Singapore",
        "addr:housenumber": "117",
        "addr:postcode": "140117",
        "addr:street": "Commonwealth Drive",
        "amenity": "fast_food",
        "cuisine": "chinese",
        "name": "Wai Kee Roasted Meat",
        "takeaway": "yes"
      },
      "geometry": {
        "type": "Point",
        "coordinates": [
          103.8000397,
          1.3068607
        ]
      },
      "id": "node/10918168210"
    },
    {
      "type": "Feature",
      "properties": {
        "@id": "node/10918168212",
        "addr:city": "Singapore",
        "addr:housenumber": "117",
        "addr:postcode": "140117",
        "addr:street": "Commonwealth Crescent",
        "amenity": "fast_food",
        "cuisine": "singaporean;noodles",
        "name": "Tanglin Fishball Noodle Stall"
      },
      "geometry": {
        "type": "Point",
        "coordinates": [
          103.8000172,
          1.3068716
        ]
      },
      "id": "node/10918168212"
    },
    {
      "type": "Feature",
      "properties": {
        "@id": "node/10940122707",
        "addr:housenumber": "90",
        "addr:street": "Whampoa Drive",
        "addr:unit": "#01-05",
        "amenity": "fast_food",
        "check_date": "2023-07-07",
        "cuisine": "indian",
        "level": "0",
        "name": "Mr Vadai",
        "payment:cards": "no",
        "payment:cash": "yes",
        "payment:credit_cards": "no",
        "payment:debit_cards": "no",
        "payment:paynow": "yes",
        "wheelchair": "yes"
      },
      "geometry": {
        "type": "Point",
        "coordinates": [
          103.8551666,
          1.3228931
        ]
      },
      "id": "node/10940122707"
    },
    {
      "type": "Feature",
      "properties": {
        "@id": "node/10940959655",
        "amenity": "fast_food",
        "name": "Tanjong Rhu Wanton Mee"
      },
      "geometry": {
        "type": "Point",
        "coordinates": [
          103.8988685,
          1.3123192
        ]
      },
      "id": "node/10940959655"
    },
    {
      "type": "Feature",
      "properties": {
        "@id": "node/10948895991",
        "amenity": "fast_food",
        "brand": "Subway",
        "brand:wikidata": "Q244457",
        "cuisine": "sandwich",
        "name": "Subway",
        "takeaway": "yes",
        "wheelchair": "yes"
      },
      "geometry": {
        "type": "Point",
        "coordinates": [
          103.7482303,
          1.3912537
        ]
      },
      "id": "node/10948895991"
    },
    {
      "type": "Feature",
      "properties": {
        "@id": "node/10949115595",
        "amenity": "fast_food",
        "branch": "VivoCity",
        "brand": "Jollibee",
        "brand:wikidata": "Q37614",
        "brand:wikipedia": "en:Jollibee",
        "cuisine": "burger",
        "drive_through": "no",
        "level": "1",
        "name": "Jollibee",
        "opening_hours": "Mo-Th 11:00-21:30; Fr-Su 10:30-22:00",
        "phone": "+65 65189380",
        "takeaway": "yes",
        "wheelchair": "yes"
      },
      "geometry": {
        "type": "Point",
        "coordinates": [
          103.8227943,
          1.264153
        ]
      },
      "id": "node/10949115595"
    },
    {
      "type": "Feature",
      "properties": {
        "@id": "node/10949115599",
        "amenity": "fast_food",
        "brand": "Jollibee",
        "brand:wikidata": "Q37614",
        "brand:wikipedia": "en:Jollibee",
        "check_date": "2025-10-20",
        "cuisine": "burger;chicken;filipino",
        "level": "0",
        "name": "Jollibee",
        "not:brand:wikidata": "Q37614",
        "opening_hours": "Mo-Su 08:00-21:00",
        "takeaway": "yes"
      },
      "geometry": {
        "type": "Point",
        "coordinates": [
          103.8439331,
          1.3207877
        ]
      },
      "id": "node/10949115599"
    },
    {
      "type": "Feature",
      "properties": {
        "@id": "node/10949115600",
        "air_conditioning": "no",
        "amenity": "fast_food",
        "cuisine": "hongkong",
        "level": "0",
        "name": "Hua Zai Hong Kong Style Roasted Delight 華仔港式燒臘",
        "outdoor_seating": "only",
        "payment:cash": "yes",
        "takeaway": "yes",
        "wheelchair": "yes"
      },
      "geometry": {
        "type": "Point",
        "coordinates": [
          103.8386896,
          1.2978894
        ]
      },
      "id": "node/10949115600"
    },
    {
      "type": "Feature",
      "properties": {
        "@id": "node/10961779770",
        "amenity": "fast_food",
        "brand": "Shake Shack",
        "brand:wikidata": "Q1058722",
        "brand:wikipedia": "en:Shake Shack",
        "cuisine": "burger",
        "level": "0",
        "name": "Shake Shack",
        "opening_hours": "Mo-Su 10:00-22:00",
        "takeaway": "yes"
      },
      "geometry": {
        "type": "Point",
        "coordinates": [
          103.742951,
          1.3340277
        ]
      },
      "id": "node/10961779770"
    },
    {
      "type": "Feature",
      "properties": {
        "@id": "node/10968880935",
        "amenity": "fast_food",
        "brand": "McDonald's",
        "brand:wikidata": "Q38076",
        "cuisine": "burger",
        "level": "-1",
        "name": "McDonald's",
        "opening_hours": "Mo-Th,Su 07:30-24:00; PH -1 day,Fr-Sa 07:30-25:00",
        "takeaway": "yes"
      },
      "geometry": {
        "type": "Point",
        "coordinates": [
          103.8495202,
          1.3006161
        ]
      },
      "id": "node/10968880935"
    },
    {
      "type": "Feature",
      "properties": {
        "@id": "node/10984299612",
        "amenity": "fast_food",
        "brand": "Subway",
        "brand:wikidata": "Q244457",
        "cuisine": "sandwich",
        "name": "Subway",
        "takeaway": "yes"
      },
      "geometry": {
        "type": "Point",
        "coordinates": [
          103.7810447,
          1.4290547
        ]
      },
      "id": "node/10984299612"
    },
    {
      "type": "Feature",
      "properties": {
        "@id": "node/10992300856",
        "amenity": "fast_food",
        "check_date": "2023-08-02",
        "cuisine": "kebab",
        "level": "0",
        "name": "Turk's Kebab"
      },
      "geometry": {
        "type": "Point",
        "coordinates": [
          103.8497099,
          1.300813
        ]
      },
      "id": "node/10992300856"
    },
    {
      "type": "Feature",
      "properties": {
        "@id": "node/11005379209",
        "addr:unit": "8",
        "amenity": "fast_food",
        "brand": "McDonald's",
        "brand:wikidata": "Q38076",
        "cuisine": "burger",
        "level": "0",
        "name": "McDonald's",
        "opening_hours": "07:00-22:00",
        "takeaway": "yes"
      },
      "geometry": {
        "type": "Point",
        "coordinates": [
          103.9050451,
          1.4091931
        ]
      },
      "id": "node/11005379209"
    },
    {
      "type": "Feature",
      "properties": {
        "@id": "node/11018023316",
        "addr:floor": "1",
        "addr:housenumber": "360",
        "addr:street": "Balestier Road",
        "air_conditioning": "yes",
        "amenity": "fast_food",
        "brand": "Burger King",
        "brand:wikidata": "Q177054",
        "check_date": "2024-01-07",
        "cuisine": "burger",
        "diet:halal": "yes",
        "level": "0",
        "name": "Burger King",
        "outdoor_seating": "yes",
        "takeaway": "yes",
        "wheelchair": "yes"
      },
      "geometry": {
        "type": "Point",
        "coordinates": [
          103.8511437,
          1.324897
        ]
      },
      "id": "node/11018023316"
    },
    {
      "type": "Feature",
      "properties": {
        "@id": "node/11023056274",
        "amenity": "fast_food",
        "brand": "Subway",
        "brand:wikidata": "Q244457",
        "cuisine": "sandwich",
        "level": "0",
        "name": "Subway",
        "takeaway": "yes"
      },
      "geometry": {
        "type": "Point",
        "coordinates": [
          103.9611808,
          1.3356366
        ]
      },
      "id": "node/11023056274"
    },
    {
      "type": "Feature",
      "properties": {
        "@id": "node/11024163580",
        "amenity": "fast_food",
        "brand": "Subway",
        "brand:wikidata": "Q244457",
        "cuisine": "sandwich",
        "diet:halal": "only",
        "level": "-1",
        "name": "Subway",
        "takeaway": "yes"
      },
      "geometry": {
        "type": "Point",
        "coordinates": [
          103.7450089,
          1.3853225
        ]
      },
      "id": "node/11024163580"
    },
    {
      "type": "Feature",
      "properties": {
        "@id": "node/11026965724",
        "amenity": "fast_food",
        "cuisine": "juice"
      },
      "geometry": {
        "type": "Point",
        "coordinates": [
          103.7736134,
          1.30394
        ]
      },
      "id": "node/11026965724"
    },
    {
      "type": "Feature",
      "properties": {
        "@id": "node/11026965738",
        "amenity": "fast_food",
        "cuisine": "juice",
        "level": "0",
        "name": "Fresh Fruits & Juices"
      },
      "geometry": {
        "type": "Point",
        "coordinates": [
          103.7723662,
          1.2945401
        ]
      },
      "id": "node/11026965738"
    },
    {
      "type": "Feature",
      "properties": {
        "@id": "node/11031942162",
        "amenity": "fast_food",
        "cuisine": "sandwich",
        "name": "Stuffd"
      },
      "geometry": {
        "type": "Point",
        "coordinates": [
          103.7052741,
          1.3387735
        ]
      },
      "id": "node/11031942162"
    },
    {
      "type": "Feature",
      "properties": {
        "@id": "node/11031956970",
        "amenity": "fast_food",
        "brand": "Guzman y Gomez",
        "brand:wikidata": "Q23019759",
        "cuisine": "mexican",
        "name": "Guzman y Gomez",
        "takeaway": "yes"
      },
      "geometry": {
        "type": "Point",
        "coordinates": [
          103.7887142,
          1.3063229
        ]
      },
      "id": "node/11031956970"
    },
    {
      "type": "Feature",
      "properties": {
        "@id": "node/11033972403",
        "amenity": "fast_food",
        "level": "1",
        "name": "Tsukimi Hamburg"
      },
      "geometry": {
        "type": "Point",
        "coordinates": [
          103.8939996,
          1.3724078
        ]
      },
      "id": "node/11033972403"
    },
    {
      "type": "Feature",
      "properties": {
        "@id": "node/11039879164",
        "addr:housenumber": "114",
        "addr:street": "Lavender Street",
        "amenity": "fast_food",
        "check_date": "2023-07-05",
        "cuisine": "thai",
        "level": "0",
        "name": "Boom Boom Thai Kitchen"
      },
      "geometry": {
        "type": "Point",
        "coordinates": [
          103.8631542,
          1.3116653
        ]
      },
      "id": "node/11039879164"
    },
    {
      "type": "Feature",
      "properties": {
        "@id": "node/11051415791",
        "amenity": "fast_food",
        "brand": "松屋",
        "brand:en": "Matsuya",
        "brand:ja": "松屋",
        "brand:wikidata": "Q848773",
        "brand:zh": "松屋",
        "check_date": "2023-07-17",
        "cuisine": "beef_bowl",
        "level": "0",
        "name": "松屋",
        "name:en": "Matsuya",
        "name:ja": "松屋",
        "name:zh": "松屋",
        "operator": "松屋フーズ",
        "operator:en": "Matsuya Foods",
        "operator:ja": "松屋フーズ",
        "takeaway": "yes"
      },
      "geometry": {
        "type": "Point",
        "coordinates": [
          103.8554491,
          1.295618
        ]
      },
      "id": "node/11051415791"
    },
    {
      "type": "Feature",
      "properties": {
        "@id": "node/11059743471",
        "access": "private",
        "air_conditioning": "yes",
        "amenity": "fast_food",
        "fast_food": "cafeteria",
        "level": "1",
        "name": "Senior Canteen"
      },
      "geometry": {
        "type": "Point",
        "coordinates": [
          103.7932638,
          1.2973207
        ]
      },
      "id": "node/11059743471"
    },
    {
      "type": "Feature",
      "properties": {
        "@id": "node/11059743492",
        "access": "private",
        "air_conditioning": "no",
        "amenity": "fast_food",
        "capacity": "550",
        "fast_food": "cafeteria",
        "payment:cash": "yes"
      },
      "geometry": {
        "type": "Point",
        "coordinates": [
          103.7982407,
          1.3076394
        ]
      },
      "id": "node/11059743492"
    },
    {
      "type": "Feature",
      "properties": {
        "@id": "node/11073916463",
        "amenity": "fast_food",
        "brand": "Shake Shack",
        "brand:wikidata": "Q1058722",
        "cuisine": "burger",
        "name": "Shake Shack",
        "takeaway": "yes"
      },
      "geometry": {
        "type": "Point",
        "coordinates": [
          103.8483781,
          1.3511653
        ]
      },
      "id": "node/11073916463"
    },
    {
      "type": "Feature",
      "properties": {
        "@id": "node/11090494241",
        "amenity": "fast_food",
        "check_date": "2023-07-19",
        "cuisine": "juice",
        "level": "0",
        "name": "Mr Coconut"
      },
      "geometry": {
        "type": "Point",
        "coordinates": [
          103.8551194,
          1.3002128
        ]
      },
      "id": "node/11090494241"
    },
    {
      "type": "Feature",
      "properties": {
        "@id": "node/11101778663",
        "addr:city": "Singapore",
        "addr:housenumber": "744",
        "addr:postcode": "470744",
        "addr:street": "Bedok Reservoir Road",
        "amenity": "fast_food",
        "brand": "Subway",
        "brand:wikidata": "Q244457",
        "cuisine": "sandwich",
        "name": "Subway",
        "takeaway": "yes"
      },
      "geometry": {
        "type": "Point",
        "coordinates": [
          103.9213307,
          1.3375424
        ]
      },
      "id": "node/11101778663"
    },
    {
      "type": "Feature",
      "properties": {
        "@id": "node/11101819311",
        "addr:city": "Singapore",
        "addr:housenumber": "746",
        "addr:postcode": "470746",
        "addr:street": "Bedok Reservoir Road",
        "amenity": "fast_food",
        "cuisine": "juice",
        "name": "My Little Coconut"
      },
      "geometry": {
        "type": "Point",
        "coordinates": [
          103.9211539,
          1.3373016
        ]
      },
      "id": "node/11101819311"
    },
    {
      "type": "Feature",
      "properties": {
        "@id": "node/11113296033",
        "amenity": "fast_food",
        "level": "-2",
        "name": "Raffles",
        "wheelchair": "yes"
      },
      "geometry": {
        "type": "Point",
        "coordinates": [
          103.8501931,
          1.2912686
        ]
      },
      "id": "node/11113296033"
    },
    {
      "type": "Feature",
      "properties": {
        "@id": "node/11114420907",
        "addr:city": "Singapore",
        "addr:housenumber": "1",
        "addr:postcode": "518457",
        "addr:street": "Pasir Ris Central Street 3",
        "air_conditioning": "yes",
        "amenity": "fast_food",
        "brand": "4Fingers Crispy Chicken",
        "brand:wikidata": "Q23043391",
        "cuisine": "chicken",
        "diet:halal": "yes",
        "drive_through": "no",
        "level": "0",
        "name": "4Fingers Crispy Chicken",
        "opening_hours": "Mo-Su 10:00-22:00",
        "phone": "+65 6585 0606",
        "takeaway": "yes",
        "website": "https://www.4fingers.com.sg/"
      },
      "geometry": {
        "type": "Point",
        "coordinates": [
          103.9493258,
          1.3724141
        ]
      },
      "id": "node/11114420907"
    },
    {
      "type": "Feature",
      "properties": {
        "@id": "node/11114420908",
        "addr:city": "Singapore",
        "addr:housenumber": "1",
        "addr:postcode": "518457",
        "addr:street": "Pasir Ris Central Street 3",
        "air_conditioning": "no",
        "amenity": "fast_food",
        "cuisine": "chinese",
        "diet:halal": "yes",
        "drive_through": "no",
        "level": "0",
        "name": "Dough Culture",
        "opening_hours": "Mo-Su 10:00-20:00",
        "takeaway": "only",
        "website": "https://doughculture.com/"
      },
      "geometry": {
        "type": "Point",
        "coordinates": [
          103.9495356,
          1.372679
        ]
      },
      "id": "node/11114420908"
    },
    {
      "type": "Feature",
      "properties": {
        "@id": "node/11114420911",
        "addr:city": "Singapore",
        "addr:housenumber": "1",
        "addr:postcode": "518457",
        "addr:street": "Pasir Ris Central Street 3",
        "amenity": "fast_food",
        "cuisine": "pizza",
        "level": "2",
        "name": "Otter Pizza",
        "opening_hours": "Mo-Su 10:30-22:30",
        "website": "https://www.otterpizza.com.sg/",
        "website:menu": "https://www.otterpizza.com.sg/menu"
      },
      "geometry": {
        "type": "Point",
        "coordinates": [
          103.9495749,
          1.3725235
        ]
      },
      "id": "node/11114420911"
    },
    {
      "type": "Feature",
      "properties": {
        "@id": "node/11114420914",
        "addr:city": "Singapore",
        "addr:housenumber": "1",
        "addr:postcode": "518457",
        "addr:street": "Pasir Ris Central Street 3",
        "amenity": "fast_food",
        "cuisine": "japanese;yakitori",
        "drive_through": "no",
        "level": "-1",
        "name": "Tori Q",
        "opening_hours": "Mo-Su 10:30-21:30",
        "takeaway": "only",
        "website": "https://www.tori-q.com/"
      },
      "geometry": {
        "type": "Point",
        "coordinates": [
          103.9499897,
          1.3724256
        ]
      },
      "id": "node/11114420914"
    },
    {
      "type": "Feature",
      "properties": {
        "@id": "node/11115314578",
        "access": "yes",
        "addr:city": "Singapore",
        "addr:housenumber": "37",
        "addr:postcode": "349315",
        "addr:street": "Kallang Pudding Road",
        "air_conditioning": "yes",
        "amenity": "fast_food",
        "cuisine": "chinese;thai",
        "drive_through": "no",
        "fast_food": "cafeteria",
        "level": "9",
        "mobile": "+65 8158 1653",
        "name": "AREA 37 by Food & Barrel",
        "opening_hours": "Mo-Fr 07:15-24:00, Sa 07:30-24:00, Su off"
      },
      "geometry": {
        "type": "Point",
        "coordinates": [
          103.878506,
          1.3296673
        ]
      },
      "id": "node/11115314578"
    },
    {
      "type": "Feature",
      "properties": {
        "@id": "node/11115314594",
        "addr:city": "Singapore",
        "addr:housenumber": "2",
        "addr:postcode": "347836",
        "addr:street": "Tai Thong Crescent",
        "amenity": "fast_food",
        "brand": "4Fingers Crispy Chicken",
        "brand:wikidata": "Q23043391",
        "cuisine": "chicken",
        "drive_through": "no",
        "name": "4Fingers Crispy Chicken",
        "opening_hours": "Mo-Th 10:00-22:00; Fr-Su 10:00-23:00",
        "phone": "+65 6241 9073",
        "takeaway": "yes",
        "website": "https://www.4fingers.com.sg/",
        "wikimedia_commons": "Category:4Fingers"
      },
      "geometry": {
        "type": "Point",
        "coordinates": [
          103.8694731,
          1.3288529
        ]
      },
      "id": "node/11115314594"
    },
    {
      "type": "Feature",
      "properties": {
        "@id": "node/11115314595",
        "addr:city": "Singapore",
        "addr:housenumber": "2",
        "addr:postcode": "347836",
        "addr:street": "Tai Thong Crescent",
        "air_conditioning": "yes",
        "amenity": "fast_food",
        "brand": "Domino's",
        "brand:wikidata": "Q839466",
        "cuisine": "pizza",
        "diet:halal": "yes",
        "drive_through": "no",
        "level": "0",
        "name": "Domino's",
        "opening_hours": "Mo-Su 10:30-23:00",
        "phone": "+65 6222 6333",
        "takeaway": "yes",
        "website": "https://www.dominos.com.sg/"
      },
      "geometry": {
        "type": "Point",
        "coordinates": [
          103.8694156,
          1.3289237
        ]
      },
      "id": "node/11115314595"
    },
    {
      "type": "Feature",
      "properties": {
        "@id": "node/11145614429",
        "amenity": "fast_food",
        "cuisine": "juice"
      },
      "geometry": {
        "type": "Point",
        "coordinates": [
          103.7824992,
          1.2950446
        ]
      },
      "id": "node/11145614429"
    },
    {
      "type": "Feature",
      "properties": {
        "@id": "node/11147652620",
        "amenity": "fast_food",
        "name": "Nasi Lemak"
      },
      "geometry": {
        "type": "Point",
        "coordinates": [
          103.8141396,
          1.3240705
        ]
      },
      "id": "node/11147652620"
    },
    {
      "type": "Feature",
      "properties": {
        "@id": "node/11147652621",
        "amenity": "fast_food",
        "name": "Nasi Lemak"
      },
      "geometry": {
        "type": "Point",
        "coordinates": [
          103.8141611,
          1.3240718
        ]
      },
      "id": "node/11147652621"
    },
    {
      "type": "Feature",
      "properties": {
        "@id": "node/11147652623",
        "amenity": "fast_food",
        "cuisine": "juice"
      },
      "geometry": {
        "type": "Point",
        "coordinates": [
          103.8141826,
          1.3242595
        ]
      },
      "id": "node/11147652623"
    },
    {
      "type": "Feature",
      "properties": {
        "@id": "node/11147652624",
        "amenity": "fast_food",
        "cuisine": "juice"
      },
      "geometry": {
        "type": "Point",
        "coordinates": [
          103.8142034,
          1.3242614
        ]
      },
      "id": "node/11147652624"
    },
    {
      "type": "Feature",
      "properties": {
        "@id": "node/11166342167",
        "amenity": "fast_food",
        "brand": "McDonald's",
        "brand:wikidata": "Q38076",
        "cuisine": "burger",
        "name": "McDonald's",
        "takeaway": "yes"
      },
      "geometry": {
        "type": "Point",
        "coordinates": [
          103.8343834,
          1.4166516
        ]
      },
      "id": "node/11166342167"
    },
    {
      "type": "Feature",
      "properties": {
        "@id": "node/11166377839",
        "amenity": "fast_food",
        "brand": "McDonald's",
        "brand:wikidata": "Q38076",
        "cuisine": "burger",
        "name": "McDonald's",
        "takeaway": "yes"
      },
      "geometry": {
        "type": "Point",
        "coordinates": [
          103.8497901,
          1.4281796
        ]
      },
      "id": "node/11166377839"
    },
    {
      "type": "Feature",
      "properties": {
        "@id": "node/11166388523",
        "amenity": "fast_food",
        "brand": "Burger King",
        "brand:wikidata": "Q177054",
        "cuisine": "burger",
        "name": "Burger King",
        "takeaway": "yes"
      },
      "geometry": {
        "type": "Point",
        "coordinates": [
          103.8311671,
          1.4144554
        ]
      },
      "id": "node/11166388523"
    },
    {
      "type": "Feature",
      "properties": {
        "@id": "node/11167054405",
        "amenity": "fast_food",
        "name": "J2 Famous Crispy Curry Puff"
      },
      "geometry": {
        "type": "Point",
        "coordinates": [
          103.846577,
          1.2793238
        ]
      },
      "id": "node/11167054405"
    },
    {
      "type": "Feature",
      "properties": {
        "@id": "node/11170436835",
        "addr:housenumber": "44",
        "addr:street": "Cuff Road",
        "air_conditioning": "no",
        "amenity": "fast_food",
        "check_date": "2023-09-02",
        "cuisine": "indian",
        "name": "Fortune Corner Eating House",
        "payment:cash": "yes",
        "wheelchair": "no"
      },
      "geometry": {
        "type": "Point",
        "coordinates": [
          103.8535768,
          1.3067817
        ]
      },
      "id": "node/11170436835"
    },
    {
      "type": "Feature",
      "properties": {
        "@id": "node/11174329979",
        "amenity": "fast_food",
        "brand": "Domino's",
        "brand:wikidata": "Q839466",
        "cuisine": "pizza",
        "drive_through": "no",
        "name": "Domino's",
        "opening_hours": "Mo-Su 10:30-23:00",
        "takeaway": "yes"
      },
      "geometry": {
        "type": "Point",
        "coordinates": [
          103.6859813,
          1.3466004
        ]
      },
      "id": "node/11174329979"
    },
    {
      "type": "Feature",
      "properties": {
        "@id": "node/11180682095",
        "addr:city": "Singapore",
        "addr:street": "Tampines Ave 3",
        "amenity": "fast_food",
        "cuisine": "burger",
        "drive_through": "no",
        "name": "macdonald's",
        "opening_hours": "24/7",
        "operator": "Macdonald's"
      },
      "geometry": {
        "type": "Point",
        "coordinates": [
          103.9355783,
          1.3487215
        ]
      },
      "id": "node/11180682095"
    },
    {
      "type": "Feature",
      "properties": {
        "@id": "node/11194372070",
        "amenity": "fast_food",
        "brand": "Subway",
        "brand:wikidata": "Q244457",
        "cuisine": "sandwich",
        "name": "Subway",
        "takeaway": "yes",
        "wheelchair": "yes"
      },
      "geometry": {
        "type": "Point",
        "coordinates": [
          103.8383068,
          1.4245041
        ]
      },
      "id": "node/11194372070"
    },
    {
      "type": "Feature",
      "properties": {
        "@id": "node/11271561069",
        "amenity": "fast_food",
        "brand": "Subway",
        "brand:wikidata": "Q244457",
        "cuisine": "sandwich",
        "name": "Subway",
        "takeaway": "yes"
      },
      "geometry": {
        "type": "Point",
        "coordinates": [
          103.8444125,
          1.3381336
        ]
      },
      "id": "node/11271561069"
    },
    {
      "type": "Feature",
      "properties": {
        "@id": "node/11274643752",
        "addr:city": "Singapore",
        "addr:housenumber": "900",
        "addr:postcode": "158790",
        "addr:street": "Tiong Bahru Road",
        "air_conditioning": "yes",
        "amenity": "fast_food",
        "branch": "Delta Sports Center",
        "brand": "McDonald's",
        "brand:wikidata": "Q38076",
        "cuisine": "burger",
        "name": "McDonald's",
        "takeaway": "yes"
      },
      "geometry": {
        "type": "Point",
        "coordinates": [
          103.8198417,
          1.2890508
        ]
      },
      "id": "node/11274643752"
    },
    {
      "type": "Feature",
      "properties": {
        "@id": "node/11276372436",
        "amenity": "fast_food",
        "brand": "Subway",
        "brand:wikidata": "Q244457",
        "cuisine": "sandwich",
        "name": "Subway",
        "takeaway": "yes",
        "wheelchair": "no"
      },
      "geometry": {
        "type": "Point",
        "coordinates": [
          103.8414254,
          1.3800467
        ]
      },
      "id": "node/11276372436"
    },
    {
      "type": "Feature",
      "properties": {
        "@id": "node/11279549802",
        "amenity": "fast_food",
        "branch": "Le Quest Mall",
        "cuisine": "salad",
        "name": "Yoz! Salad",
        "takeaway": "yes"
      },
      "geometry": {
        "type": "Point",
        "coordinates": [
          103.7413457,
          1.3553058
        ]
      },
      "id": "node/11279549802"
    },
    {
      "type": "Feature",
      "properties": {
        "@id": "node/11279549807",
        "amenity": "fast_food",
        "branch": "Le Quest Mall",
        "brand": "Subway",
        "brand:wikidata": "Q244457",
        "cuisine": "sandwich",
        "name": "Subway",
        "takeaway": "yes"
      },
      "geometry": {
        "type": "Point",
        "coordinates": [
          103.7416226,
          1.355639
        ]
      },
      "id": "node/11279549807"
    },
    {
      "type": "Feature",
      "properties": {
        "@id": "node/11279549812",
        "amenity": "fast_food",
        "branch": "Le Quest Mall",
        "brand": "McDonald's",
        "brand:wikidata": "Q38076",
        "cuisine": "burger",
        "name": "McDonald's",
        "takeaway": "yes"
      },
      "geometry": {
        "type": "Point",
        "coordinates": [
          103.7409467,
          1.3556604
        ]
      },
      "id": "node/11279549812"
    },
    {
      "type": "Feature",
      "properties": {
        "@id": "node/11279549814",
        "alt_name": "Kentucky Fried Chicken",
        "amenity": "fast_food",
        "branch": "Le Quest Mall",
        "brand": "KFC",
        "brand:wikidata": "Q524757",
        "cuisine": "chicken",
        "name": "KFC",
        "takeaway": "yes"
      },
      "geometry": {
        "type": "Point",
        "coordinates": [
          103.7412032,
          1.3554191
        ]
      },
      "id": "node/11279549814"
    },
    {
      "type": "Feature",
      "properties": {
        "@id": "node/11279549815",
        "amenity": "fast_food",
        "branch": "Le Quest Mall",
        "brand": "4 Fingers Crispy Chicken",
        "cuisine": "chicken",
        "name": "4 Fingers Crispy Chicken",
        "takeaway": "yes"
      },
      "geometry": {
        "type": "Point",
        "coordinates": [
          103.7414369,
          1.3554352
        ]
      },
      "id": "node/11279549815"
    },
    {
      "type": "Feature",
      "properties": {
        "@id": "node/11293429386",
        "addr:city": "Singapore",
        "addr:country": "SG",
        "addr:housenumber": "1",
        "addr:postcode": "069184",
        "addr:street": "Kadayanallur Street",
        "addr:unit": "#86",
        "amenity": "fast_food",
        "check_date": "2025-08-10",
        "cuisine": "kebab;turkish",
        "fast_food": "cafeteria",
        "indoor_seating": "yes",
        "level": "0",
        "name": "Sultan Kebab",
        "outdoor_seating": "yes",
        "takeaway": "only",
        "wheelchair": "yes"
      },
      "geometry": {
        "type": "Point",
        "coordinates": [
          103.8445095,
          1.2804496
        ]
      },
      "id": "node/11293429386"
    },
    {
      "type": "Feature",
      "properties": {
        "@id": "node/11293429397",
        "amenity": "fast_food",
        "cuisine": "japanese;curry",
        "level": "-1",
        "name": "Kuro Karé",
        "toilets": "no"
      },
      "geometry": {
        "type": "Point",
        "coordinates": [
          103.8497627,
          1.2972387
        ]
      },
      "id": "node/11293429397"
    },
    {
      "type": "Feature",
      "properties": {
        "@id": "node/11293429398",
        "amenity": "fast_food",
        "cuisine": "donut",
        "level": "0",
        "name": "Onalu",
        "outdoor_seating": "yes",
        "takeaway": "yes"
      },
      "geometry": {
        "type": "Point",
        "coordinates": [
          103.8495324,
          1.2960708
        ]
      },
      "id": "node/11293429398"
    },
    {
      "type": "Feature",
      "properties": {
        "@id": "node/11293429421",
        "addr:city": "Singapore",
        "addr:country": "SG",
        "addr:housenumber": "1",
        "addr:postcode": "069184",
        "addr:street": "Kadayanallur Street",
        "addr:unit": "#85",
        "amenity": "fast_food",
        "check_date": "2025-08-10",
        "cuisine": "thai",
        "fast_food": "cafeteria",
        "indoor_seating": "yes",
        "level": "0",
        "name": "Sisaket Thai Food",
        "outdoor_seating": "yes",
        "takeaway": "only",
        "wheelchair": "yes"
      },
      "geometry": {
        "type": "Point",
        "coordinates": [
          103.8444898,
          1.2804718
        ]
      },
      "id": "node/11293429421"
    },
    {
      "type": "Feature",
      "properties": {
        "@id": "node/11293429423",
        "addr:city": "Singapore",
        "addr:country": "SG",
        "addr:housenumber": "1",
        "addr:postcode": "069184",
        "addr:street": "Kadayanallur Street",
        "addr:unit": "#87",
        "amenity": "fast_food",
        "check_date": "2025-08-10",
        "cuisine": "chinese;sichuan",
        "fast_food": "cafeteria",
        "indoor_seating": "yes",
        "level": "0",
        "name": "四川菜馆 Sichuan Cuisine",
        "name:en": "Sichuan Cuisine",
        "name:zh-Hans": "四川菜馆",
        "name:zh-Hant": "四川菜館",
        "outdoor_seating": "yes",
        "takeaway": "only",
        "wheelchair": "yes"
      },
      "geometry": {
        "type": "Point",
        "coordinates": [
          103.84453,
          1.2804265
        ]
      },
      "id": "node/11293429423"
    },
    {
      "type": "Feature",
      "properties": {
        "@id": "node/11297615926",
        "addr:housenumber": "90",
        "addr:street": "Whampoa Drive",
        "addr:unit": "#01-65",
        "amenity": "fast_food",
        "check_date": "2023-10-28"
      },
      "geometry": {
        "type": "Point",
        "coordinates": [
          103.8549166,
          1.3232102
        ]
      },
      "id": "node/11297615926"
    },
    {
      "type": "Feature",
      "properties": {
        "@id": "node/11297615927",
        "addr:housenumber": "90",
        "addr:street": "Whampoa Drive",
        "addr:unit": "#01-66",
        "amenity": "fast_food",
        "check_date": "2023-10-28",
        "cuisine": "rice"
      },
      "geometry": {
        "type": "Point",
        "coordinates": [
          103.8548955,
          1.3232287
        ]
      },
      "id": "node/11297615927"
    },
    {
      "type": "Feature",
      "properties": {
        "@id": "node/11297615928",
        "addr:housenumber": "90",
        "addr:street": "Whampoa Drive",
        "amenity": "fast_food",
        "check_date": "2023-10-28",
        "cuisine": "indian",
        "name": "Banana Leaf"
      },
      "geometry": {
        "type": "Point",
        "coordinates": [
          103.8549365,
          1.3231942
        ]
      },
      "id": "node/11297615928"
    },
    {
      "type": "Feature",
      "properties": {
        "@id": "node/11297639087",
        "addr:housenumber": "20",
        "addr:postcode": "329984",
        "addr:street": "Ah Hood Road",
        "air_conditioning": "yes",
        "amenity": "fast_food",
        "check_date": "2024-01-02",
        "contact:facebook": "https://www.facebook.com/stackzsingapore",
        "contact:instagram": "https://www.instagram.com/stackzsingapore",
        "contact:whatsapp": "+6580628932",
        "cuisine": "fried_rice;american;pancake",
        "delivery": "yes",
        "diet:halal": "yes",
        "diet:vegetarian": "yes",
        "level": "0",
        "name": "Stackz",
        "opening_hours": "09:00-22:00",
        "outdoor_seating": "no",
        "phone": "+65 6694 0744",
        "reservation": "yes",
        "website": "https://stackzsingapore.com/",
        "website:menu": "https://stackzsingapore.com/wp-content/uploads/2020/05/stacks-look-wise.pdf"
      },
      "geometry": {
        "type": "Point",
        "coordinates": [
          103.8467664,
          1.3268232
        ]
      },
      "id": "node/11297639087"
    },
    {
      "type": "Feature",
      "properties": {
        "@id": "node/11297639093",
        "addr:housenumber": "90",
        "addr:street": "Whampoa Drive",
        "amenity": "fast_food",
        "check_date": "2023-10-16",
        "cuisine": "juice"
      },
      "geometry": {
        "type": "Point",
        "coordinates": [
          103.8548956,
          1.3231335
        ]
      },
      "id": "node/11297639093"
    },
    {
      "type": "Feature",
      "properties": {
        "@id": "node/11323077054",
        "addr:city": "Singapore",
        "addr:housenumber": "437",
        "addr:postcode": "238878",
        "addr:street": "Orchard Road",
        "amenity": "fast_food",
        "brand": "Popeyes",
        "brand:wikidata": "Q1330910",
        "cuisine": "chicken",
        "name": "Popeyes",
        "official_name": "Popeyes Louisiana Kitchen",
        "opening_hours": "Mo-Su 10:00-22:00",
        "takeaway": "yes",
        "website": "https://popeyes.com.sg/"
      },
      "geometry": {
        "type": "Point",
        "coordinates": [
          103.8321927,
          1.3036487
        ]
      },
      "id": "node/11323077054"
    },
    {
      "type": "Feature",
      "properties": {
        "@id": "node/11323077058",
        "addr:city": "Singapore",
        "addr:housenumber": "#B1-149",
        "addr:place": "Suntec City",
        "addr:postcode": "038983",
        "amenity": "fast_food",
        "branch": "Suntec City",
        "brand": "Long John Silver's",
        "brand:wikidata": "Q1535221",
        "cuisine": "seafood",
        "drive_through": "no",
        "level": "-1",
        "name": "Long John Silver's",
        "opening_hours": "Mo-Su 08:00-22:00",
        "takeaway": "yes"
      },
      "geometry": {
        "type": "Point",
        "coordinates": [
          103.8586017,
          1.2959457
        ]
      },
      "id": "node/11323077058"
    },
    {
      "type": "Feature",
      "properties": {
        "@id": "node/11335540704",
        "addr:housenumber": "#01-12",
        "addr:street": "101 Thomson Road, United Square Shopping Mall",
        "amenity": "fast_food",
        "check_date": "2023-11-09",
        "cuisine": "noodle",
        "name": "Onkei Tonkatsu"
      },
      "geometry": {
        "type": "Point",
        "coordinates": [
          103.8439354,
          1.3171088
        ]
      },
      "id": "node/11335540704"
    },
    {
      "type": "Feature",
      "properties": {
        "@id": "node/11335540718",
        "addr:housenumber": "103",
        "addr:street": "Irrawaddy Road",
        "addr:unit": "01-08",
        "amenity": "fast_food",
        "check_date": "2023-11-09",
        "cuisine": "fried_rice",
        "level": "0",
        "name": "Fried Rice"
      },
      "geometry": {
        "type": "Point",
        "coordinates": [
          103.8429433,
          1.3204223
        ]
      },
      "id": "node/11335540718"
    },
    {
      "type": "Feature",
      "properties": {
        "@id": "node/11335540731",
        "amenity": "fast_food",
        "check_date": "2023-11-06",
        "cuisine": "noodle",
        "name": "Eng's Wantan Noodle",
        "wheelchair": "yes"
      },
      "geometry": {
        "type": "Point",
        "coordinates": [
          103.843945,
          1.3175143
        ]
      },
      "id": "node/11335540731"
    },
    {
      "type": "Feature",
      "properties": {
        "@id": "node/11335540732",
        "amenity": "fast_food",
        "brand": "老曾记",
        "brand:en": "Old Chang Kee",
        "brand:wikidata": "Q17005286",
        "brand:zh": "老曾记",
        "check_date": "2023-11-06",
        "cuisine": "snacks",
        "level": "0",
        "name": "Old Chang Kee 老曾记",
        "name:en": "Old Chang Kee",
        "name:zh": "老曾记",
        "takeaway": "yes",
        "wheelchair": "yes"
      },
      "geometry": {
        "type": "Point",
        "coordinates": [
          103.8439647,
          1.3174397
        ]
      },
      "id": "node/11335540732"
    },
    {
      "type": "Feature",
      "properties": {
        "@id": "node/11340667879",
        "addr:city": "Singapore",
        "addr:housenumber": "#B1-31",
        "addr:street": "The Star Vista",
        "amenity": "fast_food",
        "cuisine": "chinese",
        "level": "-1",
        "name": "友記 Yew Kee Specialities",
        "opening_hours": "Mo-Su 11:00-21:00"
      },
      "geometry": {
        "type": "Point",
        "coordinates": [
          103.7880803,
          1.3067764
        ]
      },
      "id": "node/11340667879"
    },
    {
      "type": "Feature",
      "properties": {
        "@id": "node/11343336049",
        "addr:housenumber": "238",
        "addr:street": "Thomson Road",
        "amenity": "fast_food",
        "check_date": "2024-01-12",
        "level": "0",
        "name": "Dim Sum Shop"
      },
      "geometry": {
        "type": "Point",
        "coordinates": [
          103.8433768,
          1.3200053
        ]
      },
      "id": "node/11343336049"
    },
    {
      "type": "Feature",
      "properties": {
        "@id": "node/11366744152",
        "amenity": "fast_food",
        "brand": "Subway",
        "brand:wikidata": "Q244457",
        "cuisine": "sandwich",
        "drive_through": "no",
        "level": "0",
        "name": "Subway",
        "takeaway": "yes"
      },
      "geometry": {
        "type": "Point",
        "coordinates": [
          103.9050902,
          1.4083647
        ]
      },
      "id": "node/11366744152"
    },
    {
      "type": "Feature",
      "properties": {
        "@id": "node/11381484478",
        "amenity": "fast_food",
        "brand": "Subway",
        "brand:wikidata": "Q244457",
        "cuisine": "sandwich",
        "level": "0",
        "name": "Subway",
        "takeaway": "yes"
      },
      "geometry": {
        "type": "Point",
        "coordinates": [
          103.868519,
          1.3313199
        ]
      },
      "id": "node/11381484478"
    },
    {
      "type": "Feature",
      "properties": {
        "@id": "node/11381484484",
        "amenity": "fast_food",
        "brand": "Subway",
        "brand:wikidata": "Q244457",
        "cuisine": "sandwich",
        "name": "Subway",
        "takeaway": "yes"
      },
      "geometry": {
        "type": "Point",
        "coordinates": [
          103.8632389,
          1.3184888
        ]
      },
      "id": "node/11381484484"
    },
    {
      "type": "Feature",
      "properties": {
        "@id": "node/11391932582",
        "addr:city": "Singapore",
        "addr:country": "SG",
        "addr:housenumber": "1",
        "addr:postcode": "069184",
        "addr:street": "Kadayanallur Street",
        "addr:unit": "#99",
        "air_conditioning": "no",
        "amenity": "fast_food",
        "check_date": "2025-08-10",
        "cuisine": "dessert;indian",
        "diet:halal": "yes",
        "diet:vegetarian": "yes",
        "fast_food": "cafeteria",
        "indoor_seating": "yes",
        "name": "Mr. Appam",
        "opening_hours": "Tu-Su 08:00-20:00",
        "outdoor_seating": "yes",
        "takeaway": "only"
      },
      "geometry": {
        "type": "Point",
        "coordinates": [
          103.8447678,
          1.2801587
        ]
      },
      "id": "node/11391932582"
    },
    {
      "type": "Feature",
      "properties": {
        "@id": "node/11428033349",
        "alt_name": "Kentucky Fried Chicken",
        "amenity": "fast_food",
        "brand": "KFC",
        "brand:wikidata": "Q524757",
        "cuisine": "chicken",
        "name": "KFC",
        "takeaway": "yes",
        "wheelchair": "yes"
      },
      "geometry": {
        "type": "Point",
        "coordinates": [
          103.8415473,
          1.4332606
        ]
      },
      "id": "node/11428033349"
    },
    {
      "type": "Feature",
      "properties": {
        "@id": "node/11428033351",
        "amenity": "fast_food",
        "brand": "Burger King",
        "brand:wikidata": "Q177054",
        "cuisine": "burger",
        "name": "Burger King",
        "takeaway": "yes"
      },
      "geometry": {
        "type": "Point",
        "coordinates": [
          103.8414134,
          1.4331455
        ]
      },
      "id": "node/11428033351"
    },
    {
      "type": "Feature",
      "properties": {
        "@id": "node/11428033352",
        "amenity": "fast_food",
        "brand": "Subway",
        "brand:wikidata": "Q244457",
        "cuisine": "sandwich",
        "name": "Subway",
        "takeaway": "yes"
      },
      "geometry": {
        "type": "Point",
        "coordinates": [
          103.8413834,
          1.4328278
        ]
      },
      "id": "node/11428033352"
    },
    {
      "type": "Feature",
      "properties": {
        "@id": "node/11434168649",
        "amenity": "fast_food",
        "brand": "Guzman y Gomez",
        "brand:wikidata": "Q23019759",
        "cuisine": "mexican",
        "level": "0",
        "name": "Guzman y Gomez",
        "opening_hours": "Mo-Su,PH 10:00-22:30",
        "takeaway": "yes"
      },
      "geometry": {
        "type": "Point",
        "coordinates": [
          103.7942614,
          1.3112796
        ]
      },
      "id": "node/11434168649"
    },
    {
      "type": "Feature",
      "properties": {
        "@id": "node/11434274272",
        "amenity": "fast_food",
        "level": "-1",
        "name": "Sugarkoh"
      },
      "geometry": {
        "type": "Point",
        "coordinates": [
          103.7951866,
          1.3106503
        ]
      },
      "id": "node/11434274272"
    },
    {
      "type": "Feature",
      "properties": {
        "@id": "node/11455416656",
        "addr:unit": "81",
        "air_conditioning": "yes",
        "amenity": "fast_food",
        "cuisine": "chicken;korean",
        "level": "0",
        "name": "NeNe Chicken"
      },
      "geometry": {
        "type": "Point",
        "coordinates": [
          103.9406834,
          1.353735
        ]
      },
      "id": "node/11455416656"
    },
    {
      "type": "Feature",
      "properties": {
        "@id": "node/11472804055",
        "addr:floor": "2",
        "addr:housenumber": "190",
        "addr:postcode": "188979",
        "addr:street": "Middle Road",
        "addr:unit": "02-18",
        "air_conditioning": "yes",
        "amenity": "fast_food",
        "check_date": "2024-09-27",
        "cuisine": "korean",
        "delivery": "yes",
        "diet:halal": "no",
        "level": "1",
        "name": "Hanwagi Korean Food",
        "opening_hours": "10:00-16:30,18:00-21:00",
        "payment:cash": "yes",
        "payment:credit_cards": "yes",
        "payment:debit_cards": "yes",
        "payment:nets": "yes",
        "payment:paynow": "yes",
        "wheelchair": "yes"
      },
      "geometry": {
        "type": "Point",
        "coordinates": [
          103.8521854,
          1.3004988
        ]
      },
      "id": "node/11472804055"
    },
    {
      "type": "Feature",
      "properties": {
        "@id": "node/11477297669",
        "addr:city": "Singapore",
        "addr:country": "SG",
        "addr:housenumber": "1",
        "addr:postcode": "069184",
        "addr:street": "Kadayanallur Street",
        "addr:unit": "#91",
        "amenity": "fast_food",
        "check_date": "2025-08-10",
        "cuisine": "chinese;dessert",
        "fast_food": "cafeteria",
        "indoor_seating": "yes",
        "name": "老伴豆花 Lao Ban Soya Beancurd",
        "name:en": "Lao Ban Soya Beancurd",
        "name:zh-Hans": "老伴豆花",
        "name:zh-Hant": "老伴豆花",
        "outdoor_seating": "yes",
        "takeaway": "only"
      },
      "geometry": {
        "type": "Point",
        "coordinates": [
          103.8446004,
          1.2803472
        ]
      },
      "id": "node/11477297669"
    },
    {
      "type": "Feature",
      "properties": {
        "@id": "node/11477308669",
        "addr:city": "Singapore",
        "addr:country": "SG",
        "addr:housenumber": "1",
        "addr:postcode": "069184",
        "addr:street": "Kadayanallur Street",
        "addr:unit": "#77",
        "amenity": "fast_food",
        "check_date": "2025-08-10",
        "cuisine": "chinese;rice_noodle",
        "fast_food": "cafeteria",
        "indoor_seating": "yes",
        "name": "金華魚頭米粉 Jin Hua Fish Head Bee Hoon",
        "name:en": "Jin Hua Fish Head Bee Hoon",
        "name:zh-Hans": "金华鱼头米粉",
        "name:zh-Hant": "金華魚頭米粉",
        "outdoor_seating": "yes",
        "takeaway": "only"
      },
      "geometry": {
        "type": "Point",
        "coordinates": [
          103.8446823,
          1.2803856
        ]
      },
      "id": "node/11477308669"
    },
    {
      "type": "Feature",
      "properties": {
        "@id": "node/11521903326",
        "amenity": "fast_food",
        "check_date": "2024-01-13",
        "cuisine": "noodle",
        "level": "0",
        "name": "Do Rae Mee"
      },
      "geometry": {
        "type": "Point",
        "coordinates": [
          103.8569098,
          1.2893942
        ]
      },
      "id": "node/11521903326"
    },
    {
      "type": "Feature",
      "properties": {
        "@id": "node/11521903327",
        "addr:housenumber": "8",
        "addr:street": "Raffles Avenue",
        "amenity": "fast_food",
        "check_date": "2024-01-13",
        "cuisine": "local",
        "level": "0",
        "name": "Balestier Bak Kut Teh"
      },
      "geometry": {
        "type": "Point",
        "coordinates": [
          103.8569072,
          1.2893423
        ]
      },
      "id": "node/11521903327"
    },
    {
      "type": "Feature",
      "properties": {
        "@id": "node/11521903333",
        "amenity": "fast_food",
        "brand": "Subway",
        "brand:wikidata": "Q244457",
        "check_date": "2024-01-12",
        "cuisine": "sandwich",
        "level": "0",
        "name": "Subway",
        "takeaway": "yes"
      },
      "geometry": {
        "type": "Point",
        "coordinates": [
          103.8353372,
          1.3165545
        ]
      },
      "id": "node/11521903333"
    },
    {
      "type": "Feature",
      "properties": {
        "@id": "node/11563386266",
        "addr:housenumber": "1",
        "addr:street": "North Bridge Road",
        "air_conditioning": "yes",
        "amenity": "fast_food",
        "check_date": "2024-02-08",
        "cuisine": "indian",
        "diet:halal": "yes",
        "diet:vegetarian": "yes",
        "name": "Sai Kitchen",
        "outdoor_seating": "no",
        "payment:cards": "no",
        "payment:cash": "yes",
        "payment:credit_cards": "no",
        "payment:debit_cards": "no",
        "payment:paynow": "yes"
      },
      "geometry": {
        "type": "Point",
        "coordinates": [
          103.8494933,
          1.2899693
        ]
      },
      "id": "node/11563386266"
    },
    {
      "type": "Feature",
      "properties": {
        "@id": "node/11573236356",
        "amenity": "fast_food",
        "brand": "McDonald's",
        "brand:en": "McDonald's",
        "brand:wikidata": "Q38076",
        "brand:zh": "麦当劳",
        "brand:zh-Hans": "麦当劳",
        "cuisine": "burger",
        "drive_through": "yes",
        "name": "McDonald's",
        "name:en": "McDonald's",
        "name:zh": "麦当劳",
        "name:zh-Hans": "麦当劳",
        "takeaway": "yes"
      },
      "geometry": {
        "type": "Point",
        "coordinates": [
          103.8335322,
          1.3188935
        ]
      },
      "id": "node/11573236356"
    },
    {
      "type": "Feature",
      "properties": {
        "@id": "node/11641240718",
        "amenity": "fast_food",
        "brand": "KFC",
        "brand:en": "KFC",
        "brand:wikidata": "Q524757",
        "brand:zh": "肯德基",
        "cuisine": "chicken",
        "name": "KFC",
        "name:en": "KFC",
        "name:zh": "肯德基",
        "takeaway": "yes"
      },
      "geometry": {
        "type": "Point",
        "coordinates": [
          103.8333061,
          1.3071025
        ]
      },
      "id": "node/11641240718"
    },
    {
      "type": "Feature",
      "properties": {
        "@id": "node/11669078699",
        "amenity": "fast_food",
        "brand": "McDonald's",
        "brand:wikidata": "Q38076",
        "cuisine": "burger",
        "name": "McDonald's",
        "takeaway": "yes"
      },
      "geometry": {
        "type": "Point",
        "coordinates": [
          103.7953836,
          1.4375063
        ]
      },
      "id": "node/11669078699"
    },
    {
      "type": "Feature",
      "properties": {
        "@id": "node/11691264675",
        "amenity": "fast_food",
        "brand": "Subway",
        "brand:wikidata": "Q244457",
        "cuisine": "sandwich",
        "name": "Subway",
        "takeaway": "yes"
      },
      "geometry": {
        "type": "Point",
        "coordinates": [
          103.8433878,
          1.4104293
        ]
      },
      "id": "node/11691264675"
    },
    {
      "type": "Feature",
      "properties": {
        "@id": "node/11710499731",
        "amenity": "fast_food",
        "brand": "McDonald's",
        "brand:wikidata": "Q38076",
        "cuisine": "burger",
        "name": "McDonald's",
        "takeaway": "yes"
      },
      "geometry": {
        "type": "Point",
        "coordinates": [
          103.8247755,
          1.4417654
        ]
      },
      "id": "node/11710499731"
    },
    {
      "type": "Feature",
      "properties": {
        "@id": "node/11724980052",
        "alt_name": "Dunkin' Donuts",
        "amenity": "fast_food",
        "brand": "Dunkin'",
        "brand:wikidata": "Q847743",
        "check_date": "2024-03-12",
        "cuisine": "donut;coffee_shop",
        "level": "0",
        "name": "Dunkin'",
        "takeaway": "yes"
      },
      "geometry": {
        "type": "Point",
        "coordinates": [
          103.833273,
          1.3070112
        ]
      },
      "id": "node/11724980052"
    },
    {
      "type": "Feature",
      "properties": {
        "@id": "node/11724980053",
        "amenity": "fast_food",
        "check_date": "2024-03-12",
        "cuisine": "korean",
        "name": "Seoul Bunsik"
      },
      "geometry": {
        "type": "Point",
        "coordinates": [
          103.8332013,
          1.3068585
        ]
      },
      "id": "node/11724980053"
    },
    {
      "type": "Feature",
      "properties": {
        "@id": "node/11754949190",
        "amenity": "fast_food",
        "check_date": "2024-03-20",
        "name": "Super Dream"
      },
      "geometry": {
        "type": "Point",
        "coordinates": [
          103.8551675,
          1.3003052
        ]
      },
      "id": "node/11754949190"
    },
    {
      "type": "Feature",
      "properties": {
        "@id": "node/11813192571",
        "addr:housenumber": "1",
        "addr:street": "Raffles Place",
        "amenity": "fast_food",
        "check_date": "2024-04-29",
        "level": "0",
        "name": "Marks & Spencer Food"
      },
      "geometry": {
        "type": "Point",
        "coordinates": [
          103.8511744,
          1.2838748
        ]
      },
      "id": "node/11813192571"
    },
    {
      "type": "Feature",
      "properties": {
        "@id": "node/11816822650",
        "addr:housenumber": "90",
        "addr:street": "Whampoa Drive",
        "addr:unit": "#01-73",
        "amenity": "fast_food",
        "check_date": "2024-04-12",
        "cuisine": "malaysian",
        "diet:halal": "yes",
        "name": "Annie’s Halal Cuisine"
      },
      "geometry": {
        "type": "Point",
        "coordinates": [
          103.8549365,
          1.3232696
        ]
      },
      "id": "node/11816822650"
    },
    {
      "type": "Feature",
      "properties": {
        "@id": "node/11816822662",
        "addr:housenumber": "90",
        "addr:street": "Whampoa Drive",
        "addr:unit": "#01-71",
        "amenity": "fast_food",
        "check_date": "2024-04-12",
        "cuisine": "vietnamese",
        "name": "Vân Pho",
        "payment:cards": "no",
        "payment:cash": "yes",
        "payment:credit_cards": "no",
        "payment:debit_cards": "no",
        "payment:paynow": "yes"
      },
      "geometry": {
        "type": "Point",
        "coordinates": [
          103.8548892,
          1.3233054
        ]
      },
      "id": "node/11816822662"
    },
    {
      "type": "Feature",
      "properties": {
        "@id": "node/11816881175",
        "addr:housenumber": "90",
        "addr:street": "Whampoa Drive",
        "addr:unit": "#01-72",
        "amenity": "fast_food",
        "check_date": "2024-04-12",
        "cuisine": "noodle"
      },
      "geometry": {
        "type": "Point",
        "coordinates": [
          103.8549104,
          1.3232872
        ]
      },
      "id": "node/11816881175"
    },
    {
      "type": "Feature",
      "properties": {
        "@id": "node/11816881179",
        "addr:housename": "Esplanade Mall",
        "addr:postcode": "039802",
        "air_conditioning": "yes",
        "amenity": "fast_food",
        "brand": "Subway",
        "brand:wikidata": "Q244457",
        "check_date": "2024-04-14",
        "cuisine": "sandwich",
        "diet:halal": "yes",
        "diet:vegetarian": "yes",
        "drive_through": "no",
        "level": "0",
        "name": "Subway",
        "opening_hours": "Mo-Su,PH 11:00-22:00",
        "outdoor_seating": "no",
        "payment:cash": "yes",
        "payment:credit_cards": "yes",
        "payment:debit_cards": "yes",
        "pet": "no",
        "phone": "+65 6970 0737",
        "takeaway": "yes",
        "wheelchair": "yes"
      },
      "geometry": {
        "type": "Point",
        "coordinates": [
          103.8561231,
          1.289907
        ]
      },
      "id": "node/11816881179"
    },
    {
      "type": "Feature",
      "properties": {
        "@id": "node/11819577945",
        "addr:city": "Singapore",
        "addr:floor": "1",
        "addr:housenumber": "43",
        "addr:postcode": "099010",
        "addr:street": "Siloso Beach Walk",
        "addr:unit": "4",
        "amenity": "fast_food",
        "branch": "Sentosa",
        "brand": "Shake Shack",
        "brand:wikidata": "Q1058722",
        "cuisine": "burger",
        "name": "Shake Shack",
        "takeaway": "yes"
      },
      "geometry": {
        "type": "Point",
        "coordinates": [
          103.817401,
          1.2519679
        ]
      },
      "id": "node/11819577945"
    },
    {
      "type": "Feature",
      "properties": {
        "@id": "node/11819577949",
        "addr:city": "Singapore",
        "addr:floor": "1",
        "addr:housenumber": "3",
        "addr:postcode": "098977",
        "addr:street": "Siloso Road",
        "addr:unit": "1",
        "alt_name": "Kentucky Fried Chicken",
        "amenity": "fast_food",
        "branch": "Sensoryscape",
        "brand": "KFC",
        "brand:wikidata": "Q524757",
        "cuisine": "chicken",
        "name": "KFC",
        "takeaway": "yes"
      },
      "geometry": {
        "type": "Point",
        "coordinates": [
          103.8191406,
          1.2545222
        ]
      },
      "id": "node/11819577949"
    },
    {
      "type": "Feature",
      "properties": {
        "@id": "node/11834966930",
        "addr:housenumber": "1",
        "addr:street": "Tessensohn Road",
        "amenity": "fast_food",
        "check_date": "2024-04-19",
        "cuisine": "noodle",
        "name": "Slurp Mee"
      },
      "geometry": {
        "type": "Point",
        "coordinates": [
          103.8576636,
          1.3165369
        ]
      },
      "id": "node/11834966930"
    },
    {
      "type": "Feature",
      "properties": {
        "@id": "node/11834999303",
        "amenity": "fast_food",
        "check_date": "2024-04-21",
        "name": "Abang Dol"
      },
      "geometry": {
        "type": "Point",
        "coordinates": [
          103.897778,
          1.3157233
        ]
      },
      "id": "node/11834999303"
    },
    {
      "type": "Feature",
      "properties": {
        "@id": "node/11834999307",
        "addr:housenumber": "14",
        "addr:street": "Haig Road",
        "addr:unit": "01-11",
        "amenity": "fast_food",
        "check_date": "2024-04-21",
        "cuisine": "dessert",
        "diet:halal": "yes",
        "level": "0",
        "name": "Nur Kidayah & Family"
      },
      "geometry": {
        "type": "Point",
        "coordinates": [
          103.8955782,
          1.3153754
        ]
      },
      "id": "node/11834999307"
    },
    {
      "type": "Feature",
      "properties": {
        "@id": "node/11850343992",
        "addr:housenumber": "23",
        "addr:street": "Campbell Lane",
        "amenity": "fast_food",
        "check_date": "2024-09-28",
        "cuisine": "indian",
        "diet:halal": "yes",
        "name": "Al Mubin Eating House",
        "opening_hours": "24/7"
      },
      "geometry": {
        "type": "Point",
        "coordinates": [
          103.8524815,
          1.3054394
        ]
      },
      "id": "node/11850343992"
    },
    {
      "type": "Feature",
      "properties": {
        "@id": "node/11850343994",
        "amenity": "fast_food",
        "check_date": "2024-04-25",
        "cuisine": "indian",
        "name": "Big Boss"
      },
      "geometry": {
        "type": "Point",
        "coordinates": [
          103.8528306,
          1.3057632
        ]
      },
      "id": "node/11850343994"
    },
    {
      "type": "Feature",
      "properties": {
        "@id": "node/11850343996",
        "addr:housenumber": "4",
        "addr:street": "Dalhousie Lane",
        "air_conditioning": "no",
        "amenity": "fast_food",
        "check_date": "2025-04-28",
        "name": "Jay & Jay"
      },
      "geometry": {
        "type": "Point",
        "coordinates": [
          103.851989,
          1.3050119
        ]
      },
      "id": "node/11850343996"
    },
    {
      "type": "Feature",
      "properties": {
        "@id": "node/11850343999",
        "addr:floor": "1",
        "addr:housenumber": "12",
        "addr:street": "Kallang Avenue",
        "amenity": "fast_food",
        "check_date": "2024-04-24",
        "cuisine": "korean",
        "level": "0",
        "name": "Ha-Jun"
      },
      "geometry": {
        "type": "Point",
        "coordinates": [
          103.8640589,
          1.309891
        ]
      },
      "id": "node/11850343999"
    },
    {
      "type": "Feature",
      "properties": {
        "@id": "node/11850344000",
        "amenity": "fast_food",
        "check_date": "2024-04-24",
        "cuisine": "chinese",
        "name": "Zhen Neng Zhu"
      },
      "geometry": {
        "type": "Point",
        "coordinates": [
          103.8640059,
          1.3099586
        ]
      },
      "id": "node/11850344000"
    },
    {
      "type": "Feature",
      "properties": {
        "@id": "node/11861562405",
        "amenity": "fast_food",
        "brand": "Burger King",
        "brand:wikidata": "Q177054",
        "brand:wikipedia": "en:Burger King",
        "cuisine": "burger",
        "level": "0",
        "name": "Burger King",
        "opening_hours": "08:00-22:00",
        "takeaway": "yes",
        "toilets:wheelchair": "yes",
        "wheelchair": "yes"
      },
      "geometry": {
        "type": "Point",
        "coordinates": [
          103.9198268,
          1.3416258
        ]
      },
      "id": "node/11861562405"
    },
    {
      "type": "Feature",
      "properties": {
        "@id": "node/11873758869",
        "addr:postcode": "189865",
        "amenity": "fast_food",
        "check_date": "2025-04-16",
        "contact:facebook": "Pita-Bakery-Singapore-812749518792447",
        "contact:instagram": "pitabakerysingapore",
        "cuisine": "arab",
        "diet:halal": "yes",
        "diet:vegan": "yes",
        "internet_access": "wlan",
        "name": "Pita Bakery",
        "opening_hours": "Mo-Th 09:00-21:00; Fr-Su 09:00-21:30",
        "phone": "+65 6635 6256",
        "website": "https://www.pita-bakery.com/"
      },
      "geometry": {
        "type": "Point",
        "coordinates": [
          103.8584298,
          1.3012436
        ]
      },
      "id": "node/11873758869"
    },
    {
      "type": "Feature",
      "properties": {
        "@id": "node/11898833285",
        "amenity": "fast_food",
        "check_date": "2024-05-10",
        "cuisine": "pizza",
        "level": "0",
        "name": "Gopizza"
      },
      "geometry": {
        "type": "Point",
        "coordinates": [
          103.8503754,
          1.2977019
        ]
      },
      "id": "node/11898833285"
    },
    {
      "type": "Feature",
      "properties": {
        "@id": "node/11898833313",
        "addr:floor": "B1",
        "addr:housenumber": "10",
        "addr:street": "Sinaran Drive",
        "amenity": "fast_food",
        "brand": "Stuff’d",
        "check_date": "2025-02-14",
        "cuisine": "mexican;kebab",
        "diet:halal": "yes",
        "diet:vegetarian": "yes",
        "level": "-1",
        "name": "Stuff’d",
        "payment:cash": "no",
        "payment:credit_cards": "yes",
        "payment:debit_cards": "yes",
        "payment:mastercard": "yes",
        "payment:nets": "yes",
        "payment:visa": "yes",
        "takeaway": "only"
      },
      "geometry": {
        "type": "Point",
        "coordinates": [
          103.8441982,
          1.3207286
        ]
      },
      "id": "node/11898833313"
    },
    {
      "type": "Feature",
      "properties": {
        "@id": "node/11918907390",
        "addr:floor": "1",
        "amenity": "fast_food",
        "check_date": "2024-07-15",
        "diet:vegetarian": "yes",
        "level": "0",
        "name": "Omnivore",
        "takeaway": "only"
      },
      "geometry": {
        "type": "Point",
        "coordinates": [
          103.8522808,
          1.2842648
        ]
      },
      "id": "node/11918907390"
    },
    {
      "type": "Feature",
      "properties": {
        "@id": "node/11918907391",
        "addr:housenumber": "30",
        "addr:place": "Raffles Place",
        "addr:postcode": "048622",
        "addr:unit": "01-06",
        "amenity": "fast_food",
        "check_date": "2024-08-13",
        "cuisine": "sandwich",
        "level": "0",
        "name": "Sanger",
        "payment:cash": "yes",
        "payment:credit_cards": "yes",
        "payment:debit_cards": "yes",
        "takeaway": "only"
      },
      "geometry": {
        "type": "Point",
        "coordinates": [
          103.8521776,
          1.2843731
        ]
      },
      "id": "node/11918907391"
    },
    {
      "type": "Feature",
      "properties": {
        "@id": "node/11918907395",
        "amenity": "fast_food",
        "check_date": "2024-05-16",
        "cuisine": "sandwich",
        "level": "0",
        "name": "The Sandwich Shop"
      },
      "geometry": {
        "type": "Point",
        "coordinates": [
          103.8524554,
          1.2842619
        ]
      },
      "id": "node/11918907395"
    },
    {
      "type": "Feature",
      "properties": {
        "@id": "node/11928010413",
        "amenity": "fast_food",
        "level": "0",
        "name": "Shiok Burger",
        "name:zh": "新奇汉堡"
      },
      "geometry": {
        "type": "Point",
        "coordinates": [
          103.894637,
          1.3918659
        ]
      },
      "id": "node/11928010413"
    },
    {
      "type": "Feature",
      "properties": {
        "@id": "node/11935055727",
        "amenity": "fast_food",
        "check_date": "2024-05-25",
        "cuisine": "japanese",
        "name": "Matsuki"
      },
      "geometry": {
        "type": "Point",
        "coordinates": [
          103.8808006,
          1.318951
        ]
      },
      "id": "node/11935055727"
    },
    {
      "type": "Feature",
      "properties": {
        "@id": "node/11949558317",
        "addr:city": "Singapore",
        "addr:floor": "01",
        "addr:housenumber": "339",
        "addr:postcode": "540339",
        "addr:street": "Anchorvale Road",
        "addr:unit": "03",
        "air_conditioning": "yes",
        "amenity": "fast_food",
        "brand": "Burger King",
        "brand:wikidata": "Q177054",
        "brand:wikipedia": "en:Burger King",
        "cuisine": "burger",
        "delivery": "yes",
        "drive_through": "no",
        "highchair": "yes",
        "internet_access": "wlan",
        "internet_access:fee": "no",
        "level": "0",
        "name": "Burger King",
        "opening_hours": "24/7",
        "outdoor_seating": "no",
        "payment:cards": "yes",
        "payment:cash": "yes",
        "payment:coins": "yes",
        "payment:contactless": "yes",
        "payment:credit_cards": "yes",
        "payment:debit_cards": "yes",
        "payment:notes": "yes",
        "smoking": "no",
        "takeaway": "yes",
        "website": "https://www.burgerking.com.sg/Locator/Details/95",
        "website:menu": "https://www.burgerking.com.sg/Menu"
      },
      "geometry": {
        "type": "Point",
        "coordinates": [
          103.8886486,
          1.3967067
        ]
      },
      "id": "node/11949558317"
    },
    {
      "type": "Feature",
      "properties": {
        "@id": "node/11949558319",
        "amenity": "fast_food",
        "brand": "Mister Donut",
        "brand:en": "Mister Donut",
        "brand:wikidata": "Q1065819",
        "cuisine": "donut",
        "name": "Mister Donut",
        "name:en": "Mister Donut",
        "takeaway": "yes"
      },
      "geometry": {
        "type": "Point",
        "coordinates": [
          103.8883253,
          1.3966954
        ]
      },
      "id": "node/11949558319"
    },
    {
      "type": "Feature",
      "properties": {
        "@id": "node/11949558321",
        "air_conditioning": "yes",
        "amenity": "fast_food",
        "branch": "Anchorvale Village",
        "brand": "A&W",
        "highchair": "yes",
        "level": "0",
        "name": "A&W",
        "smoking": "no",
        "takeaway": "yes"
      },
      "geometry": {
        "type": "Point",
        "coordinates": [
          103.8880862,
          1.3969748
        ]
      },
      "id": "node/11949558321"
    },
    {
      "type": "Feature",
      "properties": {
        "@id": "node/11949558324",
        "amenity": "fast_food",
        "cuisine": "juice",
        "level": "0",
        "name": "Boost"
      },
      "geometry": {
        "type": "Point",
        "coordinates": [
          103.8885708,
          1.3968508
        ]
      },
      "id": "node/11949558324"
    },
    {
      "type": "Feature",
      "properties": {
        "@id": "node/11949558325",
        "amenity": "fast_food",
        "brand": "Jollibee",
        "brand:wikidata": "Q37614",
        "cuisine": "burger",
        "level": "0",
        "name": "Jollibee",
        "takeaway": "yes"
      },
      "geometry": {
        "type": "Point",
        "coordinates": [
          103.8886368,
          1.3966253
        ]
      },
      "id": "node/11949558325"
    },
    {
      "type": "Feature",
      "properties": {
        "@id": "node/11949558327",
        "addr:unit": "02",
        "amenity": "fast_food",
        "level": "0",
        "name": "The Original Vadai"
      },
      "geometry": {
        "type": "Point",
        "coordinates": [
          103.8886784,
          1.3968538
        ]
      },
      "id": "node/11949558327"
    },
    {
      "type": "Feature",
      "properties": {
        "@id": "node/11949558329",
        "amenity": "fast_food",
        "brand": "Subway",
        "brand:wikidata": "Q244457",
        "cuisine": "sandwich",
        "level": "-1",
        "name": "Subway",
        "takeaway": "yes"
      },
      "geometry": {
        "type": "Point",
        "coordinates": [
          103.8883739,
          1.396843
        ]
      },
      "id": "node/11949558329"
    },
    {
      "type": "Feature",
      "properties": {
        "@id": "node/11952455725",
        "amenity": "fast_food",
        "brand": "Krispy Kreme",
        "brand:wikidata": "Q1192805",
        "cuisine": "donut",
        "level": "1",
        "name": "Krispy Kreme",
        "takeaway": "yes"
      },
      "geometry": {
        "type": "Point",
        "coordinates": [
          103.987082,
          1.3573621
        ]
      },
      "id": "node/11952455725"
    },
    {
      "type": "Feature",
      "properties": {
        "@id": "node/12041226969",
        "amenity": "fast_food",
        "name": "Subway"
      },
      "geometry": {
        "type": "Point",
        "coordinates": [
          103.8356841,
          1.2772181
        ]
      },
      "id": "node/12041226969"
    },
    {
      "type": "Feature",
      "properties": {
        "@id": "node/12053283531",
        "addr:floor": "2",
        "amenity": "fast_food",
        "check_date": "2025-02-02",
        "level": "1",
        "name": "Mohamed Ayam Rojak"
      },
      "geometry": {
        "type": "Point",
        "coordinates": [
          103.7611636,
          1.3870561
        ]
      },
      "id": "node/12053283531"
    },
    {
      "type": "Feature",
      "properties": {
        "@id": "node/12053283532",
        "addr:floor": "2",
        "amenity": "fast_food",
        "check_date": "2024-07-07",
        "cuisine": "indonesian",
        "level": "1",
        "name": "Warong Rice Garden"
      },
      "geometry": {
        "type": "Point",
        "coordinates": [
          103.7611436,
          1.3870345
        ]
      },
      "id": "node/12053283532"
    },
    {
      "type": "Feature",
      "properties": {
        "@id": "node/12053283533",
        "addr:floor": "2",
        "addr:housenumber": "2",
        "addr:street": "Senja Close",
        "addr:unit": "#02-24",
        "amenity": "fast_food",
        "check_date": "2025-04-27",
        "cuisine": "rice",
        "level": "1",
        "name": "Chan Cheng"
      },
      "geometry": {
        "type": "Point",
        "coordinates": [
          103.7610342,
          1.3871671
        ]
      },
      "id": "node/12053283533"
    },
    {
      "type": "Feature",
      "properties": {
        "@id": "node/12063267690",
        "amenity": "fast_food",
        "brand": "McDonald's",
        "brand:wikidata": "Q38076",
        "cuisine": "burger",
        "name": "McDonald's",
        "takeaway": "yes"
      },
      "geometry": {
        "type": "Point",
        "coordinates": [
          103.7209247,
          1.3346851
        ]
      },
      "id": "node/12063267690"
    },
    {
      "type": "Feature",
      "properties": {
        "@id": "node/12093261707",
        "addr:floor": "B2",
        "addr:housenumber": "17",
        "addr:street": "Petir Road",
        "addr:unit": "#B2-40",
        "amenity": "fast_food",
        "check_date": "2024-12-21",
        "contact:facebook": "https://www.facebook.com/stuffedsg/",
        "contact:instagram": "https://www.instagram.com/stuffedsg",
        "cuisine": "mexican;kebab",
        "diet:halal": "yes",
        "diet:vegetarian": "yes",
        "level": "-2",
        "name": "Stuff’d",
        "payment:cash": "yes",
        "payment:credit_cards": "yes",
        "payment:debit_cards": "yes",
        "takeaway": "only",
        "website": "https://www.stuffd.com/sg/",
        "wheelchair": "yes"
      },
      "geometry": {
        "type": "Point",
        "coordinates": [
          103.7638345,
          1.3785629
        ]
      },
      "id": "node/12093261707"
    },
    {
      "type": "Feature",
      "properties": {
        "@id": "node/12095562302",
        "amenity": "fast_food",
        "cuisine": "chinese"
      },
      "geometry": {
        "type": "Point",
        "coordinates": [
          103.8786425,
          1.3344544
        ]
      },
      "id": "node/12095562302"
    },
    {
      "type": "Feature",
      "properties": {
        "@id": "node/12095570701",
        "amenity": "fast_food",
        "cuisine": "chinese",
        "name": "金味海鲜"
      },
      "geometry": {
        "type": "Point",
        "coordinates": [
          103.8785336,
          1.334501
        ]
      },
      "id": "node/12095570701"
    },
    {
      "type": "Feature",
      "properties": {
        "@id": "node/12095570702",
        "amenity": "fast_food",
        "name": "潮原拉面",
        "opening_hours": "24/7"
      },
      "geometry": {
        "type": "Point",
        "coordinates": [
          103.8785743,
          1.3344937
        ]
      },
      "id": "node/12095570702"
    },
    {
      "type": "Feature",
      "properties": {
        "@id": "node/12095570801",
        "amenity": "fast_food",
        "cuisine": "chinese"
      },
      "geometry": {
        "type": "Point",
        "coordinates": [
          103.8786024,
          1.3344772
        ]
      },
      "id": "node/12095570801"
    },
    {
      "type": "Feature",
      "properties": {
        "@id": "node/12095570802",
        "amenity": "fast_food",
        "cuisine": "chinese",
        "name": "味家"
      },
      "geometry": {
        "type": "Point",
        "coordinates": [
          103.8786263,
          1.3344687
        ]
      },
      "id": "node/12095570802"
    },
    {
      "type": "Feature",
      "properties": {
        "@id": "node/12095571001",
        "amenity": "fast_food",
        "cuisine": "chinese"
      },
      "geometry": {
        "type": "Point",
        "coordinates": [
          103.8786883,
          1.3344292
        ]
      },
      "id": "node/12095571001"
    },
    {
      "type": "Feature",
      "properties": {
        "@id": "node/12095571101",
        "amenity": "fast_food",
        "cuisine": "chinese"
      },
      "geometry": {
        "type": "Point",
        "coordinates": [
          103.87862,
          1.3343943
        ]
      },
      "id": "node/12095571101"
    },
    {
      "type": "Feature",
      "properties": {
        "@id": "node/12120358626",
        "addr:floor": "3",
        "amenity": "fast_food",
        "check_date": "2024-08-18",
        "cuisine": "noodle",
        "diet:halal": "no",
        "level": "2",
        "name": "Tai Wah Pork Noodle",
        "payment:cash": "yes",
        "payment:credit_cards": "yes",
        "payment:debit_cards": "yes",
        "wheelchair": "yes"
      },
      "geometry": {
        "type": "Point",
        "coordinates": [
          103.7640719,
          1.3805836
        ]
      },
      "id": "node/12120358626"
    },
    {
      "type": "Feature",
      "properties": {
        "@id": "node/12136676396",
        "addr:housenumber": "665",
        "addr:postcode": "210665",
        "addr:street": "Buffalo Road",
        "addr:unit": "#01-335",
        "amenity": "fast_food",
        "check_date": "2024-08-25",
        "name": "Heng Gi Goose and Duck Rice",
        "name:en": "Heng Gi Goose and Duck Rice",
        "opening_hours": "Mo off; Tu-Su 08:30-14:30",
        "phone": "+65 6396 0969"
      },
      "geometry": {
        "type": "Point",
        "coordinates": [
          103.8505792,
          1.3057528
        ]
      },
      "id": "node/12136676396"
    },
    {
      "type": "Feature",
      "properties": {
        "@id": "node/12143316815",
        "addr:city": "Singapore",
        "addr:housenumber": "1",
        "addr:postcode": "518457",
        "addr:street": "Pasir Ris Central Street 3",
        "amenity": "fast_food",
        "branch": "White Sands Shopping Mall",
        "brand": "Jian Bo Shui Kueh",
        "cuisine": "chinese",
        "drive_through": "no",
        "level": "-1",
        "name": "Tiong Bahru Jian Bo Shui Kueh",
        "opening_hours": "Mo-Su 07:00-22:00",
        "takeaway": "only",
        "website": "https://www.jianboshuikueh.com/"
      },
      "geometry": {
        "type": "Point",
        "coordinates": [
          103.9497935,
          1.3723341
        ]
      },
      "id": "node/12143316815"
    },
    {
      "type": "Feature",
      "properties": {
        "@id": "node/12143316822",
        "addr:city": "Singapore",
        "addr:housenumber": "1",
        "addr:postcode": "518457",
        "addr:street": "Pasir Ris Central Street 3",
        "amenity": "fast_food",
        "branch": "White Sands",
        "cuisine": "chinese",
        "drive_through": "no",
        "level": "-1",
        "name": "Jian Bing Lao",
        "name:zh": "煎饼佬",
        "opening_hours": "Mo-Su 10:00-22:00"
      },
      "geometry": {
        "type": "Point",
        "coordinates": [
          103.949519,
          1.3726492
        ]
      },
      "id": "node/12143316822"
    },
    {
      "type": "Feature",
      "properties": {
        "@id": "node/12143316823",
        "addr:city": "Singapore",
        "addr:housenumber": "1",
        "addr:postcode": "518457",
        "addr:street": "Pasir Ris Central Street 3",
        "air_conditioning": "yes",
        "amenity": "fast_food",
        "brand": "Long John Silver's",
        "brand:wikidata": "Q1535221",
        "cuisine": "seafood",
        "delivery": "yes",
        "diet:halal": "yes",
        "drive_through": "no",
        "level": "1",
        "name": "Long John Silver's",
        "opening_hours": "Mo-Su 07:30-22:00",
        "takeaway": "yes",
        "website": "https://www.longjohnsilvers.com.sg/"
      },
      "geometry": {
        "type": "Point",
        "coordinates": [
          103.9498508,
          1.3725828
        ]
      },
      "id": "node/12143316823"
    },
    {
      "type": "Feature",
      "properties": {
        "@id": "node/12143316824",
        "addr:city": "Singapore",
        "addr:housenumber": "1",
        "addr:postcode": "518457",
        "addr:street": "Pasir Ris Central Street 3",
        "air_conditioning": "yes",
        "amenity": "fast_food",
        "branch": "White Sands",
        "cuisine": "burger",
        "delivery": "yes",
        "drive_through": "no",
        "level": "1",
        "name": "MOS Burger",
        "name:ja": "モスバーガー",
        "opening_hours": "Mo-Su 10:00-22:00",
        "takeaway": "yes",
        "website": "https://www.mosburger.com.sg/",
        "website:menu": "https://www.mosburger.com.sg/mos-menu/"
      },
      "geometry": {
        "type": "Point",
        "coordinates": [
          103.949659,
          1.3723686
        ]
      },
      "id": "node/12143316824"
    },
    {
      "type": "Feature",
      "properties": {
        "@id": "node/12143316825",
        "addr:city": "Singapore",
        "addr:housenumber": "1",
        "addr:postcode": "518457",
        "addr:street": "Pasir Ris Central Street 3",
        "amenity": "fast_food",
        "brand": "Potato Corner",
        "brand:wikidata": "Q60741625",
        "cuisine": "fries",
        "delivery": "yes",
        "drive_through": "no",
        "level": "-1",
        "name": "Potato Corner",
        "opening_hours": "Mo-Su 10:00-22:00",
        "takeaway": "yes",
        "website": "https://potatocorner.com/"
      },
      "geometry": {
        "type": "Point",
        "coordinates": [
          103.9497326,
          1.3723739
        ]
      },
      "id": "node/12143316825"
    },
    {
      "type": "Feature",
      "properties": {
        "@id": "node/12143316831",
        "addr:city": "Singapore",
        "addr:housenumber": "7",
        "addr:postcode": "519612",
        "addr:street": "Pasir Ris Central",
        "air_conditioning": "yes",
        "amenity": "fast_food",
        "branch": "Pasir Ris Mall",
        "brand": "4Fingers Crispy Chicken",
        "brand:wikidata": "Q23043391",
        "cuisine": "chicken",
        "delivery": "yes",
        "diet:halal": "yes",
        "drive_through": "no",
        "level": "-1",
        "name": "4Fingers Crispy Chicken",
        "opening_hours": "Mo-Su 11:00-22:00",
        "takeaway": "yes",
        "website": "https://www.4fingers.com.sg/",
        "website:menu": "https://www.4fingers.com.sg/menu"
      },
      "geometry": {
        "type": "Point",
        "coordinates": [
          103.9485871,
          1.373557
        ]
      },
      "id": "node/12143316831"
    },
    {
      "type": "Feature",
      "properties": {
        "@id": "node/12143316832",
        "addr:city": "Singapore",
        "addr:housenumber": "7",
        "addr:postcode": "519612",
        "addr:street": "Pasir Ris Central",
        "air_conditioning": "yes",
        "amenity": "fast_food",
        "cuisine": "malay",
        "diet:halal": "yes",
        "drive_through": "no",
        "level": "-1",
        "name": "Adinda by Gerai Nenek Obek",
        "takeaway": "only",
        "website": "https://www.instagram.com/gerainenekobek/"
      },
      "geometry": {
        "type": "Point",
        "coordinates": [
          103.9485164,
          1.3735387
        ]
      },
      "id": "node/12143316832"
    },
    {
      "type": "Feature",
      "properties": {
        "@id": "node/12143316862",
        "addr:city": "Singapore",
        "addr:housenumber": "7",
        "addr:postcode": "519612",
        "addr:street": "Pasir Ris Central",
        "air_conditioning": "yes",
        "alt_name": "Dunkin' Donuts",
        "amenity": "fast_food",
        "branch": "Pasir Ris Mall",
        "brand": "Dunkin'",
        "brand:wikidata": "Q847743",
        "cuisine": "donut;coffee_shop",
        "delivery": "yes",
        "diet:halal": "yes",
        "drive_through": "no",
        "level": "-1",
        "name": "Dunkin'",
        "opening_hours": "Mo-Su 08:00-22:00",
        "phone": "+65 9786 5311",
        "takeaway": "only",
        "website": "https://dunkindonuts.com.sg/"
      },
      "geometry": {
        "type": "Point",
        "coordinates": [
          103.9487177,
          1.3737366
        ]
      },
      "id": "node/12143316862"
    },
    {
      "type": "Feature",
      "properties": {
        "@id": "node/12143331005",
        "addr:city": "Singapore",
        "addr:housenumber": "7",
        "addr:postcode": "519612",
        "addr:street": "Pasir Ris Central",
        "air_conditioning": "yes",
        "amenity": "fast_food",
        "branch": "Pasir Ris Mall",
        "brand": "Guzman y Gomez",
        "brand:wikidata": "Q23019759",
        "cuisine": "mexican",
        "delivery": "yes",
        "level": "0",
        "name": "Guzman y Gomez",
        "opening_hours": "Mo-Su 10:30-21:30",
        "phone": "+65 8399 3159",
        "takeaway": "yes",
        "website": "https://www.gyg.com.sg/"
      },
      "geometry": {
        "type": "Point",
        "coordinates": [
          103.9483922,
          1.3733154
        ]
      },
      "id": "node/12143331005"
    },
    {
      "type": "Feature",
      "properties": {
        "@id": "node/12143331016",
        "addr:city": "Singapore",
        "addr:housenumber": "7",
        "addr:postcode": "519612",
        "addr:street": "Pasir Ris Central",
        "amenity": "fast_food",
        "brand": "Jollibee",
        "brand:wikidata": "Q37614",
        "cuisine": "burger",
        "delivery": "yes",
        "diet:halal": "yes",
        "drive_through": "no",
        "name": "Jollibee",
        "opening_hours": "Mo-Su 10:00-21:00",
        "takeaway": "yes",
        "website:menu": "https://jollibee.oddle.me/en_SG/"
      },
      "geometry": {
        "type": "Point",
        "coordinates": [
          103.9486321,
          1.3737268
        ]
      },
      "id": "node/12143331016"
    },
    {
      "type": "Feature",
      "properties": {
        "@id": "node/12143613156",
        "addr:city": "Singapore",
        "addr:housenumber": "7",
        "addr:postcode": "519612",
        "addr:street": "Pasir Ris Central",
        "amenity": "fast_food",
        "cuisine": "tea;dessert",
        "drive_through": "no",
        "name": "Koong Woh Tong",
        "name:zh": "恭和堂",
        "takeaway": "yes",
        "website": "https://kwt.my/"
      },
      "geometry": {
        "type": "Point",
        "coordinates": [
          103.9486972,
          1.3734843
        ]
      },
      "id": "node/12143613156"
    },
    {
      "type": "Feature",
      "properties": {
        "@id": "node/12143894977",
        "addr:city": "Singapore",
        "addr:housenumber": "7",
        "addr:postcode": "519612",
        "addr:street": "Pasir Ris Central",
        "air_conditioning": "yes",
        "amenity": "fast_food",
        "branch": "Pasir Ris Mall",
        "contact:facebook": "https://www.facebook.com/leeweebrothers/",
        "cuisine": "singaporean",
        "diet:halal": "yes",
        "email": "info@leeweebrothers.com",
        "level": "0",
        "name": "Lee Wee & Brothers",
        "opening_hours": "Mo-Su 10:00-22:00",
        "outdoor_seating": "no",
        "phone": "+65 6535 6535",
        "takeaway": "yes",
        "website": "https://leeweebrothers.com/"
      },
      "geometry": {
        "type": "Point",
        "coordinates": [
          103.9484129,
          1.3735129
        ]
      },
      "id": "node/12143894977"
    },
    {
      "type": "Feature",
      "properties": {
        "@id": "node/12143894980",
        "addr:city": "Singapore",
        "addr:housenumber": "7",
        "addr:postcode": "519612",
        "addr:street": "Pasir Ris Central",
        "air_conditioning": "yes",
        "amenity": "fast_food",
        "branch": "Pasir Ris Mall",
        "contact:facebook": "https://facebook.com/littleribbonspastaco",
        "cuisine": "italian",
        "delivery": "yes",
        "drive_through": "no",
        "level": "-1",
        "name": "Little Ribbons Pasta Co.",
        "takeaway": "only"
      },
      "geometry": {
        "type": "Point",
        "coordinates": [
          103.9485969,
          1.3736978
        ]
      },
      "id": "node/12143894980"
    },
    {
      "type": "Feature",
      "properties": {
        "@id": "node/12143894986",
        "addr:city": "Singapore",
        "addr:housenumber": "7",
        "addr:postcode": "519612",
        "addr:street": "Pasir Ris Central",
        "air_conditioning": "yes",
        "amenity": "fast_food",
        "branch": "Pasir Ris Mall",
        "brand": "McDonald's",
        "brand:wikidata": "Q38076",
        "cuisine": "burger",
        "delivery": "yes",
        "diet:halal": "yes",
        "drive_through": "no",
        "level": "-1",
        "name": "McDonald's",
        "opening_hours": "Mo-Su 07:00-23:00",
        "phone": "+65 6968 6273",
        "takeaway": "yes",
        "website": "https://www.mcdonalds.com.sg/"
      },
      "geometry": {
        "type": "Point",
        "coordinates": [
          103.9486914,
          1.3736242
        ]
      },
      "id": "node/12143894986"
    },
    {
      "type": "Feature",
      "properties": {
        "@id": "node/12143894993",
        "addr:city": "Singapore",
        "addr:housenumber": "7",
        "addr:postcode": "519612",
        "addr:street": "Pasir Ris Central",
        "air_conditioning": "yes",
        "amenity": "fast_food",
        "branch": "Pasir Ris Mall",
        "cuisine": "taiwanese;dessert",
        "delivery": "yes",
        "level": "-1",
        "name": "Nine Fresh Desserts Taiwan",
        "name:zh": "九鲜 九份甜品",
        "opening_hours": "Mo-Su 11:00-22:00",
        "takeaway": "only",
        "website": "https://ninefresh.com/"
      },
      "geometry": {
        "type": "Point",
        "coordinates": [
          103.9487089,
          1.3737176
        ]
      },
      "id": "node/12143894993"
    },
    {
      "type": "Feature",
      "properties": {
        "@id": "node/12143894999",
        "addr:city": "Singapore",
        "addr:housenumber": "7",
        "addr:postcode": "519467",
        "addr:street": "Pasir Ris Central",
        "air_conditioning": "yes",
        "amenity": "fast_food",
        "branch": "Pasir Ris Mall",
        "brand": "Pepper Lunch",
        "brand:wikidata": "Q1016072",
        "cuisine": "teppanyaki",
        "delivery": "yes",
        "diet:halal": "yes",
        "drive_through": "no",
        "level": "-2",
        "name": "Pepper Lunch",
        "opening_hours": "Mo-Su 10:00-22:00",
        "outdoor_seating": "no",
        "takeaway": "yes",
        "website": "https://www.pepperlunch.com.sg/"
      },
      "geometry": {
        "type": "Point",
        "coordinates": [
          103.9487189,
          1.3733008
        ]
      },
      "id": "node/12143894999"
    },
    {
      "type": "Feature",
      "properties": {
        "@id": "node/12143901705",
        "addr:city": "Singapore",
        "addr:housenumber": "7",
        "addr:postcode": "519612",
        "addr:street": "Pasir Ris Central",
        "amenity": "fast_food",
        "contact:facebook": "https://www.facebook.com/san.wichsg/",
        "cuisine": "sandwich",
        "diet:halal": "yes",
        "drive_through": "no",
        "level": "-1",
        "name": "San.wich by Swee Heng",
        "opening_hours": "Mo-Su 09:00-21:30",
        "phone": "+65 6994 0300",
        "takeaway": "only",
        "website": "https://www.sanwich.com.sg/"
      },
      "geometry": {
        "type": "Point",
        "coordinates": [
          103.9486018,
          1.3737328
        ]
      },
      "id": "node/12143901705"
    },
    {
      "type": "Feature",
      "properties": {
        "@id": "node/12144191545",
        "addr:city": "Singapore",
        "addr:housenumber": "7",
        "addr:postcode": "519612",
        "addr:street": "Pasir Ris Central",
        "air_conditioning": "yes",
        "amenity": "fast_food",
        "branch": "Pasir Ris Mall",
        "cuisine": "japanese;sushi",
        "delivery": "yes",
        "drive_through": "no",
        "level": "0",
        "name": "争鲜 gogo",
        "opening_hours": "Mo-Su 10:00-22:00",
        "takeaway": "only",
        "website": "https://sushiexpress.com.sg/"
      },
      "geometry": {
        "type": "Point",
        "coordinates": [
          103.9483577,
          1.3735211
        ]
      },
      "id": "node/12144191545"
    },
    {
      "type": "Feature",
      "properties": {
        "@id": "node/12144394183",
        "addr:floor": "2",
        "amenity": "fast_food",
        "check_date": "2024-08-26",
        "cuisine": "kebab;burrito",
        "level": "1",
        "name": "Stuff’d"
      },
      "geometry": {
        "type": "Point",
        "coordinates": [
          103.7440581,
          1.3345574
        ]
      },
      "id": "node/12144394183"
    },
    {
      "type": "Feature",
      "properties": {
        "@id": "node/12149827694",
        "addr:city": "Singapore",
        "addr:housenumber": "200 #01-66",
        "addr:postcode": "188024",
        "addr:street": "Victoria Street",
        "amenity": "fast_food",
        "branch": "Bugis Junction",
        "brand": "McDonald's",
        "brand:wikidata": "Q38076",
        "check_date": "2024-09",
        "cuisine": "burger",
        "drive_through": "no",
        "indoor_seating": "yes",
        "level": "0",
        "name": "McDonald's",
        "opening_hours": "Mo-Su 07:00-00:00",
        "outdoor_seating": "yes",
        "phone": "+65 63393690",
        "takeaway": "yes"
      },
      "geometry": {
        "type": "Point",
        "coordinates": [
          103.8557528,
          1.2992907
        ]
      },
      "id": "node/12149827694"
    },
    {
      "type": "Feature",
      "properties": {
        "@id": "node/12150629805",
        "addr:housenumber": "163A",
        "addr:postcode": "671163",
        "addr:street": "Gangsa Road",
        "alt_name": "Hai Xian Zhu Zhou",
        "amenity": "fast_food",
        "check_date": "2024-09-01",
        "contact:facebook": "https://www.facebook.com/uncleKKM/",
        "cuisine": "noodle",
        "name": "Bukit Panjang Ke Kou Mian",
        "opening_hours": "Mo-We,Fr-Su 04:00-14:30; Th off",
        "short_name": "Bukit Panjang KKM"
      },
      "geometry": {
        "type": "Point",
        "coordinates": [
          103.7645052,
          1.3770081
        ]
      },
      "id": "node/12150629805"
    },
    {
      "type": "Feature",
      "properties": {
        "@id": "node/12165747560",
        "addr:floor": "1",
        "air_conditioning": "yes",
        "amenity": "fast_food",
        "check_date": "2025-02-02",
        "cuisine": "salad",
        "diet:vegetarian": "yes",
        "level": "0",
        "name": "Saladstop",
        "opening_hours": "Mo-Fr 10:00-19:30; Sa-Su off",
        "outdoor_seating": "no",
        "payment:cash": "yes",
        "payment:credit_cards": "yes",
        "payment:debit_cards": "yes",
        "takeaway": "yes"
      },
      "geometry": {
        "type": "Point",
        "coordinates": [
          103.8576551,
          1.2992484
        ]
      },
      "id": "node/12165747560"
    },
    {
      "type": "Feature",
      "properties": {
        "@id": "node/12165799892",
        "addr:housenumber": "257",
        "addr:postcode": "671259",
        "addr:street": "Bangkit Road",
        "amenity": "fast_food",
        "check_date": "2024-09-08",
        "cuisine": "local",
        "name": "Zheng Wei Braised Duck Noodle & Rice",
        "opening_hours": "05:30-14:00",
        "payment:cards": "no",
        "payment:cash": "yes",
        "payment:credit_cards": "no",
        "payment:debit_cards": "no"
      },
      "geometry": {
        "type": "Point",
        "coordinates": [
          103.773418,
          1.3786805
        ]
      },
      "id": "node/12165799892"
    },
    {
      "type": "Feature",
      "properties": {
        "@id": "node/12165799893",
        "addr:housenumber": "257",
        "addr:street": "Bangkit Road",
        "amenity": "fast_food",
        "check_date": "2024-09-08",
        "cuisine": "malaysian",
        "diet:halal": "yes",
        "name": "Wan Aneka Selera"
      },
      "geometry": {
        "type": "Point",
        "coordinates": [
          103.7733807,
          1.3786788
        ]
      },
      "id": "node/12165799893"
    },
    {
      "type": "Feature",
      "properties": {
        "@id": "node/12179539341",
        "amenity": "fast_food",
        "check_date": "2024-09-12",
        "name": "Flavour"
      },
      "geometry": {
        "type": "Point",
        "coordinates": [
          103.8515759,
          1.304014
        ]
      },
      "id": "node/12179539341"
    },
    {
      "type": "Feature",
      "properties": {
        "@id": "node/12179539347",
        "addr:housenumber": "91",
        "addr:street": "Whampoa Drive",
        "addr:unit": "01-06",
        "amenity": "fast_food",
        "check_date": "2024-09-14",
        "name": "AMK Carrot Cake"
      },
      "geometry": {
        "type": "Point",
        "coordinates": [
          103.8542591,
          1.3233376
        ]
      },
      "id": "node/12179539347"
    },
    {
      "type": "Feature",
      "properties": {
        "@id": "node/12192729070",
        "addr:housename": "Tekka Market",
        "addr:housenumber": "665",
        "addr:unit": "#01-259",
        "amenity": "fast_food",
        "cuisine": "indian",
        "diet:halal": "yes",
        "name": "Yakader Muslim Food",
        "phone": "+65 9178 3427"
      },
      "geometry": {
        "type": "Point",
        "coordinates": [
          103.8505945,
          1.3058878
        ]
      },
      "id": "node/12192729070"
    },
    {
      "type": "Feature",
      "properties": {
        "@id": "node/12201363013",
        "addr:city": "Singapore",
        "addr:housenumber": "144",
        "addr:postcode": "680144",
        "addr:street": "Teck Whye Lane",
        "amenity": "fast_food",
        "cuisine": "noodle",
        "fixme": "Precise location",
        "name": "Fishball Noodle Stall"
      },
      "geometry": {
        "type": "Point",
        "coordinates": [
          103.7523717,
          1.3808363
        ]
      },
      "id": "node/12201363013"
    },
    {
      "type": "Feature",
      "properties": {
        "@id": "node/12208677006",
        "addr:floor": "0",
        "addr:housenumber": "25",
        "addr:street": "Perak Road",
        "amenity": "fast_food",
        "check_date": "2024-12-05",
        "cuisine": "indian",
        "diet:halal": "yes",
        "name": "Al Bismi",
        "opening_hours": "24/7",
        "wheelchair": "limited"
      },
      "geometry": {
        "type": "Point",
        "coordinates": [
          103.8535041,
          1.3047442
        ]
      },
      "id": "node/12208677006"
    },
    {
      "type": "Feature",
      "properties": {
        "@id": "node/12208677010",
        "addr:housenumber": "665",
        "addr:street": "Buffalo Road",
        "addr:unit": "#01-327",
        "amenity": "fast_food",
        "check_date": "2024-09-28",
        "cuisine": "noodle",
        "name": "Hao Ji Mian Jia"
      },
      "geometry": {
        "type": "Point",
        "coordinates": [
          103.8504813,
          1.3058232
        ]
      },
      "id": "node/12208677010"
    },
    {
      "type": "Feature",
      "properties": {
        "@id": "node/12208677011",
        "addr:housenumber": "665",
        "addr:street": "Buffalo Road",
        "addr:unit": "#01-326",
        "amenity": "fast_food",
        "check_date": "2024-09-28",
        "cuisine": "noodle",
        "name": "Whampoa Prawn Noodles",
        "opening_hours": "Mo-Fr 07:00-13:30; Sa-Su off"
      },
      "geometry": {
        "type": "Point",
        "coordinates": [
          103.8504545,
          1.3058492
        ]
      },
      "id": "node/12208677011"
    },
    {
      "type": "Feature",
      "properties": {
        "@id": "node/12210306895",
        "amenity": "fast_food",
        "brand": "Auntie Anne's",
        "cuisine": "pretzel",
        "level": "-1",
        "name": "Auntie Anne's",
        "takeaway": "only"
      },
      "geometry": {
        "type": "Point",
        "coordinates": [
          103.9023438,
          1.4064067
        ]
      },
      "id": "node/12210306895"
    },
    {
      "type": "Feature",
      "properties": {
        "@id": "node/12210500005",
        "amenity": "fast_food",
        "level": "-2",
        "name": "Twenty Loaf Toasties",
        "takeaway": "only"
      },
      "geometry": {
        "type": "Point",
        "coordinates": [
          103.9021495,
          1.4065099
        ]
      },
      "id": "node/12210500005"
    },
    {
      "type": "Feature",
      "properties": {
        "@id": "node/12217258697",
        "addr:city": "Singapore",
        "addr:housenumber": "127B",
        "addr:postcode": "692128",
        "addr:street": "Plantation Crescent",
        "air_conditioning": "yes",
        "amenity": "fast_food",
        "brand": "McDonald's",
        "brand:wikidata": "Q38076",
        "cuisine": "burger",
        "delivery": "yes",
        "drive_through": "no",
        "level": "1",
        "name": "McDonald's",
        "opening_hours": "Mo-Su 09:00-00:00",
        "takeaway": "yes",
        "website": "https://www.mcdonalds.com.sg/"
      },
      "geometry": {
        "type": "Point",
        "coordinates": [
          103.7347825,
          1.3580312
        ]
      },
      "id": "node/12217258697"
    },
    {
      "type": "Feature",
      "properties": {
        "@id": "node/12252335545",
        "addr:city": "Singapore",
        "addr:housenumber": "21",
        "addr:postcode": "199066",
        "addr:street": "Baghdad Street",
        "amenity": "fast_food",
        "cuisine": "burger",
        "diet:halal": "yes",
        "name": "Smashed",
        "opening_hours": "10:00-21:30",
        "operator": "The Halal Corner",
        "phone": "+65 9181 1665",
        "website": "https://www.thalalcorner.com/"
      },
      "geometry": {
        "type": "Point",
        "coordinates": [
          103.8596821,
          1.3012796
        ]
      },
      "id": "node/12252335545"
    },
    {
      "type": "Feature",
      "properties": {
        "@id": "node/12257181179",
        "addr:floor": "2",
        "addr:housenumber": "80",
        "addr:street": "Airport Boulevard, Singapore Changi Airport Terminal 1,  Departure/Transit Lounge West",
        "addr:unit": "#02-05",
        "amenity": "fast_food",
        "check_date": "2024-10-17",
        "cuisine": "juice",
        "diet:vegetarian": "yes",
        "level": "1",
        "name": "Jamba",
        "payment:cash": "yes",
        "payment:credit_cards": "yes",
        "payment:debit_cards": "yes",
        "wheelchair": "yes"
      },
      "geometry": {
        "type": "Point",
        "coordinates": [
          103.9893855,
          1.3619352
        ]
      },
      "id": "node/12257181179"
    },
    {
      "type": "Feature",
      "properties": {
        "@id": "node/12257181528",
        "addr:floor": "B2",
        "amenity": "fast_food",
        "check_date": "2024-11-10",
        "cuisine": "chicken",
        "diet:halal": "yes",
        "level": "-2",
        "name": "Shihlin Taiwan Street Snacks"
      },
      "geometry": {
        "type": "Point",
        "coordinates": [
          103.7632339,
          1.3784372
        ]
      },
      "id": "node/12257181528"
    },
    {
      "type": "Feature",
      "properties": {
        "@id": "node/12257181529",
        "addr:floor": "B2",
        "amenity": "fast_food",
        "check_date": "2024-10-13",
        "cuisine": "chinese",
        "level": "-2",
        "name": "Nam Kee Pau",
        "wheelchair": "yes"
      },
      "geometry": {
        "type": "Point",
        "coordinates": [
          103.7631864,
          1.3784126
        ]
      },
      "id": "node/12257181529"
    },
    {
      "type": "Feature",
      "properties": {
        "@id": "node/12257181530",
        "addr:floor": "B2",
        "amenity": "fast_food",
        "check_date": "2024-10-13",
        "cuisine": "juice",
        "level": "-2",
        "name": "Mr Coconut",
        "wheelchair": "yes"
      },
      "geometry": {
        "type": "Point",
        "coordinates": [
          103.763134,
          1.3783936
        ]
      },
      "id": "node/12257181530"
    },
    {
      "type": "Feature",
      "properties": {
        "@id": "node/12260881530",
        "air_conditioning": "yes",
        "alt_name": "Kentucky Fried Chicken",
        "amenity": "fast_food",
        "brand": "KFC",
        "brand:wikidata": "Q524757",
        "cuisine": "chicken",
        "image": "https://i.imgur.com/DX5xJdQ.jpeg",
        "name": "KFC",
        "takeaway": "yes"
      },
      "geometry": {
        "type": "Point",
        "coordinates": [
          103.7350937,
          1.3583522
        ]
      },
      "id": "node/12260881530"
    },
    {
      "type": "Feature",
      "properties": {
        "@id": "node/12260881533",
        "addr:city": "Singapore",
        "addr:housenumber": "126B",
        "addr:postcode": "692126",
        "addr:street": "Tengah Drive",
        "air_conditioning": "yes",
        "amenity": "fast_food",
        "brand": "Subway",
        "brand:wikidata": "Q244457",
        "cuisine": "sandwich",
        "drive_through": "no",
        "image": "https://i.imgur.com/Y6rjYQO.jpeg",
        "name": "Subway",
        "takeaway": "yes",
        "website": "https://subwayisfresh.com.sg/"
      },
      "geometry": {
        "type": "Point",
        "coordinates": [
          103.7357796,
          1.3590229
        ]
      },
      "id": "node/12260881533"
    },
    {
      "type": "Feature",
      "properties": {
        "@id": "node/12328635152",
        "amenity": "fast_food",
        "brand": "Popeyes",
        "brand:wikidata": "Q1330910",
        "cuisine": "chicken",
        "name": "Popeyes",
        "official_name": "Popeyes Louisiana Kitchen",
        "takeaway": "yes"
      },
      "geometry": {
        "type": "Point",
        "coordinates": [
          103.8358421,
          1.4300741
        ]
      },
      "id": "node/12328635152"
    },
    {
      "type": "Feature",
      "properties": {
        "@id": "node/12348356518",
        "addr:city": "Singapore",
        "addr:housename": "Bras Basah Complex",
        "addr:housenumber": "231",
        "addr:postcode": "180231",
        "addr:street": "Bain Street",
        "amenity": "fast_food",
        "cuisine": "japanese",
        "name": "Haru-Haru",
        "opening_hours": "11:00-21:30"
      },
      "geometry": {
        "type": "Point",
        "coordinates": [
          103.8531144,
          1.2969651
        ]
      },
      "id": "node/12348356518"
    },
    {
      "type": "Feature",
      "properties": {
        "@id": "node/12349670230",
        "addr:housenumber": "1",
        "addr:street": "Woodlands Road",
        "addr:unit": "#01-31A",
        "amenity": "fast_food",
        "check_date": "2024-11-17",
        "cuisine": "local",
        "diet:halal": "yes",
        "name": "Encik Tan",
        "opening_hours": "08:00-22:00",
        "phone": "+65 6370 1155",
        "website": "https://enciktan.com.sg/"
      },
      "geometry": {
        "type": "Point",
        "coordinates": [
          103.760284,
          1.379927
        ]
      },
      "id": "node/12349670230"
    },
    {
      "type": "Feature",
      "properties": {
        "@id": "node/12368981473",
        "addr:floor": "2",
        "amenity": "fast_food",
        "check_date": "2024-11-24",
        "level": "1",
        "name": "Heavenly Wang"
      },
      "geometry": {
        "type": "Point",
        "coordinates": [
          103.9894805,
          1.3628076
        ]
      },
      "id": "node/12368981473"
    },
    {
      "type": "Feature",
      "properties": {
        "@id": "node/12369015168",
        "addr:city": "Singapore",
        "addr:housenumber": "485",
        "addr:postcode": "670485",
        "addr:street": "Segar Road",
        "amenity": "fast_food",
        "name": "Hong Long Boneless Chicken Rice",
        "opening_hours": "10:30-20:00"
      },
      "geometry": {
        "type": "Point",
        "coordinates": [
          103.7709813,
          1.3887931
        ]
      },
      "id": "node/12369015168"
    },
    {
      "type": "Feature",
      "properties": {
        "@id": "node/12369243766",
        "addr:unit": "17",
        "amenity": "fast_food",
        "cuisine": "kebab",
        "level": "0",
        "name": "EPIKebabs"
      },
      "geometry": {
        "type": "Point",
        "coordinates": [
          103.849874,
          1.3021228
        ]
      },
      "id": "node/12369243766"
    },
    {
      "type": "Feature",
      "properties": {
        "@id": "node/12376339771",
        "amenity": "fast_food",
        "name": "Mr Bean"
      },
      "geometry": {
        "type": "Point",
        "coordinates": [
          103.7645086,
          1.3150675
        ]
      },
      "id": "node/12376339771"
    },
    {
      "type": "Feature",
      "properties": {
        "@id": "node/12376339772",
        "amenity": "fast_food",
        "name": "Pezzo"
      },
      "geometry": {
        "type": "Point",
        "coordinates": [
          103.7645475,
          1.3150836
        ]
      },
      "id": "node/12376339772"
    },
    {
      "type": "Feature",
      "properties": {
        "@id": "node/12376339775",
        "air_conditioning": "yes",
        "amenity": "fast_food",
        "diet:halal": "yes",
        "diet:vegan": "yes",
        "diet:vegetarian": "yes",
        "level": "-1",
        "name": "Subway",
        "payment:credit_cards": "yes",
        "payment:debit_cards": "yes"
      },
      "geometry": {
        "type": "Point",
        "coordinates": [
          103.7645354,
          1.315288
        ]
      },
      "id": "node/12376339775"
    },
    {
      "type": "Feature",
      "properties": {
        "@id": "node/12376339777",
        "amenity": "fast_food",
        "name": "Stuff'd"
      },
      "geometry": {
        "type": "Point",
        "coordinates": [
          103.7645616,
          1.3151446
        ]
      },
      "id": "node/12376339777"
    },
    {
      "type": "Feature",
      "properties": {
        "@id": "node/12376339778",
        "amenity": "fast_food",
        "name": "KFC"
      },
      "geometry": {
        "type": "Point",
        "coordinates": [
          103.7646085,
          1.3153846
        ]
      },
      "id": "node/12376339778"
    },
    {
      "type": "Feature",
      "properties": {
        "@id": "node/12421910274",
        "addr:city": "Singapore",
        "addr:housenumber": "30",
        "addr:postcode": "209276",
        "addr:street": "Foch Road",
        "amenity": "fast_food",
        "contact:facebook": "https://www.facebook.com/Dynastyfriedporridge/",
        "diet:halal": "no",
        "name": "Dynasty Fried Porridge",
        "opening_hours": "Mo-Fr 11:30-22:30; Sa-Su -12:00-14:30,16:30-22:30",
        "phone": "+65 9122 3993"
      },
      "geometry": {
        "type": "Point",
        "coordinates": [
          103.8602829,
          1.312337
        ]
      },
      "id": "node/12421910274"
    },
    {
      "type": "Feature",
      "properties": {
        "@id": "node/12422724505",
        "amenity": "fast_food",
        "cuisine": "noodle",
        "name": "Heng Heng Noodle House"
      },
      "geometry": {
        "type": "Point",
        "coordinates": [
          103.7610638,
          1.3873092
        ]
      },
      "id": "node/12422724505"
    },
    {
      "type": "Feature",
      "properties": {
        "@id": "node/12422724511",
        "addr:floor": "2",
        "addr:housenumber": "2",
        "addr:street": "Senja Close",
        "addr:unit": "#02-06",
        "amenity": "fast_food",
        "check_date": "2025-01-19",
        "level": "1",
        "name": "Wok26"
      },
      "geometry": {
        "type": "Point",
        "coordinates": [
          103.7610248,
          1.387322
        ]
      },
      "id": "node/12422724511"
    },
    {
      "type": "Feature",
      "properties": {
        "@id": "node/12422724518",
        "addr:floor": "2",
        "addr:housenumber": "2",
        "addr:street": "Senja Close",
        "addr:unit": "#02-04",
        "amenity": "fast_food",
        "check_date": "2025-01-19",
        "cuisine": "japanese",
        "level": "1",
        "name": "Onigirazu.Don",
        "payment:cash": "yes",
        "payment:paynow": "yes"
      },
      "geometry": {
        "type": "Point",
        "coordinates": [
          103.7609854,
          1.387336
        ]
      },
      "id": "node/12422724518"
    },
    {
      "type": "Feature",
      "properties": {
        "@id": "node/12422724535",
        "addr:floor": "2",
        "addr:housenumber": "2",
        "addr:street": "Senja Close",
        "addr:unit": "#02-05",
        "amenity": "fast_food",
        "check_date": "2025-01-19",
        "level": "1",
        "name": "China Whampoa Home Made Noodle"
      },
      "geometry": {
        "type": "Point",
        "coordinates": [
          103.7610047,
          1.387329
        ]
      },
      "id": "node/12422724535"
    },
    {
      "type": "Feature",
      "properties": {
        "@id": "node/12422724540",
        "amenity": "fast_food",
        "name": "Heng Gi Goose And Duck Rice",
        "opening_hours": "Tu off"
      },
      "geometry": {
        "type": "Point",
        "coordinates": [
          103.7610423,
          1.387317
        ]
      },
      "id": "node/12422724540"
    },
    {
      "type": "Feature",
      "properties": {
        "@id": "node/12430784670",
        "addr:unit": "#01-071",
        "amenity": "fast_food",
        "cuisine": "pizza",
        "diet:vegetarian": "yes",
        "name": "thatsmypizza",
        "payment:credit_cards": "no",
        "payment:debit_cards": "no"
      },
      "geometry": {
        "type": "Point",
        "coordinates": [
          103.7752394,
          1.3409539
        ]
      },
      "id": "node/12430784670"
    },
    {
      "type": "Feature",
      "properties": {
        "@id": "node/12430784671",
        "addr:unit": "#01-072",
        "amenity": "fast_food",
        "cuisine": "barbecue",
        "name": "Ms Inasap Ms BBQ"
      },
      "geometry": {
        "type": "Point",
        "coordinates": [
          103.7749812,
          1.3409503
        ]
      },
      "id": "node/12430784671"
    },
    {
      "type": "Feature",
      "properties": {
        "@id": "node/12430784675",
        "addr:unit": "#01-077/078",
        "amenity": "fast_food",
        "cuisine": "chinese",
        "name": "Lijiededian"
      },
      "geometry": {
        "type": "Point",
        "coordinates": [
          103.7750534,
          1.3408773
        ]
      },
      "id": "node/12430784675"
    },
    {
      "type": "Feature",
      "properties": {
        "@id": "node/12430784677",
        "addr:unit": "#01-076",
        "amenity": "fast_food",
        "cuisine": "chinese",
        "name": "Huat Heong Bakuteh"
      },
      "geometry": {
        "type": "Point",
        "coordinates": [
          103.7750067,
          1.3408782
        ]
      },
      "id": "node/12430784677"
    },
    {
      "type": "Feature",
      "properties": {
        "@id": "node/12430784680",
        "amenity": "fast_food",
        "name": "Blanco Court Fresh Fish Soup"
      },
      "geometry": {
        "type": "Point",
        "coordinates": [
          103.7750963,
          1.340876
        ]
      },
      "id": "node/12430784680"
    },
    {
      "type": "Feature",
      "properties": {
        "@id": "node/12430784681",
        "addr:unit": "#01-075",
        "amenity": "fast_food",
        "diet:halal": "yes",
        "name": "Mei Mei Japanese Carrot Cake"
      },
      "geometry": {
        "type": "Point",
        "coordinates": [
          103.7749633,
          1.3408756
        ]
      },
      "id": "node/12430784681"
    },
    {
      "type": "Feature",
      "properties": {
        "@id": "node/12441286273",
        "addr:housenumber": "665",
        "addr:street": "Buffalo Road",
        "addr:unit": "#01-323",
        "amenity": "fast_food",
        "check_date": "2024-11-30",
        "name": "Lim Kee Cooked Food",
        "payment:cash": "yes",
        "payment:paynow": "yes"
      },
      "geometry": {
        "type": "Point",
        "coordinates": [
          103.850355,
          1.3059271
        ]
      },
      "id": "node/12441286273"
    },
    {
      "type": "Feature",
      "properties": {
        "@id": "node/12441286275",
        "amenity": "fast_food",
        "check_date": "2024-12-09",
        "cuisine": "pizza",
        "diet:halal": "yes",
        "name": "Chili’s Pizza"
      },
      "geometry": {
        "type": "Point",
        "coordinates": [
          103.8528419,
          1.3047905
        ]
      },
      "id": "node/12441286275"
    },
    {
      "type": "Feature",
      "properties": {
        "@id": "node/12441368817",
        "addr:floor": "1",
        "air_conditioning": "yes",
        "amenity": "fast_food",
        "check_date": "2024-12-14",
        "cuisine": "korean",
        "diet:vegetarian": "yes",
        "level": "0",
        "name": "Micun Bibinpap"
      },
      "geometry": {
        "type": "Point",
        "coordinates": [
          103.7641475,
          1.3806533
        ]
      },
      "id": "node/12441368817"
    },
    {
      "type": "Feature",
      "properties": {
        "@id": "node/12442694209",
        "addr:city": "Singapore",
        "addr:housenumber": "380",
        "addr:postcode": "209000",
        "addr:street": "Jalan Besar",
        "addr:unit": "#01-13",
        "amenity": "fast_food",
        "contact:instagram": "https://www.instagram.com/lecker__hotdog/",
        "cuisine": "hot_dog",
        "name": "Lecker Hotdog",
        "opening_hours": "Mo-Su 11:00-20:30"
      },
      "geometry": {
        "type": "Point",
        "coordinates": [
          103.8604765,
          1.3132871
        ]
      },
      "id": "node/12442694209"
    },
    {
      "type": "Feature",
      "properties": {
        "@id": "node/12470619072",
        "amenity": "fast_food",
        "name": "Hong Kong Style Chee Cheong Fun"
      },
      "geometry": {
        "type": "Point",
        "coordinates": [
          103.7609498,
          1.3871404
        ]
      },
      "id": "node/12470619072"
    },
    {
      "type": "Feature",
      "properties": {
        "@id": "node/12498391786",
        "addr:housenumber": "217",
        "addr:street": "Bukit Batok Street 21",
        "amenity": "fast_food",
        "check_date": "2025-01-04",
        "cuisine": "malaysian",
        "diet:halal": "yes",
        "name": "Nurul Delight"
      },
      "geometry": {
        "type": "Point",
        "coordinates": [
          103.7550343,
          1.346793
        ]
      },
      "id": "node/12498391786"
    },
    {
      "type": "Feature",
      "properties": {
        "@id": "node/12498391787",
        "addr:floor": "4",
        "amenity": "fast_food",
        "check_date": "2025-10-20",
        "check_date:opening_hours": "2025-10-20",
        "cuisine": "ramen",
        "level": "3",
        "name": "Buta Kin",
        "opening_hours:signed": "no",
        "payment:cards": "no",
        "payment:cash": "yes",
        "payment:credit_cards": "no",
        "payment:debit_cards": "no"
      },
      "geometry": {
        "type": "Point",
        "coordinates": [
          103.7765721,
          1.3420892
        ]
      },
      "id": "node/12498391787"
    },
    {
      "type": "Feature",
      "properties": {
        "@id": "node/12498391788",
        "addr:floor": "4",
        "addr:housenumber": "144",
        "addr:street": "Upper Bukit Timah Road",
        "addr:unit": "#04-41",
        "amenity": "fast_food",
        "check_date": "2025-01-11",
        "cuisine": "noodle",
        "level": "3",
        "name": "Lao Gai Mee Kuching"
      },
      "geometry": {
        "type": "Point",
        "coordinates": [
          103.7766642,
          1.3422339
        ]
      },
      "id": "node/12498391788"
    },
    {
      "type": "Feature",
      "properties": {
        "@id": "node/12498391789",
        "addr:floor": "4",
        "addr:housenumber": "144",
        "addr:street": "Upper Bukit Timah Road",
        "addr:unit": "#04-44",
        "amenity": "fast_food",
        "check_date": "2025-10-20",
        "check_date:opening_hours": "2025-10-20",
        "cuisine": "noodle",
        "level": "3",
        "name": "Top 1 Homemade Noodle",
        "opening_hours:signed": "no"
      },
      "geometry": {
        "type": "Point",
        "coordinates": [
          103.7765513,
          1.3422579
        ]
      },
      "id": "node/12498391789"
    },
    {
      "type": "Feature",
      "properties": {
        "@id": "node/12499323597",
        "addr:floor": "4",
        "amenity": "fast_food",
        "check_date": "2025-01-11",
        "cuisine": "ramen",
        "level": "3",
        "name": "Buta Kin",
        "payment:cards": "no",
        "payment:cash": "yes",
        "payment:credit_cards": "no",
        "payment:debit_cards": "no"
      },
      "geometry": {
        "type": "Point",
        "coordinates": [
          103.7764498,
          1.3421306
        ]
      },
      "id": "node/12499323597"
    },
    {
      "type": "Feature",
      "properties": {
        "@id": "node/12499323598",
        "addr:floor": "4",
        "addr:housenumber": "144",
        "addr:street": "Upper Bukit Timah Road",
        "addr:unit": "#04-41",
        "amenity": "fast_food",
        "check_date": "2025-01-11",
        "cuisine": "noodle",
        "level": "3",
        "name": "Lao Gai Mee Kuching"
      },
      "geometry": {
        "type": "Point",
        "coordinates": [
          103.7765736,
          1.3421796
        ]
      },
      "id": "node/12499323598"
    },
    {
      "type": "Feature",
      "properties": {
        "@id": "node/12499323599",
        "addr:floor": "4",
        "addr:housenumber": "144",
        "addr:street": "Upper Bukit Timah Road",
        "addr:unit": "#04-44",
        "amenity": "fast_food",
        "check_date": "2025-01-11",
        "cuisine": "noodle",
        "level": "3",
        "name": "Top 1 Homemade Noodle"
      },
      "geometry": {
        "type": "Point",
        "coordinates": [
          103.7766552,
          1.3421954
        ]
      },
      "id": "node/12499323599"
    },
    {
      "type": "Feature",
      "properties": {
        "@id": "node/12507111159",
        "addr:city": "Singapore",
        "addr:housenumber": "B1",
        "addr:postcode": "059413",
        "addr:street": "Chinatown Point",
        "amenity": "fast_food",
        "brand": "Subway",
        "brand:wikidata": "Q244457",
        "cuisine": "sandwich",
        "diet:halal": "only",
        "level": "-1",
        "name": "Subway",
        "opening_hours": "Mo-Su 08:00-22:00",
        "takeaway": "yes"
      },
      "geometry": {
        "type": "Point",
        "coordinates": [
          103.8450191,
          1.2856155
        ]
      },
      "id": "node/12507111159"
    },
    {
      "type": "Feature",
      "properties": {
        "@id": "node/12509455049",
        "addr:city": "Singapore",
        "addr:housenumber": "L1",
        "addr:postcode": "059413",
        "addr:street": "Chinatown Point",
        "amenity": "fast_food",
        "branch": "Chinatown Point",
        "brand": "Burger King",
        "brand:wikidata": "Q177054",
        "cuisine": "burger",
        "diet:halal": "only",
        "level": "0",
        "level:ref": "1",
        "name": "Burger King",
        "opening_hours": "Mo-Su,PH 08:00-22:00",
        "takeaway": "yes",
        "website": "https://www.burgerking.com.sg/"
      },
      "geometry": {
        "type": "Point",
        "coordinates": [
          103.8452285,
          1.2852429
        ]
      },
      "id": "node/12509455049"
    },
    {
      "type": "Feature",
      "properties": {
        "@id": "node/12509455061",
        "addr:city": "Singapore",
        "addr:housenumber": "#01-33",
        "addr:postcode": "059817",
        "addr:street": "Clarke Quay Central",
        "amenity": "fast_food",
        "level": "0",
        "level:ref": "1",
        "name": "Panda Chan Snack"
      },
      "geometry": {
        "type": "Point",
        "coordinates": [
          103.8466995,
          1.2886824
        ]
      },
      "id": "node/12509455061"
    },
    {
      "type": "Feature",
      "properties": {
        "@id": "node/12514051796",
        "addr:unit": "19",
        "amenity": "fast_food",
        "level": "0",
        "name": "Dou Hua Ah Mei",
        "name:zh": "豆花阿美",
        "takeaway": "only"
      },
      "geometry": {
        "type": "Point",
        "coordinates": [
          103.8885139,
          1.3968432
        ]
      },
      "id": "node/12514051796"
    },
    {
      "type": "Feature",
      "properties": {
        "@id": "node/12514051800",
        "addr:unit": "01",
        "alt_name": "Bibimbap/Dosirak",
        "amenity": "fast_food",
        "cuisine": "korean",
        "level": "0",
        "name": "Bibimbap & Dosirak"
      },
      "geometry": {
        "type": "Point",
        "coordinates": [
          103.8887803,
          1.3968456
        ]
      },
      "id": "node/12514051800"
    },
    {
      "type": "Feature",
      "properties": {
        "@id": "node/12522201494",
        "addr:city": "Singapore",
        "addr:floor": "1",
        "addr:housenumber": "#01-28/29/30",
        "addr:postcode": "797653",
        "addr:street": "The Seletar Mall",
        "amenity": "fast_food",
        "branch": "The Seletar Mall",
        "brand:en": "Sukiya",
        "brand:ja": "すき家",
        "brand:wikidata": "Q6137375",
        "brand:zh": "食其家",
        "cuisine": "beef_bowl",
        "diet:halal": "only",
        "level": "0",
        "level:ref": "1",
        "name": "すき家 Sukiya",
        "name:en": "Sukiya",
        "name:ja": "すき家",
        "name:zh": "食其家",
        "opening_hours": "Mo-Su 08:00-22:00",
        "takeaway": "yes",
        "website": "https://www.sukiya.com.sg/"
      },
      "geometry": {
        "type": "Point",
        "coordinates": [
          103.875954,
          1.3920498
        ]
      },
      "id": "node/12522201494"
    },
    {
      "type": "Feature",
      "properties": {
        "@id": "node/12526532926",
        "addr:housenumber": "#B1-14",
        "addr:street": "Northpoint City",
        "amenity": "fast_food",
        "level": "-1",
        "name": "Eastern Rice Dumpling",
        "phone": "+65 63526283"
      },
      "geometry": {
        "type": "Point",
        "coordinates": [
          103.8357996,
          1.4294323
        ]
      },
      "id": "node/12526532926"
    },
    {
      "type": "Feature",
      "properties": {
        "@id": "node/12526532936",
        "addr:housenumber": "#B2-145",
        "addr:street": "Northpoint City",
        "amenity": "fast_food",
        "name": "Fried Chicken Master 炸鶏大獅",
        "phone": "+65 65927798"
      },
      "geometry": {
        "type": "Point",
        "coordinates": [
          103.835689,
          1.42829
        ]
      },
      "id": "node/12526532936"
    },
    {
      "type": "Feature",
      "properties": {
        "@id": "node/12526588116",
        "addr:housenumber": "B2F",
        "addr:street": "PLQ Mall",
        "amenity": "fast_food",
        "name": "Nam Kee Pau"
      },
      "geometry": {
        "type": "Point",
        "coordinates": [
          103.8929871,
          1.3175855
        ]
      },
      "id": "node/12526588116"
    },
    {
      "type": "Feature",
      "properties": {
        "@id": "node/12526812416",
        "addr:housenumber": "#B2-33",
        "addr:street": "AMK Hub",
        "amenity": "fast_food",
        "level": "-2",
        "name": "Daun Pandan Rice Dumpling"
      },
      "geometry": {
        "type": "Point",
        "coordinates": [
          103.8486667,
          1.3693753
        ]
      },
      "id": "node/12526812416"
    },
    {
      "type": "Feature",
      "properties": {
        "@id": "node/12526812419",
        "addr:housenumber": "#01-09/10",
        "addr:street": "AMK Hub",
        "amenity": "fast_food",
        "brand": "Auntie Anne's",
        "brand:wikidata": "Q4822010",
        "cuisine": "pretzel",
        "name": "Auntie Anne's",
        "takeaway": "yes"
      },
      "geometry": {
        "type": "Point",
        "coordinates": [
          103.8487443,
          1.3692449
        ]
      },
      "id": "node/12526812419"
    },
    {
      "type": "Feature",
      "properties": {
        "@id": "node/12533886479",
        "amenity": "fast_food",
        "brand": "Subway",
        "brand:wikidata": "Q244457",
        "check_date": "2025-12-08",
        "cuisine": "sandwich",
        "level": "0",
        "name": "Subway",
        "opening_hours": "Mo-Su,PH 07:30-21:30",
        "phone": "+65 8082 0028",
        "takeaway": "yes"
      },
      "geometry": {
        "type": "Point",
        "coordinates": [
          103.8461329,
          1.3216851
        ]
      },
      "id": "node/12533886479"
    },
    {
      "type": "Feature",
      "properties": {
        "@id": "node/12534132525",
        "addr:floor": "2",
        "addr:housenumber": "2",
        "addr:street": "Senja Close",
        "addr:unit": "#02-02",
        "amenity": "fast_food",
        "check_date": "2025-01-19",
        "level": "1",
        "name": "Chicken Rice"
      },
      "geometry": {
        "type": "Point",
        "coordinates": [
          103.7609303,
          1.3873437
        ]
      },
      "id": "node/12534132525"
    },
    {
      "type": "Feature",
      "properties": {
        "@id": "node/12534132526",
        "addr:floor": "2",
        "addr:housenumber": "2",
        "addr:street": "Senja Close",
        "addr:unit": "#02-03",
        "amenity": "fast_food",
        "check_date": "2025-01-19",
        "cuisine": "malaysian",
        "diet:halal": "yes",
        "level": "1",
        "name": "97 Nasi Lemak",
        "payment:cards": "no",
        "payment:cash": "yes",
        "payment:credit_cards": "no",
        "payment:debit_cards": "no",
        "payment:paynow": "yes",
        "wheelchair": "yes"
      },
      "geometry": {
        "type": "Point",
        "coordinates": [
          103.7609568,
          1.387341
        ]
      },
      "id": "node/12534132526"
    },
    {
      "type": "Feature",
      "properties": {
        "@id": "node/12536784764",
        "amenity": "fast_food",
        "name": "Common Grill by Collin's",
        "wheelchair": "yes"
      },
      "geometry": {
        "type": "Point",
        "coordinates": [
          103.933587,
          1.3267759
        ]
      },
      "id": "node/12536784764"
    },
    {
      "type": "Feature",
      "properties": {
        "@id": "node/12536784765",
        "addr:street": "Bedok Interchange Hawker Centre",
        "amenity": "fast_food",
        "name": "Yew Kee Duck Rice 友記家傳鴨飯"
      },
      "geometry": {
        "type": "Point",
        "coordinates": [
          103.9305786,
          1.3247745
        ]
      },
      "id": "node/12536784765"
    },
    {
      "type": "Feature",
      "properties": {
        "@id": "node/12541145601",
        "addr:postcode": "529453",
        "amenity": "fast_food",
        "contact:facebook": "BurgerKingSG",
        "contact:instagram": "burgerkingsg",
        "cuisine": "breakfast;burger;ice_cream",
        "name": "Burger King",
        "opening_hours": "Mo-Su 08:00-02:00",
        "website": "https://www.burgerking.com.sg/"
      },
      "geometry": {
        "type": "Point",
        "coordinates": [
          103.9475486,
          1.3459602
        ]
      },
      "id": "node/12541145601"
    },
    {
      "type": "Feature",
      "properties": {
        "@id": "node/12546614273",
        "addr:city": "Singapore",
        "addr:housenumber": "302",
        "addr:postcode": "680302",
        "addr:street": "Choa Chu Kang Avenue 4",
        "amenity": "fast_food",
        "contact:facebook": "https://www.facebook.com/9spicessg/",
        "contact:instagram": "https://www.instagram.com/9spicessg_islandwide_delivery/",
        "cuisine": "malaysian",
        "name": "Nine Spices",
        "opening_hours": "Mo-Th 09:30-00:00; Fr-Sa 10:30-01:00; Su 10:30-00:00",
        "phone": "+65 9819 0249"
      },
      "geometry": {
        "type": "Point",
        "coordinates": [
          103.7433261,
          1.3850761
        ]
      },
      "id": "node/12546614273"
    },
    {
      "type": "Feature",
      "properties": {
        "@id": "node/12546614274",
        "addr:city": "Singapore",
        "addr:housenumber": "302",
        "addr:street": "Choa Chu Kang Avenue 4",
        "amenity": "fast_food",
        "name": "302 Foodhouse Bak Chor Mee",
        "opening_hours": "24/7"
      },
      "geometry": {
        "type": "Point",
        "coordinates": [
          103.7433618,
          1.3849692
        ]
      },
      "id": "node/12546614274"
    },
    {
      "type": "Feature",
      "properties": {
        "@id": "node/12556269848",
        "addr:floor": "3",
        "amenity": "fast_food",
        "check_date": "2025-02-04",
        "description": "Popiah, Mua chee, Kueh Pie Tee",
        "level": "2",
        "name": "Zeng"
      },
      "geometry": {
        "type": "Point",
        "coordinates": [
          103.9832058,
          1.3376754
        ]
      },
      "id": "node/12556269848"
    },
    {
      "type": "Feature",
      "properties": {
        "@id": "node/12565999266",
        "addr:housenumber": "#B1-K6",
        "addr:street": "Tampines 1",
        "amenity": "fast_food",
        "brand": "Mister Donut",
        "brand:en": "Mister Donut",
        "brand:wikidata": "Q1065819",
        "cuisine": "donut",
        "name": "Mister Donut",
        "name:en": "Mister Donut",
        "opening_hours": "Mo-Su 11:00-21:00",
        "takeaway": "yes"
      },
      "geometry": {
        "type": "Point",
        "coordinates": [
          103.9451841,
          1.3540359
        ]
      },
      "id": "node/12565999266"
    },
    {
      "type": "Feature",
      "properties": {
        "@id": "node/12565999267",
        "addr:housenumber": "#B1-K5",
        "addr:street": "Tampines 1",
        "amenity": "fast_food",
        "brand": "Potato Corner",
        "brand:wikidata": "Q60741625",
        "cuisine": "fries",
        "name": "Potato Corner",
        "opening_hours": "Mo-Su 10:00-21:30",
        "takeaway": "yes"
      },
      "geometry": {
        "type": "Point",
        "coordinates": [
          103.945164,
          1.354055
        ]
      },
      "id": "node/12565999267"
    },
    {
      "type": "Feature",
      "properties": {
        "@id": "node/12565999278",
        "addr:housenumber": "#01-39/40",
        "addr:street": "Tampines 1",
        "amenity": "fast_food",
        "brand": "4Fingers Crispy Chicken",
        "brand:wikidata": "Q23043391",
        "cuisine": "chicken",
        "diet:halal": "only",
        "name": "4Fingers Crispy Chicken",
        "opening_hours": "Mo-Su 10:00-22:00",
        "takeaway": "yes"
      },
      "geometry": {
        "type": "Point",
        "coordinates": [
          103.9448299,
          1.3544715
        ]
      },
      "id": "node/12565999278"
    },
    {
      "type": "Feature",
      "properties": {
        "@id": "node/12565999285",
        "addr:housenumber": "#01-63",
        "amenity": "fast_food",
        "cuisine": "juice",
        "name": "Boost"
      },
      "geometry": {
        "type": "Point",
        "coordinates": [
          103.9451519,
          1.353717
        ]
      },
      "id": "node/12565999285"
    },
    {
      "type": "Feature",
      "properties": {
        "@id": "node/12565999295",
        "addr:housenumber": "#B1-K17",
        "addr:street": "Tampines 1",
        "amenity": "fast_food",
        "name": "Nam Kee Pau"
      },
      "geometry": {
        "type": "Point",
        "coordinates": [
          103.9447373,
          1.3544795
        ]
      },
      "id": "node/12565999295"
    },
    {
      "type": "Feature",
      "properties": {
        "@id": "node/12565999300",
        "addr:housenumber": "#03-16B",
        "addr:street": "Tampines 1",
        "amenity": "fast_food",
        "brand": "Popeyes",
        "brand:wikidata": "Q1330910",
        "cuisine": "chicken",
        "name": "Popeyes",
        "official_name": "Popeyes Louisiana Kitchen",
        "takeaway": "yes"
      },
      "geometry": {
        "type": "Point",
        "coordinates": [
          103.9452394,
          1.354224
        ]
      },
      "id": "node/12565999300"
    },
    {
      "type": "Feature",
      "properties": {
        "@id": "node/12566028913",
        "addr:housenumber": "#B1-31",
        "addr:street": "Tampines 1",
        "amenity": "fast_food",
        "cuisine": "japanese",
        "name": "Tori Q"
      },
      "geometry": {
        "type": "Point",
        "coordinates": [
          103.9449053,
          1.3544061
        ]
      },
      "id": "node/12566028913"
    },
    {
      "type": "Feature",
      "properties": {
        "@id": "node/12571054995",
        "access": "yes",
        "addr:floor": "1",
        "amenity": "fast_food",
        "check_date": "2025-02-09",
        "cuisine": "thai;malaysian",
        "diet:halal": "yes",
        "level": "0",
        "name": "Mam Mam"
      },
      "geometry": {
        "type": "Point",
        "coordinates": [
          103.9829902,
          1.3382695
        ]
      },
      "id": "node/12571054995"
    },
    {
      "type": "Feature",
      "properties": {
        "@id": "node/12573500736",
        "addr:housenumber": "#01-09/10",
        "addr:street": "Century Square",
        "amenity": "fast_food",
        "brand": "Jollibee",
        "brand:wikidata": "Q37614",
        "cuisine": "burger",
        "diet:halal": "only",
        "name": "Jollibee",
        "opening_hours": "Mo-Su 11:00-21:00",
        "takeaway": "yes"
      },
      "geometry": {
        "type": "Point",
        "coordinates": [
          103.9440861,
          1.3522188
        ]
      },
      "id": "node/12573500736"
    },
    {
      "type": "Feature",
      "properties": {
        "@id": "node/12600290000",
        "air_conditioning": "no",
        "amenity": "fast_food",
        "check_date": "2025-02-12",
        "cuisine": "indian",
        "diet:halal": "yes",
        "diet:vegetarian": "yes",
        "name": "A1 Indian Curry",
        "wheelchair": "yes"
      },
      "geometry": {
        "type": "Point",
        "coordinates": [
          103.8612696,
          1.3021313
        ]
      },
      "id": "node/12600290000"
    },
    {
      "type": "Feature",
      "properties": {
        "@id": "node/12600342305",
        "addr:floor": "B1",
        "addr:housenumber": "10",
        "addr:street": "Sinaran Drive",
        "addr:unit": "#B1-120",
        "amenity": "fast_food",
        "capacity": "0",
        "check_date": "2025-02-17",
        "contact:facebook": "https://www.facebook.com/onceuponathymesg/",
        "contact:instagram": "https://www.instagram.com/onceuponathymesg",
        "cuisine": "pasta",
        "diet:vegetarian": "no",
        "level": "-1",
        "name": "Once Upon A Thyme",
        "opening_hours": "11:00-20:30",
        "payment:cash": "no",
        "payment:credit_cards": "yes",
        "payment:debit_cards": "yes",
        "payment:mastercard": "yes",
        "payment:nets": "yes",
        "payment:visa": "yes",
        "start_date": "2011",
        "takeaway": "only",
        "website": "http://www.onceuponathyme.com.sg/",
        "wheelchair": "limited"
      },
      "geometry": {
        "type": "Point",
        "coordinates": [
          103.8443666,
          1.320834
        ]
      },
      "id": "node/12600342305"
    },
    {
      "type": "Feature",
      "properties": {
        "@id": "node/12606919603",
        "amenity": "fast_food",
        "name": "McDonalds"
      },
      "geometry": {
        "type": "Point",
        "coordinates": [
          103.9470294,
          1.3174474
        ]
      },
      "id": "node/12606919603"
    },
    {
      "type": "Feature",
      "properties": {
        "@id": "node/12609141911",
        "amenity": "fast_food",
        "cuisine": "kebab",
        "level": "1"
      },
      "geometry": {
        "type": "Point",
        "coordinates": [
          103.775085,
          1.365634
        ]
      },
      "id": "node/12609141911"
    },
    {
      "type": "Feature",
      "properties": {
        "@id": "node/12661977326",
        "amenity": "fast_food",
        "cuisine": "malay",
        "level": "0",
        "name": "The House Of Lemang",
        "takeaway": "only"
      },
      "geometry": {
        "type": "Point",
        "coordinates": [
          103.8953855,
          1.3919405
        ]
      },
      "id": "node/12661977326"
    },
    {
      "type": "Feature",
      "properties": {
        "@id": "node/12663609855",
        "addr:floor": "2",
        "addr:housenumber": "807C",
        "addr:street": "Choa Chu Kang Avenue 7",
        "amenity": "fast_food",
        "check_date": "2025-03-02",
        "cuisine": "vietnamese",
        "delivery": "yes",
        "level": "1",
        "name": "Hue Banh Mi",
        "takeaway": "only"
      },
      "geometry": {
        "type": "Point",
        "coordinates": [
          103.7455164,
          1.376336
        ]
      },
      "id": "node/12663609855"
    },
    {
      "type": "Feature",
      "properties": {
        "@id": "node/12666241998",
        "addr:unit": "119",
        "amenity": "fast_food",
        "brand": "Burger King",
        "brand:wikidata": "Q177054",
        "cuisine": "burger",
        "level": "1",
        "name": "Burger King",
        "takeaway": "yes"
      },
      "geometry": {
        "type": "Point",
        "coordinates": [
          103.9105716,
          1.4152466
        ]
      },
      "id": "node/12666241998"
    },
    {
      "type": "Feature",
      "properties": {
        "@id": "node/12666250314",
        "addr:unit": "125",
        "amenity": "fast_food",
        "level": "1",
        "name": "Shihlin Taiwan Street Snacks",
        "name:zh": "士林"
      },
      "geometry": {
        "type": "Point",
        "coordinates": [
          103.9109494,
          1.4146748
        ]
      },
      "id": "node/12666250314"
    },
    {
      "type": "Feature",
      "properties": {
        "@id": "node/12666413104",
        "addr:housenumber": "80",
        "addr:street": "Mandai Lake Road",
        "air_conditioning": "yes",
        "alt_name": "Kentucky Fried Chicken",
        "amenity": "fast_food",
        "brand": "KFC",
        "brand:wikidata": "Q524757",
        "cuisine": "chicken",
        "diet:halal": "yes",
        "name": "KFC",
        "takeaway": "yes"
      },
      "geometry": {
        "type": "Point",
        "coordinates": [
          103.7960806,
          1.4018738
        ]
      },
      "id": "node/12666413104"
    },
    {
      "type": "Feature",
      "properties": {
        "@id": "node/12706542894",
        "addr:floor": "1",
        "addr:housenumber": "7",
        "addr:postcode": "189356",
        "addr:street": "Fraser Street",
        "addr:unit": "#01-36/37",
        "amenity": "fast_food",
        "check_date": "2025-03-24",
        "contact:facebook": "https://www.facebook.com/poketheorysg/",
        "contact:instagram": "https://www.instagram.com/poketheorysg",
        "diet:vegetarian": "yes",
        "email": "duogalleria@poketheory.com.sg",
        "level": "0",
        "name": "Poke Theory",
        "opening_hours": "Mo-Fr 11:00-20:00; Sa-Su 11:00-18:30",
        "payment:cash": "yes",
        "payment:credit_cards": "yes",
        "payment:debit_cards": "yes",
        "payment:mastercard": "yes",
        "payment:nets": "yes",
        "payment:visa": "yes",
        "phone": "+65 9309 8797",
        "website": "https://poketheory.com.sg/",
        "wheelchair": "yes"
      },
      "geometry": {
        "type": "Point",
        "coordinates": [
          103.8579932,
          1.2992536
        ]
      },
      "id": "node/12706542894"
    },
    {
      "type": "Feature",
      "properties": {
        "@id": "node/12706594307",
        "amenity": "fast_food",
        "check_date": "2025-03-27",
        "cuisine": "chicken",
        "name": "Wingstop",
        "wheelchair": "yes"
      },
      "geometry": {
        "type": "Point",
        "coordinates": [
          103.7432031,
          1.392475
        ]
      },
      "id": "node/12706594307"
    },
    {
      "type": "Feature",
      "properties": {
        "@id": "node/12706594310",
        "amenity": "fast_food",
        "check_date": "2025-03-27",
        "cuisine": "pizza",
        "name": "Canadian Pizza",
        "wheelchair": "yes"
      },
      "geometry": {
        "type": "Point",
        "coordinates": [
          103.7432924,
          1.392051
        ]
      },
      "id": "node/12706594310"
    },
    {
      "type": "Feature",
      "properties": {
        "@id": "node/12721913401",
        "addr:city": "Singapore",
        "addr:housenumber": "1",
        "addr:postcode": "518457",
        "addr:street": "Pasir Ris Central Street 3",
        "air_conditioning": "yes",
        "amenity": "fast_food",
        "contact:facebook": "https://www.facebook.com/SF.Singapore.Fruits.Juices.FarmMart",
        "cuisine": "juice",
        "level": "-1",
        "name": "SF Fruits & Juices",
        "opening_hours": "Mo-Su 10:00-22:00",
        "takeaway": "only",
        "website": "https://sfsingapore.com/"
      },
      "geometry": {
        "type": "Point",
        "coordinates": [
          103.9495262,
          1.3723347
        ]
      },
      "id": "node/12721913401"
    },
    {
      "type": "Feature",
      "properties": {
        "@id": "node/12761904068",
        "addr:housenumber": "30",
        "addr:street": "Bali Lane",
        "amenity": "fast_food",
        "check_date": "2025-04-16",
        "cuisine": "indonesian;noodle",
        "diet:halal": "yes",
        "diet:vegetarian": "yes",
        "name": "Kulon",
        "opening_hours": "Mo-Fr 11:30-15:30,17:30-21:30; Sa-Su 11:30-21:30",
        "payment:cards": "no",
        "payment:cash": "yes",
        "payment:credit_cards": "no",
        "payment:debit_cards": "no",
        "website": "https://kulonsingapore.com/",
        "wheelchair": "limited"
      },
      "geometry": {
        "type": "Point",
        "coordinates": [
          103.85837,
          1.3013065
        ]
      },
      "id": "node/12761904068"
    },
    {
      "type": "Feature",
      "properties": {
        "@id": "node/12788055769",
        "addr:city": "Singapore",
        "addr:housenumber": "2A",
        "addr:postcode": "599213",
        "addr:street": "Jalan Seh Chuan",
        "addr:unit": "#01-60",
        "amenity": "fast_food",
        "cuisine": "rice",
        "diet:vegetarian": "yes",
        "name": "Living Wholesome Vegetarian",
        "opening_hours": "Mo-Fr 10:00-19:30; Sa-Su 10:00-13:45"
      },
      "geometry": {
        "type": "Point",
        "coordinates": [
          103.7752906,
          1.340756
        ]
      },
      "id": "node/12788055769"
    },
    {
      "type": "Feature",
      "properties": {
        "@id": "node/12790892233",
        "addr:housenumber": "3",
        "addr:street": "Guillemard Road",
        "amenity": "fast_food",
        "name": "Daun Pandan Rice Dumpling"
      },
      "geometry": {
        "type": "Point",
        "coordinates": [
          103.8769896,
          1.308752
        ]
      },
      "id": "node/12790892233"
    },
    {
      "type": "Feature",
      "properties": {
        "@id": "node/12797683769",
        "addr:housenumber": "9",
        "addr:postcode": "599734",
        "addr:street": "Cheong Chin Nam Road",
        "amenity": "fast_food",
        "check_date": "2025-04-25",
        "cuisine": "chicken",
        "name": "Tender Fresh",
        "opening_hours": "Mo-Fr 11:00-23:30; Sa-Su,PH 10:00-23:30",
        "phone": "+65 6762 2661",
        "website": "https://www.tenderfresh.com.sg/"
      },
      "geometry": {
        "type": "Point",
        "coordinates": [
          103.7752393,
          1.3427266
        ]
      },
      "id": "node/12797683769"
    },
    {
      "type": "Feature",
      "properties": {
        "@id": "node/12797683786",
        "addr:housenumber": "23",
        "addr:street": "Bali Lane",
        "air_conditioning": "yes",
        "amenity": "fast_food",
        "check_date": "2025-04-28",
        "contact:facebook": "https://www.facebook.com/perghchicks/",
        "contact:instagram": "https://www.instagram.com/perghchicks",
        "contact:tiktok": "https://www.tiktok.com/@https:",
        "cuisine": "chicken",
        "delivery": "yes",
        "email": "hello@perghchicks.com",
        "name": "Pergh!Chicks",
        "opening_hours": "11:00-21:00",
        "outdoor_seating": "no",
        "payment:cards": "no",
        "payment:cash": "yes",
        "payment:credit_cards": "no",
        "payment:debit_cards": "no",
        "payment:paynow": "yes",
        "phone": "+65 9665 9740",
        "takeaway": "yes",
        "website": "https://perghchicks.com/"
      },
      "geometry": {
        "type": "Point",
        "coordinates": [
          103.8586143,
          1.3009926
        ]
      },
      "id": "node/12797683786"
    },
    {
      "type": "Feature",
      "properties": {
        "@id": "node/12802702917",
        "amenity": "fast_food",
        "brand": "Old Chang Kee",
        "brand:wikidata": "Q17005286",
        "cuisine": "snacks;singaporean",
        "drive_through": "no",
        "name": "Old Chang Kee",
        "name:en": "Old Chang Kee",
        "name:zh": "老曾记",
        "shop": "kiosk",
        "takeaway": "yes"
      },
      "geometry": {
        "type": "Point",
        "coordinates": [
          103.6926985,
          1.3388346
        ]
      },
      "id": "node/12802702917"
    },
    {
      "type": "Feature",
      "properties": {
        "@id": "node/12828388354",
        "amenity": "fast_food",
        "cuisine": "chinese",
        "name": "Penang Authentic"
      },
      "geometry": {
        "type": "Point",
        "coordinates": [
          103.7750271,
          1.3409506
        ]
      },
      "id": "node/12828388354"
    },
    {
      "type": "Feature",
      "properties": {
        "@id": "node/12850170661",
        "addr:unit": "07",
        "amenity": "fast_food",
        "brand": "Wingstop",
        "cuisine": "wings",
        "level": "-1",
        "name": "Wingstop",
        "opening_hours": "11:00-22:00",
        "takeaway": "yes"
      },
      "geometry": {
        "type": "Point",
        "coordinates": [
          103.8476528,
          1.299436
        ]
      },
      "id": "node/12850170661"
    },
    {
      "type": "Feature",
      "properties": {
        "@id": "node/12850170670",
        "addr:unit": "08",
        "amenity": "fast_food",
        "brand": "Yoshinoya",
        "brand:en": "Yoshinoya",
        "cuisine": "beef_bowl",
        "level": "-1",
        "name": "Yoshinoya",
        "name:en": "Yoshinoya",
        "name:ja": "吉野家",
        "takeaway": "yes"
      },
      "geometry": {
        "type": "Point",
        "coordinates": [
          103.8477199,
          1.2994428
        ]
      },
      "id": "node/12850170670"
    },
    {
      "type": "Feature",
      "properties": {
        "@id": "node/12862578758",
        "addr:floor": "2",
        "air_conditioning": "yes",
        "amenity": "fast_food",
        "check_date": "2025-05-20",
        "cuisine": "chinese;soup",
        "diet:vegetarian": "no",
        "fixme": "chinese name",
        "level": "1",
        "name": "Fish With You",
        "payment:cash": "yes",
        "payment:credit_cards": "yes",
        "payment:debit_cards": "yes",
        "payment:mastercard": "yes",
        "payment:nets": "yes",
        "payment:visa": "yes"
      },
      "geometry": {
        "type": "Point",
        "coordinates": [
          103.7641905,
          1.380545
        ]
      },
      "id": "node/12862578758"
    },
    {
      "type": "Feature",
      "properties": {
        "@id": "node/12862578759",
        "addr:floor": "2",
        "amenity": "fast_food",
        "check_date": "2025-05-20",
        "cuisine": "chinese",
        "level": "1"
      },
      "geometry": {
        "type": "Point",
        "coordinates": [
          103.7642112,
          1.3806266
        ]
      },
      "id": "node/12862578759"
    },
    {
      "type": "Feature",
      "properties": {
        "@id": "node/12876887666",
        "amenity": "fast_food",
        "level": "0",
        "name": "Orchard Yong Tau Foo"
      },
      "geometry": {
        "type": "Point",
        "coordinates": [
          103.8406571,
          1.3019666
        ]
      },
      "id": "node/12876887666"
    },
    {
      "type": "Feature",
      "properties": {
        "@id": "node/12883587132",
        "amenity": "fast_food",
        "check_date": "2025-06-06",
        "check_date:opening_hours": "2025-06-06",
        "cuisine": "chinese",
        "drive_through": "no",
        "internet_access": "no",
        "level": "1",
        "name": "Jue Wei",
        "name:zh": "绝味",
        "opening_hours": "Mo-Su,PH 11:00-22:45",
        "payment:cash": "yes",
        "payment:contactless": "yes",
        "payment:nets": "yes",
        "wheelchair": "yes"
      },
      "geometry": {
        "type": "Point",
        "coordinates": [
          103.6968525,
          1.3373913
        ]
      },
      "id": "node/12883587132"
    },
    {
      "type": "Feature",
      "properties": {
        "@id": "node/12891751918",
        "addr:floor": "1",
        "addr:housenumber": "1",
        "addr:street": "Jurong West Central 2",
        "amenity": "fast_food",
        "brand": "Subway",
        "brand:wikidata": "Q244457",
        "check_date": "2025-06-06",
        "cuisine": "sandwich",
        "diet:halal": "yes",
        "drive_through": "no",
        "internet_access": "no",
        "level": "0",
        "name": "Subway",
        "opening_hours": "08:00-22:30",
        "payment:cash": "yes",
        "payment:contactless": "yes",
        "payment:nets": "yes",
        "takeaway": "yes",
        "wheelchair": "yes"
      },
      "geometry": {
        "type": "Point",
        "coordinates": [
          103.7063175,
          1.3399608
        ]
      },
      "id": "node/12891751918"
    },
    {
      "type": "Feature",
      "properties": {
        "@id": "node/12892419742",
        "amenity": "fast_food",
        "cuisine": "chinese",
        "drive_through": "no",
        "level": "0",
        "name": "Jue Wei"
      },
      "geometry": {
        "type": "Point",
        "coordinates": [
          103.7866594,
          1.4367295
        ]
      },
      "id": "node/12892419742"
    },
    {
      "type": "Feature",
      "properties": {
        "@id": "node/12892541634",
        "air_conditioning": "yes",
        "amenity": "fast_food",
        "brand": "Long John Silver's",
        "brand:wikidata": "Q1535221",
        "cuisine": "seafood",
        "level": "-1",
        "name": "Long John Silver's",
        "takeaway": "yes"
      },
      "geometry": {
        "type": "Point",
        "coordinates": [
          103.7862357,
          1.4348771
        ]
      },
      "id": "node/12892541634"
    },
    {
      "type": "Feature",
      "properties": {
        "@id": "node/12896956466",
        "addr:floor": "2",
        "addr:housenumber": "390",
        "addr:street": "Victoria Street",
        "amenity": "fast_food",
        "check_date": "2025-06-02",
        "cuisine": "malaysian",
        "diet:halal": "yes",
        "level": "1",
        "name": "Dahlia Cafe"
      },
      "geometry": {
        "type": "Point",
        "coordinates": [
          103.8576705,
          1.3018614
        ]
      },
      "id": "node/12896956466"
    },
    {
      "type": "Feature",
      "properties": {
        "@id": "node/12896956467",
        "addr:floor": "1",
        "addr:housenumber": "270",
        "addr:street": "Queen Street",
        "addr:unit": "#01-123",
        "amenity": "fast_food",
        "check_date": "2025-06-08",
        "cuisine": "indonesian",
        "diet:halal": "yes",
        "level": "0",
        "name": "Pondok Makan Indonesia",
        "payment:cards": "no",
        "payment:cash": "yes",
        "payment:credit_cards": "no",
        "payment:debit_cards": "no",
        "payment:paynow": "yes"
      },
      "geometry": {
        "type": "Point",
        "coordinates": [
          103.853862,
          1.30129
        ]
      },
      "id": "node/12896956467"
    },
    {
      "type": "Feature",
      "properties": {
        "@id": "node/12914123759",
        "addr:floor": "1",
        "addr:housenumber": "643",
        "addr:street": "Bukit Batok Central",
        "amenity": "fast_food",
        "check_date": "2025-06-14",
        "cuisine": "chicken",
        "internet_access": "no",
        "level": "0",
        "name": "Texas Chicken",
        "opening_hours": "24/7",
        "payment:cash": "yes",
        "payment:credit_cards": "yes",
        "payment:debit_cards": "yes",
        "wheelchair": "no"
      },
      "geometry": {
        "type": "Point",
        "coordinates": [
          103.752118,
          1.3489865
        ]
      },
      "id": "node/12914123759"
    },
    {
      "type": "Feature",
      "properties": {
        "@id": "node/12942476161",
        "amenity": "fast_food",
        "cuisine": "burger",
        "delivery": "yes",
        "fast_food": "cafeteria",
        "name": "Fatty Bom Bom",
        "takeaway": "yes",
        "wheelchair": "limited"
      },
      "geometry": {
        "type": "Point",
        "coordinates": [
          103.7759211,
          1.4332012
        ]
      },
      "id": "node/12942476161"
    },
    {
      "type": "Feature",
      "properties": {
        "@id": "node/12946731786",
        "amenity": "fast_food",
        "check_date": "2025-06-16",
        "cuisine": "sandwich;vietnamese",
        "name": "Baguette Huong",
        "payment:alipay": "yes",
        "payment:cards": "no",
        "payment:cash": "no",
        "payment:credit_cards": "no",
        "payment:debit_cards": "no",
        "payment:grabpay": "yes",
        "payment:paynow": "yes"
      },
      "geometry": {
        "type": "Point",
        "coordinates": [
          103.8542418,
          1.3009714
        ]
      },
      "id": "node/12946731786"
    },
    {
      "type": "Feature",
      "properties": {
        "@id": "node/12946731787",
        "amenity": "fast_food",
        "check_date": "2025-06-16",
        "cuisine": "dessert;friture",
        "diet:halal": "yes",
        "diet:vegetarian": "yes",
        "name": "Siam Munchies",
        "payment:cards": "no",
        "payment:cash": "yes",
        "payment:credit_cards": "no",
        "payment:debit_cards": "no",
        "payment:paynow": "yes"
      },
      "geometry": {
        "type": "Point",
        "coordinates": [
          103.8541907,
          1.3010333
        ]
      },
      "id": "node/12946731787"
    },
    {
      "type": "Feature",
      "properties": {
        "@id": "node/12959394828",
        "addr:city": "Singapore",
        "addr:housenumber": "139",
        "addr:postcode": "521139",
        "addr:street": "Tampines Street 11",
        "amenity": "fast_food",
        "branch": "Tampines",
        "brand": "Domino's",
        "brand:wikidata": "Q839466",
        "cuisine": "pizza",
        "delivery": "yes",
        "name": "Domino's",
        "opening_hours": "Mo-Su 10:30-23:00",
        "phone": "+65 62226333",
        "takeaway": "yes",
        "website": "http://www.dominos.com.sg"
      },
      "geometry": {
        "type": "Point",
        "coordinates": [
          103.9441514,
          1.3467596
        ]
      },
      "id": "node/12959394828"
    },
    {
      "type": "Feature",
      "properties": {
        "@id": "node/12959414917",
        "addr:city": "Singapore",
        "addr:housenumber": "614",
        "addr:postcode": "520614",
        "addr:street": "Tampines north drive 1",
        "air_conditioning": "yes",
        "amenity": "fast_food",
        "brand": "McDonald's",
        "brand:wikidata": "Q38076",
        "cuisine": "burger",
        "delivery": "yes",
        "drive_through": "no",
        "level": "0",
        "name": "McDonald's",
        "opening_hours": "su-th 07:00-00:00; fr-sa 07:00-02:00",
        "phone": "+65 6777 3777",
        "takeaway": "yes",
        "toilets": "yes",
        "website": "https://www.mcdonalds.com.sg/mcdelivery?gad_source=1&gad_campaignid=22048932375&gbraid=0AAAAADwzibe9XOBA9aT8Z4x-VrKHpV21Y&gclid=Cj0KCQjwpf7CBhCfARIsANIETVpyXBhTlzLceFmddqck5Cdj4YMROg3M-ZhmILNTS9Mszs2NgBvcxU4aApRYEALw_wcB&gclsrc=aw.ds"
      },
      "geometry": {
        "type": "Point",
        "coordinates": [
          103.9365711,
          1.365617
        ]
      },
      "id": "node/12959414917"
    },
    {
      "type": "Feature",
      "properties": {
        "@id": "node/12989821855",
        "amenity": "fast_food",
        "brand": "McDonald's",
        "brand:wikidata": "Q38076",
        "cuisine": "burger",
        "level": "0",
        "name": "McDonald's",
        "takeaway": "yes"
      },
      "geometry": {
        "type": "Point",
        "coordinates": [
          103.9102182,
          1.414723
        ]
      },
      "id": "node/12989821855"
    },
    {
      "type": "Feature",
      "properties": {
        "@id": "node/13001005379",
        "amenity": "fast_food",
        "check_date": "2025-07-12",
        "cuisine": "indian",
        "name": "Prata Alley"
      },
      "geometry": {
        "type": "Point",
        "coordinates": [
          103.8052734,
          1.2871159
        ]
      },
      "id": "node/13001005379"
    },
    {
      "type": "Feature",
      "properties": {
        "@id": "node/13001018883",
        "addr:floor": "4",
        "addr:housenumber": "144",
        "addr:street": "Upper Bukit Timah Road",
        "amenity": "fast_food",
        "check_date": "2025-06-28",
        "cuisine": "chinese;thai",
        "diet:halal": "no",
        "diet:vegetarian": "no",
        "level": "3",
        "name": "The Three Elephants",
        "payment:cards": "no",
        "payment:cash": "yes",
        "payment:credit_cards": "no",
        "payment:debit_cards": "no",
        "payment:paynow": "yes"
      },
      "geometry": {
        "type": "Point",
        "coordinates": [
          103.7761216,
          1.3422536
        ]
      },
      "id": "node/13001018883"
    },
    {
      "type": "Feature",
      "properties": {
        "@id": "node/13003600410",
        "addr:housenumber": "2(2)",
        "amenity": "fast_food",
        "description": "3.2, option 1",
        "drinking_water": "yes",
        "fast_food": "cafeteria",
        "layer": "1",
        "name": "Ananas",
        "takeaway": "only"
      },
      "geometry": {
        "type": "Point",
        "coordinates": [
          103.8301749,
          1.4434058
        ]
      },
      "id": "node/13003600410"
    },
    {
      "type": "Feature",
      "properties": {
        "@id": "node/13003719194",
        "amenity": "fast_food",
        "drinking_water": "yes",
        "fast_food": "cafeteria",
        "name": "Kunyit Kedai",
        "seats": "yes",
        "takeaway": "yes"
      },
      "geometry": {
        "type": "Point",
        "coordinates": [
          103.7621241,
          1.4250785
        ]
      },
      "id": "node/13003719194"
    },
    {
      "type": "Feature",
      "properties": {
        "@id": "node/13009002208",
        "amenity": "fast_food",
        "cuisine": "noodles;",
        "fast_food": "cafe",
        "name": "Núodle"
      },
      "geometry": {
        "type": "Point",
        "coordinates": [
          103.7847199,
          1.4349508
        ]
      },
      "id": "node/13009002208"
    },
    {
      "type": "Feature",
      "properties": {
        "@id": "node/13032522666",
        "amenity": "fast_food",
        "description": "BismillahirRahmaannirRaheem,  bus captains are placed priority, if there's queue",
        "fast_food": "cafeteria"
      },
      "geometry": {
        "type": "Point",
        "coordinates": [
          103.8474851,
          1.2744871
        ]
      },
      "id": "node/13032522666"
    },
    {
      "type": "Feature",
      "properties": {
        "@id": "node/13033095929",
        "amenity": "fast_food",
        "fast_food": "cafeteria",
        "name": "Ntwu canteen"
      },
      "geometry": {
        "type": "Point",
        "coordinates": [
          103.8329415,
          1.2759945
        ]
      },
      "id": "node/13033095929"
    },
    {
      "type": "Feature",
      "properties": {
        "@id": "node/13038483552",
        "addr:city": "Singapore",
        "addr:country": "SG",
        "addr:housenumber": "1",
        "addr:postcode": "069184",
        "addr:street": "Kadayanallur Street",
        "addr:unit": "#50",
        "amenity": "fast_food",
        "cuisine": "juice",
        "indoor_seating": "yes",
        "name": "Juice farm",
        "outdoor_seating": "yes",
        "takeaway": "only"
      },
      "geometry": {
        "type": "Point",
        "coordinates": [
          103.8446509,
          1.2804934
        ]
      },
      "id": "node/13038483552"
    },
    {
      "type": "Feature",
      "properties": {
        "@id": "node/13038524191",
        "addr:city": "Singapore",
        "addr:country": "SG",
        "addr:housenumber": "1",
        "addr:postcode": "069184",
        "addr:street": "Kadayanallur Street",
        "addr:unit": "#80",
        "amenity": "fast_food",
        "check_date": "2025-08-10",
        "fast_food": "cafeteria",
        "indoor_seating": "yes",
        "name": "Alipapa Briyani",
        "outdoor_seating": "yes",
        "takeaway": "only"
      },
      "geometry": {
        "type": "Point",
        "coordinates": [
          103.8446384,
          1.2804383
        ]
      },
      "id": "node/13038524191"
    },
    {
      "type": "Feature",
      "properties": {
        "@id": "node/13038528646",
        "addr:city": "Singapore",
        "addr:country": "SG",
        "addr:housenumber": "1",
        "addr:postcode": "069184",
        "addr:street": "Kadayanallur Street",
        "addr:unit": "#82",
        "amenity": "fast_food",
        "check_date": "2025-08-10",
        "cuisine": "indian;Muslim",
        "fast_food": "cafeteria",
        "indoor_seating": "yes",
        "name": "North & South Authentic Indian cuisine",
        "outdoor_seating": "yes",
        "takeaway": "only"
      },
      "geometry": {
        "type": "Point",
        "coordinates": [
          103.8446014,
          1.2804827
        ]
      },
      "id": "node/13038528646"
    },
    {
      "type": "Feature",
      "properties": {
        "@id": "node/13039484094",
        "amenity": "fast_food",
        "cuisine": "rice",
        "description": "A - 4.50",
        "fast_food": "cafeteria",
        "indoor_seating": "yes",
        "name": "Holland village nasi Lemak",
        "outdoor_seating": "yes"
      },
      "geometry": {
        "type": "Point",
        "coordinates": [
          103.8443707,
          1.2861039
        ]
      },
      "id": "node/13039484094"
    },
    {
      "type": "Feature",
      "properties": {
        "@id": "node/13039501940",
        "amenity": "fast_food",
        "cuisine": "rice;",
        "fast_food": "cafeteria",
        "name": "Nasi Lemak"
      },
      "geometry": {
        "type": "Point",
        "coordinates": [
          103.8430071,
          1.2854883
        ]
      },
      "id": "node/13039501940"
    },
    {
      "type": "Feature",
      "properties": {
        "@id": "node/13039516185",
        "amenity": "fast_food",
        "cuisine": "Muslim;",
        "description": "mee rebus = 4 `Living credits`",
        "fast_food": "cafeteria",
        "name": "Muslim food@people's Park"
      },
      "geometry": {
        "type": "Point",
        "coordinates": [
          103.8430598,
          1.2854411
        ]
      },
      "id": "node/13039516185"
    },
    {
      "type": "Feature",
      "properties": {
        "@id": "node/13039517002",
        "amenity": "fast_food",
        "fast_food": "cafeteria",
        "name": "Dudu café"
      },
      "geometry": {
        "type": "Point",
        "coordinates": [
          103.8478418,
          1.2795142
        ]
      },
      "id": "node/13039517002"
    },
    {
      "type": "Feature",
      "properties": {
        "@id": "node/13049492666",
        "addr:city": "Singapore",
        "addr:housenumber": "505",
        "addr:postcode": "199583",
        "addr:street": "Beach Road",
        "addr:unit": "#01-82",
        "amenity": "fast_food",
        "cuisine": "soup",
        "name": "Bau Mak",
        "opening_hours": "Mo-Sa 10:00-19:00; Su off"
      },
      "geometry": {
        "type": "Point",
        "coordinates": [
          103.8638066,
          1.3031857
        ]
      },
      "id": "node/13049492666"
    },
    {
      "type": "Feature",
      "properties": {
        "@id": "node/13051666522",
        "amenity": "fast_food",
        "level": "0",
        "name": "The Daily Cut"
      },
      "geometry": {
        "type": "Point",
        "coordinates": [
          103.857495,
          1.2984497
        ]
      },
      "id": "node/13051666522"
    },
    {
      "type": "Feature",
      "properties": {
        "@id": "node/13061492840",
        "addr:city": "Singapore",
        "addr:country": "SG",
        "addr:housenumber": "1",
        "addr:postcode": "069184",
        "addr:street": "Kadayanallur Street",
        "addr:unit": "#71",
        "amenity": "fast_food",
        "check_date": "2025-08-10",
        "cuisine": "chinese",
        "fast_food": "cafeteria",
        "indoor_seating": "yes",
        "name": "福順錦記燒臘麵家",
        "name:zh-Hans": "福顺锦记烧腊面家",
        "outdoor_seating": "yes",
        "takeaway": "only"
      },
      "geometry": {
        "type": "Point",
        "coordinates": [
          103.8448051,
          1.2802384
        ]
      },
      "id": "node/13061492840"
    },
    {
      "type": "Feature",
      "properties": {
        "@id": "node/13061492841",
        "addr:city": "Singapore",
        "addr:country": "SG",
        "addr:housenumber": "1",
        "addr:postcode": "069184",
        "addr:street": "Kadayanallur Street",
        "addr:unit": "#73",
        "amenity": "fast_food",
        "check_date": "2025-08-10",
        "cuisine": "chinese",
        "fast_food": "cafeteria",
        "indoor_seating": "yes",
        "name": "蛋佬 Danla Scrambled Egg Rice",
        "name:en": "Danla Scrambled Egg Rice",
        "name:zh-Hans": "蛋佬",
        "name:zh-Hant": "蛋佬",
        "outdoor_seating": "yes",
        "takeaway": "only"
      },
      "geometry": {
        "type": "Point",
        "coordinates": [
          103.8447656,
          1.2802857
        ]
      },
      "id": "node/13061492841"
    },
    {
      "type": "Feature",
      "properties": {
        "@id": "node/13061492842",
        "addr:city": "Singapore",
        "addr:country": "SG",
        "addr:housenumber": "1",
        "addr:postcode": "069184",
        "addr:street": "Kadayanallur Street",
        "addr:unit": "#65",
        "amenity": "fast_food",
        "check_date": "2025-08-10",
        "cuisine": "juice",
        "indoor_seating": "yes",
        "name": "新鮮果汁 Fresh Fruit Juice",
        "outdoor_seating": "yes",
        "takeaway": "only"
      },
      "geometry": {
        "type": "Point",
        "coordinates": [
          103.8449474,
          1.2801349
        ]
      },
      "id": "node/13061492842"
    },
    {
      "type": "Feature",
      "properties": {
        "@id": "node/13061492843",
        "addr:city": "Singapore",
        "addr:country": "SG",
        "addr:housenumber": "1",
        "addr:postcode": "069184",
        "addr:street": "Kadayanallur Street",
        "addr:unit": "#67",
        "amenity": "fast_food",
        "check_date": "2025-08-10",
        "cuisine": "malaysian",
        "fast_food": "cafeteria",
        "indoor_seating": "yes",
        "name": "Traditional Family Cuisine",
        "outdoor_seating": "yes",
        "takeaway": "only"
      },
      "geometry": {
        "type": "Point",
        "coordinates": [
          103.8448899,
          1.2801367
        ]
      },
      "id": "node/13061492843"
    },
    {
      "type": "Feature",
      "properties": {
        "@id": "node/13061492844",
        "addr:city": "Singapore",
        "addr:country": "SG",
        "addr:housenumber": "1",
        "addr:postcode": "069184",
        "addr:street": "Kadayanallur Street",
        "addr:unit": "#69",
        "amenity": "fast_food",
        "check_date": "2025-08-10",
        "cuisine": "pakistani",
        "fast_food": "cafeteria",
        "indoor_seating": "yes",
        "name": "Pakistani Dum Biryani SG",
        "outdoor_seating": "yes",
        "takeaway": "only"
      },
      "geometry": {
        "type": "Point",
        "coordinates": [
          103.84485,
          1.2801845
        ]
      },
      "id": "node/13061492844"
    },
    {
      "type": "Feature",
      "properties": {
        "@id": "node/13061492847",
        "addr:city": "Singapore",
        "addr:country": "SG",
        "addr:housenumber": "1",
        "addr:postcode": "069184",
        "addr:street": "Kadayanallur Street",
        "addr:unit": "#66",
        "amenity": "fast_food",
        "check_date": "2025-08-10",
        "cuisine": "chinese",
        "fast_food": "cafeteria",
        "indoor_seating": "yes",
        "name": "一家潮州魚粥·魚湯",
        "outdoor_seating": "yes",
        "takeaway": "only"
      },
      "geometry": {
        "type": "Point",
        "coordinates": [
          103.8449133,
          1.2801087
        ]
      },
      "id": "node/13061492847"
    },
    {
      "type": "Feature",
      "properties": {
        "@id": "node/13061492848",
        "addr:city": "Singapore",
        "addr:country": "SG",
        "addr:housenumber": "1",
        "addr:postcode": "069184",
        "addr:street": "Kadayanallur Street",
        "addr:unit": "#63",
        "amenity": "fast_food",
        "check_date": "2025-08-10",
        "cuisine": "chinese;soup",
        "fast_food": "cafeteria",
        "indoor_seating": "yes",
        "name": "老火湯 Maxwell Herb Soup",
        "name:en": "Maxwell Herb Soup",
        "name:zh-Hans": "老火汤",
        "name:zh-Hant": "老火湯",
        "outdoor_seating": "yes",
        "takeaway": "only"
      },
      "geometry": {
        "type": "Point",
        "coordinates": [
          103.8448994,
          1.280193
        ]
      },
      "id": "node/13061492848"
    },
    {
      "type": "Feature",
      "properties": {
        "@id": "node/13061492850",
        "addr:city": "Singapore",
        "addr:country": "SG",
        "addr:housenumber": "1",
        "addr:postcode": "069184",
        "addr:street": "Kadayanallur Street",
        "addr:unit": "#59",
        "amenity": "fast_food",
        "check_date": "2025-08-10",
        "cuisine": "chinese;noodle;fujian",
        "fast_food": "cafeteria",
        "indoor_seating": "yes",
        "name": "裕廊东18年传统味鱼圆面",
        "name:zh-Hant": "裕廊東18年傳統味魚圓面",
        "outdoor_seating": "yes",
        "takeaway": "only"
      },
      "geometry": {
        "type": "Point",
        "coordinates": [
          103.8448189,
          1.2802902
        ]
      },
      "id": "node/13061492850"
    },
    {
      "type": "Feature",
      "properties": {
        "@id": "node/13061492851",
        "addr:city": "Singapore",
        "addr:country": "SG",
        "addr:housenumber": "1",
        "addr:postcode": "069184",
        "addr:street": "Kadayanallur Street",
        "addr:unit": "#70",
        "amenity": "fast_food",
        "check_date": "2025-08-10",
        "cuisine": "chinese;soup",
        "fast_food": "cafeteria",
        "indoor_seating": "yes",
        "name": "原味鮮湯 Original Soup",
        "name:en": "Original Soup",
        "name:zh-Hans": "原味鲜汤",
        "name:zh-Hant": "原味鮮湯",
        "outdoor_seating": "yes",
        "takeaway": "only"
      },
      "geometry": {
        "type": "Point",
        "coordinates": [
          103.8448263,
          1.2802129
        ]
      },
      "id": "node/13061492851"
    },
    {
      "type": "Feature",
      "properties": {
        "@id": "node/13061492853",
        "addr:city": "Singapore",
        "addr:country": "SG",
        "addr:housenumber": "1",
        "addr:postcode": "069184",
        "addr:street": "Kadayanallur Street",
        "addr:unit": "#62",
        "amenity": "fast_food",
        "check_date": "2025-08-10",
        "cuisine": "chinese",
        "fast_food": "cafeteria",
        "indoor_seating": "yes",
        "name": "江南味道",
        "outdoor_seating": "yes",
        "takeaway": "only"
      },
      "geometry": {
        "type": "Point",
        "coordinates": [
          103.8448763,
          1.2802209
        ]
      },
      "id": "node/13061492853"
    },
    {
      "type": "Feature",
      "properties": {
        "@id": "node/13061492855",
        "addr:city": "Singapore",
        "addr:country": "SG",
        "addr:housenumber": "1",
        "addr:postcode": "069184",
        "addr:street": "Kadayanallur Street",
        "addr:unit": "#64",
        "amenity": "fast_food",
        "check_date": "2025-08-10",
        "cuisine": "thai",
        "fast_food": "cafeteria",
        "indoor_seating": "yes",
        "name": "Our Kitchen Thai Food",
        "outdoor_seating": "yes",
        "takeaway": "only"
      },
      "geometry": {
        "type": "Point",
        "coordinates": [
          103.8449243,
          1.2801629
        ]
      },
      "id": "node/13061492855"
    },
    {
      "type": "Feature",
      "properties": {
        "@id": "node/13061496137",
        "addr:city": "Singapore",
        "addr:country": "SG",
        "addr:housenumber": "1",
        "addr:postcode": "069184",
        "addr:street": "Kadayanallur Street",
        "addr:unit": "#83",
        "amenity": "fast_food",
        "check_date": "2025-08-10",
        "cuisine": "juice",
        "indoor_seating": "yes",
        "name": "Avoca Broo",
        "outdoor_seating": "yes",
        "takeaway": "only"
      },
      "geometry": {
        "type": "Point",
        "coordinates": [
          103.8445836,
          1.2805041
        ]
      },
      "id": "node/13061496137"
    },
    {
      "type": "Feature",
      "properties": {
        "@id": "node/13061496139",
        "addr:city": "Singapore",
        "addr:country": "SG",
        "addr:housenumber": "1",
        "addr:postcode": "069184",
        "addr:street": "Kadayanallur Street",
        "addr:unit": "#78",
        "amenity": "fast_food",
        "check_date": "2025-08-10",
        "fast_food": "cafeteria",
        "indoor_seating": "yes",
        "name": "Maxwell Satay",
        "outdoor_seating": "yes",
        "takeaway": "only"
      },
      "geometry": {
        "type": "Point",
        "coordinates": [
          103.8446691,
          1.2804015
        ]
      },
      "id": "node/13061496139"
    },
    {
      "type": "Feature",
      "properties": {
        "@id": "node/13061496140",
        "addr:city": "Singapore",
        "addr:country": "SG",
        "addr:housenumber": "1",
        "addr:postcode": "069184",
        "addr:street": "Kadayanallur Street",
        "addr:unit": "#74",
        "amenity": "fast_food",
        "check_date": "2025-08-10",
        "cuisine": "chinese;noodle;fujian",
        "fast_food": "cafeteria",
        "indoor_seating": "yes",
        "name": "潮州鱼圆面 Teo Chew Fishball Noodle",
        "name:en": "Teo Chew Fishball Noodle",
        "name:zh-Hans": "潮州鱼圆面",
        "name:zh-Hant": "潮州魚圓面",
        "outdoor_seating": "yes",
        "takeaway": "only"
      },
      "geometry": {
        "type": "Point",
        "coordinates": [
          103.8447491,
          1.2803055
        ]
      },
      "id": "node/13061496140"
    },
    {
      "type": "Feature",
      "properties": {
        "@id": "node/13061496141",
        "addr:city": "Singapore",
        "addr:country": "SG",
        "addr:housenumber": "1",
        "addr:postcode": "069184",
        "addr:street": "Kadayanallur Street",
        "addr:unit": "#72",
        "amenity": "fast_food",
        "check_date": "2025-08-10",
        "fast_food": "cafeteria",
        "indoor_seating": "yes",
        "name": "喜迎客",
        "name:zh-Hant": "喜迎客",
        "outdoor_seating": "yes",
        "takeaway": "only"
      },
      "geometry": {
        "type": "Point",
        "coordinates": [
          103.8447832,
          1.2802646
        ]
      },
      "id": "node/13061496141"
    },
    {
      "type": "Feature",
      "properties": {
        "@id": "node/13061496143",
        "addr:city": "Singapore",
        "addr:country": "SG",
        "addr:housenumber": "1",
        "addr:postcode": "069184",
        "addr:street": "Kadayanallur Street",
        "addr:unit": "#58",
        "amenity": "fast_food",
        "check_date": "2025-08-10",
        "cuisine": "juice",
        "indoor_seating": "yes",
        "name": "順興飲品 Soon Heng",
        "name:en": "Soon Heng",
        "name:zh-Hans": "顺兴饮品",
        "name:zh-Hant": "順興飲品",
        "outdoor_seating": "yes",
        "takeaway": "only"
      },
      "geometry": {
        "type": "Point",
        "coordinates": [
          103.8448011,
          1.2803118
        ]
      },
      "id": "node/13061496143"
    },
    {
      "type": "Feature",
      "properties": {
        "@id": "node/13061496144",
        "addr:city": "Singapore",
        "addr:country": "SG",
        "addr:housenumber": "1",
        "addr:postcode": "069184",
        "addr:street": "Kadayanallur Street",
        "addr:unit": "#81",
        "amenity": "fast_food",
        "check_date": "2025-08-10",
        "cuisine": "chinese",
        "fast_food": "cafeteria",
        "indoor_seating": "yes",
        "name": "Sunto Gyoza 三多餃子",
        "name:en": "Sunto Gyoza",
        "name:zh-Hans": "三多饺子",
        "name:zh-Hant": "三多餃子",
        "outdoor_seating": "yes",
        "takeaway": "only"
      },
      "geometry": {
        "type": "Point",
        "coordinates": [
          103.8446186,
          1.280462
        ]
      },
      "id": "node/13061496144"
    },
    {
      "type": "Feature",
      "properties": {
        "@id": "node/13061496145",
        "addr:city": "Singapore",
        "addr:country": "SG",
        "addr:housenumber": "1",
        "addr:postcode": "069184",
        "addr:street": "Kadayanallur Street",
        "addr:unit": "#49",
        "amenity": "fast_food",
        "check_date": "2025-08-10",
        "cuisine": "korean",
        "fast_food": "cafeteria",
        "indoor_seating": "yes",
        "name": "真味",
        "name:zh-Hant": "真味",
        "outdoor_seating": "yes",
        "takeaway": "only"
      },
      "geometry": {
        "type": "Point",
        "coordinates": [
          103.8446353,
          1.2805123
        ]
      },
      "id": "node/13061496145"
    },
    {
      "type": "Feature",
      "properties": {
        "@id": "node/13061496148",
        "addr:city": "Singapore",
        "addr:country": "SG",
        "addr:housenumber": "1",
        "addr:postcode": "069184",
        "addr:street": "Kadayanallur Street",
        "addr:unit": "#46",
        "amenity": "fast_food",
        "check_date": "2025-08-10",
        "fast_food": "cafeteria",
        "indoor_seating": "yes",
        "name": "品源",
        "name:zh-Hant": "品源",
        "outdoor_seating": "yes",
        "takeaway": "only"
      },
      "geometry": {
        "type": "Point",
        "coordinates": [
          103.8445854,
          1.2805725
        ]
      },
      "id": "node/13061496148"
    },
    {
      "type": "Feature",
      "properties": {
        "@id": "node/13061496150",
        "addr:city": "Singapore",
        "addr:country": "SG",
        "addr:housenumber": "1",
        "addr:postcode": "069184",
        "addr:street": "Kadayanallur Street",
        "addr:unit": "#53",
        "amenity": "fast_food",
        "check_date": "2025-08-10",
        "fast_food": "cafeteria",
        "indoor_seating": "yes",
        "name": "炒粿条 炒虾面 蚝煎 菜头粿",
        "note": "店招牌如此",
        "outdoor_seating": "yes",
        "takeaway": "only"
      },
      "geometry": {
        "type": "Point",
        "coordinates": [
          103.8447019,
          1.2804317
        ]
      },
      "id": "node/13061496150"
    },
    {
      "type": "Feature",
      "properties": {
        "@id": "node/13061496151",
        "addr:city": "Singapore",
        "addr:country": "SG",
        "addr:housenumber": "1",
        "addr:postcode": "069184",
        "addr:street": "Kadayanallur Street",
        "addr:unit": "#75",
        "amenity": "fast_food",
        "check_date": "2025-08-10",
        "cuisine": "juice",
        "indoor_seating": "yes",
        "name": "湖汝飲品 Hu Ru Beverages",
        "name:en": "Hu Ru Beverages",
        "name:zh-Hans": "湖汝飲品",
        "name:zh-Hant": "湖汝饮品",
        "outdoor_seating": "yes",
        "takeaway": "only"
      },
      "geometry": {
        "type": "Point",
        "coordinates": [
          103.8447335,
          1.2803242
        ]
      },
      "id": "node/13061496151"
    },
    {
      "type": "Feature",
      "properties": {
        "@id": "node/13061496152",
        "addr:city": "Singapore",
        "addr:country": "SG",
        "addr:housenumber": "1",
        "addr:postcode": "069184",
        "addr:street": "Kadayanallur Street",
        "addr:unit": "#84",
        "amenity": "fast_food",
        "check_date": "2025-08-10",
        "cuisine": "chinese",
        "fast_food": "cafeteria",
        "indoor_seating": "yes",
        "name": "興興海南雞飯 Heng Heng Hainanese Chicken",
        "name:en": "Heng Heng Hainanese Chicken",
        "name:zh-Hans": "兴兴海南鸡饭",
        "name:zh-Hant": "興興海南雞飯",
        "outdoor_seating": "yes",
        "takeaway": "only"
      },
      "geometry": {
        "type": "Point",
        "coordinates": [
          103.8445668,
          1.2805241
        ]
      },
      "id": "node/13061496152"
    },
    {
      "type": "Feature",
      "properties": {
        "@id": "node/13061496154",
        "addr:city": "Singapore",
        "addr:country": "SG",
        "addr:housenumber": "1",
        "addr:postcode": "069184",
        "addr:street": "Kadayanallur Street",
        "addr:unit": "#60",
        "amenity": "fast_food",
        "check_date": "2025-08-10",
        "fast_food": "cafeteria",
        "indoor_seating": "yes",
        "name": "Somerset Delicacies",
        "outdoor_seating": "yes",
        "takeaway": "only"
      },
      "geometry": {
        "type": "Point",
        "coordinates": [
          103.8448367,
          1.2802688
        ]
      },
      "id": "node/13061496154"
    },
    {
      "type": "Feature",
      "properties": {
        "@id": "node/13061496155",
        "addr:city": "Singapore",
        "addr:country": "SG",
        "addr:housenumber": "1",
        "addr:postcode": "069184",
        "addr:street": "Kadayanallur Street",
        "addr:unit": "#57",
        "amenity": "fast_food",
        "check_date": "2025-08-10",
        "cuisine": "soup",
        "fast_food": "cafeteria",
        "indoor_seating": "yes",
        "name": "中國街花生湯 Peanuts Soup",
        "name:en": "Peanuts Soup",
        "name:zh-Hans": "中国街花生汤",
        "name:zh-Hant": "中國街花生湯",
        "outdoor_seating": "yes",
        "takeaway": "only"
      },
      "geometry": {
        "type": "Point",
        "coordinates": [
          103.8447838,
          1.2803327
        ]
      },
      "id": "node/13061496155"
    },
    {
      "type": "Feature",
      "properties": {
        "@id": "node/13061496158",
        "addr:city": "Singapore",
        "addr:country": "SG",
        "addr:housenumber": "1",
        "addr:postcode": "069184",
        "addr:street": "Kadayanallur Street",
        "addr:unit": "#51",
        "amenity": "fast_food",
        "check_date": "2025-08-10",
        "cuisine": "chinese;fujian",
        "fast_food": "cafeteria",
        "indoor_seating": "yes",
        "name": "瑞珍 Swee Ting",
        "name:en": "Swee Ting",
        "name:zh-Hans": "瑞珍",
        "name:zh-Hant": "瑞珍",
        "outdoor_seating": "yes",
        "takeaway": "only"
      },
      "geometry": {
        "type": "Point",
        "coordinates": [
          103.8446705,
          1.2804697
        ]
      },
      "id": "node/13061496158"
    },
    {
      "type": "Feature",
      "properties": {
        "@id": "node/13061496161",
        "addr:city": "Singapore",
        "addr:country": "SG",
        "addr:housenumber": "1",
        "addr:postcode": "069184",
        "addr:street": "Kadayanallur Street",
        "addr:unit": "#76",
        "amenity": "fast_food",
        "check_date": "2025-08-10",
        "cuisine": "noodle",
        "fast_food": "cafeteria",
        "indoor_seating": "yes",
        "name": "海兰板面鱼汤 Pan Mee Fish Soup",
        "name:en": "Pan Mee Fish Soup",
        "name:zh-Hans": "海兰板面鱼汤",
        "name:zh-Hant": "海蘭板麵魚湯",
        "outdoor_seating": "yes",
        "takeaway": "only"
      },
      "geometry": {
        "type": "Point",
        "coordinates": [
          103.8447154,
          1.2803459
        ]
      },
      "id": "node/13061496161"
    },
    {
      "type": "Feature",
      "properties": {
        "@id": "node/13061496162",
        "addr:city": "Singapore",
        "addr:country": "SG",
        "addr:housenumber": "1",
        "addr:postcode": "069184",
        "addr:street": "Kadayanallur Street",
        "addr:unit": "#52",
        "amenity": "fast_food",
        "check_date": "2025-08-10",
        "fast_food": "cafeteria",
        "indoor_seating": "yes",
        "name": "聚福坊",
        "name:zh-Hant": "聚福坊",
        "outdoor_seating": "yes",
        "takeaway": "only"
      },
      "geometry": {
        "type": "Point",
        "coordinates": [
          103.8446867,
          1.2804501
        ]
      },
      "id": "node/13061496162"
    },
    {
      "type": "Feature",
      "properties": {
        "@id": "node/13061496164",
        "addr:city": "Singapore",
        "addr:country": "SG",
        "addr:housenumber": "1",
        "addr:postcode": "069184",
        "addr:street": "Kadayanallur Street",
        "addr:unit": "#55",
        "amenity": "fast_food",
        "check_date": "2025-08-10",
        "cuisine": "chinese",
        "fast_food": "cafeteria",
        "indoor_seating": "yes",
        "name": "日新糕粿美食 Ri Xin Snack Delights",
        "name:en": "Ri Xin Snack Delights",
        "name:zh-Hans": "日新糕粿美食",
        "name:zh-Hant": "日新糕粿美食",
        "outdoor_seating": "yes",
        "takeaway": "only"
      },
      "geometry": {
        "type": "Point",
        "coordinates": [
          103.8447499,
          1.2803737
        ]
      },
      "id": "node/13061496164"
    },
    {
      "type": "Feature",
      "properties": {
        "@id": "node/13061496165",
        "addr:city": "Singapore",
        "addr:country": "SG",
        "addr:housenumber": "1",
        "addr:postcode": "069184",
        "addr:street": "Kadayanallur Street",
        "addr:unit": "#56",
        "amenity": "fast_food",
        "check_date": "2025-08-10",
        "fast_food": "cafeteria",
        "indoor_seating": "yes",
        "name": "囉㘃·薄餅·鮮蛤 Rojak · Kopiah & Cockle",
        "name:en": "Rojak · Kopiah & Cockle",
        "name:zh-Hans": "啰㘃·薄饼·鲜蛤",
        "name:zh-Hant": "囉㘃·薄餅·鮮蛤",
        "outdoor_seating": "yes",
        "takeaway": "only"
      },
      "geometry": {
        "type": "Point",
        "coordinates": [
          103.8447653,
          1.2803551
        ]
      },
      "id": "node/13061496165"
    },
    {
      "type": "Feature",
      "properties": {
        "@id": "node/13061552719",
        "addr:city": "Singapore",
        "addr:country": "SG",
        "addr:housenumber": "1",
        "addr:postcode": "069184",
        "addr:street": "Kadayanallur Street",
        "addr:unit": "#103",
        "amenity": "fast_food",
        "check_date": "2025-08-10",
        "cuisine": "muslim",
        "fast_food": "cafeteria",
        "indoor_seating": "yes",
        "name": "Hajmeer Kwaja Muslim Food",
        "outdoor_seating": "yes",
        "takeaway": "only"
      },
      "geometry": {
        "type": "Point",
        "coordinates": [
          103.844851,
          1.280065
        ]
      },
      "id": "node/13061552719"
    },
    {
      "type": "Feature",
      "properties": {
        "@id": "node/13061552721",
        "addr:city": "Singapore",
        "addr:country": "SG",
        "addr:housenumber": "1",
        "addr:postcode": "069184",
        "addr:street": "Kadayanallur Street",
        "addr:unit": "#98",
        "amenity": "fast_food",
        "check_date": "2025-08-10",
        "cuisine": "vietnamese;sandwich",
        "fast_food": "cafeteria",
        "indoor_seating": "yes",
        "name": "Hello Banhmi",
        "outdoor_seating": "yes",
        "takeaway": "only"
      },
      "geometry": {
        "type": "Point",
        "coordinates": [
          103.844744,
          1.2801855
        ]
      },
      "id": "node/13061552721"
    },
    {
      "type": "Feature",
      "properties": {
        "@id": "node/13061552722",
        "addr:city": "Singapore",
        "addr:country": "SG",
        "addr:housenumber": "1",
        "addr:postcode": "069184",
        "addr:street": "Kadayanallur Street",
        "addr:unit": "#97",
        "amenity": "fast_food",
        "check_date": "2025-08-10",
        "cuisine": "chinese",
        "fast_food": "cafeteria",
        "indoor_seating": "yes",
        "name": "合記五香貫腸",
        "name:zh-Hans": "合记五香贯肠",
        "outdoor_seating": "yes",
        "takeaway": "only"
      },
      "geometry": {
        "type": "Point",
        "coordinates": [
          103.8447241,
          1.2802079
        ]
      },
      "id": "node/13061552722"
    },
    {
      "type": "Feature",
      "properties": {
        "@id": "node/13061552723",
        "addr:city": "Singapore",
        "addr:country": "SG",
        "addr:housenumber": "1",
        "addr:postcode": "069184",
        "addr:street": "Kadayanallur Street",
        "addr:unit": "#92",
        "amenity": "fast_food",
        "check_date": "2025-08-10",
        "cuisine": "chinese",
        "fast_food": "cafeteria",
        "indoor_seating": "yes",
        "name": "同心居 Special Shanghai Tim-Sum",
        "name:en": "Special Shanghai Tim-Sum",
        "name:zh-Hans": "同心居",
        "name:zh-Hant": "同心居",
        "outdoor_seating": "yes",
        "takeaway": "only",
        "website": "https://www.tongxinju.com.sg/"
      },
      "geometry": {
        "type": "Point",
        "coordinates": [
          103.8446177,
          1.2803277
        ]
      },
      "id": "node/13061552723"
    },
    {
      "type": "Feature",
      "properties": {
        "@id": "node/13061552724",
        "addr:city": "Singapore",
        "addr:country": "SG",
        "addr:housenumber": "1",
        "addr:postcode": "069184",
        "addr:street": "Kadayanallur Street",
        "addr:unit": "#100",
        "amenity": "fast_food",
        "check_date": "2025-08-10",
        "fast_food": "cafeteria",
        "indoor_seating": "yes",
        "name": "The Green Leaf",
        "outdoor_seating": "yes",
        "takeaway": "only"
      },
      "geometry": {
        "type": "Point",
        "coordinates": [
          103.8447867,
          1.2801375
        ]
      },
      "id": "node/13061552724"
    },
    {
      "type": "Feature",
      "properties": {
        "@id": "node/13061552725",
        "addr:city": "Singapore",
        "addr:country": "SG",
        "addr:housenumber": "1",
        "addr:postcode": "069184",
        "addr:street": "Kadayanallur Street",
        "addr:unit": "#101",
        "amenity": "fast_food",
        "check_date": "2025-08-10",
        "fast_food": "cafeteria",
        "indoor_seating": "yes",
        "name": "富城薄餅·薄餅皮 Fortune Kopiah",
        "name:en": "Fortune Kopiah",
        "name:zh-Hant": "富城薄餅·薄餅皮",
        "outdoor_seating": "yes",
        "takeaway": "only"
      },
      "geometry": {
        "type": "Point",
        "coordinates": [
          103.8448054,
          1.2801164
        ]
      },
      "id": "node/13061552725"
    },
    {
      "type": "Feature",
      "properties": {
        "@id": "node/13061552727",
        "addr:city": "Singapore",
        "addr:country": "SG",
        "addr:housenumber": "1",
        "addr:postcode": "069184",
        "addr:street": "Kadayanallur Street",
        "addr:unit": "#89",
        "amenity": "fast_food",
        "check_date": "2025-08-10",
        "cuisine": "chinese",
        "fast_food": "cafeteria",
        "indoor_seating": "yes",
        "name": "南京街肉骨茶",
        "name:zh-Hant": "南京街肉骨茶",
        "outdoor_seating": "yes",
        "takeaway": "only"
      },
      "geometry": {
        "type": "Point",
        "coordinates": [
          103.8445679,
          1.2803839
        ]
      },
      "id": "node/13061552727"
    },
    {
      "type": "Feature",
      "properties": {
        "@id": "node/13061552730",
        "addr:city": "Singapore",
        "addr:country": "SG",
        "addr:housenumber": "1",
        "addr:postcode": "069184",
        "addr:street": "Kadayanallur Street",
        "addr:unit": "#95",
        "amenity": "fast_food",
        "check_date": "2025-08-10",
        "cuisine": "chinese",
        "fast_food": "cafeteria",
        "indoor_seating": "yes",
        "name": "开心美食 Happy Food",
        "name:en": "Happy Food",
        "name:zh-Hans": "开心美食",
        "name:zh-Hant": "開心美食",
        "outdoor_seating": "yes",
        "takeaway": "only"
      },
      "geometry": {
        "type": "Point",
        "coordinates": [
          103.8446868,
          1.28025
        ]
      },
      "id": "node/13061552730"
    },
    {
      "type": "Feature",
      "properties": {
        "@id": "node/13061552731",
        "addr:city": "Singapore",
        "addr:country": "SG",
        "addr:housenumber": "1",
        "addr:postcode": "069184",
        "addr:street": "Kadayanallur Street",
        "addr:unit": "#96",
        "amenity": "fast_food",
        "check_date": "2025-08-10",
        "fast_food": "cafeteria",
        "indoor_seating": "yes",
        "name": "喜多多 Xi Duo Duo",
        "name:en": "Xi Duo Duo",
        "name:zh-Hans": "喜多多",
        "name:zh-Hant": "喜多多",
        "outdoor_seating": "yes",
        "takeaway": "only"
      },
      "geometry": {
        "type": "Point",
        "coordinates": [
          103.8447053,
          1.2802291
        ]
      },
      "id": "node/13061552731"
    },
    {
      "type": "Feature",
      "properties": {
        "@id": "node/13061552732",
        "addr:city": "Singapore",
        "addr:country": "SG",
        "addr:housenumber": "1",
        "addr:postcode": "069184",
        "addr:street": "Kadayanallur Street",
        "addr:unit": "#93",
        "amenity": "fast_food",
        "check_date": "2025-08-10",
        "cuisine": "chinese;noodle",
        "fast_food": "cafeteria",
        "indoor_seating": "yes",
        "name": "亚忠燒臘麵",
        "name:zh-Hans": "亚忠烧腊面",
        "outdoor_seating": "yes",
        "takeaway": "only"
      },
      "geometry": {
        "type": "Point",
        "coordinates": [
          103.8446479,
          1.2802937
        ]
      },
      "id": "node/13061552732"
    },
    {
      "type": "Feature",
      "properties": {
        "@id": "node/13061600004",
        "addr:city": "Singapore",
        "addr:country": "SG",
        "addr:housenumber": "1",
        "addr:postcode": "069184",
        "addr:street": "Kadayanallur Street",
        "addr:unit": "#17",
        "amenity": "fast_food",
        "check_date": "2025-08-10",
        "cuisine": "chinese;rice",
        "fast_food": "cafeteria",
        "indoor_seating": "yes",
        "name": "東風發 Tong Fong Fatt Hainanese Boneless Chicken Rice",
        "name:en": "Tong Fong Fatt Hainanese Boneless Chicken Rice",
        "name:zh-Hans": "东风发",
        "name:zh-Hant": "東風發",
        "outdoor_seating": "yes",
        "takeaway": "only"
      },
      "geometry": {
        "type": "Point",
        "coordinates": [
          103.8449316,
          1.2803394
        ]
      },
      "id": "node/13061600004"
    },
    {
      "type": "Feature",
      "properties": {
        "@id": "node/13061600005",
        "addr:city": "Singapore",
        "addr:country": "SG",
        "addr:housenumber": "1",
        "addr:postcode": "069184",
        "addr:street": "Kadayanallur Street",
        "addr:unit": "#30",
        "amenity": "fast_food",
        "check_date": "2025-08-10",
        "cuisine": "malaysian",
        "fast_food": "cafeteria",
        "indoor_seating": "yes",
        "name": "湖景金香蕉炸 Lakeview Kim Goreng Pisang",
        "name:en": "Lakeview Kim Goreng Pisang",
        "name:zh-Hans": "湖景金香蕉炸",
        "name:zh-Hant": "湖景金香蕉炸",
        "outdoor_seating": "yes",
        "takeaway": "only"
      },
      "geometry": {
        "type": "Point",
        "coordinates": [
          103.8448684,
          1.2803623
        ]
      },
      "id": "node/13061600005"
    },
    {
      "type": "Feature",
      "properties": {
        "@id": "node/13061600006",
        "addr:city": "Singapore",
        "addr:country": "SG",
        "addr:housenumber": "1",
        "addr:postcode": "069184",
        "addr:street": "Kadayanallur Street",
        "addr:unit": "#1",
        "amenity": "fast_food",
        "check_date": "2025-08-10",
        "cuisine": "chinese",
        "fast_food": "cafeteria",
        "indoor_seating": "yes",
        "name": "No. 1 Maxwell 麦士威美食",
        "outdoor_seating": "yes",
        "takeaway": "only"
      },
      "geometry": {
        "type": "Point",
        "coordinates": [
          103.8446461,
          1.2806731
        ]
      },
      "id": "node/13061600006"
    },
    {
      "type": "Feature",
      "properties": {
        "@id": "node/13061600007",
        "addr:city": "Singapore",
        "addr:country": "SG",
        "addr:housenumber": "1",
        "addr:postcode": "069184",
        "addr:street": "Kadayanallur Street",
        "addr:unit": "#41",
        "amenity": "fast_food",
        "check_date": "2025-08-10",
        "cuisine": "chinese",
        "fast_food": "cafeteria",
        "indoor_seating": "yes",
        "name": "鼎鼎红麻辣香锅",
        "name:zh-Hant": "鼎鼎紅麻辣香鍋",
        "outdoor_seating": "yes",
        "takeaway": "only"
      },
      "geometry": {
        "type": "Point",
        "coordinates": [
          103.8446777,
          1.2805874
        ]
      },
      "id": "node/13061600007"
    },
    {
      "type": "Feature",
      "properties": {
        "@id": "node/13061600008",
        "addr:city": "Singapore",
        "addr:country": "SG",
        "addr:housenumber": "1",
        "addr:postcode": "069184",
        "addr:street": "Kadayanallur Street",
        "addr:unit": "#12",
        "amenity": "fast_food",
        "check_date": "2025-08-10",
        "cuisine": "chinese",
        "indoor_seating": "yes",
        "name": "一豆 One Soy",
        "name:en": "One Soy",
        "name:zh": "一豆",
        "outdoor_seating": "yes",
        "takeaway": "only"
      },
      "geometry": {
        "type": "Point",
        "coordinates": [
          103.8448363,
          1.2804508
        ]
      },
      "id": "node/13061600008"
    },
    {
      "type": "Feature",
      "properties": {
        "@id": "node/13061600009",
        "addr:city": "Singapore",
        "addr:country": "SG",
        "addr:housenumber": "1",
        "addr:postcode": "069184",
        "addr:street": "Kadayanallur Street",
        "addr:unit": "#43",
        "amenity": "fast_food",
        "check_date": "2025-08-10",
        "cuisine": "chinese",
        "fast_food": "cafeteria",
        "indoor_seating": "yes",
        "name": "卤庄卤肉饭 Bold Braised",
        "name:en": "Bold Braised",
        "name:zh-Hans": "鹵莊鹵肉飯",
        "outdoor_seating": "yes",
        "takeaway": "only"
      },
      "geometry": {
        "type": "Point",
        "coordinates": [
          103.8446446,
          1.2806264
        ]
      },
      "id": "node/13061600009"
    },
    {
      "type": "Feature",
      "properties": {
        "@id": "node/13061600010",
        "addr:city": "Singapore",
        "addr:country": "SG",
        "addr:housenumber": "1",
        "addr:postcode": "069184",
        "addr:street": "Kadayanallur Street",
        "addr:unit": "#36",
        "amenity": "fast_food",
        "check_date": "2025-08-10",
        "cuisine": "chinese",
        "indoor_seating": "yes",
        "name": "海南雞飯 Uncle Louis Famous Chicken Rice",
        "name:en": "Uncle Louis Famous Chicken Rice",
        "outdoor_seating": "yes",
        "takeaway": "only"
      },
      "geometry": {
        "type": "Point",
        "coordinates": [
          103.8447566,
          1.2804942
        ]
      },
      "id": "node/13061600010"
    },
    {
      "type": "Feature",
      "properties": {
        "@id": "node/13061600012",
        "addr:city": "Singapore",
        "addr:country": "SG",
        "addr:housenumber": "1",
        "addr:postcode": "069184",
        "addr:street": "Kadayanallur Street",
        "addr:unit": "#9",
        "amenity": "fast_food",
        "check_date": "2025-08-10",
        "cuisine": "chinese;dessert",
        "fast_food": "cafeteria",
        "indoor_seating": "yes",
        "name": "ICE Dessert 甜品冰屋",
        "name:en": "ICE Dessert",
        "name:zh": "甜品冰屋",
        "outdoor_seating": "yes",
        "takeaway": "only"
      },
      "geometry": {
        "type": "Point",
        "coordinates": [
          103.8447798,
          1.2805167
        ]
      },
      "id": "node/13061600012"
    },
    {
      "type": "Feature",
      "properties": {
        "@id": "node/13061600015",
        "addr:city": "Singapore",
        "addr:country": "SG",
        "addr:housenumber": "1",
        "addr:postcode": "069184",
        "addr:street": "Kadayanallur Street",
        "addr:unit": "#2",
        "amenity": "fast_food",
        "check_date": "2025-08-10",
        "cuisine": "chinese;dessert",
        "fast_food": "cafeteria",
        "indoor_seating": "yes",
        "name": "冰沙浆果 Chendol Coconut Dessert",
        "name:en": "Chendol Coconut Dessert",
        "name:zh-Hans": "冰沙浆果",
        "name:zh-Hant": "冰沙漿果",
        "outdoor_seating": "yes",
        "takeaway": "only"
      },
      "geometry": {
        "type": "Point",
        "coordinates": [
          103.8446654,
          1.2806505
        ]
      },
      "id": "node/13061600015"
    },
    {
      "type": "Feature",
      "properties": {
        "@id": "node/13061600017",
        "addr:city": "Singapore",
        "addr:country": "SG",
        "addr:housenumber": "1",
        "addr:postcode": "069184",
        "addr:street": "Kadayanallur Street",
        "addr:unit": "#29",
        "amenity": "fast_food",
        "check_date": "2025-08-10",
        "cuisine": "chinese",
        "fast_food": "cafeteria",
        "indoor_seating": "yes",
        "name": "古早美味 Traditional Delight",
        "name:en": "Traditional Delight",
        "name:zh-Hans": "古早美味",
        "name:zh-Hant": "古早美味",
        "outdoor_seating": "yes",
        "takeaway": "only"
      },
      "geometry": {
        "type": "Point",
        "coordinates": [
          103.8448906,
          1.2803361
        ]
      },
      "id": "node/13061600017"
    },
    {
      "type": "Feature",
      "properties": {
        "@id": "node/13061600018",
        "addr:city": "Singapore",
        "addr:country": "SG",
        "addr:housenumber": "1",
        "addr:postcode": "069184",
        "addr:street": "Kadayanallur Street",
        "addr:unit": "#34",
        "amenity": "fast_food",
        "check_date": "2025-08-10",
        "cuisine": "juice",
        "indoor_seating": "yes",
        "name": "麥士威 Maxwell",
        "outdoor_seating": "yes",
        "takeaway": "only"
      },
      "geometry": {
        "type": "Point",
        "coordinates": [
          103.8447817,
          1.2804646
        ]
      },
      "id": "node/13061600018"
    },
    {
      "type": "Feature",
      "properties": {
        "@id": "node/13061600021",
        "addr:city": "Singapore",
        "addr:country": "SG",
        "addr:housenumber": "1",
        "addr:postcode": "069184",
        "addr:street": "Kadayanallur Street",
        "addr:unit": "#31",
        "amenity": "fast_food",
        "check_date": "2025-08-10",
        "cuisine": "chinese",
        "fast_food": "cafeteria",
        "indoor_seating": "yes",
        "name": "興興 木薯糕 蕃薯旦",
        "outdoor_seating": "yes",
        "takeaway": "only"
      },
      "geometry": {
        "type": "Point",
        "coordinates": [
          103.844847,
          1.2803875
        ]
      },
      "id": "node/13061600021"
    },
    {
      "type": "Feature",
      "properties": {
        "@id": "node/13061600022",
        "addr:city": "Singapore",
        "addr:country": "SG",
        "addr:housenumber": "1",
        "addr:postcode": "069184",
        "addr:street": "Kadayanallur Street",
        "addr:unit": "#25",
        "amenity": "fast_food",
        "check_date": "2025-08-10",
        "cuisine": "chinese;soup",
        "fast_food": "cafeteria",
        "indoor_seating": "yes",
        "name": "红炆羊肉汤 Hong Wen Mutton Soup",
        "name:en": "Hong Wen Mutton Soup",
        "name:zh-Hans": "红炆羊肉汤",
        "name:zh-Hant": "紅炆羊肉湯",
        "outdoor_seating": "yes",
        "takeaway": "only"
      },
      "geometry": {
        "type": "Point",
        "coordinates": [
          103.8449684,
          1.2802443
        ]
      },
      "id": "node/13061600022"
    },
    {
      "type": "Feature",
      "properties": {
        "@id": "node/13061600023",
        "addr:city": "Singapore",
        "addr:country": "SG",
        "addr:housenumber": "1",
        "addr:postcode": "069184",
        "addr:street": "Kadayanallur Street",
        "addr:unit": "#35",
        "amenity": "fast_food",
        "check_date": "2025-08-10",
        "cuisine": "chinese",
        "indoor_seating": "yes",
        "name": "濱海南美食 Marina South Delicious Food",
        "name:en": "Marina South Delicious Food",
        "name:zh-Hans": "滨海南美食",
        "name:zh-Hant": "濱海南美食",
        "outdoor_seating": "yes",
        "takeaway": "only"
      },
      "geometry": {
        "type": "Point",
        "coordinates": [
          103.8447685,
          1.2804802
        ]
      },
      "id": "node/13061600023"
    },
    {
      "type": "Feature",
      "properties": {
        "@id": "node/13061600024",
        "addr:city": "Singapore",
        "addr:country": "SG",
        "addr:housenumber": "1",
        "addr:postcode": "069184",
        "addr:street": "Kadayanallur Street",
        "addr:unit": "#15",
        "amenity": "fast_food",
        "check_date": "2025-08-10",
        "cuisine": "chinese",
        "indoor_seating": "yes",
        "name": "南洋真宝 Straits Authentic",
        "name:en": "Straits Authentic",
        "name:zh-Hans": "南洋真宝",
        "name:zh-Hant": "南洋真寶",
        "outdoor_seating": "yes",
        "takeaway": "only"
      },
      "geometry": {
        "type": "Point",
        "coordinates": [
          103.844893,
          1.2803845
        ]
      },
      "id": "node/13061600024"
    },
    {
      "type": "Feature",
      "properties": {
        "@id": "node/13061600025",
        "addr:city": "Singapore",
        "addr:country": "SG",
        "addr:housenumber": "1",
        "addr:postcode": "069184",
        "addr:street": "Kadayanallur Street",
        "addr:unit": "#40",
        "amenity": "fast_food",
        "check_date": "2025-08-10",
        "cuisine": "chinese",
        "fast_food": "cafeteria",
        "indoor_seating": "yes",
        "name": "麦士威海南雞飯 Maxwell Hainanese Chicken Rice",
        "name:en": "Maxwell Hainanese Chicken Rice",
        "name:zh-Hans": "麦士威海南鸡饭",
        "name:zh-Hant": "麦士威海南雞飯",
        "outdoor_seating": "yes",
        "takeaway": "only"
      },
      "geometry": {
        "type": "Point",
        "coordinates": [
          103.8446939,
          1.2805682
        ]
      },
      "id": "node/13061600025"
    },
    {
      "type": "Feature",
      "properties": {
        "@id": "node/13061600026",
        "addr:city": "Singapore",
        "addr:country": "SG",
        "addr:housenumber": "1",
        "addr:postcode": "069184",
        "addr:street": "Kadayanallur Street",
        "addr:unit": "#23",
        "amenity": "fast_food",
        "check_date": "2025-08-10",
        "cuisine": "thai",
        "fast_food": "cafeteria",
        "indoor_seating": "yes",
        "name": "Aoy's Thai",
        "outdoor_seating": "yes",
        "takeaway": "only"
      },
      "geometry": {
        "type": "Point",
        "coordinates": [
          103.8450117,
          1.2801932
        ]
      },
      "id": "node/13061600026"
    },
    {
      "type": "Feature",
      "properties": {
        "@id": "node/13061600027",
        "addr:city": "Singapore",
        "addr:country": "SG",
        "addr:housenumber": "1",
        "addr:postcode": "069184",
        "addr:street": "Kadayanallur Street",
        "addr:unit": "#24",
        "amenity": "fast_food",
        "check_date": "2025-08-10",
        "cuisine": "chinese;chicken",
        "fast_food": "cafeteria",
        "indoor_seating": "yes",
        "name": "好滋味海南鸡扒",
        "name:zh-Hans": "好滋味海南雞扒",
        "outdoor_seating": "yes",
        "takeaway": "only"
      },
      "geometry": {
        "type": "Point",
        "coordinates": [
          103.8449913,
          1.2802173
        ]
      },
      "id": "node/13061600027"
    },
    {
      "type": "Feature",
      "properties": {
        "@id": "node/13061600028",
        "addr:city": "Singapore",
        "addr:country": "SG",
        "addr:housenumber": "1",
        "addr:postcode": "069184",
        "addr:street": "Kadayanallur Street",
        "addr:unit": "#4",
        "amenity": "fast_food",
        "check_date": "2025-08-10",
        "cuisine": "chinese",
        "fast_food": "cafeteria",
        "indoor_seating": "yes",
        "name": "老娘惹 Old Nyonya",
        "name:en": "Old Nyonya",
        "name:zh-Hans": "老娘惹",
        "name:zh-Hant": "老娘惹",
        "outdoor_seating": "yes",
        "takeaway": "only"
      },
      "geometry": {
        "type": "Point",
        "coordinates": [
          103.8447037,
          1.2806057
        ]
      },
      "id": "node/13061600028"
    },
    {
      "type": "Feature",
      "properties": {
        "@id": "node/13061600029",
        "addr:city": "Singapore",
        "addr:country": "SG",
        "addr:housenumber": "1",
        "addr:postcode": "069184",
        "addr:street": "Kadayanallur Street",
        "addr:unit": "#37",
        "amenity": "fast_food",
        "check_date": "2025-08-10",
        "cuisine": "chinese",
        "indoor_seating": "yes",
        "name": "旺得福 Wonderful",
        "name:en": "Wonderful",
        "name:zh-Hans": "旺得福",
        "name:zh-Hant": "旺得福",
        "outdoor_seating": "yes",
        "takeaway": "only"
      },
      "geometry": {
        "type": "Point",
        "coordinates": [
          103.8447396,
          1.2805143
        ]
      },
      "id": "node/13061600029"
    },
    {
      "type": "Feature",
      "properties": {
        "@id": "node/13061600030",
        "addr:city": "Singapore",
        "addr:country": "SG",
        "addr:housenumber": "1",
        "addr:postcode": "069184",
        "addr:street": "Kadayanallur Street",
        "addr:unit": "#42",
        "amenity": "fast_food",
        "check_date": "2025-08-10",
        "cuisine": "vietnamese",
        "fast_food": "cafeteria",
        "indoor_seating": "yes",
        "name": "Baguette Huong Viet",
        "outdoor_seating": "yes",
        "takeaway": "only"
      },
      "geometry": {
        "type": "Point",
        "coordinates": [
          103.8446607,
          1.2806074
        ]
      },
      "id": "node/13061600030"
    },
    {
      "type": "Feature",
      "properties": {
        "@id": "node/13061600031",
        "addr:city": "Singapore",
        "addr:country": "SG",
        "addr:housenumber": "1",
        "addr:postcode": "069184",
        "addr:street": "Kadayanallur Street",
        "addr:unit": "#14",
        "amenity": "fast_food",
        "check_date": "2025-08-10",
        "cuisine": "juice",
        "indoor_seating": "yes",
        "name": "泉源林记生菓汁 Quan Yuan Fruit Juice",
        "name:en": "Quan Yuan Fruit Juice",
        "name:zh-Hans": "泉源林记生菓汁",
        "name:zh-Hant": "泉源林記生菓汁",
        "outdoor_seating": "yes",
        "takeaway": "only"
      },
      "geometry": {
        "type": "Point",
        "coordinates": [
          103.8448722,
          1.2804088
        ]
      },
      "id": "node/13061600031"
    },
    {
      "type": "Feature",
      "properties": {
        "@id": "node/13061600032",
        "addr:city": "Singapore",
        "addr:country": "SG",
        "addr:housenumber": "1",
        "addr:postcode": "069184",
        "addr:street": "Kadayanallur Street",
        "addr:unit": "#22",
        "amenity": "fast_food",
        "check_date": "2025-08-10",
        "cuisine": "chinese;fujian",
        "fast_food": "cafeteria",
        "indoor_seating": "yes",
        "name": "莆田美食 Putian Cuisine",
        "name:en": "Putian Cuisine",
        "name:zh-Hans": "莆田美食",
        "name:zh-Hant": "莆田美食",
        "outdoor_seating": "yes",
        "takeaway": "only"
      },
      "geometry": {
        "type": "Point",
        "coordinates": [
          103.8450409,
          1.2802117
        ]
      },
      "id": "node/13061600032"
    },
    {
      "type": "Feature",
      "properties": {
        "@id": "node/13061600033",
        "addr:city": "Singapore",
        "addr:country": "SG",
        "addr:housenumber": "1",
        "addr:postcode": "069184",
        "addr:street": "Kadayanallur Street",
        "addr:unit": "#26",
        "amenity": "fast_food",
        "check_date": "2025-08-10",
        "cuisine": "chinese;noodle;fujian",
        "fast_food": "cafeteria",
        "indoor_seating": "yes",
        "name": "福来潮州鱼圆肉脞面 Teochew Fishball Bak Chor Mee",
        "name:en": "Teochew Fishball Bak Chor Mee",
        "name:zh-Hans": "福来潮州鱼圆肉脞面",
        "name:zh-Hant": "福來潮州魚圓肉脞麵",
        "outdoor_seating": "yes",
        "takeaway": "only"
      },
      "geometry": {
        "type": "Point",
        "coordinates": [
          103.844946,
          1.2802707
        ]
      },
      "id": "node/13061600033"
    },
    {
      "type": "Feature",
      "properties": {
        "@id": "node/13061600034",
        "addr:city": "Singapore",
        "addr:country": "SG",
        "addr:housenumber": "1",
        "addr:postcode": "069184",
        "addr:street": "Kadayanallur Street",
        "addr:unit": "#6",
        "amenity": "fast_food",
        "check_date": "2025-08-10",
        "cuisine": "chinese;noodle;fujian",
        "fast_food": "cafeteria",
        "indoor_seating": "yes",
        "name": "福記福州魚丸雲吞麵",
        "name:zh-Hans": "福记福州鱼丸云吞面",
        "outdoor_seating": "yes",
        "takeaway": "only"
      },
      "geometry": {
        "type": "Point",
        "coordinates": [
          103.8447355,
          1.2805686
        ]
      },
      "id": "node/13061600034"
    },
    {
      "type": "Feature",
      "properties": {
        "@id": "node/13061600035",
        "addr:city": "Singapore",
        "addr:country": "SG",
        "addr:housenumber": "1",
        "addr:postcode": "069184",
        "addr:street": "Kadayanallur Street",
        "addr:unit": "#13",
        "amenity": "fast_food",
        "check_date": "2025-08-10",
        "cuisine": "chinese;congee",
        "fast_food": "cafeteria",
        "indoor_seating": "yes",
        "name": "天記粥品",
        "name:zh-Hans": "天记粥品",
        "outdoor_seating": "yes",
        "takeaway": "only"
      },
      "geometry": {
        "type": "Point",
        "coordinates": [
          103.8448553,
          1.2804286
        ]
      },
      "id": "node/13061600035"
    },
    {
      "type": "Feature",
      "properties": {
        "@id": "node/13061600036",
        "addr:city": "Singapore",
        "addr:country": "SG",
        "addr:housenumber": "1",
        "addr:postcode": "069184",
        "addr:street": "Kadayanallur Street",
        "addr:unit": "#20",
        "amenity": "fast_food",
        "check_date": "2025-08-10",
        "cuisine": "chinese",
        "fast_food": "cafeteria",
        "indoor_seating": "yes",
        "name": "佳乐家 Jia Le Jia",
        "name:en": "Jia Le Jia",
        "name:zh-Hans": "佳乐家",
        "name:zh-Hant": "佳樂家",
        "outdoor_seating": "yes",
        "takeaway": "only"
      },
      "geometry": {
        "type": "Point",
        "coordinates": [
          103.8449924,
          1.2802684
        ]
      },
      "id": "node/13061600036"
    },
    {
      "type": "Feature",
      "properties": {
        "@id": "node/13061600037",
        "addr:city": "Singapore",
        "addr:country": "SG",
        "addr:housenumber": "1",
        "addr:postcode": "069184",
        "addr:street": "Kadayanallur Street",
        "addr:unit": "#19",
        "amenity": "fast_food",
        "check_date": "2025-08-10",
        "cuisine": "chinese",
        "fast_food": "cafeteria",
        "indoor_seating": "yes",
        "name": "東方 Oriental Stall",
        "name:en": "Oriental Stall",
        "name:zh-Hans": "东方",
        "name:zh-Hant": "東方",
        "outdoor_seating": "yes",
        "takeaway": "only"
      },
      "geometry": {
        "type": "Point",
        "coordinates": [
          103.8449712,
          1.2802931
        ]
      },
      "id": "node/13061600037"
    },
    {
      "type": "Feature",
      "properties": {
        "@id": "node/13061600038",
        "addr:city": "Singapore",
        "addr:country": "SG",
        "addr:housenumber": "1",
        "addr:postcode": "069184",
        "addr:street": "Kadayanallur Street",
        "addr:unit": "#32",
        "amenity": "fast_food",
        "check_date": "2025-08-10",
        "cuisine": "chinese",
        "fast_food": "cafeteria",
        "indoor_seating": "yes",
        "name": "小漁村 Fish Village",
        "name:en": "Fish Village",
        "name:zh-Hans": "小渔村",
        "name:zh-Hant": "小漁村",
        "outdoor_seating": "yes",
        "takeaway": "only"
      },
      "geometry": {
        "type": "Point",
        "coordinates": [
          103.8448305,
          1.280407
        ]
      },
      "id": "node/13061600038"
    },
    {
      "type": "Feature",
      "properties": {
        "@id": "node/13061600040",
        "addr:city": "Singapore",
        "addr:country": "SG",
        "addr:housenumber": "1",
        "addr:postcode": "069184",
        "addr:street": "Kadayanallur Street",
        "addr:unit": "#44",
        "amenity": "fast_food",
        "check_date": "2025-08-10",
        "cuisine": "thai;noodle",
        "fast_food": "cafeteria",
        "indoor_seating": "yes",
        "name": "War Ree Boat Noodle",
        "outdoor_seating": "yes",
        "takeaway": "only"
      },
      "geometry": {
        "type": "Point",
        "coordinates": [
          103.8446251,
          1.2806494
        ]
      },
      "id": "node/13061600040"
    },
    {
      "type": "Feature",
      "properties": {
        "@id": "node/13061600041",
        "addr:city": "Singapore",
        "addr:country": "SG",
        "addr:housenumber": "1",
        "addr:postcode": "069184",
        "addr:street": "Kadayanallur Street",
        "addr:unit": "#18",
        "amenity": "fast_food",
        "check_date": "2025-08-10",
        "cuisine": "chinese",
        "fast_food": "cafeteria",
        "indoor_seating": "yes",
        "name": "18经济美食 Economical Delights",
        "name:en": "Economical Delights",
        "name:zh-Hans": "18经济美食",
        "name:zh-Hant": "18經濟美食",
        "outdoor_seating": "yes",
        "takeaway": "only"
      },
      "geometry": {
        "type": "Point",
        "coordinates": [
          103.8449502,
          1.2803177
        ]
      },
      "id": "node/13061600041"
    },
    {
      "type": "Feature",
      "properties": {
        "@id": "node/13061600042",
        "addr:city": "Singapore",
        "addr:country": "SG",
        "addr:housenumber": "1",
        "addr:postcode": "069184",
        "addr:street": "Kadayanallur Street",
        "addr:unit": "#8",
        "amenity": "fast_food",
        "check_date": "2025-08-10",
        "cuisine": "chinese",
        "fast_food": "cafeteria",
        "indoor_seating": "yes",
        "name": "興 传统咖啡面包 Traditional Coffee & Bread",
        "name:en": "Traditional Coffee & Bread",
        "name:zh-Hans": "興 传统咖啡面包",
        "name:zh-Hant": "興 傳統咖啡麵包",
        "outdoor_seating": "yes",
        "takeaway": "only"
      },
      "geometry": {
        "type": "Point",
        "coordinates": [
          103.8447648,
          1.2805344
        ]
      },
      "id": "node/13061600042"
    },
    {
      "type": "Feature",
      "properties": {
        "@id": "node/13061634065",
        "amenity": "fast_food",
        "check_date": "2025-08-10",
        "cuisine": "juice",
        "level": "0",
        "name": "Neo Juice"
      },
      "geometry": {
        "type": "Point",
        "coordinates": [
          103.8445292,
          1.2806677
        ]
      },
      "id": "node/13061634065"
    },
    {
      "type": "Feature",
      "properties": {
        "@id": "node/13075439168",
        "amenity": "fast_food",
        "cuisine": "juice",
        "name": "Dew Station"
      },
      "geometry": {
        "type": "Point",
        "coordinates": [
          103.7431078,
          1.392403
        ]
      },
      "id": "node/13075439168"
    },
    {
      "type": "Feature",
      "properties": {
        "@id": "node/13075439199",
        "amenity": "fast_food",
        "brand": "McDonald's",
        "brand:wikidata": "Q38076",
        "cuisine": "burger",
        "name": "McDonald's",
        "takeaway": "yes"
      },
      "geometry": {
        "type": "Point",
        "coordinates": [
          103.7427084,
          1.3921879
        ]
      },
      "id": "node/13075439199"
    },
    {
      "type": "Feature",
      "properties": {
        "@id": "node/13075453601",
        "addr:city": "Singapore",
        "addr:housenumber": "678A",
        "addr:postcode": "681678",
        "addr:street": "Choa Chu Kang Crescent",
        "amenity": "fast_food",
        "name": "Ah Boy Chicken Rice",
        "name:zh": "鸡饭",
        "opening_hours": "Mo-We,Fr-Su 07:30-20:00; Th off"
      },
      "geometry": {
        "type": "Point",
        "coordinates": [
          103.7451992,
          1.4014479
        ]
      },
      "id": "node/13075453601"
    },
    {
      "type": "Feature",
      "properties": {
        "@id": "node/13075960722",
        "amenity": "fast_food",
        "brand": "Domino's",
        "brand:wikidata": "Q839466",
        "cuisine": "pizza",
        "name": "Domino's",
        "takeaway": "yes"
      },
      "geometry": {
        "type": "Point",
        "coordinates": [
          103.9098119,
          1.3864492
        ]
      },
      "id": "node/13075960722"
    },
    {
      "type": "Feature",
      "properties": {
        "@id": "node/13076030682",
        "addr:housenumber": "217",
        "addr:street": "Bukit Batok Street 21",
        "amenity": "fast_food",
        "check_date": "2025-08-17",
        "name": "New Chef Western"
      },
      "geometry": {
        "type": "Point",
        "coordinates": [
          103.7549302,
          1.3467726
        ]
      },
      "id": "node/13076030682"
    },
    {
      "type": "Feature",
      "properties": {
        "@id": "node/13076091379",
        "addr:floor": "2",
        "amenity": "fast_food",
        "check_date": "2025-08-10",
        "cuisine": "thai",
        "diet:halal": "yes",
        "level": "1",
        "name": "Thai Makan"
      },
      "geometry": {
        "type": "Point",
        "coordinates": [
          103.7640473,
          1.3805026
        ]
      },
      "id": "node/13076091379"
    },
    {
      "type": "Feature",
      "properties": {
        "@id": "node/13076091380",
        "addr:floor": "2",
        "amenity": "fast_food",
        "check_date": "2025-08-10",
        "cuisine": "curry",
        "level": "1",
        "name": "Chicken Curry Noodle",
        "payment:cash": "yes",
        "payment:credit_cards": "yes",
        "payment:debit_cards": "yes",
        "payment:mastercard": "yes",
        "payment:nets": "yes",
        "payment:visa": "yes"
      },
      "geometry": {
        "type": "Point",
        "coordinates": [
          103.7640825,
          1.3805437
        ]
      },
      "id": "node/13076091380"
    },
    {
      "type": "Feature",
      "properties": {
        "@id": "node/13082068380",
        "amenity": "fast_food",
        "brand": "4Fingers Crispy Chicken",
        "brand:wikidata": "Q23043391",
        "cuisine": "chicken",
        "name": "4Fingers Crispy Chicken",
        "takeaway": "yes"
      },
      "geometry": {
        "type": "Point",
        "coordinates": [
          103.8248165,
          1.4409672
        ]
      },
      "id": "node/13082068380"
    },
    {
      "type": "Feature",
      "properties": {
        "@id": "node/13133279884",
        "amenity": "fast_food",
        "check_date": "2025-08-23",
        "cuisine": "indonesian",
        "diet:halal": "yes",
        "name": "Warung Wahyu"
      },
      "geometry": {
        "type": "Point",
        "coordinates": [
          103.8538796,
          1.3251312
        ]
      },
      "id": "node/13133279884"
    },
    {
      "type": "Feature",
      "properties": {
        "@id": "node/13133279898",
        "addr:housenumber": "665",
        "addr:street": "Buffalo Road",
        "addr:unit": "#01-335",
        "amenity": "fast_food",
        "check_date": "2025-08-30",
        "cuisine": "ceylonese",
        "diet:vegetarian": "yes",
        "name": "Raja Bojun",
        "opening_hours": "Mo off; Tu-Su 09:30-20:00",
        "payment:cards": "no",
        "payment:cash": "yes",
        "payment:credit_cards": "no",
        "payment:debit_cards": "no"
      },
      "geometry": {
        "type": "Point",
        "coordinates": [
          103.8506792,
          1.3057928
        ]
      },
      "id": "node/13133279898"
    },
    {
      "type": "Feature",
      "properties": {
        "@id": "node/13144041737",
        "addr:floor": "2",
        "amenity": "fast_food",
        "brand": "Burger King",
        "brand:wikidata": "Q177054",
        "cuisine": "burger",
        "level": "1",
        "level:ref": "2",
        "name": "Burger King",
        "opening_hours": "24/7",
        "takeaway": "yes"
      },
      "geometry": {
        "type": "Point",
        "coordinates": [
          103.9827987,
          1.3376042
        ]
      },
      "id": "node/13144041737"
    },
    {
      "type": "Feature",
      "properties": {
        "@id": "node/13296344301",
        "amenity": "fast_food",
        "name": "Jing Chicken Pot"
      },
      "geometry": {
        "type": "Point",
        "coordinates": [
          103.8223755,
          1.2645204
        ]
      },
      "id": "node/13296344301"
    },
    {
      "type": "Feature",
      "properties": {
        "@id": "node/13310425745",
        "amenity": "fast_food",
        "brand": "McDonald's",
        "brand:wikidata": "Q38076",
        "cuisine": "burger",
        "name": "McDonald's",
        "takeaway": "yes"
      },
      "geometry": {
        "type": "Point",
        "coordinates": [
          103.8194406,
          1.4537967
        ]
      },
      "id": "node/13310425745"
    },
    {
      "type": "Feature",
      "properties": {
        "@id": "node/13358966031",
        "amenity": "fast_food",
        "brand": "McDonald's",
        "brand:wikidata": "Q38076",
        "cuisine": "burger",
        "name": "McDonald's",
        "takeaway": "yes"
      },
      "geometry": {
        "type": "Point",
        "coordinates": [
          103.7912337,
          1.4425753
        ]
      },
      "id": "node/13358966031"
    },
    {
      "type": "Feature",
      "properties": {
        "@id": "node/13375824694",
        "addr:housenumber": "500",
        "addr:street": "Jalan Sultan",
        "addr:unit": "01-06",
        "amenity": "fast_food",
        "check_date": "2025-12-14",
        "cuisine": "burger",
        "name": "My First Choice"
      },
      "geometry": {
        "type": "Point",
        "coordinates": [
          103.8602621,
          1.3056266
        ]
      },
      "id": "node/13375824694"
    },
    {
      "type": "Feature",
      "properties": {
        "@id": "node/13375824696",
        "addr:housenumber": "500",
        "addr:street": "Jalan Sultan",
        "addr:unit": "01-03",
        "amenity": "fast_food",
        "check_date": "2025-12-14",
        "cuisine": "juice",
        "name": "Juicei Je",
        "phone": "+65 8115 7999"
      },
      "geometry": {
        "type": "Point",
        "coordinates": [
          103.8603753,
          1.3056582
        ]
      },
      "id": "node/13375824696"
    },
    {
      "type": "Feature",
      "properties": {
        "@id": "node/13378095351",
        "addr:floor": "2",
        "alt_name": "Church's Chicken",
        "amenity": "fast_food",
        "brand": "Texas Chicken",
        "brand:wikidata": "Q1089932",
        "check_date": "2025-12-14",
        "cuisine": "chicken",
        "level": "1",
        "name": "Texas Chicken",
        "takeaway": "yes"
      },
      "geometry": {
        "type": "Point",
        "coordinates": [
          103.9849002,
          1.3398345
        ]
      },
      "id": "node/13378095351"
    },
    {
      "type": "Feature",
      "properties": {
        "@id": "node/13378095355",
        "addr:floor": "2",
        "amenity": "fast_food",
        "brand": "Old Chang Kee",
        "brand:wikidata": "Q17005286",
        "check_date": "2025-12-14",
        "cuisine": "snacks;singaporean",
        "level": "1",
        "name": "Old Chang Kee",
        "name:en": "Old Chang Kee",
        "name:zh": "老曾记",
        "takeaway": "yes"
      },
      "geometry": {
        "type": "Point",
        "coordinates": [
          103.9846827,
          1.3399099
        ]
      },
      "id": "node/13378095355"
    },
    {
      "type": "Feature",
      "properties": {
        "@id": "node/13378118175",
        "addr:unit": "#01-071",
        "amenity": "fast_food",
        "check_date": "2025-11-29",
        "cuisine": "pasta;italian;dessert",
        "name": "Bronzo Pasta Bar"
      },
      "geometry": {
        "type": "Point",
        "coordinates": [
          103.7750009,
          1.3412126
        ]
      },
      "id": "node/13378118175"
    },
    {
      "type": "Feature",
      "properties": {
        "@id": "node/13378118176",
        "addr:unit": "#01-078",
        "amenity": "fast_food",
        "check_date": "2025-11-29",
        "cuisine": "noodle;asian",
        "name": "Lijiedian"
      },
      "geometry": {
        "type": "Point",
        "coordinates": [
          103.7751094,
          1.3412316
        ]
      },
      "id": "node/13378118176"
    },
    {
      "type": "Feature",
      "properties": {
        "@id": "node/13378118177",
        "addr:unit": "#01-079",
        "amenity": "fast_food",
        "check_date": "2025-11-29",
        "name": "Teo Kee Hainanese Chicken Rice"
      },
      "geometry": {
        "type": "Point",
        "coordinates": [
          103.77515,
          1.3412346
        ]
      },
      "id": "node/13378118177"
    },
    {
      "type": "Feature",
      "properties": {
        "@id": "node/13389871386",
        "amenity": "fast_food",
        "indoor_seating": "no",
        "name": "Uncle's Otah",
        "outdoor_seating": "no",
        "takeaway": "only"
      },
      "geometry": {
        "type": "Point",
        "coordinates": [
          103.902136,
          1.4039588
        ]
      },
      "id": "node/13389871386"
    },
    {
      "type": "Feature",
      "properties": {
        "@id": "node/13423649111",
        "amenity": "fast_food",
        "brand": "Subway",
        "brand:wikidata": "Q244457",
        "cuisine": "sandwich",
        "name": "Subway",
        "takeaway": "yes"
      },
      "geometry": {
        "type": "Point",
        "coordinates": [
          103.988848,
          1.3139919
        ]
      },
      "id": "node/13423649111"
    },
    {
      "type": "Feature",
      "properties": {
        "@id": "node/13446187526",
        "amenity": "fast_food",
        "fast_food": "cafeteria",
        "name": "Boon Cafe"
      },
      "geometry": {
        "type": "Point",
        "coordinates": [
          103.8572116,
          1.3790486
        ]
      },
      "id": "node/13446187526"
    },
    {
      "type": "Feature",
      "properties": {
        "@id": "node/13495953879",
        "addr:city": "Singapore",
        "addr:housenumber": "201",
        "addr:postcode": "188067",
        "addr:street": "Victoria Street",
        "amenity": "fast_food",
        "contact:instagram": "https://www.instagram.com/chickfilasg",
        "contact:youtube": "https://www.youtube.com/@Chick-fil-ASG",
        "cuisine": "chicken",
        "drive_through": "no",
        "level": "0",
        "name": "Chick-fil-A @ Bugis+",
        "opening_hours": "Mo-Sa 10:00-22:00",
        "takeaway": "yes",
        "website": "https://www.chick-fil-a.com.sg",
        "website:menu": "https://www.chick-fil-a.com.sg/menu/",
        "wikidata": "Q491516",
        "wikipedia": "en:Chick-fil-A"
      },
      "geometry": {
        "type": "Point",
        "coordinates": [
          103.8543027,
          1.2993087
        ]
      },
      "id": "node/13495953879"
    },
    {
      "type": "Feature",
      "properties": {
        "@id": "node/13545175501",
        "addr:housenumber": "1B",
        "addr:street": "Science Park Drive",
        "amenity": "fast_food",
        "name": "Subway"
      },
      "geometry": {
        "type": "Point",
        "coordinates": [
          103.7849588,
          1.2921577
        ]
      },
      "id": "node/13545175501"
    },
    {
      "type": "Feature",
      "properties": {
        "@id": "node/13566198638",
        "amenity": "fast_food",
        "cuisine": "mexican;kebab",
        "diet:halal": "yes",
        "diet:vegetarian": "yes",
        "level": "0",
        "name": "Stuff'd",
        "opening_hours": "Mo-Su 10:30-21:45",
        "website": "https://www.stuffd.com/sg/"
      },
      "geometry": {
        "type": "Point",
        "coordinates": [
          103.8792555,
          1.3755481
        ]
      },
      "id": "node/13566198638"
    },
    {
      "type": "Feature",
      "properties": {
        "@id": "node/13571676804",
        "amenity": "fast_food",
        "cuisine": "sushi;salad",
        "level": "0",
        "name": "Maki-San",
        "opening_hours": "Mo-Su 10:30-21:00",
        "phone": "+65 9296 5481",
        "website": "https://www.makisan.com/"
      },
      "geometry": {
        "type": "Point",
        "coordinates": [
          103.879193,
          1.3756739
        ]
      },
      "id": "node/13571676804"
    },
    {
      "type": "Feature",
      "properties": {
        "@id": "node/13589648726",
        "addr:floor": "4",
        "addr:housenumber": "144",
        "addr:street": "Upper Bukit Timah Road",
        "amenity": "fast_food",
        "check_date": "2026-02-21",
        "level": "3",
        "name": "Blanco Court Fresh Fish Soup"
      },
      "geometry": {
        "type": "Point",
        "coordinates": [
          103.7766316,
          1.3423712
        ]
      },
      "id": "node/13589648726"
    },
    {
      "type": "Feature",
      "properties": {
        "@id": "node/13589648727",
        "addr:floor": "1",
        "addr:unit": "#01-80",
        "amenity": "fast_food",
        "check_date": "2026-02-22",
        "cuisine": "noodle",
        "level": "1",
        "name": "Ah Mei Traditional Hometown Noodle",
        "payment:alipay": "yes",
        "payment:cash": "yes",
        "payment:paynow": "yes"
      },
      "geometry": {
        "type": "Point",
        "coordinates": [
          103.7751838,
          1.3412377
        ]
      },
      "id": "node/13589648727"
    },
    {
      "type": "Feature",
      "properties": {
        "@id": "node/13589648728",
        "addr:floor": "1",
        "addr:unit": "#01-72",
        "amenity": "fast_food",
        "check_date": "2026-02-22",
        "cuisine": "filipino",
        "level": "1",
        "name": "MS Inasal"
      },
      "geometry": {
        "type": "Point",
        "coordinates": [
          103.7750006,
          1.3412479
        ]
      },
      "id": "node/13589648728"
    },
    {
      "type": "Feature",
      "properties": {
        "@id": "node/13589648729",
        "addr:floor": "1",
        "amenity": "fast_food",
        "check_date": "2026-02-22",
        "cuisine": "chinese",
        "level": "1",
        "name": "Roasted Delights"
      },
      "geometry": {
        "type": "Point",
        "coordinates": [
          103.775023,
          1.3412711
        ]
      },
      "id": "node/13589648729"
    },
    {
      "type": "Feature",
      "properties": {
        "@id": "node/13589648730",
        "amenity": "fast_food",
        "check_date": "2026-02-22",
        "cuisine": "chinese;noodle",
        "name": "Lamian Shop",
        "payment:paynow": "yes"
      },
      "geometry": {
        "type": "Point",
        "coordinates": [
          103.7750382,
          1.3412389
        ]
      },
      "id": "node/13589648730"
    },
    {
      "type": "Feature",
      "properties": {
        "@id": "node/13594499823",
        "amenity": "fast_food",
        "brand": "Domino's",
        "brand:wikidata": "Q839466",
        "cuisine": "pizza",
        "name": "Domino's",
        "takeaway": "yes"
      },
      "geometry": {
        "type": "Point",
        "coordinates": [
          103.8255496,
          1.4431741
        ]
      },
      "id": "node/13594499823"
    },
    {
      "type": "Feature",
      "properties": {
        "@id": "node/13608799627",
        "addr:housenumber": "195",
        "addr:postcode": "168976",
        "addr:street": "Pearl's Hill Terrace",
        "air_conditioning": "no",
        "amenity": "fast_food",
        "contact:facebook": "https://www.facebook.com/lavitaco.sg",
        "contact:instagram": "https://www.instagram.com/lavi.singapore/",
        "contact:tiktok": "https://www.tiktok.com/@lavi.taco?is_from_webapp=1&sender_device=pc",
        "cuisine": "mexican",
        "email": "hola@lavi.sg",
        "name": "Lavi Tacos",
        "opening_hours": "Tu-Su 17:30-21:30",
        "outdoor_seating": "yes",
        "payment:credit_cards": "yes",
        "payment:debit_cards": "yes",
        "payment:mastercard": "yes",
        "payment:visa": "yes",
        "website": "https://www.lavi.sg/"
      },
      "geometry": {
        "type": "Point",
        "coordinates": [
          103.8415515,
          1.2846802
        ]
      },
      "id": "node/13608799627"
    },
    {
      "type": "Feature",
      "properties": {
        "@id": "node/13653962190",
        "amenity": "fast_food",
        "fast_food": "cafeteria"
      },
      "geometry": {
        "type": "Point",
        "coordinates": [
          103.8965869,
          1.3358266
        ]
      },
      "id": "node/13653962190"
    },
    {
      "type": "Feature",
      "properties": {
        "@id": "node/13658759686",
        "amenity": "fast_food",
        "brand": "Old Chang Kee",
        "cuisine": "snacks;singaporean",
        "level": "0",
        "name": "Old Chang Kee",
        "name:en": "Old Chang Kee",
        "name:zh": "老曾记",
        "takeaway": "only"
      },
      "geometry": {
        "type": "Point",
        "coordinates": [
          103.8934919,
          1.3722541
        ]
      },
      "id": "node/13658759686"
    },
    {
      "type": "Feature",
      "properties": {
        "@id": "node/13658759687",
        "amenity": "fast_food",
        "level": "0",
        "name": "Firefry",
        "takeaway": "only"
      },
      "geometry": {
        "type": "Point",
        "coordinates": [
          103.8934801,
          1.372286
        ]
      },
      "id": "node/13658759687"
    },
    {
      "type": "Feature",
      "properties": {
        "@id": "node/13658759688",
        "amenity": "fast_food",
        "level": "0",
        "name": "Super Sushi",
        "takeaway": "only"
      },
      "geometry": {
        "type": "Point",
        "coordinates": [
          103.8935812,
          1.3723467
        ]
      },
      "id": "node/13658759688"
    },
    {
      "type": "Feature",
      "properties": {
        "@id": "node/13658759690",
        "amenity": "fast_food",
        "level": "0",
        "name": "Mr. Coconut",
        "takeaway": "only"
      },
      "geometry": {
        "type": "Point",
        "coordinates": [
          103.8934354,
          1.3723218
        ]
      },
      "id": "node/13658759690"
    }
  ]
}